{
  "dataset_revision": "68a0ff474739367a36c8066ee04802a65aefc117",
  "task_name": "CExaPPC",
  "mteb_version": "1.34.14",
  "scores": {
    "test": [
      {
        "similarity_accuracy": 0.967121,
        "similarity_accuracy_threshold": 0.446782,
        "similarity_f1": 0.958168,
        "similarity_f1_threshold": 0.443916,
        "similarity_precision": 0.960884,
        "similarity_recall": 0.955468,
        "similarity_ap": 0.989621,
        "cosine_accuracy": 0.967121,
        "cosine_accuracy_threshold": 0.446782,
        "cosine_f1": 0.958168,
        "cosine_f1_threshold": 0.443916,
        "cosine_precision": 0.960884,
        "cosine_recall": 0.955468,
        "cosine_ap": 0.989621,
        "manhattan_accuracy": 0.965047,
        "manhattan_accuracy_threshold": 634.366516,
        "manhattan_f1": 0.955564,
        "manhattan_f1_threshold": 635.376099,
        "manhattan_precision": 0.957547,
        "manhattan_recall": 0.953589,
        "manhattan_ap": 0.988691,
        "euclidean_accuracy": 0.967121,
        "euclidean_accuracy_threshold": 29.038834,
        "euclidean_f1": 0.958168,
        "euclidean_f1_threshold": 29.113941,
        "euclidean_precision": 0.960884,
        "euclidean_recall": 0.955468,
        "euclidean_ap": 0.989621,
        "dot_accuracy": 0.967121,
        "dot_accuracy_threshold": 340.508972,
        "dot_f1": 0.958168,
        "dot_f1_threshold": 338.322754,
        "dot_precision": 0.960884,
        "dot_recall": 0.955468,
        "dot_ap": 0.989622,
        "max_accuracy": 0.967121,
        "max_f1": 0.958168,
        "max_precision": 0.960884,
        "max_recall": 0.955468,
        "max_ap": 0.989622,
        "main_score": 0.989622,
        "hf_subset": "default",
        "languages": [
          "fas-Arab"
        ]
      }
    ]
  },
  "evaluation_time": 10.846316576004028,
  "kg_co2_emissions": null
}