{
  "dataset_revision": "e907c4144dc27bc8a035d78d69e15f39c56623a9",
  "task_name": "CQADupstackGisRetrieval-Fa",
  "mteb_version": "1.34.14",
  "scores": {
    "test": [
      {
        "ndcg_at_1": 0.07345,
        "ndcg_at_3": 0.09338,
        "ndcg_at_5": 0.10359,
        "ndcg_at_10": 0.11737,
        "ndcg_at_20": 0.12586,
        "ndcg_at_100": 0.15248,
        "ndcg_at_1000": 0.18749,
        "map_at_1": 0.06968,
        "map_at_3": 0.0857,
        "map_at_5": 0.09154,
        "map_at_10": 0.09711,
        "map_at_20": 0.09948,
        "map_at_100": 0.10304,
        "map_at_1000": 0.1042,
        "recall_at_1": 0.06968,
        "recall_at_3": 0.10754,
        "recall_at_5": 0.1324,
        "recall_at_10": 0.17425,
        "recall_at_20": 0.20598,
        "recall_at_100": 0.34721,
        "recall_at_1000": 0.62151,
        "precision_at_1": 0.07345,
        "precision_at_3": 0.03992,
        "precision_at_5": 0.02915,
        "precision_at_10": 0.01932,
        "precision_at_20": 0.01164,
        "precision_at_100": 0.00399,
        "precision_at_1000": 0.00073,
        "mrr_at_1": 0.073446,
        "mrr_at_3": 0.093032,
        "mrr_at_5": 0.099134,
        "mrr_at_10": 0.105186,
        "mrr_at_20": 0.107612,
        "mrr_at_100": 0.111219,
        "mrr_at_1000": 0.112365,
        "nauc_ndcg_at_1_max": 0.241283,
        "nauc_ndcg_at_1_std": -0.031401,
        "nauc_ndcg_at_1_diff1": 0.425105,
        "nauc_ndcg_at_3_max": 0.171453,
        "nauc_ndcg_at_3_std": -0.058379,
        "nauc_ndcg_at_3_diff1": 0.335479,
        "nauc_ndcg_at_5_max": 0.179595,
        "nauc_ndcg_at_5_std": -0.026579,
        "nauc_ndcg_at_5_diff1": 0.319742,
        "nauc_ndcg_at_10_max": 0.167403,
        "nauc_ndcg_at_10_std": -0.010547,
        "nauc_ndcg_at_10_diff1": 0.284956,
        "nauc_ndcg_at_20_max": 0.172514,
        "nauc_ndcg_at_20_std": -0.003623,
        "nauc_ndcg_at_20_diff1": 0.26744,
        "nauc_ndcg_at_100_max": 0.154973,
        "nauc_ndcg_at_100_std": 0.01016,
        "nauc_ndcg_at_100_diff1": 0.246725,
        "nauc_ndcg_at_1000_max": 0.171456,
        "nauc_ndcg_at_1000_std": 0.026388,
        "nauc_ndcg_at_1000_diff1": 0.233819,
        "nauc_map_at_1_max": 0.242416,
        "nauc_map_at_1_std": -0.036565,
        "nauc_map_at_1_diff1": 0.433491,
        "nauc_map_at_3_max": 0.18622,
        "nauc_map_at_3_std": -0.055256,
        "nauc_map_at_3_diff1": 0.359014,
        "nauc_map_at_5_max": 0.191211,
        "nauc_map_at_5_std": -0.035012,
        "nauc_map_at_5_diff1": 0.349096,
        "nauc_map_at_10_max": 0.184511,
        "nauc_map_at_10_std": -0.027473,
        "nauc_map_at_10_diff1": 0.330799,
        "nauc_map_at_20_max": 0.185939,
        "nauc_map_at_20_std": -0.025088,
        "nauc_map_at_20_diff1": 0.324136,
        "nauc_map_at_100_max": 0.182846,
        "nauc_map_at_100_std": -0.022983,
        "nauc_map_at_100_diff1": 0.320201,
        "nauc_map_at_1000_max": 0.183352,
        "nauc_map_at_1000_std": -0.022374,
        "nauc_map_at_1000_diff1": 0.319399,
        "nauc_recall_at_1_max": 0.242416,
        "nauc_recall_at_1_std": -0.036565,
        "nauc_recall_at_1_diff1": 0.433491,
        "nauc_recall_at_3_max": 0.134154,
        "nauc_recall_at_3_std": -0.06965,
        "nauc_recall_at_3_diff1": 0.285793,
        "nauc_recall_at_5_max": 0.154131,
        "nauc_recall_at_5_std": -0.008843,
        "nauc_recall_at_5_diff1": 0.261125,
        "nauc_recall_at_10_max": 0.137811,
        "nauc_recall_at_10_std": 0.022019,
        "nauc_recall_at_10_diff1": 0.196624,
        "nauc_recall_at_20_max": 0.152945,
        "nauc_recall_at_20_std": 0.038129,
        "nauc_recall_at_20_diff1": 0.156317,
        "nauc_recall_at_100_max": 0.099529,
        "nauc_recall_at_100_std": 0.073142,
        "nauc_recall_at_100_diff1": 0.107481,
        "nauc_recall_at_1000_max": 0.172519,
        "nauc_recall_at_1000_std": 0.159676,
        "nauc_recall_at_1000_diff1": 0.023627,
        "nauc_precision_at_1_max": 0.241283,
        "nauc_precision_at_1_std": -0.031401,
        "nauc_precision_at_1_diff1": 0.425105,
        "nauc_precision_at_3_max": 0.137225,
        "nauc_precision_at_3_std": -0.062485,
        "nauc_precision_at_3_diff1": 0.278575,
        "nauc_precision_at_5_max": 0.157429,
        "nauc_precision_at_5_std": -0.00594,
        "nauc_precision_at_5_diff1": 0.252838,
        "nauc_precision_at_10_max": 0.129095,
        "nauc_precision_at_10_std": 0.028913,
        "nauc_precision_at_10_diff1": 0.191068,
        "nauc_precision_at_20_max": 0.140576,
        "nauc_precision_at_20_std": 0.035867,
        "nauc_precision_at_20_diff1": 0.154415,
        "nauc_precision_at_100_max": 0.078857,
        "nauc_precision_at_100_std": 0.083745,
        "nauc_precision_at_100_diff1": 0.095993,
        "nauc_precision_at_1000_max": 0.134504,
        "nauc_precision_at_1000_std": 0.179094,
        "nauc_precision_at_1000_diff1": -0.00558,
        "nauc_mrr_at_1_max": 0.241283,
        "nauc_mrr_at_1_std": -0.031401,
        "nauc_mrr_at_1_diff1": 0.425105,
        "nauc_mrr_at_3_max": 0.183533,
        "nauc_mrr_at_3_std": -0.050686,
        "nauc_mrr_at_3_diff1": 0.347194,
        "nauc_mrr_at_5_max": 0.188641,
        "nauc_mrr_at_5_std": -0.031884,
        "nauc_mrr_at_5_diff1": 0.337139,
        "nauc_mrr_at_10_max": 0.18118,
        "nauc_mrr_at_10_std": -0.022551,
        "nauc_mrr_at_10_diff1": 0.321356,
        "nauc_mrr_at_20_max": 0.182471,
        "nauc_mrr_at_20_std": -0.019947,
        "nauc_mrr_at_20_diff1": 0.316334,
        "nauc_mrr_at_100_max": 0.180042,
        "nauc_mrr_at_100_std": -0.017882,
        "nauc_mrr_at_100_diff1": 0.312404,
        "nauc_mrr_at_1000_max": 0.180659,
        "nauc_mrr_at_1000_std": -0.017582,
        "nauc_mrr_at_1000_diff1": 0.311851,
        "main_score": 0.11737,
        "hf_subset": "default",
        "languages": [
          "fas-Arab"
        ]
      }
    ]
  },
  "evaluation_time": 144.55573511123657,
  "kg_co2_emissions": null
}