{
  "dataset_revision": "029a2e69e7d9e68b6bdc471073606104417a5be7",
  "task_name": "CQADupstackEnglishRetrieval-Fa",
  "mteb_version": "1.34.14",
  "scores": {
    "test": [
      {
        "ndcg_at_1": 0.10573,
        "ndcg_at_3": 0.12466,
        "ndcg_at_5": 0.13365,
        "ndcg_at_10": 0.14753,
        "ndcg_at_20": 0.15965,
        "ndcg_at_100": 0.18393,
        "ndcg_at_1000": 0.21406,
        "map_at_1": 0.08313,
        "map_at_3": 0.10793,
        "map_at_5": 0.11399,
        "map_at_10": 0.12016,
        "map_at_20": 0.12352,
        "map_at_100": 0.12685,
        "map_at_1000": 0.12792,
        "recall_at_1": 0.08313,
        "recall_at_3": 0.13875,
        "recall_at_5": 0.16199,
        "recall_at_10": 0.20493,
        "recall_at_20": 0.24986,
        "recall_at_100": 0.37228,
        "recall_at_1000": 0.58411,
        "precision_at_1": 0.10573,
        "precision_at_3": 0.05966,
        "precision_at_5": 0.04369,
        "precision_at_10": 0.02809,
        "precision_at_20": 0.01815,
        "precision_at_100": 0.00604,
        "precision_at_1000": 0.00111,
        "mrr_at_1": 0.105732,
        "mrr_at_3": 0.134395,
        "mrr_at_5": 0.140255,
        "mrr_at_10": 0.147236,
        "mrr_at_20": 0.151161,
        "mrr_at_100": 0.154332,
        "mrr_at_1000": 0.155195,
        "nauc_ndcg_at_1_max": 0.250595,
        "nauc_ndcg_at_1_std": 0.120301,
        "nauc_ndcg_at_1_diff1": 0.386522,
        "nauc_ndcg_at_3_max": 0.209442,
        "nauc_ndcg_at_3_std": 0.089587,
        "nauc_ndcg_at_3_diff1": 0.322513,
        "nauc_ndcg_at_5_max": 0.207574,
        "nauc_ndcg_at_5_std": 0.085689,
        "nauc_ndcg_at_5_diff1": 0.301926,
        "nauc_ndcg_at_10_max": 0.20225,
        "nauc_ndcg_at_10_std": 0.091194,
        "nauc_ndcg_at_10_diff1": 0.297912,
        "nauc_ndcg_at_20_max": 0.194855,
        "nauc_ndcg_at_20_std": 0.091522,
        "nauc_ndcg_at_20_diff1": 0.291424,
        "nauc_ndcg_at_100_max": 0.195421,
        "nauc_ndcg_at_100_std": 0.101237,
        "nauc_ndcg_at_100_diff1": 0.283756,
        "nauc_ndcg_at_1000_max": 0.192223,
        "nauc_ndcg_at_1000_std": 0.116648,
        "nauc_ndcg_at_1000_diff1": 0.274336,
        "nauc_map_at_1_max": 0.231663,
        "nauc_map_at_1_std": 0.095107,
        "nauc_map_at_1_diff1": 0.417302,
        "nauc_map_at_3_max": 0.206589,
        "nauc_map_at_3_std": 0.077719,
        "nauc_map_at_3_diff1": 0.350803,
        "nauc_map_at_5_max": 0.208101,
        "nauc_map_at_5_std": 0.077362,
        "nauc_map_at_5_diff1": 0.336574,
        "nauc_map_at_10_max": 0.206212,
        "nauc_map_at_10_std": 0.081228,
        "nauc_map_at_10_diff1": 0.331564,
        "nauc_map_at_20_max": 0.20417,
        "nauc_map_at_20_std": 0.082222,
        "nauc_map_at_20_diff1": 0.328692,
        "nauc_map_at_100_max": 0.20464,
        "nauc_map_at_100_std": 0.08411,
        "nauc_map_at_100_diff1": 0.326266,
        "nauc_map_at_1000_max": 0.204562,
        "nauc_map_at_1000_std": 0.085368,
        "nauc_map_at_1000_diff1": 0.325603,
        "nauc_recall_at_1_max": 0.231663,
        "nauc_recall_at_1_std": 0.095107,
        "nauc_recall_at_1_diff1": 0.417302,
        "nauc_recall_at_3_max": 0.186222,
        "nauc_recall_at_3_std": 0.067153,
        "nauc_recall_at_3_diff1": 0.290545,
        "nauc_recall_at_5_max": 0.18873,
        "nauc_recall_at_5_std": 0.067269,
        "nauc_recall_at_5_diff1": 0.253531,
        "nauc_recall_at_10_max": 0.172288,
        "nauc_recall_at_10_std": 0.081219,
        "nauc_recall_at_10_diff1": 0.23854,
        "nauc_recall_at_20_max": 0.15156,
        "nauc_recall_at_20_std": 0.08092,
        "nauc_recall_at_20_diff1": 0.222972,
        "nauc_recall_at_100_max": 0.149594,
        "nauc_recall_at_100_std": 0.104674,
        "nauc_recall_at_100_diff1": 0.203757,
        "nauc_recall_at_1000_max": 0.117112,
        "nauc_recall_at_1000_std": 0.158589,
        "nauc_recall_at_1000_diff1": 0.152018,
        "nauc_precision_at_1_max": 0.250595,
        "nauc_precision_at_1_std": 0.120301,
        "nauc_precision_at_1_diff1": 0.386522,
        "nauc_precision_at_3_max": 0.201468,
        "nauc_precision_at_3_std": 0.095822,
        "nauc_precision_at_3_diff1": 0.253504,
        "nauc_precision_at_5_max": 0.213637,
        "nauc_precision_at_5_std": 0.106017,
        "nauc_precision_at_5_diff1": 0.202799,
        "nauc_precision_at_10_max": 0.221795,
        "nauc_precision_at_10_std": 0.143208,
        "nauc_precision_at_10_diff1": 0.200168,
        "nauc_precision_at_20_max": 0.203358,
        "nauc_precision_at_20_std": 0.161319,
        "nauc_precision_at_20_diff1": 0.160269,
        "nauc_precision_at_100_max": 0.191289,
        "nauc_precision_at_100_std": 0.244949,
        "nauc_precision_at_100_diff1": 0.108256,
        "nauc_precision_at_1000_max": 0.114682,
        "nauc_precision_at_1000_std": 0.266301,
        "nauc_precision_at_1000_diff1": 0.010485,
        "nauc_mrr_at_1_max": 0.250595,
        "nauc_mrr_at_1_std": 0.120301,
        "nauc_mrr_at_1_diff1": 0.386522,
        "nauc_mrr_at_3_max": 0.222965,
        "nauc_mrr_at_3_std": 0.109012,
        "nauc_mrr_at_3_diff1": 0.32315,
        "nauc_mrr_at_5_max": 0.220307,
        "nauc_mrr_at_5_std": 0.108053,
        "nauc_mrr_at_5_diff1": 0.307763,
        "nauc_mrr_at_10_max": 0.218459,
        "nauc_mrr_at_10_std": 0.112493,
        "nauc_mrr_at_10_diff1": 0.30438,
        "nauc_mrr_at_20_max": 0.215837,
        "nauc_mrr_at_20_std": 0.112673,
        "nauc_mrr_at_20_diff1": 0.301888,
        "nauc_mrr_at_100_max": 0.215421,
        "nauc_mrr_at_100_std": 0.11319,
        "nauc_mrr_at_100_diff1": 0.300764,
        "nauc_mrr_at_1000_max": 0.21517,
        "nauc_mrr_at_1000_std": 0.113367,
        "nauc_mrr_at_1000_diff1": 0.300435,
        "main_score": 0.14753,
        "hf_subset": "default",
        "languages": [
          "fas-Arab"
        ]
      }
    ]
  },
  "evaluation_time": 83.74315881729126,
  "kg_co2_emissions": null
}