{
  "dataset_revision": "c2a326387954aad66ff00d324a9278067b1e3bb6",
  "task_name": "CQADupstackUnixRetrieval-Fa",
  "mteb_version": "1.34.14",
  "scores": {
    "test": [
      {
        "ndcg_at_1": 0.08582,
        "ndcg_at_3": 0.10483,
        "ndcg_at_5": 0.11361,
        "ndcg_at_10": 0.1283,
        "ndcg_at_20": 0.13929,
        "ndcg_at_100": 0.16727,
        "ndcg_at_1000": 0.19931,
        "map_at_1": 0.07629,
        "map_at_3": 0.0948,
        "map_at_5": 0.09989,
        "map_at_10": 0.10578,
        "map_at_20": 0.10878,
        "map_at_100": 0.11242,
        "map_at_1000": 0.11344,
        "recall_at_1": 0.07629,
        "recall_at_3": 0.12043,
        "recall_at_5": 0.1421,
        "recall_at_10": 0.18553,
        "recall_at_20": 0.22625,
        "recall_at_100": 0.36892,
        "recall_at_1000": 0.61332,
        "precision_at_1": 0.08582,
        "precision_at_3": 0.04602,
        "precision_at_5": 0.03284,
        "precision_at_10": 0.02183,
        "precision_at_20": 0.01376,
        "precision_at_100": 0.00474,
        "precision_at_1000": 0.00084,
        "mrr_at_1": 0.085821,
        "mrr_at_3": 0.107587,
        "mrr_at_5": 0.113091,
        "mrr_at_10": 0.120163,
        "mrr_at_20": 0.123365,
        "mrr_at_100": 0.127403,
        "mrr_at_1000": 0.128308,
        "nauc_ndcg_at_1_max": 0.213505,
        "nauc_ndcg_at_1_std": -0.019169,
        "nauc_ndcg_at_1_diff1": 0.339467,
        "nauc_ndcg_at_3_max": 0.186355,
        "nauc_ndcg_at_3_std": 0.004686,
        "nauc_ndcg_at_3_diff1": 0.27773,
        "nauc_ndcg_at_5_max": 0.17674,
        "nauc_ndcg_at_5_std": 0.012543,
        "nauc_ndcg_at_5_diff1": 0.27001,
        "nauc_ndcg_at_10_max": 0.1669,
        "nauc_ndcg_at_10_std": 0.017916,
        "nauc_ndcg_at_10_diff1": 0.245866,
        "nauc_ndcg_at_20_max": 0.162478,
        "nauc_ndcg_at_20_std": 0.021544,
        "nauc_ndcg_at_20_diff1": 0.239766,
        "nauc_ndcg_at_100_max": 0.168417,
        "nauc_ndcg_at_100_std": 0.051432,
        "nauc_ndcg_at_100_diff1": 0.226929,
        "nauc_ndcg_at_1000_max": 0.167165,
        "nauc_ndcg_at_1000_std": 0.067538,
        "nauc_ndcg_at_1000_diff1": 0.23698,
        "nauc_map_at_1_max": 0.195341,
        "nauc_map_at_1_std": -0.016241,
        "nauc_map_at_1_diff1": 0.340263,
        "nauc_map_at_3_max": 0.185591,
        "nauc_map_at_3_std": -0.000119,
        "nauc_map_at_3_diff1": 0.28704,
        "nauc_map_at_5_max": 0.181,
        "nauc_map_at_5_std": 0.005644,
        "nauc_map_at_5_diff1": 0.284102,
        "nauc_map_at_10_max": 0.176618,
        "nauc_map_at_10_std": 0.009677,
        "nauc_map_at_10_diff1": 0.271565,
        "nauc_map_at_20_max": 0.174987,
        "nauc_map_at_20_std": 0.01071,
        "nauc_map_at_20_diff1": 0.269948,
        "nauc_map_at_100_max": 0.174785,
        "nauc_map_at_100_std": 0.01507,
        "nauc_map_at_100_diff1": 0.266594,
        "nauc_map_at_1000_max": 0.174567,
        "nauc_map_at_1000_std": 0.015379,
        "nauc_map_at_1000_diff1": 0.267072,
        "nauc_recall_at_1_max": 0.195341,
        "nauc_recall_at_1_std": -0.016241,
        "nauc_recall_at_1_diff1": 0.340263,
        "nauc_recall_at_3_max": 0.168804,
        "nauc_recall_at_3_std": 0.004008,
        "nauc_recall_at_3_diff1": 0.241179,
        "nauc_recall_at_5_max": 0.155124,
        "nauc_recall_at_5_std": 0.020868,
        "nauc_recall_at_5_diff1": 0.234498,
        "nauc_recall_at_10_max": 0.136884,
        "nauc_recall_at_10_std": 0.032003,
        "nauc_recall_at_10_diff1": 0.186433,
        "nauc_recall_at_20_max": 0.125253,
        "nauc_recall_at_20_std": 0.039584,
        "nauc_recall_at_20_diff1": 0.169675,
        "nauc_recall_at_100_max": 0.147597,
        "nauc_recall_at_100_std": 0.13269,
        "nauc_recall_at_100_diff1": 0.138672,
        "nauc_recall_at_1000_max": 0.13398,
        "nauc_recall_at_1000_std": 0.228212,
        "nauc_recall_at_1000_diff1": 0.171163,
        "nauc_precision_at_1_max": 0.213505,
        "nauc_precision_at_1_std": -0.019169,
        "nauc_precision_at_1_diff1": 0.339467,
        "nauc_precision_at_3_max": 0.189169,
        "nauc_precision_at_3_std": 0.018627,
        "nauc_precision_at_3_diff1": 0.2602,
        "nauc_precision_at_5_max": 0.171081,
        "nauc_precision_at_5_std": 0.039844,
        "nauc_precision_at_5_diff1": 0.241604,
        "nauc_precision_at_10_max": 0.146544,
        "nauc_precision_at_10_std": 0.043586,
        "nauc_precision_at_10_diff1": 0.199637,
        "nauc_precision_at_20_max": 0.136374,
        "nauc_precision_at_20_std": 0.052478,
        "nauc_precision_at_20_diff1": 0.189033,
        "nauc_precision_at_100_max": 0.173567,
        "nauc_precision_at_100_std": 0.159492,
        "nauc_precision_at_100_diff1": 0.158459,
        "nauc_precision_at_1000_max": 0.135888,
        "nauc_precision_at_1000_std": 0.225757,
        "nauc_precision_at_1000_diff1": 0.137488,
        "nauc_mrr_at_1_max": 0.213505,
        "nauc_mrr_at_1_std": -0.019169,
        "nauc_mrr_at_1_diff1": 0.339467,
        "nauc_mrr_at_3_max": 0.200187,
        "nauc_mrr_at_3_std": 0.004733,
        "nauc_mrr_at_3_diff1": 0.292048,
        "nauc_mrr_at_5_max": 0.19362,
        "nauc_mrr_at_5_std": 0.010507,
        "nauc_mrr_at_5_diff1": 0.285937,
        "nauc_mrr_at_10_max": 0.186954,
        "nauc_mrr_at_10_std": 0.012223,
        "nauc_mrr_at_10_diff1": 0.273332,
        "nauc_mrr_at_20_max": 0.184905,
        "nauc_mrr_at_20_std": 0.01352,
        "nauc_mrr_at_20_diff1": 0.269815,
        "nauc_mrr_at_100_max": 0.185382,
        "nauc_mrr_at_100_std": 0.016929,
        "nauc_mrr_at_100_diff1": 0.26729,
        "nauc_mrr_at_1000_max": 0.185272,
        "nauc_mrr_at_1000_std": 0.017307,
        "nauc_mrr_at_1000_diff1": 0.267601,
        "main_score": 0.1283,
        "hf_subset": "default",
        "languages": [
          "fas-Arab"
        ]
      }
    ]
  },
  "evaluation_time": 192.71427845954895,
  "kg_co2_emissions": null
}