{
  "dataset_revision": "e683ce7ecd0b47edc3e29fda7cfd75335be4a997",
  "task_name": "FiQA2018-Fa",
  "mteb_version": "1.34.14",
  "scores": {
    "test": [
      {
        "ndcg_at_1": 0.20525,
        "ndcg_at_3": 0.1945,
        "ndcg_at_5": 0.20438,
        "ndcg_at_10": 0.22101,
        "ndcg_at_20": 0.23856,
        "ndcg_at_100": 0.27801,
        "ndcg_at_1000": 0.31678,
        "map_at_1": 0.09828,
        "map_at_3": 0.14248,
        "map_at_5": 0.1559,
        "map_at_10": 0.16483,
        "map_at_20": 0.17082,
        "map_at_100": 0.17723,
        "map_at_1000": 0.17905,
        "recall_at_1": 0.09828,
        "recall_at_3": 0.18059,
        "recall_at_5": 0.22159,
        "recall_at_10": 0.27517,
        "recall_at_20": 0.32921,
        "recall_at_100": 0.49484,
        "recall_at_1000": 0.73813,
        "precision_at_1": 0.20525,
        "precision_at_3": 0.12912,
        "precision_at_5": 0.09907,
        "precision_at_10": 0.06281,
        "precision_at_20": 0.03858,
        "precision_at_100": 0.01208,
        "precision_at_1000": 0.00185,
        "mrr_at_1": 0.205247,
        "mrr_at_3": 0.257973,
        "mrr_at_5": 0.271013,
        "mrr_at_10": 0.282064,
        "mrr_at_20": 0.286269,
        "mrr_at_100": 0.290997,
        "mrr_at_1000": 0.291837,
        "nauc_ndcg_at_1_max": 0.309743,
        "nauc_ndcg_at_1_std": 0.012191,
        "nauc_ndcg_at_1_diff1": 0.458639,
        "nauc_ndcg_at_3_max": 0.288789,
        "nauc_ndcg_at_3_std": 0.04999,
        "nauc_ndcg_at_3_diff1": 0.392307,
        "nauc_ndcg_at_5_max": 0.283006,
        "nauc_ndcg_at_5_std": 0.063032,
        "nauc_ndcg_at_5_diff1": 0.385709,
        "nauc_ndcg_at_10_max": 0.267737,
        "nauc_ndcg_at_10_std": 0.079633,
        "nauc_ndcg_at_10_diff1": 0.386976,
        "nauc_ndcg_at_20_max": 0.277737,
        "nauc_ndcg_at_20_std": 0.097275,
        "nauc_ndcg_at_20_diff1": 0.37625,
        "nauc_ndcg_at_100_max": 0.290962,
        "nauc_ndcg_at_100_std": 0.1324,
        "nauc_ndcg_at_100_diff1": 0.375548,
        "nauc_ndcg_at_1000_max": 0.292471,
        "nauc_ndcg_at_1000_std": 0.139046,
        "nauc_ndcg_at_1000_diff1": 0.369486,
        "nauc_map_at_1_max": 0.230053,
        "nauc_map_at_1_std": 0.030231,
        "nauc_map_at_1_diff1": 0.466714,
        "nauc_map_at_3_max": 0.246521,
        "nauc_map_at_3_std": 0.043784,
        "nauc_map_at_3_diff1": 0.418341,
        "nauc_map_at_5_max": 0.262833,
        "nauc_map_at_5_std": 0.049589,
        "nauc_map_at_5_diff1": 0.414511,
        "nauc_map_at_10_max": 0.260889,
        "nauc_map_at_10_std": 0.058318,
        "nauc_map_at_10_diff1": 0.413626,
        "nauc_map_at_20_max": 0.267429,
        "nauc_map_at_20_std": 0.067408,
        "nauc_map_at_20_diff1": 0.409588,
        "nauc_map_at_100_max": 0.272315,
        "nauc_map_at_100_std": 0.076586,
        "nauc_map_at_100_diff1": 0.407855,
        "nauc_map_at_1000_max": 0.272599,
        "nauc_map_at_1000_std": 0.076881,
        "nauc_map_at_1000_diff1": 0.407656,
        "nauc_recall_at_1_max": 0.230053,
        "nauc_recall_at_1_std": 0.030231,
        "nauc_recall_at_1_diff1": 0.466714,
        "nauc_recall_at_3_max": 0.217031,
        "nauc_recall_at_3_std": 0.066461,
        "nauc_recall_at_3_diff1": 0.330809,
        "nauc_recall_at_5_max": 0.233265,
        "nauc_recall_at_5_std": 0.082957,
        "nauc_recall_at_5_diff1": 0.315958,
        "nauc_recall_at_10_max": 0.206139,
        "nauc_recall_at_10_std": 0.099092,
        "nauc_recall_at_10_diff1": 0.294974,
        "nauc_recall_at_20_max": 0.220016,
        "nauc_recall_at_20_std": 0.132404,
        "nauc_recall_at_20_diff1": 0.265757,
        "nauc_recall_at_100_max": 0.226208,
        "nauc_recall_at_100_std": 0.247343,
        "nauc_recall_at_100_diff1": 0.248913,
        "nauc_recall_at_1000_max": 0.153712,
        "nauc_recall_at_1000_std": 0.364297,
        "nauc_recall_at_1000_diff1": 0.148179,
        "nauc_precision_at_1_max": 0.309743,
        "nauc_precision_at_1_std": 0.012191,
        "nauc_precision_at_1_diff1": 0.458639,
        "nauc_precision_at_3_max": 0.318593,
        "nauc_precision_at_3_std": 0.073642,
        "nauc_precision_at_3_diff1": 0.348914,
        "nauc_precision_at_5_max": 0.342906,
        "nauc_precision_at_5_std": 0.089935,
        "nauc_precision_at_5_diff1": 0.312827,
        "nauc_precision_at_10_max": 0.310143,
        "nauc_precision_at_10_std": 0.112502,
        "nauc_precision_at_10_diff1": 0.274427,
        "nauc_precision_at_20_max": 0.329865,
        "nauc_precision_at_20_std": 0.153588,
        "nauc_precision_at_20_diff1": 0.219682,
        "nauc_precision_at_100_max": 0.31773,
        "nauc_precision_at_100_std": 0.185468,
        "nauc_precision_at_100_diff1": 0.149665,
        "nauc_precision_at_1000_max": 0.270135,
        "nauc_precision_at_1000_std": 0.113174,
        "nauc_precision_at_1000_diff1": 0.055022,
        "nauc_mrr_at_1_max": 0.309743,
        "nauc_mrr_at_1_std": 0.012191,
        "nauc_mrr_at_1_diff1": 0.458639,
        "nauc_mrr_at_3_max": 0.304602,
        "nauc_mrr_at_3_std": 0.053949,
        "nauc_mrr_at_3_diff1": 0.403804,
        "nauc_mrr_at_5_max": 0.304143,
        "nauc_mrr_at_5_std": 0.061194,
        "nauc_mrr_at_5_diff1": 0.397839,
        "nauc_mrr_at_10_max": 0.302503,
        "nauc_mrr_at_10_std": 0.060931,
        "nauc_mrr_at_10_diff1": 0.395128,
        "nauc_mrr_at_20_max": 0.303679,
        "nauc_mrr_at_20_std": 0.062917,
        "nauc_mrr_at_20_diff1": 0.394206,
        "nauc_mrr_at_100_max": 0.304074,
        "nauc_mrr_at_100_std": 0.064947,
        "nauc_mrr_at_100_diff1": 0.394579,
        "nauc_mrr_at_1000_max": 0.304141,
        "nauc_mrr_at_1000_std": 0.065084,
        "nauc_mrr_at_1000_diff1": 0.394453,
        "main_score": 0.22101,
        "hf_subset": "default",
        "languages": [
          "fas-Arab"
        ]
      }
    ]
  },
  "evaluation_time": 175.55411005020142,
  "kg_co2_emissions": null
}