{
  "dataset_revision": "6d1962c527217f8927fca80f890f14f36b2802af",
  "task_name": "MIRACLReranking",
  "mteb_version": "1.34.14",
  "scores": {
    "dev": [
      {
        "NDCG@1(MIRACL)": 0.375,
        "NDCG@3(MIRACL)": 0.43096,
        "NDCG@5(MIRACL)": 0.46095,
        "NDCG@10(MIRACL)": 0.49348,
        "NDCG@20(MIRACL)": 0.52177,
        "NDCG@100(MIRACL)": 0.54394,
        "NDCG@1000(MIRACL)": 0.54394,
        "MAP@1(MIRACL)": 0.26298,
        "MAP@3(MIRACL)": 0.37514,
        "MAP@5(MIRACL)": 0.40369,
        "MAP@10(MIRACL)": 0.42425,
        "MAP@20(MIRACL)": 0.43569,
        "MAP@100(MIRACL)": 0.44066,
        "MAP@1000(MIRACL)": 0.44066,
        "Recall@1(MIRACL)": 0.26298,
        "Recall@3(MIRACL)": 0.46058,
        "Recall@5(MIRACL)": 0.5373,
        "Recall@10(MIRACL)": 0.62527,
        "Recall@20(MIRACL)": 0.71884,
        "Recall@100(MIRACL)": 0.81487,
        "Recall@1000(MIRACL)": 0.81487,
        "P@1(MIRACL)": 0.375,
        "P@3(MIRACL)": 0.24578,
        "P@5(MIRACL)": 0.18006,
        "P@10(MIRACL)": 0.10807,
        "P@20(MIRACL)": 0.06353,
        "P@100(MIRACL)": 0.01467,
        "P@1000(MIRACL)": 0.00147,
        "nAUC_NDCG@1_max(MIRACL)": 0.349691,
        "nAUC_NDCG@1_std(MIRACL)": 0.035623,
        "nAUC_NDCG@1_diff1(MIRACL)": 0.2769,
        "nAUC_NDCG@3_max(MIRACL)": 0.383771,
        "nAUC_NDCG@3_std(MIRACL)": 0.108059,
        "nAUC_NDCG@3_diff1(MIRACL)": 0.236354,
        "nAUC_NDCG@5_max(MIRACL)": 0.426244,
        "nAUC_NDCG@5_std(MIRACL)": 0.135604,
        "nAUC_NDCG@5_diff1(MIRACL)": 0.247885,
        "nAUC_NDCG@10_max(MIRACL)": 0.436423,
        "nAUC_NDCG@10_std(MIRACL)": 0.135745,
        "nAUC_NDCG@10_diff1(MIRACL)": 0.235188,
        "nAUC_NDCG@20_max(MIRACL)": 0.444927,
        "nAUC_NDCG@20_std(MIRACL)": 0.151732,
        "nAUC_NDCG@20_diff1(MIRACL)": 0.223532,
        "nAUC_NDCG@100_max(MIRACL)": 0.441019,
        "nAUC_NDCG@100_std(MIRACL)": 0.144054,
        "nAUC_NDCG@100_diff1(MIRACL)": 0.213124,
        "nAUC_NDCG@1000_max(MIRACL)": 0.441019,
        "nAUC_NDCG@1000_std(MIRACL)": 0.144054,
        "nAUC_NDCG@1000_diff1(MIRACL)": 0.213124,
        "nAUC_MAP@1_max(MIRACL)": 0.237893,
        "nAUC_MAP@1_std(MIRACL)": -0.026302,
        "nAUC_MAP@1_diff1(MIRACL)": 0.321765,
        "nAUC_MAP@3_max(MIRACL)": 0.335952,
        "nAUC_MAP@3_std(MIRACL)": 0.067315,
        "nAUC_MAP@3_diff1(MIRACL)": 0.266599,
        "nAUC_MAP@5_max(MIRACL)": 0.381464,
        "nAUC_MAP@5_std(MIRACL)": 0.094668,
        "nAUC_MAP@5_diff1(MIRACL)": 0.268641,
        "nAUC_MAP@10_max(MIRACL)": 0.394637,
        "nAUC_MAP@10_std(MIRACL)": 0.100578,
        "nAUC_MAP@10_diff1(MIRACL)": 0.258751,
        "nAUC_MAP@20_max(MIRACL)": 0.401755,
        "nAUC_MAP@20_std(MIRACL)": 0.109391,
        "nAUC_MAP@20_diff1(MIRACL)": 0.252592,
        "nAUC_MAP@100_max(MIRACL)": 0.401622,
        "nAUC_MAP@100_std(MIRACL)": 0.107534,
        "nAUC_MAP@100_diff1(MIRACL)": 0.250917,
        "nAUC_MAP@1000_max(MIRACL)": 0.401622,
        "nAUC_MAP@1000_std(MIRACL)": 0.107534,
        "nAUC_MAP@1000_diff1(MIRACL)": 0.250917,
        "nAUC_Recall@1_max(MIRACL)": 0.237893,
        "nAUC_Recall@1_std(MIRACL)": -0.026302,
        "nAUC_Recall@1_diff1(MIRACL)": 0.321765,
        "nAUC_Recall@3_max(MIRACL)": 0.349216,
        "nAUC_Recall@3_std(MIRACL)": 0.124256,
        "nAUC_Recall@3_diff1(MIRACL)": 0.205378,
        "nAUC_Recall@5_max(MIRACL)": 0.445236,
        "nAUC_Recall@5_std(MIRACL)": 0.193509,
        "nAUC_Recall@5_diff1(MIRACL)": 0.214439,
        "nAUC_Recall@10_max(MIRACL)": 0.488283,
        "nAUC_Recall@10_std(MIRACL)": 0.205293,
        "nAUC_Recall@10_diff1(MIRACL)": 0.178485,
        "nAUC_Recall@20_max(MIRACL)": 0.533221,
        "nAUC_Recall@20_std(MIRACL)": 0.277915,
        "nAUC_Recall@20_diff1(MIRACL)": 0.137074,
        "nAUC_Recall@100_max(MIRACL)": 0.560819,
        "nAUC_Recall@100_std(MIRACL)": 0.294181,
        "nAUC_Recall@100_diff1(MIRACL)": 0.03542,
        "nAUC_Recall@1000_max(MIRACL)": 0.560819,
        "nAUC_Recall@1000_std(MIRACL)": 0.294181,
        "nAUC_Recall@1000_diff1(MIRACL)": 0.03542,
        "nAUC_P@1_max(MIRACL)": 0.349691,
        "nAUC_P@1_std(MIRACL)": 0.035623,
        "nAUC_P@1_diff1(MIRACL)": 0.2769,
        "nAUC_P@3_max(MIRACL)": 0.436646,
        "nAUC_P@3_std(MIRACL)": 0.203176,
        "nAUC_P@3_diff1(MIRACL)": 0.081786,
        "nAUC_P@5_max(MIRACL)": 0.468267,
        "nAUC_P@5_std(MIRACL)": 0.229918,
        "nAUC_P@5_diff1(MIRACL)": 0.056992,
        "nAUC_P@10_max(MIRACL)": 0.430325,
        "nAUC_P@10_std(MIRACL)": 0.21184,
        "nAUC_P@10_diff1(MIRACL)": 0.004737,
        "nAUC_P@20_max(MIRACL)": 0.386377,
        "nAUC_P@20_std(MIRACL)": 0.223299,
        "nAUC_P@20_diff1(MIRACL)": -0.052218,
        "nAUC_P@100_max(MIRACL)": 0.297227,
        "nAUC_P@100_std(MIRACL)": 0.149916,
        "nAUC_P@100_diff1(MIRACL)": -0.090727,
        "nAUC_P@1000_max(MIRACL)": 0.297227,
        "nAUC_P@1000_std(MIRACL)": 0.149916,
        "nAUC_P@1000_diff1(MIRACL)": -0.090727,
        "main_score": 0.49348,
        "hf_subset": "fa",
        "languages": [
          "fas-Arab"
        ]
      }
    ]
  },
  "evaluation_time": 193.75606036186218,
  "kg_co2_emissions": null
}