{
  "dataset_revision": "main",
  "task_name": "MIRACLRetrieval",
  "mteb_version": "1.34.14",
  "scores": {
    "dev": [
      {
        "ndcg_at_1": 0.32278,
        "ndcg_at_3": 0.34755,
        "ndcg_at_5": 0.37654,
        "ndcg_at_10": 0.40654,
        "ndcg_at_20": 0.43056,
        "ndcg_at_100": 0.47104,
        "ndcg_at_1000": 0.49219,
        "map_at_1": 0.2005,
        "map_at_3": 0.2829,
        "map_at_5": 0.3114,
        "map_at_10": 0.33042,
        "map_at_20": 0.33959,
        "map_at_100": 0.34732,
        "map_at_1000": 0.34837,
        "recall_at_1": 0.2005,
        "recall_at_3": 0.35481,
        "recall_at_5": 0.43532,
        "recall_at_10": 0.51788,
        "recall_at_20": 0.59642,
        "recall_at_100": 0.77672,
        "recall_at_1000": 0.9168,
        "precision_at_1": 0.32278,
        "precision_at_3": 0.21308,
        "precision_at_5": 0.16551,
        "precision_at_10": 0.10222,
        "precision_at_20": 0.05941,
        "precision_at_100": 0.01571,
        "precision_at_1000": 0.00188,
        "mrr_at_1": 0.322785,
        "mrr_at_3": 0.410338,
        "mrr_at_5": 0.426239,
        "mrr_at_10": 0.434061,
        "mrr_at_20": 0.438164,
        "mrr_at_100": 0.441859,
        "mrr_at_1000": 0.442245,
        "nauc_ndcg_at_1_max": 0.385561,
        "nauc_ndcg_at_1_std": 0.075743,
        "nauc_ndcg_at_1_diff1": 0.342253,
        "nauc_ndcg_at_3_max": 0.401043,
        "nauc_ndcg_at_3_std": 0.083573,
        "nauc_ndcg_at_3_diff1": 0.301328,
        "nauc_ndcg_at_5_max": 0.418207,
        "nauc_ndcg_at_5_std": 0.111184,
        "nauc_ndcg_at_5_diff1": 0.296964,
        "nauc_ndcg_at_10_max": 0.433627,
        "nauc_ndcg_at_10_std": 0.11707,
        "nauc_ndcg_at_10_diff1": 0.296774,
        "nauc_ndcg_at_20_max": 0.444278,
        "nauc_ndcg_at_20_std": 0.143673,
        "nauc_ndcg_at_20_diff1": 0.285222,
        "nauc_ndcg_at_100_max": 0.4445,
        "nauc_ndcg_at_100_std": 0.165228,
        "nauc_ndcg_at_100_diff1": 0.283983,
        "nauc_ndcg_at_1000_max": 0.44713,
        "nauc_ndcg_at_1000_std": 0.164722,
        "nauc_ndcg_at_1000_diff1": 0.290337,
        "nauc_map_at_1_max": 0.276139,
        "nauc_map_at_1_std": -0.027357,
        "nauc_map_at_1_diff1": 0.352503,
        "nauc_map_at_3_max": 0.361998,
        "nauc_map_at_3_std": 0.032034,
        "nauc_map_at_3_diff1": 0.321369,
        "nauc_map_at_5_max": 0.387991,
        "nauc_map_at_5_std": 0.065993,
        "nauc_map_at_5_diff1": 0.314212,
        "nauc_map_at_10_max": 0.404375,
        "nauc_map_at_10_std": 0.077406,
        "nauc_map_at_10_diff1": 0.311315,
        "nauc_map_at_20_max": 0.411809,
        "nauc_map_at_20_std": 0.090537,
        "nauc_map_at_20_diff1": 0.307742,
        "nauc_map_at_100_max": 0.412049,
        "nauc_map_at_100_std": 0.095476,
        "nauc_map_at_100_diff1": 0.306615,
        "nauc_map_at_1000_max": 0.412216,
        "nauc_map_at_1000_std": 0.095808,
        "nauc_map_at_1000_diff1": 0.306882,
        "nauc_recall_at_1_max": 0.276139,
        "nauc_recall_at_1_std": -0.027357,
        "nauc_recall_at_1_diff1": 0.352503,
        "nauc_recall_at_3_max": 0.354028,
        "nauc_recall_at_3_std": 0.054235,
        "nauc_recall_at_3_diff1": 0.275248,
        "nauc_recall_at_5_max": 0.385693,
        "nauc_recall_at_5_std": 0.121221,
        "nauc_recall_at_5_diff1": 0.240063,
        "nauc_recall_at_10_max": 0.402812,
        "nauc_recall_at_10_std": 0.130981,
        "nauc_recall_at_10_diff1": 0.223328,
        "nauc_recall_at_20_max": 0.425905,
        "nauc_recall_at_20_std": 0.209794,
        "nauc_recall_at_20_diff1": 0.176576,
        "nauc_recall_at_100_max": 0.431653,
        "nauc_recall_at_100_std": 0.372987,
        "nauc_recall_at_100_diff1": 0.14657,
        "nauc_recall_at_1000_max": 0.551269,
        "nauc_recall_at_1000_std": 0.624213,
        "nauc_recall_at_1000_diff1": 0.162854,
        "nauc_precision_at_1_max": 0.385561,
        "nauc_precision_at_1_std": 0.075743,
        "nauc_precision_at_1_diff1": 0.342253,
        "nauc_precision_at_3_max": 0.482876,
        "nauc_precision_at_3_std": 0.204355,
        "nauc_precision_at_3_diff1": 0.209393,
        "nauc_precision_at_5_max": 0.464878,
        "nauc_precision_at_5_std": 0.261302,
        "nauc_precision_at_5_diff1": 0.145114,
        "nauc_precision_at_10_max": 0.434435,
        "nauc_precision_at_10_std": 0.267682,
        "nauc_precision_at_10_diff1": 0.099959,
        "nauc_precision_at_20_max": 0.411438,
        "nauc_precision_at_20_std": 0.311236,
        "nauc_precision_at_20_diff1": 0.055771,
        "nauc_precision_at_100_max": 0.30877,
        "nauc_precision_at_100_std": 0.328314,
        "nauc_precision_at_100_diff1": -0.014345,
        "nauc_precision_at_1000_max": 0.213907,
        "nauc_precision_at_1000_std": 0.281509,
        "nauc_precision_at_1000_diff1": -0.049274,
        "nauc_mrr_at_1_max": 0.385561,
        "nauc_mrr_at_1_std": 0.075743,
        "nauc_mrr_at_1_diff1": 0.342253,
        "nauc_mrr_at_3_max": 0.432876,
        "nauc_mrr_at_3_std": 0.126213,
        "nauc_mrr_at_3_diff1": 0.319159,
        "nauc_mrr_at_5_max": 0.433901,
        "nauc_mrr_at_5_std": 0.136383,
        "nauc_mrr_at_5_diff1": 0.310156,
        "nauc_mrr_at_10_max": 0.43262,
        "nauc_mrr_at_10_std": 0.135654,
        "nauc_mrr_at_10_diff1": 0.310783,
        "nauc_mrr_at_20_max": 0.432017,
        "nauc_mrr_at_20_std": 0.136871,
        "nauc_mrr_at_20_diff1": 0.308849,
        "nauc_mrr_at_100_max": 0.431391,
        "nauc_mrr_at_100_std": 0.137074,
        "nauc_mrr_at_100_diff1": 0.309267,
        "nauc_mrr_at_1000_max": 0.431445,
        "nauc_mrr_at_1000_std": 0.136879,
        "nauc_mrr_at_1000_diff1": 0.309522,
        "main_score": 0.40654,
        "hf_subset": "fa",
        "languages": [
          "fas-Arab"
        ]
      }
    ]
  },
  "evaluation_time": 2622.5440633296967,
  "kg_co2_emissions": null
}