{
  "dataset_revision": "88f90b0b04f91778ba5341095b0a9f1d7799ce10",
  "task_name": "MSMARCO-Fa",
  "mteb_version": "1.34.14",
  "scores": {
    "dev": [
      {
        "ndcg_at_1": 0.10573,
        "ndcg_at_3": 0.16322,
        "ndcg_at_5": 0.1847,
        "ndcg_at_10": 0.2121,
        "ndcg_at_20": 0.23374,
        "ndcg_at_100": 0.26913,
        "ndcg_at_1000": 0.2926,
        "map_at_1": 0.10227,
        "map_at_3": 0.14732,
        "map_at_5": 0.15921,
        "map_at_10": 0.17049,
        "map_at_20": 0.17641,
        "map_at_100": 0.18126,
        "map_at_1000": 0.18209,
        "recall_at_1": 0.10227,
        "recall_at_3": 0.20561,
        "recall_at_5": 0.25726,
        "recall_at_10": 0.34131,
        "recall_at_20": 0.42617,
        "recall_at_100": 0.6155,
        "recall_at_1000": 0.80141,
        "precision_at_1": 0.10573,
        "precision_at_3": 0.07125,
        "precision_at_5": 0.05361,
        "precision_at_10": 0.03567,
        "precision_at_20": 0.02234,
        "precision_at_100": 0.00651,
        "precision_at_1000": 0.00085,
        "mrr_at_1": 0.105587,
        "mrr_at_3": 0.150979,
        "mrr_at_5": 0.163078,
        "mrr_at_10": 0.174417,
        "mrr_at_20": 0.180365,
        "mrr_at_100": 0.185092,
        "mrr_at_1000": 0.185871,
        "nauc_ndcg_at_1_max": 0.101214,
        "nauc_ndcg_at_1_std": -0.10643,
        "nauc_ndcg_at_1_diff1": 0.307302,
        "nauc_ndcg_at_3_max": 0.123522,
        "nauc_ndcg_at_3_std": -0.095608,
        "nauc_ndcg_at_3_diff1": 0.26084,
        "nauc_ndcg_at_5_max": 0.130241,
        "nauc_ndcg_at_5_std": -0.084977,
        "nauc_ndcg_at_5_diff1": 0.245955,
        "nauc_ndcg_at_10_max": 0.144473,
        "nauc_ndcg_at_10_std": -0.063456,
        "nauc_ndcg_at_10_diff1": 0.233592,
        "nauc_ndcg_at_20_max": 0.15752,
        "nauc_ndcg_at_20_std": -0.042064,
        "nauc_ndcg_at_20_diff1": 0.231027,
        "nauc_ndcg_at_100_max": 0.182927,
        "nauc_ndcg_at_100_std": -0.002768,
        "nauc_ndcg_at_100_diff1": 0.223527,
        "nauc_ndcg_at_1000_max": 0.184234,
        "nauc_ndcg_at_1000_std": 0.001911,
        "nauc_ndcg_at_1000_diff1": 0.225834,
        "nauc_map_at_1_max": 0.103502,
        "nauc_map_at_1_std": -0.105928,
        "nauc_map_at_1_diff1": 0.306567,
        "nauc_map_at_3_max": 0.119794,
        "nauc_map_at_3_std": -0.098949,
        "nauc_map_at_3_diff1": 0.271417,
        "nauc_map_at_5_max": 0.123998,
        "nauc_map_at_5_std": -0.092626,
        "nauc_map_at_5_diff1": 0.262206,
        "nauc_map_at_10_max": 0.130821,
        "nauc_map_at_10_std": -0.082497,
        "nauc_map_at_10_diff1": 0.255886,
        "nauc_map_at_20_max": 0.13488,
        "nauc_map_at_20_std": -0.075897,
        "nauc_map_at_20_diff1": 0.255138,
        "nauc_map_at_100_max": 0.138736,
        "nauc_map_at_100_std": -0.070276,
        "nauc_map_at_100_diff1": 0.254087,
        "nauc_map_at_1000_max": 0.138853,
        "nauc_map_at_1000_std": -0.070037,
        "nauc_map_at_1000_diff1": 0.254213,
        "nauc_recall_at_1_max": 0.103502,
        "nauc_recall_at_1_std": -0.105928,
        "nauc_recall_at_1_diff1": 0.306567,
        "nauc_recall_at_3_max": 0.132404,
        "nauc_recall_at_3_std": -0.088449,
        "nauc_recall_at_3_diff1": 0.237403,
        "nauc_recall_at_5_max": 0.145257,
        "nauc_recall_at_5_std": -0.068189,
        "nauc_recall_at_5_diff1": 0.211128,
        "nauc_recall_at_10_max": 0.17551,
        "nauc_recall_at_10_std": -0.020033,
        "nauc_recall_at_10_diff1": 0.185836,
        "nauc_recall_at_20_max": 0.212392,
        "nauc_recall_at_20_std": 0.041612,
        "nauc_recall_at_20_diff1": 0.178467,
        "nauc_recall_at_100_max": 0.334116,
        "nauc_recall_at_100_std": 0.233859,
        "nauc_recall_at_100_diff1": 0.135631,
        "nauc_recall_at_1000_max": 0.434797,
        "nauc_recall_at_1000_std": 0.418289,
        "nauc_recall_at_1000_diff1": 0.106239,
        "nauc_precision_at_1_max": 0.101214,
        "nauc_precision_at_1_std": -0.10643,
        "nauc_precision_at_1_diff1": 0.307302,
        "nauc_precision_at_3_max": 0.13165,
        "nauc_precision_at_3_std": -0.088365,
        "nauc_precision_at_3_diff1": 0.239542,
        "nauc_precision_at_5_max": 0.142705,
        "nauc_precision_at_5_std": -0.067741,
        "nauc_precision_at_5_diff1": 0.212772,
        "nauc_precision_at_10_max": 0.173976,
        "nauc_precision_at_10_std": -0.018459,
        "nauc_precision_at_10_diff1": 0.187044,
        "nauc_precision_at_20_max": 0.209885,
        "nauc_precision_at_20_std": 0.044461,
        "nauc_precision_at_20_diff1": 0.177886,
        "nauc_precision_at_100_max": 0.31498,
        "nauc_precision_at_100_std": 0.233416,
        "nauc_precision_at_100_diff1": 0.121343,
        "nauc_precision_at_1000_max": 0.339026,
        "nauc_precision_at_1000_std": 0.350553,
        "nauc_precision_at_1000_diff1": 0.067957,
        "nauc_mrr_at_1_max": 0.10117,
        "nauc_mrr_at_1_std": -0.106663,
        "nauc_mrr_at_1_diff1": 0.308377,
        "nauc_mrr_at_3_max": 0.118147,
        "nauc_mrr_at_3_std": -0.097634,
        "nauc_mrr_at_3_diff1": 0.269192,
        "nauc_mrr_at_5_max": 0.121586,
        "nauc_mrr_at_5_std": -0.091185,
        "nauc_mrr_at_5_diff1": 0.259306,
        "nauc_mrr_at_10_max": 0.128512,
        "nauc_mrr_at_10_std": -0.080915,
        "nauc_mrr_at_10_diff1": 0.252796,
        "nauc_mrr_at_20_max": 0.132564,
        "nauc_mrr_at_20_std": -0.074297,
        "nauc_mrr_at_20_diff1": 0.251916,
        "nauc_mrr_at_100_max": 0.136281,
        "nauc_mrr_at_100_std": -0.069104,
        "nauc_mrr_at_100_diff1": 0.251067,
        "nauc_mrr_at_1000_max": 0.136376,
        "nauc_mrr_at_1000_std": -0.068926,
        "nauc_mrr_at_1000_diff1": 0.25122,
        "main_score": 0.2121,
        "hf_subset": "default",
        "languages": [
          "fas-Arab"
        ]
      }
    ]
  },
  "evaluation_time": 14728.644592761993,
  "kg_co2_emissions": null
}