{
  "dataset_revision": "70aa71825a791e87210c0355a01f538aa611feae",
  "task_name": "NFCorpus-Fa",
  "mteb_version": "1.34.14",
  "scores": {
    "test": [
      {
        "ndcg_at_1": 0.27709,
        "ndcg_at_3": 0.24376,
        "ndcg_at_5": 0.22458,
        "ndcg_at_10": 0.2078,
        "ndcg_at_20": 0.1926,
        "ndcg_at_100": 0.20073,
        "ndcg_at_1000": 0.30758,
        "map_at_1": 0.02751,
        "map_at_3": 0.04544,
        "map_at_5": 0.05327,
        "map_at_10": 0.06429,
        "map_at_20": 0.07259,
        "map_at_100": 0.08563,
        "map_at_1000": 0.09894,
        "recall_at_1": 0.02751,
        "recall_at_3": 0.05515,
        "recall_at_5": 0.06873,
        "recall_at_10": 0.09745,
        "recall_at_20": 0.12457,
        "recall_at_100": 0.23444,
        "recall_at_1000": 0.59644,
        "precision_at_1": 0.29102,
        "precision_at_3": 0.23529,
        "precision_at_5": 0.19938,
        "precision_at_10": 0.16192,
        "precision_at_20": 0.12307,
        "precision_at_100": 0.05811,
        "precision_at_1000": 0.02002,
        "mrr_at_1": 0.291022,
        "mrr_at_3": 0.357069,
        "mrr_at_5": 0.370227,
        "mrr_at_10": 0.377294,
        "mrr_at_20": 0.382654,
        "mrr_at_100": 0.386573,
        "mrr_at_1000": 0.387225,
        "nauc_ndcg_at_1_max": 0.323604,
        "nauc_ndcg_at_1_std": 0.334168,
        "nauc_ndcg_at_1_diff1": 0.263912,
        "nauc_ndcg_at_3_max": 0.350512,
        "nauc_ndcg_at_3_std": 0.381098,
        "nauc_ndcg_at_3_diff1": 0.148259,
        "nauc_ndcg_at_5_max": 0.329753,
        "nauc_ndcg_at_5_std": 0.381555,
        "nauc_ndcg_at_5_diff1": 0.142174,
        "nauc_ndcg_at_10_max": 0.307374,
        "nauc_ndcg_at_10_std": 0.417828,
        "nauc_ndcg_at_10_diff1": 0.122502,
        "nauc_ndcg_at_20_max": 0.257206,
        "nauc_ndcg_at_20_std": 0.430021,
        "nauc_ndcg_at_20_diff1": 0.129331,
        "nauc_ndcg_at_100_max": 0.178338,
        "nauc_ndcg_at_100_std": 0.44019,
        "nauc_ndcg_at_100_diff1": 0.192647,
        "nauc_ndcg_at_1000_max": 0.193436,
        "nauc_ndcg_at_1000_std": 0.46777,
        "nauc_ndcg_at_1000_diff1": 0.15641,
        "nauc_map_at_1_max": -0.010952,
        "nauc_map_at_1_std": 0.154041,
        "nauc_map_at_1_diff1": 0.490063,
        "nauc_map_at_3_max": 0.022243,
        "nauc_map_at_3_std": 0.227147,
        "nauc_map_at_3_diff1": 0.356803,
        "nauc_map_at_5_max": 0.027665,
        "nauc_map_at_5_std": 0.235583,
        "nauc_map_at_5_diff1": 0.346271,
        "nauc_map_at_10_max": 0.085553,
        "nauc_map_at_10_std": 0.302459,
        "nauc_map_at_10_diff1": 0.293296,
        "nauc_map_at_20_max": 0.101267,
        "nauc_map_at_20_std": 0.340972,
        "nauc_map_at_20_diff1": 0.261834,
        "nauc_map_at_100_max": 0.105271,
        "nauc_map_at_100_std": 0.389269,
        "nauc_map_at_100_diff1": 0.229824,
        "nauc_map_at_1000_max": 0.128671,
        "nauc_map_at_1000_std": 0.406698,
        "nauc_map_at_1000_diff1": 0.20849,
        "nauc_recall_at_1_max": -0.010952,
        "nauc_recall_at_1_std": 0.154041,
        "nauc_recall_at_1_diff1": 0.490063,
        "nauc_recall_at_3_max": 5.2e-05,
        "nauc_recall_at_3_std": 0.227108,
        "nauc_recall_at_3_diff1": 0.263685,
        "nauc_recall_at_5_max": -0.015808,
        "nauc_recall_at_5_std": 0.217028,
        "nauc_recall_at_5_diff1": 0.282784,
        "nauc_recall_at_10_max": 0.036841,
        "nauc_recall_at_10_std": 0.281436,
        "nauc_recall_at_10_diff1": 0.198414,
        "nauc_recall_at_20_max": 0.031213,
        "nauc_recall_at_20_std": 0.300285,
        "nauc_recall_at_20_diff1": 0.171788,
        "nauc_recall_at_100_max": -0.003982,
        "nauc_recall_at_100_std": 0.291979,
        "nauc_recall_at_100_diff1": 0.146976,
        "nauc_recall_at_1000_max": -0.030592,
        "nauc_recall_at_1000_std": 0.241418,
        "nauc_recall_at_1000_diff1": 0.044726,
        "nauc_precision_at_1_max": 0.3132,
        "nauc_precision_at_1_std": 0.360234,
        "nauc_precision_at_1_diff1": 0.277393,
        "nauc_precision_at_3_max": 0.34559,
        "nauc_precision_at_3_std": 0.418822,
        "nauc_precision_at_3_diff1": 0.083703,
        "nauc_precision_at_5_max": 0.34875,
        "nauc_precision_at_5_std": 0.419741,
        "nauc_precision_at_5_diff1": 0.050736,
        "nauc_precision_at_10_max": 0.353857,
        "nauc_precision_at_10_std": 0.453491,
        "nauc_precision_at_10_diff1": -0.015285,
        "nauc_precision_at_20_max": 0.323819,
        "nauc_precision_at_20_std": 0.470554,
        "nauc_precision_at_20_diff1": -0.056973,
        "nauc_precision_at_100_max": 0.277694,
        "nauc_precision_at_100_std": 0.384004,
        "nauc_precision_at_100_diff1": -0.083412,
        "nauc_precision_at_1000_max": 0.330388,
        "nauc_precision_at_1000_std": 0.181232,
        "nauc_precision_at_1000_diff1": -0.12242,
        "nauc_mrr_at_1_max": 0.3132,
        "nauc_mrr_at_1_std": 0.360234,
        "nauc_mrr_at_1_diff1": 0.277393,
        "nauc_mrr_at_3_max": 0.318633,
        "nauc_mrr_at_3_std": 0.378345,
        "nauc_mrr_at_3_diff1": 0.212176,
        "nauc_mrr_at_5_max": 0.314769,
        "nauc_mrr_at_5_std": 0.377556,
        "nauc_mrr_at_5_diff1": 0.220739,
        "nauc_mrr_at_10_max": 0.309692,
        "nauc_mrr_at_10_std": 0.379675,
        "nauc_mrr_at_10_diff1": 0.215514,
        "nauc_mrr_at_20_max": 0.309143,
        "nauc_mrr_at_20_std": 0.382567,
        "nauc_mrr_at_20_diff1": 0.216667,
        "nauc_mrr_at_100_max": 0.309224,
        "nauc_mrr_at_100_std": 0.382313,
        "nauc_mrr_at_100_diff1": 0.218238,
        "nauc_mrr_at_1000_max": 0.309541,
        "nauc_mrr_at_1000_std": 0.382273,
        "nauc_mrr_at_1000_diff1": 0.218152,
        "main_score": 0.2078,
        "hf_subset": "default",
        "languages": [
          "fas-Arab"
        ]
      }
    ]
  },
  "evaluation_time": 20.685059785842896,
  "kg_co2_emissions": null
}