{
  "dataset_revision": "b3dc818368a867b30ccb55a42ff287d253512c36",
  "task_name": "PersianWebDocumentRetrieval",
  "mteb_version": "1.34.14",
  "scores": {
    "test": [
      {
        "ndcg_at_1": 0.47213,
        "ndcg_at_3": 0.46613,
        "ndcg_at_5": 0.4591,
        "ndcg_at_10": 0.45796,
        "ndcg_at_20": 0.46603,
        "ndcg_at_100": 0.53572,
        "ndcg_at_1000": 0.56782,
        "map_at_1": 0.08377,
        "map_at_3": 0.17406,
        "map_at_5": 0.2245,
        "map_at_10": 0.29411,
        "map_at_20": 0.34344,
        "map_at_100": 0.38064,
        "map_at_1000": 0.3855,
        "recall_at_1": 0.08377,
        "recall_at_3": 0.20294,
        "recall_at_5": 0.27853,
        "recall_at_10": 0.4036,
        "recall_at_20": 0.51306,
        "recall_at_100": 0.68313,
        "recall_at_1000": 0.79121,
        "precision_at_1": 0.47213,
        "precision_at_3": 0.43533,
        "precision_at_5": 0.39348,
        "precision_at_10": 0.31861,
        "precision_at_20": 0.22692,
        "precision_at_100": 0.06799,
        "precision_at_1000": 0.00832,
        "mrr_at_1": 0.472135,
        "mrr_at_3": 0.559061,
        "mrr_at_5": 0.570995,
        "mrr_at_10": 0.578097,
        "mrr_at_20": 0.579916,
        "mrr_at_100": 0.580699,
        "mrr_at_1000": 0.580769,
        "nauc_ndcg_at_1_max": 0.191413,
        "nauc_ndcg_at_1_std": 0.020027,
        "nauc_ndcg_at_1_diff1": 0.233469,
        "nauc_ndcg_at_3_max": 0.200522,
        "nauc_ndcg_at_3_std": 0.037702,
        "nauc_ndcg_at_3_diff1": 0.15378,
        "nauc_ndcg_at_5_max": 0.230795,
        "nauc_ndcg_at_5_std": 0.053005,
        "nauc_ndcg_at_5_diff1": 0.159375,
        "nauc_ndcg_at_10_max": 0.291766,
        "nauc_ndcg_at_10_std": 0.105992,
        "nauc_ndcg_at_10_diff1": 0.1449,
        "nauc_ndcg_at_20_max": 0.336861,
        "nauc_ndcg_at_20_std": 0.146326,
        "nauc_ndcg_at_20_diff1": 0.13283,
        "nauc_ndcg_at_100_max": 0.377208,
        "nauc_ndcg_at_100_std": 0.226785,
        "nauc_ndcg_at_100_diff1": 0.128489,
        "nauc_ndcg_at_1000_max": 0.372898,
        "nauc_ndcg_at_1000_std": 0.223303,
        "nauc_ndcg_at_1000_diff1": 0.140432,
        "nauc_map_at_1_max": 0.11334,
        "nauc_map_at_1_std": -0.045906,
        "nauc_map_at_1_diff1": 0.240912,
        "nauc_map_at_3_max": 0.159561,
        "nauc_map_at_3_std": -0.016926,
        "nauc_map_at_3_diff1": 0.154374,
        "nauc_map_at_5_max": 0.197151,
        "nauc_map_at_5_std": -0.001002,
        "nauc_map_at_5_diff1": 0.143834,
        "nauc_map_at_10_max": 0.254141,
        "nauc_map_at_10_std": 0.056512,
        "nauc_map_at_10_diff1": 0.125342,
        "nauc_map_at_20_max": 0.286112,
        "nauc_map_at_20_std": 0.09361,
        "nauc_map_at_20_diff1": 0.121944,
        "nauc_map_at_100_max": 0.311234,
        "nauc_map_at_100_std": 0.139386,
        "nauc_map_at_100_diff1": 0.120516,
        "nauc_map_at_1000_max": 0.311371,
        "nauc_map_at_1000_std": 0.140581,
        "nauc_map_at_1000_diff1": 0.121562,
        "nauc_recall_at_1_max": 0.11334,
        "nauc_recall_at_1_std": -0.045906,
        "nauc_recall_at_1_diff1": 0.240912,
        "nauc_recall_at_3_max": 0.15137,
        "nauc_recall_at_3_std": -0.002521,
        "nauc_recall_at_3_diff1": 0.12287,
        "nauc_recall_at_5_max": 0.201345,
        "nauc_recall_at_5_std": 0.019788,
        "nauc_recall_at_5_diff1": 0.117502,
        "nauc_recall_at_10_max": 0.296255,
        "nauc_recall_at_10_std": 0.117742,
        "nauc_recall_at_10_diff1": 0.095897,
        "nauc_recall_at_20_max": 0.36043,
        "nauc_recall_at_20_std": 0.192996,
        "nauc_recall_at_20_diff1": 0.087398,
        "nauc_recall_at_100_max": 0.485257,
        "nauc_recall_at_100_std": 0.399597,
        "nauc_recall_at_100_diff1": 0.073708,
        "nauc_recall_at_1000_max": 0.534543,
        "nauc_recall_at_1000_std": 0.451055,
        "nauc_recall_at_1000_diff1": 0.12038,
        "nauc_precision_at_1_max": 0.191413,
        "nauc_precision_at_1_std": 0.020027,
        "nauc_precision_at_1_diff1": 0.233469,
        "nauc_precision_at_3_max": 0.21248,
        "nauc_precision_at_3_std": 0.063412,
        "nauc_precision_at_3_diff1": 0.092119,
        "nauc_precision_at_5_max": 0.240518,
        "nauc_precision_at_5_std": 0.096558,
        "nauc_precision_at_5_diff1": 0.082149,
        "nauc_precision_at_10_max": 0.254876,
        "nauc_precision_at_10_std": 0.152741,
        "nauc_precision_at_10_diff1": 0.04462,
        "nauc_precision_at_20_max": 0.244128,
        "nauc_precision_at_20_std": 0.182694,
        "nauc_precision_at_20_diff1": 0.043129,
        "nauc_precision_at_100_max": 0.208722,
        "nauc_precision_at_100_std": 0.237837,
        "nauc_precision_at_100_diff1": 0.030547,
        "nauc_precision_at_1000_max": 0.129537,
        "nauc_precision_at_1000_std": 0.167787,
        "nauc_precision_at_1000_diff1": 0.03922,
        "nauc_mrr_at_1_max": 0.191413,
        "nauc_mrr_at_1_std": 0.020027,
        "nauc_mrr_at_1_diff1": 0.233469,
        "nauc_mrr_at_3_max": 0.252065,
        "nauc_mrr_at_3_std": 0.077796,
        "nauc_mrr_at_3_diff1": 0.220736,
        "nauc_mrr_at_5_max": 0.26126,
        "nauc_mrr_at_5_std": 0.085675,
        "nauc_mrr_at_5_diff1": 0.218494,
        "nauc_mrr_at_10_max": 0.269229,
        "nauc_mrr_at_10_std": 0.092816,
        "nauc_mrr_at_10_diff1": 0.217291,
        "nauc_mrr_at_20_max": 0.26942,
        "nauc_mrr_at_20_std": 0.093807,
        "nauc_mrr_at_20_diff1": 0.219137,
        "nauc_mrr_at_100_max": 0.26851,
        "nauc_mrr_at_100_std": 0.093555,
        "nauc_mrr_at_100_diff1": 0.21885,
        "nauc_mrr_at_1000_max": 0.268464,
        "nauc_mrr_at_1000_std": 0.093463,
        "nauc_mrr_at_1000_diff1": 0.218903,
        "main_score": 0.45796,
        "hf_subset": "default",
        "languages": [
          "fas-Arab"
        ]
      }
    ]
  },
  "evaluation_time": 204.19328022003174,
  "kg_co2_emissions": null
}