{
  "dataset_revision": "1a43f4f5dcd71e6b14b275ae82c3237cdd4fd5fd",
  "task_name": "QuoraRetrieval-Fa",
  "mteb_version": "1.34.14",
  "scores": {
    "test": [
      {
        "ndcg_at_1": 0.5393,
        "ndcg_at_3": 0.59196,
        "ndcg_at_5": 0.61711,
        "ndcg_at_10": 0.64078,
        "ndcg_at_20": 0.65622,
        "ndcg_at_100": 0.67684,
        "ndcg_at_1000": 0.68693,
        "map_at_1": 0.46813,
        "map_at_3": 0.55305,
        "map_at_5": 0.57231,
        "map_at_10": 0.5855,
        "map_at_20": 0.59118,
        "map_at_100": 0.5953,
        "map_at_1000": 0.59589,
        "recall_at_1": 0.46813,
        "recall_at_3": 0.62518,
        "recall_at_5": 0.68856,
        "recall_at_10": 0.7582,
        "recall_at_20": 0.81369,
        "recall_at_100": 0.90887,
        "recall_at_1000": 0.97534,
        "precision_at_1": 0.5393,
        "precision_at_3": 0.25993,
        "precision_at_5": 0.17818,
        "precision_at_10": 0.10184,
        "precision_at_20": 0.05626,
        "precision_at_100": 0.01328,
        "precision_at_1000": 0.00149,
        "mrr_at_1": 0.5385,
        "mrr_at_3": 0.60665,
        "mrr_at_5": 0.62032,
        "mrr_at_10": 0.628576,
        "mrr_at_20": 0.631997,
        "mrr_at_100": 0.633966,
        "mrr_at_1000": 0.634201,
        "nauc_ndcg_at_1_max": 0.376069,
        "nauc_ndcg_at_1_std": -0.092792,
        "nauc_ndcg_at_1_diff1": 0.665632,
        "nauc_ndcg_at_3_max": 0.359091,
        "nauc_ndcg_at_3_std": -0.104834,
        "nauc_ndcg_at_3_diff1": 0.617858,
        "nauc_ndcg_at_5_max": 0.368523,
        "nauc_ndcg_at_5_std": -0.095619,
        "nauc_ndcg_at_5_diff1": 0.617751,
        "nauc_ndcg_at_10_max": 0.373465,
        "nauc_ndcg_at_10_std": -0.088779,
        "nauc_ndcg_at_10_diff1": 0.618309,
        "nauc_ndcg_at_20_max": 0.377326,
        "nauc_ndcg_at_20_std": -0.081004,
        "nauc_ndcg_at_20_diff1": 0.618984,
        "nauc_ndcg_at_100_max": 0.383296,
        "nauc_ndcg_at_100_std": -0.069,
        "nauc_ndcg_at_100_diff1": 0.620745,
        "nauc_ndcg_at_1000_max": 0.382739,
        "nauc_ndcg_at_1000_std": -0.070438,
        "nauc_ndcg_at_1000_diff1": 0.622077,
        "nauc_map_at_1_max": 0.321745,
        "nauc_map_at_1_std": -0.12928,
        "nauc_map_at_1_diff1": 0.668799,
        "nauc_map_at_3_max": 0.346077,
        "nauc_map_at_3_std": -0.124579,
        "nauc_map_at_3_diff1": 0.634027,
        "nauc_map_at_5_max": 0.356229,
        "nauc_map_at_5_std": -0.114423,
        "nauc_map_at_5_diff1": 0.631961,
        "nauc_map_at_10_max": 0.361365,
        "nauc_map_at_10_std": -0.107945,
        "nauc_map_at_10_diff1": 0.631418,
        "nauc_map_at_20_max": 0.36401,
        "nauc_map_at_20_std": -0.103255,
        "nauc_map_at_20_diff1": 0.631285,
        "nauc_map_at_100_max": 0.36596,
        "nauc_map_at_100_std": -0.099254,
        "nauc_map_at_100_diff1": 0.631087,
        "nauc_map_at_1000_max": 0.366108,
        "nauc_map_at_1000_std": -0.098894,
        "nauc_map_at_1000_diff1": 0.631063,
        "nauc_recall_at_1_max": 0.321745,
        "nauc_recall_at_1_std": -0.12928,
        "nauc_recall_at_1_diff1": 0.668799,
        "nauc_recall_at_3_max": 0.325602,
        "nauc_recall_at_3_std": -0.127797,
        "nauc_recall_at_3_diff1": 0.576858,
        "nauc_recall_at_5_max": 0.345371,
        "nauc_recall_at_5_std": -0.101282,
        "nauc_recall_at_5_diff1": 0.560646,
        "nauc_recall_at_10_max": 0.355524,
        "nauc_recall_at_10_std": -0.075562,
        "nauc_recall_at_10_diff1": 0.545411,
        "nauc_recall_at_20_max": 0.369015,
        "nauc_recall_at_20_std": -0.030187,
        "nauc_recall_at_20_diff1": 0.528461,
        "nauc_recall_at_100_max": 0.415331,
        "nauc_recall_at_100_std": 0.103682,
        "nauc_recall_at_100_diff1": 0.505245,
        "nauc_recall_at_1000_max": 0.47931,
        "nauc_recall_at_1000_std": 0.281623,
        "nauc_recall_at_1000_diff1": 0.462379,
        "nauc_precision_at_1_max": 0.376069,
        "nauc_precision_at_1_std": -0.092792,
        "nauc_precision_at_1_diff1": 0.665632,
        "nauc_precision_at_3_max": 0.301852,
        "nauc_precision_at_3_std": -0.001839,
        "nauc_precision_at_3_diff1": 0.31664,
        "nauc_precision_at_5_max": 0.277397,
        "nauc_precision_at_5_std": 0.071084,
        "nauc_precision_at_5_diff1": 0.194884,
        "nauc_precision_at_10_max": 0.238659,
        "nauc_precision_at_10_std": 0.144965,
        "nauc_precision_at_10_diff1": 0.073933,
        "nauc_precision_at_20_max": 0.201026,
        "nauc_precision_at_20_std": 0.20769,
        "nauc_precision_at_20_diff1": -0.023048,
        "nauc_precision_at_100_max": 0.128441,
        "nauc_precision_at_100_std": 0.28969,
        "nauc_precision_at_100_diff1": -0.163484,
        "nauc_precision_at_1000_max": 0.062736,
        "nauc_precision_at_1000_std": 0.298115,
        "nauc_precision_at_1000_diff1": -0.245091,
        "nauc_mrr_at_1_max": 0.376984,
        "nauc_mrr_at_1_std": -0.092006,
        "nauc_mrr_at_1_diff1": 0.667442,
        "nauc_mrr_at_3_max": 0.381951,
        "nauc_mrr_at_3_std": -0.083678,
        "nauc_mrr_at_3_diff1": 0.632449,
        "nauc_mrr_at_5_max": 0.385942,
        "nauc_mrr_at_5_std": -0.077918,
        "nauc_mrr_at_5_diff1": 0.632065,
        "nauc_mrr_at_10_max": 0.386732,
        "nauc_mrr_at_10_std": -0.07552,
        "nauc_mrr_at_10_diff1": 0.632259,
        "nauc_mrr_at_20_max": 0.387073,
        "nauc_mrr_at_20_std": -0.074239,
        "nauc_mrr_at_20_diff1": 0.63252,
        "nauc_mrr_at_100_max": 0.387009,
        "nauc_mrr_at_100_std": -0.074167,
        "nauc_mrr_at_100_diff1": 0.63288,
        "nauc_mrr_at_1000_max": 0.386953,
        "nauc_mrr_at_1000_std": -0.074309,
        "nauc_mrr_at_1000_diff1": 0.632963,
        "main_score": 0.64078,
        "hf_subset": "default",
        "languages": [
          "fas-Arab"
        ]
      }
    ]
  },
  "evaluation_time": 487.4030513763428,
  "kg_co2_emissions": null
}