{
  "dataset_revision": "9d32af6540970e2845028cbfffe6b0d0e8f52428",
  "task_name": "SynPerChatbotRAGFAQRetrieval",
  "mteb_version": "1.34.14",
  "scores": {
    "test": [
      {
        "ndcg_at_1": 0.42686,
        "ndcg_at_3": 0.51253,
        "ndcg_at_5": 0.54487,
        "ndcg_at_10": 0.57953,
        "ndcg_at_20": 0.60019,
        "ndcg_at_100": 0.61809,
        "ndcg_at_1000": 0.62531,
        "map_at_1": 0.42686,
        "map_at_3": 0.49157,
        "map_at_5": 0.50937,
        "map_at_10": 0.52359,
        "map_at_20": 0.52936,
        "map_at_100": 0.53177,
        "map_at_1000": 0.53203,
        "recall_at_1": 0.42686,
        "recall_at_3": 0.57314,
        "recall_at_5": 0.65225,
        "recall_at_10": 0.75989,
        "recall_at_20": 0.84085,
        "recall_at_100": 0.93836,
        "recall_at_1000": 0.9954,
        "precision_at_1": 0.42686,
        "precision_at_3": 0.19105,
        "precision_at_5": 0.13045,
        "precision_at_10": 0.07599,
        "precision_at_20": 0.04204,
        "precision_at_100": 0.00938,
        "precision_at_1000": 0.001,
        "mrr_at_1": 0.426863,
        "mrr_at_3": 0.491567,
        "mrr_at_5": 0.509368,
        "mrr_at_10": 0.52359,
        "mrr_at_20": 0.52936,
        "mrr_at_100": 0.531769,
        "mrr_at_1000": 0.532034,
        "nauc_ndcg_at_1_max": 0.379842,
        "nauc_ndcg_at_1_std": -0.112692,
        "nauc_ndcg_at_1_diff1": 0.700755,
        "nauc_ndcg_at_3_max": 0.402366,
        "nauc_ndcg_at_3_std": -0.095945,
        "nauc_ndcg_at_3_diff1": 0.649954,
        "nauc_ndcg_at_5_max": 0.417452,
        "nauc_ndcg_at_5_std": -0.073164,
        "nauc_ndcg_at_5_diff1": 0.636211,
        "nauc_ndcg_at_10_max": 0.422682,
        "nauc_ndcg_at_10_std": -0.070001,
        "nauc_ndcg_at_10_diff1": 0.641127,
        "nauc_ndcg_at_20_max": 0.426971,
        "nauc_ndcg_at_20_std": -0.071139,
        "nauc_ndcg_at_20_diff1": 0.642753,
        "nauc_ndcg_at_100_max": 0.424581,
        "nauc_ndcg_at_100_std": -0.067126,
        "nauc_ndcg_at_100_diff1": 0.64703,
        "nauc_ndcg_at_1000_max": 0.418207,
        "nauc_ndcg_at_1000_std": -0.074141,
        "nauc_ndcg_at_1000_diff1": 0.650624,
        "nauc_map_at_1_max": 0.379842,
        "nauc_map_at_1_std": -0.112692,
        "nauc_map_at_1_diff1": 0.700755,
        "nauc_map_at_3_max": 0.39779,
        "nauc_map_at_3_std": -0.100906,
        "nauc_map_at_3_diff1": 0.662522,
        "nauc_map_at_5_max": 0.405631,
        "nauc_map_at_5_std": -0.088983,
        "nauc_map_at_5_diff1": 0.655659,
        "nauc_map_at_10_max": 0.407998,
        "nauc_map_at_10_std": -0.087377,
        "nauc_map_at_10_diff1": 0.657954,
        "nauc_map_at_20_max": 0.409063,
        "nauc_map_at_20_std": -0.087732,
        "nauc_map_at_20_diff1": 0.658369,
        "nauc_map_at_100_max": 0.408809,
        "nauc_map_at_100_std": -0.087182,
        "nauc_map_at_100_diff1": 0.659172,
        "nauc_map_at_1000_max": 0.408621,
        "nauc_map_at_1000_std": -0.087306,
        "nauc_map_at_1000_diff1": 0.659295,
        "nauc_recall_at_1_max": 0.379842,
        "nauc_recall_at_1_std": -0.112692,
        "nauc_recall_at_1_diff1": 0.700755,
        "nauc_recall_at_3_max": 0.415933,
        "nauc_recall_at_3_std": -0.080386,
        "nauc_recall_at_3_diff1": 0.611463,
        "nauc_recall_at_5_max": 0.459831,
        "nauc_recall_at_5_std": -0.014935,
        "nauc_recall_at_5_diff1": 0.567624,
        "nauc_recall_at_10_max": 0.49051,
        "nauc_recall_at_10_std": 0.010909,
        "nauc_recall_at_10_diff1": 0.567492,
        "nauc_recall_at_20_max": 0.547697,
        "nauc_recall_at_20_std": 0.034204,
        "nauc_recall_at_20_diff1": 0.55169,
        "nauc_recall_at_100_max": 0.657359,
        "nauc_recall_at_100_std": 0.267302,
        "nauc_recall_at_100_diff1": 0.504537,
        "nauc_recall_at_1000_max": 0.640574,
        "nauc_recall_at_1000_std": 0.892146,
        "nauc_recall_at_1000_diff1": 0.301682,
        "nauc_precision_at_1_max": 0.379842,
        "nauc_precision_at_1_std": -0.112692,
        "nauc_precision_at_1_diff1": 0.700755,
        "nauc_precision_at_3_max": 0.415933,
        "nauc_precision_at_3_std": -0.080386,
        "nauc_precision_at_3_diff1": 0.611463,
        "nauc_precision_at_5_max": 0.459831,
        "nauc_precision_at_5_std": -0.014935,
        "nauc_precision_at_5_diff1": 0.567624,
        "nauc_precision_at_10_max": 0.49051,
        "nauc_precision_at_10_std": 0.010909,
        "nauc_precision_at_10_diff1": 0.567492,
        "nauc_precision_at_20_max": 0.547697,
        "nauc_precision_at_20_std": 0.034204,
        "nauc_precision_at_20_diff1": 0.55169,
        "nauc_precision_at_100_max": 0.657359,
        "nauc_precision_at_100_std": 0.267302,
        "nauc_precision_at_100_diff1": 0.504537,
        "nauc_precision_at_1000_max": 0.640574,
        "nauc_precision_at_1000_std": 0.892146,
        "nauc_precision_at_1000_diff1": 0.301682,
        "nauc_mrr_at_1_max": 0.379842,
        "nauc_mrr_at_1_std": -0.112692,
        "nauc_mrr_at_1_diff1": 0.700755,
        "nauc_mrr_at_3_max": 0.39779,
        "nauc_mrr_at_3_std": -0.100906,
        "nauc_mrr_at_3_diff1": 0.662522,
        "nauc_mrr_at_5_max": 0.405631,
        "nauc_mrr_at_5_std": -0.088983,
        "nauc_mrr_at_5_diff1": 0.655659,
        "nauc_mrr_at_10_max": 0.407998,
        "nauc_mrr_at_10_std": -0.087377,
        "nauc_mrr_at_10_diff1": 0.657954,
        "nauc_mrr_at_20_max": 0.409063,
        "nauc_mrr_at_20_std": -0.087732,
        "nauc_mrr_at_20_diff1": 0.658369,
        "nauc_mrr_at_100_max": 0.408809,
        "nauc_mrr_at_100_std": -0.087182,
        "nauc_mrr_at_100_diff1": 0.659172,
        "nauc_mrr_at_1000_max": 0.408621,
        "nauc_mrr_at_1000_std": -0.087306,
        "nauc_mrr_at_1000_diff1": 0.659295,
        "main_score": 0.57953,
        "hf_subset": "default",
        "languages": [
          "fas-Arab"
        ]
      }
    ]
  },
  "evaluation_time": 14.082464933395386,
  "kg_co2_emissions": null
}