{
  "dataset_revision": "ea9a840cb163b415cc70b2f7adf2554feae159dc",
  "task_name": "SynPerTextKeywordsPC",
  "mteb_version": "1.34.14",
  "scores": {
    "test": [
      {
        "similarity_accuracy": 0.947404,
        "similarity_accuracy_threshold": 0.534351,
        "similarity_f1": 0.947566,
        "similarity_f1_threshold": 0.534351,
        "similarity_precision": 0.944671,
        "similarity_recall": 0.950478,
        "similarity_ap": 0.986526,
        "cosine_accuracy": 0.947404,
        "cosine_accuracy_threshold": 0.534351,
        "cosine_f1": 0.947566,
        "cosine_f1_threshold": 0.534351,
        "cosine_precision": 0.944671,
        "cosine_recall": 0.950478,
        "cosine_ap": 0.986526,
        "manhattan_accuracy": 0.947063,
        "manhattan_accuracy_threshold": 585.868225,
        "manhattan_f1": 0.947653,
        "manhattan_f1_threshold": 585.868225,
        "manhattan_precision": 0.937208,
        "manhattan_recall": 0.958333,
        "manhattan_ap": 0.986285,
        "euclidean_accuracy": 0.947404,
        "euclidean_accuracy_threshold": 26.641613,
        "euclidean_f1": 0.947566,
        "euclidean_f1_threshold": 26.641613,
        "euclidean_precision": 0.944671,
        "euclidean_recall": 0.950478,
        "euclidean_ap": 0.986526,
        "dot_accuracy": 0.947404,
        "dot_accuracy_threshold": 407.248657,
        "dot_f1": 0.947566,
        "dot_f1_threshold": 407.248657,
        "dot_precision": 0.944671,
        "dot_recall": 0.950478,
        "dot_ap": 0.986526,
        "max_accuracy": 0.947404,
        "max_f1": 0.947653,
        "max_precision": 0.944671,
        "max_recall": 0.958333,
        "max_ap": 0.986526,
        "main_score": 0.986526,
        "hf_subset": "default",
        "languages": [
          "fas-Arab"
        ]
      }
    ]
  },
  "evaluation_time": 5.273456335067749,
  "kg_co2_emissions": null
}