{
  "dataset_revision": "e85114f13f42dc1edc456d58931cc38d44d697cf",
  "task_name": "SynPerQARetrieval",
  "mteb_version": "1.34.14",
  "scores": {
    "test": [
      {
        "ndcg_at_1": 0.81526,
        "ndcg_at_3": 0.88141,
        "ndcg_at_5": 0.8899,
        "ndcg_at_10": 0.89543,
        "ndcg_at_20": 0.89758,
        "ndcg_at_100": 0.90005,
        "ndcg_at_1000": 0.90168,
        "map_at_1": 0.81526,
        "map_at_3": 0.86609,
        "map_at_5": 0.87084,
        "map_at_10": 0.87315,
        "map_at_20": 0.87375,
        "map_at_100": 0.87411,
        "map_at_1000": 0.87416,
        "recall_at_1": 0.81526,
        "recall_at_3": 0.92534,
        "recall_at_5": 0.94582,
        "recall_at_10": 0.96274,
        "recall_at_20": 0.97119,
        "recall_at_100": 0.98433,
        "recall_at_1000": 0.99736,
        "precision_at_1": 0.81526,
        "precision_at_3": 0.30845,
        "precision_at_5": 0.18916,
        "precision_at_10": 0.09627,
        "precision_at_20": 0.04856,
        "precision_at_100": 0.00984,
        "precision_at_1000": 0.001,
        "mrr_at_1": 0.815219,
        "mrr_at_3": 0.86607,
        "mrr_at_5": 0.870816,
        "mrr_at_10": 0.873127,
        "mrr_at_20": 0.873729,
        "mrr_at_100": 0.874079,
        "mrr_at_1000": 0.874137,
        "nauc_ndcg_at_1_max": 0.302649,
        "nauc_ndcg_at_1_std": -0.551886,
        "nauc_ndcg_at_1_diff1": 0.903302,
        "nauc_ndcg_at_3_max": 0.414042,
        "nauc_ndcg_at_3_std": -0.609191,
        "nauc_ndcg_at_3_diff1": 0.883237,
        "nauc_ndcg_at_5_max": 0.422671,
        "nauc_ndcg_at_5_std": -0.6035,
        "nauc_ndcg_at_5_diff1": 0.885833,
        "nauc_ndcg_at_10_max": 0.418884,
        "nauc_ndcg_at_10_std": -0.594888,
        "nauc_ndcg_at_10_diff1": 0.887528,
        "nauc_ndcg_at_20_max": 0.413178,
        "nauc_ndcg_at_20_std": -0.593233,
        "nauc_ndcg_at_20_diff1": 0.888434,
        "nauc_ndcg_at_100_max": 0.403468,
        "nauc_ndcg_at_100_std": -0.592029,
        "nauc_ndcg_at_100_diff1": 0.889443,
        "nauc_ndcg_at_1000_max": 0.396643,
        "nauc_ndcg_at_1000_std": -0.589081,
        "nauc_ndcg_at_1000_diff1": 0.889461,
        "nauc_map_at_1_max": 0.302649,
        "nauc_map_at_1_std": -0.551886,
        "nauc_map_at_1_diff1": 0.903302,
        "nauc_map_at_3_max": 0.379668,
        "nauc_map_at_3_std": -0.59304,
        "nauc_map_at_3_diff1": 0.888478,
        "nauc_map_at_5_max": 0.382505,
        "nauc_map_at_5_std": -0.589699,
        "nauc_map_at_5_diff1": 0.889956,
        "nauc_map_at_10_max": 0.380479,
        "nauc_map_at_10_std": -0.586462,
        "nauc_map_at_10_diff1": 0.890586,
        "nauc_map_at_20_max": 0.379023,
        "nauc_map_at_20_std": -0.586078,
        "nauc_map_at_20_diff1": 0.890807,
        "nauc_map_at_100_max": 0.377824,
        "nauc_map_at_100_std": -0.585907,
        "nauc_map_at_100_diff1": 0.890922,
        "nauc_map_at_1000_max": 0.377622,
        "nauc_map_at_1000_std": -0.585823,
        "nauc_map_at_1000_diff1": 0.890923,
        "nauc_recall_at_1_max": 0.302649,
        "nauc_recall_at_1_std": -0.551886,
        "nauc_recall_at_1_diff1": 0.903302,
        "nauc_recall_at_3_max": 0.583193,
        "nauc_recall_at_3_std": -0.687519,
        "nauc_recall_at_3_diff1": 0.858157,
        "nauc_recall_at_5_max": 0.687653,
        "nauc_recall_at_5_std": -0.690211,
        "nauc_recall_at_5_diff1": 0.860626,
        "nauc_recall_at_10_max": 0.775775,
        "nauc_recall_at_10_std": -0.658332,
        "nauc_recall_at_10_diff1": 0.863775,
        "nauc_recall_at_20_max": 0.802979,
        "nauc_recall_at_20_std": -0.653789,
        "nauc_recall_at_20_diff1": 0.86897,
        "nauc_recall_at_100_max": 0.813216,
        "nauc_recall_at_100_std": -0.667641,
        "nauc_recall_at_100_diff1": 0.886114,
        "nauc_recall_at_1000_max": 0.889738,
        "nauc_recall_at_1000_std": -0.20379,
        "nauc_recall_at_1000_diff1": 0.876738,
        "nauc_precision_at_1_max": 0.302649,
        "nauc_precision_at_1_std": -0.551886,
        "nauc_precision_at_1_diff1": 0.903302,
        "nauc_precision_at_3_max": 0.583193,
        "nauc_precision_at_3_std": -0.687519,
        "nauc_precision_at_3_diff1": 0.858157,
        "nauc_precision_at_5_max": 0.687653,
        "nauc_precision_at_5_std": -0.690211,
        "nauc_precision_at_5_diff1": 0.860626,
        "nauc_precision_at_10_max": 0.775775,
        "nauc_precision_at_10_std": -0.658332,
        "nauc_precision_at_10_diff1": 0.863775,
        "nauc_precision_at_20_max": 0.802979,
        "nauc_precision_at_20_std": -0.653789,
        "nauc_precision_at_20_diff1": 0.86897,
        "nauc_precision_at_100_max": 0.813216,
        "nauc_precision_at_100_std": -0.667641,
        "nauc_precision_at_100_diff1": 0.886114,
        "nauc_precision_at_1000_max": 0.889738,
        "nauc_precision_at_1000_std": -0.20379,
        "nauc_precision_at_1000_diff1": 0.876738,
        "nauc_mrr_at_1_max": 0.301771,
        "nauc_mrr_at_1_std": -0.551642,
        "nauc_mrr_at_1_diff1": 0.903347,
        "nauc_mrr_at_3_max": 0.379081,
        "nauc_mrr_at_3_std": -0.59285,
        "nauc_mrr_at_3_diff1": 0.888516,
        "nauc_mrr_at_5_max": 0.38189,
        "nauc_mrr_at_5_std": -0.58952,
        "nauc_mrr_at_5_diff1": 0.889997,
        "nauc_mrr_at_10_max": 0.379854,
        "nauc_mrr_at_10_std": -0.58628,
        "nauc_mrr_at_10_diff1": 0.890627,
        "nauc_mrr_at_20_max": 0.378395,
        "nauc_mrr_at_20_std": -0.585894,
        "nauc_mrr_at_20_diff1": 0.890848,
        "nauc_mrr_at_100_max": 0.377194,
        "nauc_mrr_at_100_std": -0.585723,
        "nauc_mrr_at_100_diff1": 0.890964,
        "nauc_mrr_at_1000_max": 0.376992,
        "nauc_mrr_at_1000_std": -0.58564,
        "nauc_mrr_at_1000_diff1": 0.890965,
        "main_score": 0.89543,
        "hf_subset": "default",
        "languages": [
          "fas-Arab"
        ]
      }
    ]
  },
  "evaluation_time": 550.7585122585297,
  "kg_co2_emissions": null
}