{
  "dataset_revision": "98e6c2d33dfa166ee326e8b1bc7ea82c7e6898dd",
  "task_name": "TRECCOVID-Fa",
  "mteb_version": "1.34.14",
  "scores": {
    "test": [
      {
        "ndcg_at_1": 0.53,
        "ndcg_at_3": 0.47927,
        "ndcg_at_5": 0.47539,
        "ndcg_at_10": 0.42248,
        "ndcg_at_20": 0.38331,
        "ndcg_at_100": 0.27773,
        "ndcg_at_1000": 0.25366,
        "map_at_1": 0.00137,
        "map_at_3": 0.00335,
        "map_at_5": 0.00506,
        "map_at_10": 0.00793,
        "map_at_20": 0.01294,
        "map_at_100": 0.03515,
        "map_at_1000": 0.07976,
        "recall_at_1": 0.00137,
        "recall_at_3": 0.00391,
        "recall_at_5": 0.00614,
        "recall_at_10": 0.01009,
        "recall_at_20": 0.01817,
        "recall_at_100": 0.06353,
        "recall_at_1000": 0.24049,
        "precision_at_1": 0.58,
        "precision_at_3": 0.52,
        "precision_at_5": 0.508,
        "precision_at_10": 0.434,
        "precision_at_20": 0.391,
        "precision_at_100": 0.2758,
        "precision_at_1000": 0.11416,
        "mrr_at_1": 0.58,
        "mrr_at_3": 0.673333,
        "mrr_at_5": 0.688333,
        "mrr_at_10": 0.695889,
        "mrr_at_20": 0.700651,
        "mrr_at_100": 0.701239,
        "mrr_at_1000": 0.70136,
        "nauc_ndcg_at_1_max": 0.233926,
        "nauc_ndcg_at_1_std": 0.270745,
        "nauc_ndcg_at_1_diff1": 0.321974,
        "nauc_ndcg_at_3_max": 0.204776,
        "nauc_ndcg_at_3_std": 0.256904,
        "nauc_ndcg_at_3_diff1": 0.106991,
        "nauc_ndcg_at_5_max": 0.205197,
        "nauc_ndcg_at_5_std": 0.315225,
        "nauc_ndcg_at_5_diff1": 0.033252,
        "nauc_ndcg_at_10_max": 0.190471,
        "nauc_ndcg_at_10_std": 0.373048,
        "nauc_ndcg_at_10_diff1": -0.08758,
        "nauc_ndcg_at_20_max": 0.206417,
        "nauc_ndcg_at_20_std": 0.411005,
        "nauc_ndcg_at_20_diff1": -0.099871,
        "nauc_ndcg_at_100_max": 0.25012,
        "nauc_ndcg_at_100_std": 0.517764,
        "nauc_ndcg_at_100_diff1": -0.151072,
        "nauc_ndcg_at_1000_max": 0.372044,
        "nauc_ndcg_at_1000_std": 0.608177,
        "nauc_ndcg_at_1000_diff1": -0.13603,
        "nauc_map_at_1_max": 0.254027,
        "nauc_map_at_1_std": 0.211751,
        "nauc_map_at_1_diff1": 0.258203,
        "nauc_map_at_3_max": 0.270358,
        "nauc_map_at_3_std": 0.202411,
        "nauc_map_at_3_diff1": 0.040271,
        "nauc_map_at_5_max": 0.257646,
        "nauc_map_at_5_std": 0.24993,
        "nauc_map_at_5_diff1": -0.040244,
        "nauc_map_at_10_max": 0.243541,
        "nauc_map_at_10_std": 0.33651,
        "nauc_map_at_10_diff1": -0.142524,
        "nauc_map_at_20_max": 0.282718,
        "nauc_map_at_20_std": 0.411525,
        "nauc_map_at_20_diff1": -0.13647,
        "nauc_map_at_100_max": 0.341565,
        "nauc_map_at_100_std": 0.518498,
        "nauc_map_at_100_diff1": -0.172046,
        "nauc_map_at_1000_max": 0.419764,
        "nauc_map_at_1000_std": 0.693614,
        "nauc_map_at_1000_diff1": -0.202449,
        "nauc_recall_at_1_max": 0.254027,
        "nauc_recall_at_1_std": 0.211751,
        "nauc_recall_at_1_diff1": 0.258203,
        "nauc_recall_at_3_max": 0.214592,
        "nauc_recall_at_3_std": 0.135479,
        "nauc_recall_at_3_diff1": 0.056103,
        "nauc_recall_at_5_max": 0.227645,
        "nauc_recall_at_5_std": 0.193337,
        "nauc_recall_at_5_diff1": -0.003558,
        "nauc_recall_at_10_max": 0.230384,
        "nauc_recall_at_10_std": 0.286053,
        "nauc_recall_at_10_diff1": -0.131511,
        "nauc_recall_at_20_max": 0.28365,
        "nauc_recall_at_20_std": 0.365878,
        "nauc_recall_at_20_diff1": -0.068538,
        "nauc_recall_at_100_max": 0.340889,
        "nauc_recall_at_100_std": 0.473598,
        "nauc_recall_at_100_diff1": -0.102528,
        "nauc_recall_at_1000_max": 0.391649,
        "nauc_recall_at_1000_std": 0.613371,
        "nauc_recall_at_1000_diff1": -0.162209,
        "nauc_precision_at_1_max": 0.330934,
        "nauc_precision_at_1_std": 0.357344,
        "nauc_precision_at_1_diff1": 0.293845,
        "nauc_precision_at_3_max": 0.265748,
        "nauc_precision_at_3_std": 0.300914,
        "nauc_precision_at_3_diff1": -0.006089,
        "nauc_precision_at_5_max": 0.254851,
        "nauc_precision_at_5_std": 0.362941,
        "nauc_precision_at_5_diff1": -0.059538,
        "nauc_precision_at_10_max": 0.212437,
        "nauc_precision_at_10_std": 0.402324,
        "nauc_precision_at_10_diff1": -0.205124,
        "nauc_precision_at_20_max": 0.245648,
        "nauc_precision_at_20_std": 0.450135,
        "nauc_precision_at_20_diff1": -0.162716,
        "nauc_precision_at_100_max": 0.286021,
        "nauc_precision_at_100_std": 0.553625,
        "nauc_precision_at_100_diff1": -0.18229,
        "nauc_precision_at_1000_max": 0.310436,
        "nauc_precision_at_1000_std": 0.612776,
        "nauc_precision_at_1000_diff1": -0.193953,
        "nauc_mrr_at_1_max": 0.330934,
        "nauc_mrr_at_1_std": 0.357344,
        "nauc_mrr_at_1_diff1": 0.293845,
        "nauc_mrr_at_3_max": 0.267395,
        "nauc_mrr_at_3_std": 0.321641,
        "nauc_mrr_at_3_diff1": 0.305411,
        "nauc_mrr_at_5_max": 0.277892,
        "nauc_mrr_at_5_std": 0.32599,
        "nauc_mrr_at_5_diff1": 0.334278,
        "nauc_mrr_at_10_max": 0.275868,
        "nauc_mrr_at_10_std": 0.33327,
        "nauc_mrr_at_10_diff1": 0.347698,
        "nauc_mrr_at_20_max": 0.264723,
        "nauc_mrr_at_20_std": 0.323968,
        "nauc_mrr_at_20_diff1": 0.34033,
        "nauc_mrr_at_100_max": 0.264496,
        "nauc_mrr_at_100_std": 0.322325,
        "nauc_mrr_at_100_diff1": 0.338727,
        "nauc_mrr_at_1000_max": 0.2655,
        "nauc_mrr_at_1000_std": 0.323064,
        "nauc_mrr_at_1000_diff1": 0.338396,
        "main_score": 0.42248,
        "hf_subset": "default",
        "languages": [
          "fas-Arab"
        ]
      }
    ]
  },
  "evaluation_time": 628.469300031662,
  "kg_co2_emissions": null
}