{
  "dataset_revision": "fa97814be356fe4d18caadb457b4469bd34019ca",
  "task_name": "ArguAna-Fa",
  "mteb_version": "1.34.14",
  "scores": {
    "test": [
      {
        "ndcg_at_1": 0.26671,
        "ndcg_at_3": 0.39716,
        "ndcg_at_5": 0.45023,
        "ndcg_at_10": 0.50936,
        "ndcg_at_20": 0.53205,
        "ndcg_at_100": 0.54772,
        "ndcg_at_1000": 0.55093,
        "map_at_1": 0.26671,
        "map_at_3": 0.36463,
        "map_at_5": 0.39411,
        "map_at_10": 0.41867,
        "map_at_20": 0.4251,
        "map_at_100": 0.42755,
        "map_at_1000": 0.42767,
        "recall_at_1": 0.26671,
        "recall_at_3": 0.49147,
        "recall_at_5": 0.6202,
        "recall_at_10": 0.80228,
        "recall_at_20": 0.89047,
        "recall_at_100": 0.97084,
        "recall_at_1000": 0.99573,
        "precision_at_1": 0.26671,
        "precision_at_3": 0.16382,
        "precision_at_5": 0.12404,
        "precision_at_10": 0.08023,
        "precision_at_20": 0.04452,
        "precision_at_100": 0.00971,
        "precision_at_1000": 0.001,
        "mrr_at_1": 0.273115,
        "mrr_at_3": 0.367236,
        "mrr_at_5": 0.396254,
        "mrr_at_10": 0.420826,
        "mrr_at_20": 0.427226,
        "mrr_at_100": 0.429704,
        "mrr_at_1000": 0.429831,
        "nauc_ndcg_at_1_max": -0.053934,
        "nauc_ndcg_at_1_std": -0.070213,
        "nauc_ndcg_at_1_diff1": 0.148199,
        "nauc_ndcg_at_3_max": -0.023069,
        "nauc_ndcg_at_3_std": -0.04209,
        "nauc_ndcg_at_3_diff1": 0.104389,
        "nauc_ndcg_at_5_max": -0.014995,
        "nauc_ndcg_at_5_std": -0.052283,
        "nauc_ndcg_at_5_diff1": 0.089508,
        "nauc_ndcg_at_10_max": 0.015381,
        "nauc_ndcg_at_10_std": -0.027413,
        "nauc_ndcg_at_10_diff1": 0.096124,
        "nauc_ndcg_at_20_max": 0.014855,
        "nauc_ndcg_at_20_std": -0.027283,
        "nauc_ndcg_at_20_diff1": 0.108656,
        "nauc_ndcg_at_100_max": -0.002123,
        "nauc_ndcg_at_100_std": -0.028994,
        "nauc_ndcg_at_100_diff1": 0.112364,
        "nauc_ndcg_at_1000_max": -0.006471,
        "nauc_ndcg_at_1000_std": -0.035019,
        "nauc_ndcg_at_1000_diff1": 0.111142,
        "nauc_map_at_1_max": -0.053934,
        "nauc_map_at_1_std": -0.070213,
        "nauc_map_at_1_diff1": 0.148199,
        "nauc_map_at_3_max": -0.029655,
        "nauc_map_at_3_std": -0.047793,
        "nauc_map_at_3_diff1": 0.11502,
        "nauc_map_at_5_max": -0.025423,
        "nauc_map_at_5_std": -0.053612,
        "nauc_map_at_5_diff1": 0.107336,
        "nauc_map_at_10_max": -0.014401,
        "nauc_map_at_10_std": -0.043763,
        "nauc_map_at_10_diff1": 0.110874,
        "nauc_map_at_20_max": -0.014798,
        "nauc_map_at_20_std": -0.043885,
        "nauc_map_at_20_diff1": 0.114405,
        "nauc_map_at_100_max": -0.017123,
        "nauc_map_at_100_std": -0.044059,
        "nauc_map_at_100_diff1": 0.114686,
        "nauc_map_at_1000_max": -0.017244,
        "nauc_map_at_1000_std": -0.044228,
        "nauc_map_at_1000_diff1": 0.114657,
        "nauc_recall_at_1_max": -0.053934,
        "nauc_recall_at_1_std": -0.070213,
        "nauc_recall_at_1_diff1": 0.148199,
        "nauc_recall_at_3_max": -0.004854,
        "nauc_recall_at_3_std": -0.026447,
        "nauc_recall_at_3_diff1": 0.074426,
        "nauc_recall_at_5_max": 0.018741,
        "nauc_recall_at_5_std": -0.050054,
        "nauc_recall_at_5_diff1": 0.030765,
        "nauc_recall_at_10_max": 0.184467,
        "nauc_recall_at_10_std": 0.065059,
        "nauc_recall_at_10_diff1": 0.023353,
        "nauc_recall_at_20_max": 0.293751,
        "nauc_recall_at_20_std": 0.128961,
        "nauc_recall_at_20_diff1": 0.087562,
        "nauc_recall_at_100_max": 0.289406,
        "nauc_recall_at_100_std": 0.454314,
        "nauc_recall_at_100_diff1": 0.223136,
        "nauc_recall_at_1000_max": -0.030136,
        "nauc_recall_at_1000_std": 0.457369,
        "nauc_recall_at_1000_diff1": 0.294163,
        "nauc_precision_at_1_max": -0.053934,
        "nauc_precision_at_1_std": -0.070213,
        "nauc_precision_at_1_diff1": 0.148199,
        "nauc_precision_at_3_max": -0.004854,
        "nauc_precision_at_3_std": -0.026447,
        "nauc_precision_at_3_diff1": 0.074426,
        "nauc_precision_at_5_max": 0.018741,
        "nauc_precision_at_5_std": -0.050054,
        "nauc_precision_at_5_diff1": 0.030765,
        "nauc_precision_at_10_max": 0.184467,
        "nauc_precision_at_10_std": 0.065059,
        "nauc_precision_at_10_diff1": 0.023353,
        "nauc_precision_at_20_max": 0.293751,
        "nauc_precision_at_20_std": 0.128961,
        "nauc_precision_at_20_diff1": 0.087562,
        "nauc_precision_at_100_max": 0.289406,
        "nauc_precision_at_100_std": 0.454314,
        "nauc_precision_at_100_diff1": 0.223136,
        "nauc_precision_at_1000_max": -0.030136,
        "nauc_precision_at_1000_std": 0.457369,
        "nauc_precision_at_1000_diff1": 0.294163,
        "nauc_mrr_at_1_max": -0.049509,
        "nauc_mrr_at_1_std": -0.066286,
        "nauc_mrr_at_1_diff1": 0.127205,
        "nauc_mrr_at_3_max": -0.034833,
        "nauc_mrr_at_3_std": -0.048098,
        "nauc_mrr_at_3_diff1": 0.096989,
        "nauc_mrr_at_5_max": -0.030444,
        "nauc_mrr_at_5_std": -0.053685,
        "nauc_mrr_at_5_diff1": 0.088747,
        "nauc_mrr_at_10_max": -0.01974,
        "nauc_mrr_at_10_std": -0.043915,
        "nauc_mrr_at_10_diff1": 0.092114,
        "nauc_mrr_at_20_max": -0.020448,
        "nauc_mrr_at_20_std": -0.043986,
        "nauc_mrr_at_20_diff1": 0.095035,
        "nauc_mrr_at_100_max": -0.022625,
        "nauc_mrr_at_100_std": -0.044229,
        "nauc_mrr_at_100_diff1": 0.095349,
        "nauc_mrr_at_1000_max": -0.022747,
        "nauc_mrr_at_1000_std": -0.044397,
        "nauc_mrr_at_1000_diff1": 0.095312,
        "main_score": 0.50936,
        "hf_subset": "default",
        "languages": [
          "fas-Arab"
        ]
      }
    ]
  },
  "evaluation_time": 41.49931263923645,
  "kg_co2_emissions": null
}