{
  "dataset_revision": "029a2e69e7d9e68b6bdc471073606104417a5be7",
  "task_name": "CQADupstackEnglishRetrieval-Fa",
  "mteb_version": "1.34.14",
  "scores": {
    "test": [
      {
        "ndcg_at_1": 0.10637,
        "ndcg_at_3": 0.11917,
        "ndcg_at_5": 0.12783,
        "ndcg_at_10": 0.14087,
        "ndcg_at_20": 0.15263,
        "ndcg_at_100": 0.17693,
        "ndcg_at_1000": 0.20452,
        "map_at_1": 0.08882,
        "map_at_3": 0.10644,
        "map_at_5": 0.11172,
        "map_at_10": 0.11743,
        "map_at_20": 0.12068,
        "map_at_100": 0.12404,
        "map_at_1000": 0.12501,
        "recall_at_1": 0.08882,
        "recall_at_3": 0.12828,
        "recall_at_5": 0.1496,
        "recall_at_10": 0.18811,
        "recall_at_20": 0.23217,
        "recall_at_100": 0.35058,
        "recall_at_1000": 0.54739,
        "precision_at_1": 0.10637,
        "precision_at_3": 0.05499,
        "precision_at_5": 0.04013,
        "precision_at_10": 0.02624,
        "precision_at_20": 0.01666,
        "precision_at_100": 0.00566,
        "precision_at_1000": 0.00103,
        "mrr_at_1": 0.106369,
        "mrr_at_3": 0.128025,
        "mrr_at_5": 0.134809,
        "mrr_at_10": 0.140911,
        "mrr_at_20": 0.144632,
        "mrr_at_100": 0.148061,
        "mrr_at_1000": 0.148849,
        "nauc_ndcg_at_1_max": 0.104808,
        "nauc_ndcg_at_1_std": 0.050996,
        "nauc_ndcg_at_1_diff1": 0.411972,
        "nauc_ndcg_at_3_max": 0.092242,
        "nauc_ndcg_at_3_std": 0.030957,
        "nauc_ndcg_at_3_diff1": 0.363903,
        "nauc_ndcg_at_5_max": 0.092002,
        "nauc_ndcg_at_5_std": 0.021642,
        "nauc_ndcg_at_5_diff1": 0.335055,
        "nauc_ndcg_at_10_max": 0.086647,
        "nauc_ndcg_at_10_std": 0.027728,
        "nauc_ndcg_at_10_diff1": 0.319224,
        "nauc_ndcg_at_20_max": 0.092119,
        "nauc_ndcg_at_20_std": 0.038851,
        "nauc_ndcg_at_20_diff1": 0.30763,
        "nauc_ndcg_at_100_max": 0.091757,
        "nauc_ndcg_at_100_std": 0.060552,
        "nauc_ndcg_at_100_diff1": 0.295123,
        "nauc_ndcg_at_1000_max": 0.091545,
        "nauc_ndcg_at_1000_std": 0.075835,
        "nauc_ndcg_at_1000_diff1": 0.283359,
        "nauc_map_at_1_max": 0.091943,
        "nauc_map_at_1_std": 0.027516,
        "nauc_map_at_1_diff1": 0.402608,
        "nauc_map_at_3_max": 0.086815,
        "nauc_map_at_3_std": 0.020237,
        "nauc_map_at_3_diff1": 0.374813,
        "nauc_map_at_5_max": 0.089138,
        "nauc_map_at_5_std": 0.016612,
        "nauc_map_at_5_diff1": 0.358857,
        "nauc_map_at_10_max": 0.088087,
        "nauc_map_at_10_std": 0.021275,
        "nauc_map_at_10_diff1": 0.351307,
        "nauc_map_at_20_max": 0.090431,
        "nauc_map_at_20_std": 0.025713,
        "nauc_map_at_20_diff1": 0.347388,
        "nauc_map_at_100_max": 0.090402,
        "nauc_map_at_100_std": 0.029794,
        "nauc_map_at_100_diff1": 0.344934,
        "nauc_map_at_1000_max": 0.090551,
        "nauc_map_at_1000_std": 0.031072,
        "nauc_map_at_1000_diff1": 0.344434,
        "nauc_recall_at_1_max": 0.091943,
        "nauc_recall_at_1_std": 0.027516,
        "nauc_recall_at_1_diff1": 0.402608,
        "nauc_recall_at_3_max": 0.074124,
        "nauc_recall_at_3_std": 0.01281,
        "nauc_recall_at_3_diff1": 0.328338,
        "nauc_recall_at_5_max": 0.078412,
        "nauc_recall_at_5_std": -0.000515,
        "nauc_recall_at_5_diff1": 0.276245,
        "nauc_recall_at_10_max": 0.064213,
        "nauc_recall_at_10_std": 0.013608,
        "nauc_recall_at_10_diff1": 0.240953,
        "nauc_recall_at_20_max": 0.076529,
        "nauc_recall_at_20_std": 0.039953,
        "nauc_recall_at_20_diff1": 0.205297,
        "nauc_recall_at_100_max": 0.071609,
        "nauc_recall_at_100_std": 0.102742,
        "nauc_recall_at_100_diff1": 0.169177,
        "nauc_recall_at_1000_max": 0.062895,
        "nauc_recall_at_1000_std": 0.158557,
        "nauc_recall_at_1000_diff1": 0.093192,
        "nauc_precision_at_1_max": 0.104808,
        "nauc_precision_at_1_std": 0.050996,
        "nauc_precision_at_1_diff1": 0.411972,
        "nauc_precision_at_3_max": 0.114615,
        "nauc_precision_at_3_std": 0.068507,
        "nauc_precision_at_3_diff1": 0.339688,
        "nauc_precision_at_5_max": 0.123839,
        "nauc_precision_at_5_std": 0.06159,
        "nauc_precision_at_5_diff1": 0.2786,
        "nauc_precision_at_10_max": 0.124165,
        "nauc_precision_at_10_std": 0.088026,
        "nauc_precision_at_10_diff1": 0.246754,
        "nauc_precision_at_20_max": 0.137433,
        "nauc_precision_at_20_std": 0.125873,
        "nauc_precision_at_20_diff1": 0.220404,
        "nauc_precision_at_100_max": 0.127806,
        "nauc_precision_at_100_std": 0.201707,
        "nauc_precision_at_100_diff1": 0.160856,
        "nauc_precision_at_1000_max": 0.077626,
        "nauc_precision_at_1000_std": 0.212099,
        "nauc_precision_at_1000_diff1": 0.042261,
        "nauc_mrr_at_1_max": 0.104808,
        "nauc_mrr_at_1_std": 0.050996,
        "nauc_mrr_at_1_diff1": 0.411972,
        "nauc_mrr_at_3_max": 0.10511,
        "nauc_mrr_at_3_std": 0.051059,
        "nauc_mrr_at_3_diff1": 0.378445,
        "nauc_mrr_at_5_max": 0.105526,
        "nauc_mrr_at_5_std": 0.049982,
        "nauc_mrr_at_5_diff1": 0.357763,
        "nauc_mrr_at_10_max": 0.101763,
        "nauc_mrr_at_10_std": 0.050848,
        "nauc_mrr_at_10_diff1": 0.35065,
        "nauc_mrr_at_20_max": 0.102632,
        "nauc_mrr_at_20_std": 0.054108,
        "nauc_mrr_at_20_diff1": 0.346997,
        "nauc_mrr_at_100_max": 0.102298,
        "nauc_mrr_at_100_std": 0.056455,
        "nauc_mrr_at_100_diff1": 0.344471,
        "nauc_mrr_at_1000_max": 0.102246,
        "nauc_mrr_at_1000_std": 0.056923,
        "nauc_mrr_at_1000_diff1": 0.344182,
        "main_score": 0.14087,
        "hf_subset": "default",
        "languages": [
          "fas-Arab"
        ]
      }
    ]
  },
  "evaluation_time": 102.24659872055054,
  "kg_co2_emissions": null
}