{
  "dataset_revision": "c8129741af418d9ae43cfc1fc4f285704e26035f",
  "task_name": "FarsiParaphraseDetection",
  "mteb_version": "1.34.14",
  "scores": {
    "test": [
      {
        "similarity_accuracy": 0.979566,
        "similarity_accuracy_threshold": 0.605158,
        "similarity_f1": 0.97619,
        "similarity_f1_threshold": 0.561333,
        "similarity_precision": 0.973294,
        "similarity_recall": 0.979104,
        "similarity_ap": 0.996836,
        "cosine_accuracy": 0.979566,
        "cosine_accuracy_threshold": 0.605158,
        "cosine_f1": 0.97619,
        "cosine_f1_threshold": 0.561333,
        "cosine_precision": 0.973294,
        "cosine_recall": 0.979104,
        "cosine_ap": 0.996836,
        "manhattan_accuracy": 0.979566,
        "manhattan_accuracy_threshold": 548.825256,
        "manhattan_f1": 0.976119,
        "manhattan_f1_threshold": 565.250122,
        "manhattan_precision": 0.976119,
        "manhattan_recall": 0.976119,
        "manhattan_ap": 0.996976,
        "euclidean_accuracy": 0.979566,
        "euclidean_accuracy_threshold": 24.532505,
        "euclidean_f1": 0.97619,
        "euclidean_f1_threshold": 25.858173,
        "euclidean_precision": 0.973294,
        "euclidean_recall": 0.979104,
        "euclidean_ap": 0.996836,
        "dot_accuracy": 0.979566,
        "dot_accuracy_threshold": 461.210144,
        "dot_f1": 0.97619,
        "dot_f1_threshold": 427.809448,
        "dot_precision": 0.973294,
        "dot_recall": 0.979104,
        "dot_ap": 0.996836,
        "max_accuracy": 0.979566,
        "max_f1": 0.97619,
        "max_precision": 0.976119,
        "max_recall": 0.979104,
        "max_ap": 0.996976,
        "main_score": 0.996976,
        "hf_subset": "default",
        "languages": [
          "fas-Arab"
        ]
      }
    ]
  },
  "evaluation_time": 0.4136064052581787,
  "kg_co2_emissions": null
}