{
  "dataset_revision": "e683ce7ecd0b47edc3e29fda7cfd75335be4a997",
  "task_name": "FiQA2018-Fa",
  "mteb_version": "1.34.14",
  "scores": {
    "test": [
      {
        "ndcg_at_1": 0.00309,
        "ndcg_at_3": 0.00628,
        "ndcg_at_5": 0.00691,
        "ndcg_at_10": 0.01088,
        "ndcg_at_20": 0.01496,
        "ndcg_at_100": 0.03269,
        "ndcg_at_1000": 0.0921,
        "map_at_1": 0.0009,
        "map_at_3": 0.00347,
        "map_at_5": 0.00408,
        "map_at_10": 0.00561,
        "map_at_20": 0.00659,
        "map_at_100": 0.00872,
        "map_at_1000": 0.01059,
        "recall_at_1": 0.0009,
        "recall_at_3": 0.00642,
        "recall_at_5": 0.0095,
        "recall_at_10": 0.01905,
        "recall_at_20": 0.03246,
        "recall_at_100": 0.10822,
        "recall_at_1000": 0.50364,
        "precision_at_1": 0.00309,
        "precision_at_3": 0.00566,
        "precision_at_5": 0.00401,
        "precision_at_10": 0.00463,
        "precision_at_20": 0.0037,
        "precision_at_100": 0.00278,
        "precision_at_1000": 0.00125,
        "mrr_at_1": 0.003086,
        "mrr_at_3": 0.009516,
        "mrr_at_5": 0.010134,
        "mrr_at_10": 0.012909,
        "mrr_at_20": 0.014693,
        "mrr_at_100": 0.018021,
        "mrr_at_1000": 0.019787,
        "nauc_ndcg_at_1_max": -0.110135,
        "nauc_ndcg_at_1_std": -0.070727,
        "nauc_ndcg_at_1_diff1": 0.464637,
        "nauc_ndcg_at_3_max": -0.090439,
        "nauc_ndcg_at_3_std": -0.135768,
        "nauc_ndcg_at_3_diff1": 0.187002,
        "nauc_ndcg_at_5_max": -0.137109,
        "nauc_ndcg_at_5_std": -0.195238,
        "nauc_ndcg_at_5_diff1": 0.091744,
        "nauc_ndcg_at_10_max": -0.203492,
        "nauc_ndcg_at_10_std": -0.276189,
        "nauc_ndcg_at_10_diff1": 0.040239,
        "nauc_ndcg_at_20_max": -0.200666,
        "nauc_ndcg_at_20_std": -0.289663,
        "nauc_ndcg_at_20_diff1": 0.058866,
        "nauc_ndcg_at_100_max": -0.129759,
        "nauc_ndcg_at_100_std": -0.311763,
        "nauc_ndcg_at_100_diff1": 0.038545,
        "nauc_ndcg_at_1000_max": -0.116117,
        "nauc_ndcg_at_1000_std": -0.241952,
        "nauc_ndcg_at_1000_diff1": 0.106532,
        "nauc_map_at_1_max": -0.139969,
        "nauc_map_at_1_std": -0.070727,
        "nauc_map_at_1_diff1": 0.541117,
        "nauc_map_at_3_max": -0.0539,
        "nauc_map_at_3_std": -0.110178,
        "nauc_map_at_3_diff1": 0.297263,
        "nauc_map_at_5_max": -0.11499,
        "nauc_map_at_5_std": -0.174853,
        "nauc_map_at_5_diff1": 0.165301,
        "nauc_map_at_10_max": -0.182675,
        "nauc_map_at_10_std": -0.24884,
        "nauc_map_at_10_diff1": 0.086334,
        "nauc_map_at_20_max": -0.184106,
        "nauc_map_at_20_std": -0.261697,
        "nauc_map_at_20_diff1": 0.086697,
        "nauc_map_at_100_max": -0.159502,
        "nauc_map_at_100_std": -0.278633,
        "nauc_map_at_100_diff1": 0.075855,
        "nauc_map_at_1000_max": -0.157346,
        "nauc_map_at_1000_std": -0.276277,
        "nauc_map_at_1000_diff1": 0.087008,
        "nauc_recall_at_1_max": -0.139969,
        "nauc_recall_at_1_std": -0.070727,
        "nauc_recall_at_1_diff1": 0.541117,
        "nauc_recall_at_3_max": -0.02357,
        "nauc_recall_at_3_std": -0.123458,
        "nauc_recall_at_3_diff1": 0.261708,
        "nauc_recall_at_5_max": -0.164651,
        "nauc_recall_at_5_std": -0.258078,
        "nauc_recall_at_5_diff1": -0.010222,
        "nauc_recall_at_10_max": -0.245149,
        "nauc_recall_at_10_std": -0.342502,
        "nauc_recall_at_10_diff1": -0.025443,
        "nauc_recall_at_20_max": -0.230964,
        "nauc_recall_at_20_std": -0.347982,
        "nauc_recall_at_20_diff1": 0.020173,
        "nauc_recall_at_100_max": -0.123153,
        "nauc_recall_at_100_std": -0.330031,
        "nauc_recall_at_100_diff1": 0.022912,
        "nauc_recall_at_1000_max": -0.123605,
        "nauc_recall_at_1000_std": -0.143538,
        "nauc_recall_at_1000_diff1": 0.133468,
        "nauc_precision_at_1_max": -0.110135,
        "nauc_precision_at_1_std": -0.070727,
        "nauc_precision_at_1_diff1": 0.464637,
        "nauc_precision_at_3_max": -0.109557,
        "nauc_precision_at_3_std": -0.151202,
        "nauc_precision_at_3_diff1": 0.11335,
        "nauc_precision_at_5_max": -0.163161,
        "nauc_precision_at_5_std": -0.210705,
        "nauc_precision_at_5_diff1": 0.007356,
        "nauc_precision_at_10_max": -0.233074,
        "nauc_precision_at_10_std": -0.316409,
        "nauc_precision_at_10_diff1": -0.018919,
        "nauc_precision_at_20_max": -0.214906,
        "nauc_precision_at_20_std": -0.302935,
        "nauc_precision_at_20_diff1": 0.032233,
        "nauc_precision_at_100_max": -0.095553,
        "nauc_precision_at_100_std": -0.334512,
        "nauc_precision_at_100_diff1": 0.0028,
        "nauc_precision_at_1000_max": -0.008371,
        "nauc_precision_at_1000_std": -0.21301,
        "nauc_precision_at_1000_diff1": 0.067111,
        "nauc_mrr_at_1_max": -0.110135,
        "nauc_mrr_at_1_std": -0.070727,
        "nauc_mrr_at_1_diff1": 0.464637,
        "nauc_mrr_at_3_max": -0.11792,
        "nauc_mrr_at_3_std": -0.128856,
        "nauc_mrr_at_3_diff1": 0.172061,
        "nauc_mrr_at_5_max": -0.138635,
        "nauc_mrr_at_5_std": -0.153777,
        "nauc_mrr_at_5_diff1": 0.126518,
        "nauc_mrr_at_10_max": -0.162537,
        "nauc_mrr_at_10_std": -0.197983,
        "nauc_mrr_at_10_diff1": 0.104858,
        "nauc_mrr_at_20_max": -0.157852,
        "nauc_mrr_at_20_std": -0.20409,
        "nauc_mrr_at_20_diff1": 0.119102,
        "nauc_mrr_at_100_max": -0.130841,
        "nauc_mrr_at_100_std": -0.222001,
        "nauc_mrr_at_100_diff1": 0.100127,
        "nauc_mrr_at_1000_max": -0.126861,
        "nauc_mrr_at_1000_std": -0.220105,
        "nauc_mrr_at_1000_diff1": 0.10531,
        "main_score": 0.01088,
        "hf_subset": "default",
        "languages": [
          "fas-Arab"
        ]
      }
    ]
  },
  "evaluation_time": 223.75476455688477,
  "kg_co2_emissions": null
}