{
  "dataset_revision": "88f90b0b04f91778ba5341095b0a9f1d7799ce10",
  "task_name": "MSMARCO-Fa",
  "mteb_version": "1.34.14",
  "scores": {
    "dev": [
      {
        "ndcg_at_1": 0.0265,
        "ndcg_at_3": 0.04081,
        "ndcg_at_5": 0.04795,
        "ndcg_at_10": 0.05651,
        "ndcg_at_20": 0.06459,
        "ndcg_at_100": 0.08146,
        "ndcg_at_1000": 0.10549,
        "map_at_1": 0.02567,
        "map_at_3": 0.03674,
        "map_at_5": 0.04067,
        "map_at_10": 0.04418,
        "map_at_20": 0.04637,
        "map_at_100": 0.04853,
        "map_at_1000": 0.04926,
        "recall_at_1": 0.02567,
        "recall_at_3": 0.05155,
        "recall_at_5": 0.06872,
        "recall_at_10": 0.09503,
        "recall_at_20": 0.12685,
        "recall_at_100": 0.21921,
        "recall_at_1000": 0.41571,
        "precision_at_1": 0.0265,
        "precision_at_3": 0.01772,
        "precision_at_5": 0.01418,
        "precision_at_10": 0.00984,
        "precision_at_20": 0.00658,
        "precision_at_100": 0.0023,
        "precision_at_1000": 0.00044,
        "mrr_at_1": 0.026504,
        "mrr_at_3": 0.037918,
        "mrr_at_5": 0.041994,
        "mrr_at_10": 0.045567,
        "mrr_at_20": 0.0478,
        "mrr_at_100": 0.04997,
        "mrr_at_1000": 0.0507,
        "nauc_ndcg_at_1_max": 0.248318,
        "nauc_ndcg_at_1_std": 0.018019,
        "nauc_ndcg_at_1_diff1": 0.379453,
        "nauc_ndcg_at_3_max": 0.226154,
        "nauc_ndcg_at_3_std": 0.050482,
        "nauc_ndcg_at_3_diff1": 0.262693,
        "nauc_ndcg_at_5_max": 0.208986,
        "nauc_ndcg_at_5_std": 0.063188,
        "nauc_ndcg_at_5_diff1": 0.235925,
        "nauc_ndcg_at_10_max": 0.199876,
        "nauc_ndcg_at_10_std": 0.077664,
        "nauc_ndcg_at_10_diff1": 0.204915,
        "nauc_ndcg_at_20_max": 0.193957,
        "nauc_ndcg_at_20_std": 0.097392,
        "nauc_ndcg_at_20_diff1": 0.19343,
        "nauc_ndcg_at_100_max": 0.17527,
        "nauc_ndcg_at_100_std": 0.123725,
        "nauc_ndcg_at_100_diff1": 0.178594,
        "nauc_ndcg_at_1000_max": 0.169714,
        "nauc_ndcg_at_1000_std": 0.158947,
        "nauc_ndcg_at_1000_diff1": 0.175888,
        "nauc_map_at_1_max": 0.251893,
        "nauc_map_at_1_std": 0.018063,
        "nauc_map_at_1_diff1": 0.38501,
        "nauc_map_at_3_max": 0.232291,
        "nauc_map_at_3_std": 0.045194,
        "nauc_map_at_3_diff1": 0.2858,
        "nauc_map_at_5_max": 0.220476,
        "nauc_map_at_5_std": 0.053918,
        "nauc_map_at_5_diff1": 0.265795,
        "nauc_map_at_10_max": 0.214855,
        "nauc_map_at_10_std": 0.06145,
        "nauc_map_at_10_diff1": 0.247236,
        "nauc_map_at_20_max": 0.211865,
        "nauc_map_at_20_std": 0.069116,
        "nauc_map_at_20_diff1": 0.241155,
        "nauc_map_at_100_max": 0.207438,
        "nauc_map_at_100_std": 0.075138,
        "nauc_map_at_100_diff1": 0.236771,
        "nauc_map_at_1000_max": 0.206891,
        "nauc_map_at_1000_std": 0.076933,
        "nauc_map_at_1000_diff1": 0.23636,
        "nauc_recall_at_1_max": 0.251893,
        "nauc_recall_at_1_std": 0.018063,
        "nauc_recall_at_1_diff1": 0.38501,
        "nauc_recall_at_3_max": 0.215625,
        "nauc_recall_at_3_std": 0.061235,
        "nauc_recall_at_3_diff1": 0.216,
        "nauc_recall_at_5_max": 0.190066,
        "nauc_recall_at_5_std": 0.080402,
        "nauc_recall_at_5_diff1": 0.183504,
        "nauc_recall_at_10_max": 0.179168,
        "nauc_recall_at_10_std": 0.103751,
        "nauc_recall_at_10_diff1": 0.141869,
        "nauc_recall_at_20_max": 0.171188,
        "nauc_recall_at_20_std": 0.139768,
        "nauc_recall_at_20_diff1": 0.129746,
        "nauc_recall_at_100_max": 0.134513,
        "nauc_recall_at_100_std": 0.184187,
        "nauc_recall_at_100_diff1": 0.115034,
        "nauc_recall_at_1000_max": 0.125411,
        "nauc_recall_at_1000_std": 0.279596,
        "nauc_recall_at_1000_diff1": 0.116776,
        "nauc_precision_at_1_max": 0.248318,
        "nauc_precision_at_1_std": 0.018019,
        "nauc_precision_at_1_diff1": 0.379453,
        "nauc_precision_at_3_max": 0.212133,
        "nauc_precision_at_3_std": 0.061221,
        "nauc_precision_at_3_diff1": 0.214442,
        "nauc_precision_at_5_max": 0.186143,
        "nauc_precision_at_5_std": 0.079385,
        "nauc_precision_at_5_diff1": 0.182483,
        "nauc_precision_at_10_max": 0.174773,
        "nauc_precision_at_10_std": 0.104808,
        "nauc_precision_at_10_diff1": 0.140134,
        "nauc_precision_at_20_max": 0.165998,
        "nauc_precision_at_20_std": 0.141133,
        "nauc_precision_at_20_diff1": 0.129857,
        "nauc_precision_at_100_max": 0.132541,
        "nauc_precision_at_100_std": 0.19252,
        "nauc_precision_at_100_diff1": 0.11726,
        "nauc_precision_at_1000_max": 0.123845,
        "nauc_precision_at_1000_std": 0.29346,
        "nauc_precision_at_1000_diff1": 0.120451,
        "nauc_mrr_at_1_max": 0.248318,
        "nauc_mrr_at_1_std": 0.018019,
        "nauc_mrr_at_1_diff1": 0.379453,
        "nauc_mrr_at_3_max": 0.229069,
        "nauc_mrr_at_3_std": 0.045156,
        "nauc_mrr_at_3_diff1": 0.283055,
        "nauc_mrr_at_5_max": 0.217126,
        "nauc_mrr_at_5_std": 0.053584,
        "nauc_mrr_at_5_diff1": 0.26338,
        "nauc_mrr_at_10_max": 0.211345,
        "nauc_mrr_at_10_std": 0.061039,
        "nauc_mrr_at_10_diff1": 0.244613,
        "nauc_mrr_at_20_max": 0.208421,
        "nauc_mrr_at_20_std": 0.068597,
        "nauc_mrr_at_20_diff1": 0.239181,
        "nauc_mrr_at_100_max": 0.204695,
        "nauc_mrr_at_100_std": 0.07502,
        "nauc_mrr_at_100_diff1": 0.23481,
        "nauc_mrr_at_1000_max": 0.204147,
        "nauc_mrr_at_1000_std": 0.076664,
        "nauc_mrr_at_1000_diff1": 0.234453,
        "main_score": 0.05651,
        "hf_subset": "default",
        "languages": [
          "fas-Arab"
        ]
      }
    ]
  },
  "evaluation_time": 17405.439182519913,
  "kg_co2_emissions": null
}