{
  "dataset_revision": "086995ca4cea33f37a407c2fa5282f74913740ee",
  "task_name": "SynPerChatbotTopicsRetrieval",
  "mteb_version": "1.34.14",
  "scores": {
    "test": [
      {
        "ndcg_at_1": 0.51724,
        "ndcg_at_3": 0.40069,
        "ndcg_at_5": 0.4505,
        "ndcg_at_10": 0.52456,
        "ndcg_at_20": 0.57391,
        "ndcg_at_100": 0.62145,
        "ndcg_at_1000": 0.63396,
        "map_at_1": 0.16254,
        "map_at_3": 0.27915,
        "map_at_5": 0.32836,
        "map_at_10": 0.37557,
        "map_at_20": 0.39999,
        "map_at_100": 0.41404,
        "map_at_1000": 0.41513,
        "recall_at_1": 0.16254,
        "recall_at_3": 0.34556,
        "recall_at_5": 0.45732,
        "recall_at_10": 0.61642,
        "recall_at_20": 0.75152,
        "recall_at_100": 0.92401,
        "recall_at_1000": 0.99143,
        "precision_at_1": 0.51724,
        "precision_at_3": 0.36565,
        "precision_at_5": 0.2907,
        "precision_at_10": 0.19649,
        "precision_at_20": 0.11975,
        "precision_at_100": 0.02955,
        "precision_at_1000": 0.00317,
        "mrr_at_1": 0.516591,
        "mrr_at_3": 0.649208,
        "mrr_at_5": 0.669508,
        "mrr_at_10": 0.679493,
        "mrr_at_20": 0.68118,
        "mrr_at_100": 0.681386,
        "mrr_at_1000": 0.681391,
        "nauc_ndcg_at_1_max": 0.164639,
        "nauc_ndcg_at_1_std": 0.007488,
        "nauc_ndcg_at_1_diff1": 0.344972,
        "nauc_ndcg_at_3_max": 0.141487,
        "nauc_ndcg_at_3_std": -0.02907,
        "nauc_ndcg_at_3_diff1": 0.223559,
        "nauc_ndcg_at_5_max": 0.145664,
        "nauc_ndcg_at_5_std": -0.044389,
        "nauc_ndcg_at_5_diff1": 0.235254,
        "nauc_ndcg_at_10_max": 0.153016,
        "nauc_ndcg_at_10_std": -0.049568,
        "nauc_ndcg_at_10_diff1": 0.206248,
        "nauc_ndcg_at_20_max": 0.152689,
        "nauc_ndcg_at_20_std": -0.037297,
        "nauc_ndcg_at_20_diff1": 0.213028,
        "nauc_ndcg_at_100_max": 0.167879,
        "nauc_ndcg_at_100_std": -0.010476,
        "nauc_ndcg_at_100_diff1": 0.227785,
        "nauc_ndcg_at_1000_max": 0.162191,
        "nauc_ndcg_at_1000_std": -0.019844,
        "nauc_ndcg_at_1000_diff1": 0.237112,
        "nauc_map_at_1_max": 0.175917,
        "nauc_map_at_1_std": 0.002042,
        "nauc_map_at_1_diff1": 0.324127,
        "nauc_map_at_3_max": 0.146015,
        "nauc_map_at_3_std": -0.039982,
        "nauc_map_at_3_diff1": 0.217396,
        "nauc_map_at_5_max": 0.135874,
        "nauc_map_at_5_std": -0.045205,
        "nauc_map_at_5_diff1": 0.226871,
        "nauc_map_at_10_max": 0.1415,
        "nauc_map_at_10_std": -0.048299,
        "nauc_map_at_10_diff1": 0.205008,
        "nauc_map_at_20_max": 0.14091,
        "nauc_map_at_20_std": -0.044698,
        "nauc_map_at_20_diff1": 0.206012,
        "nauc_map_at_100_max": 0.145926,
        "nauc_map_at_100_std": -0.037092,
        "nauc_map_at_100_diff1": 0.208785,
        "nauc_map_at_1000_max": 0.145478,
        "nauc_map_at_1000_std": -0.037375,
        "nauc_map_at_1000_diff1": 0.209615,
        "nauc_recall_at_1_max": 0.175917,
        "nauc_recall_at_1_std": 0.002042,
        "nauc_recall_at_1_diff1": 0.324127,
        "nauc_recall_at_3_max": 0.144139,
        "nauc_recall_at_3_std": -0.048793,
        "nauc_recall_at_3_diff1": 0.160288,
        "nauc_recall_at_5_max": 0.106262,
        "nauc_recall_at_5_std": -0.061793,
        "nauc_recall_at_5_diff1": 0.15339,
        "nauc_recall_at_10_max": 0.107517,
        "nauc_recall_at_10_std": -0.066529,
        "nauc_recall_at_10_diff1": 0.060317,
        "nauc_recall_at_20_max": 0.091359,
        "nauc_recall_at_20_std": -0.031735,
        "nauc_recall_at_20_diff1": 0.048158,
        "nauc_recall_at_100_max": 0.180416,
        "nauc_recall_at_100_std": 0.161125,
        "nauc_recall_at_100_diff1": 0.027066,
        "nauc_recall_at_1000_max": 0.183478,
        "nauc_recall_at_1000_std": 0.332841,
        "nauc_recall_at_1000_diff1": -0.029372,
        "nauc_precision_at_1_max": 0.164639,
        "nauc_precision_at_1_std": 0.007488,
        "nauc_precision_at_1_diff1": 0.344972,
        "nauc_precision_at_3_max": 0.117743,
        "nauc_precision_at_3_std": -0.040171,
        "nauc_precision_at_3_diff1": 0.156778,
        "nauc_precision_at_5_max": 0.072099,
        "nauc_precision_at_5_std": -0.050589,
        "nauc_precision_at_5_diff1": 0.146982,
        "nauc_precision_at_10_max": 0.056022,
        "nauc_precision_at_10_std": -0.049659,
        "nauc_precision_at_10_diff1": 0.050963,
        "nauc_precision_at_20_max": 0.023884,
        "nauc_precision_at_20_std": -0.01088,
        "nauc_precision_at_20_diff1": 0.036322,
        "nauc_precision_at_100_max": -0.006865,
        "nauc_precision_at_100_std": 0.108482,
        "nauc_precision_at_100_diff1": 0.003945,
        "nauc_precision_at_1000_max": -0.112812,
        "nauc_precision_at_1000_std": 0.076401,
        "nauc_precision_at_1000_diff1": -0.011641,
        "nauc_mrr_at_1_max": 0.166417,
        "nauc_mrr_at_1_std": 0.008847,
        "nauc_mrr_at_1_diff1": 0.346627,
        "nauc_mrr_at_3_max": 0.197583,
        "nauc_mrr_at_3_std": -0.005429,
        "nauc_mrr_at_3_diff1": 0.325344,
        "nauc_mrr_at_5_max": 0.189958,
        "nauc_mrr_at_5_std": -0.009607,
        "nauc_mrr_at_5_diff1": 0.324371,
        "nauc_mrr_at_10_max": 0.18928,
        "nauc_mrr_at_10_std": -0.008768,
        "nauc_mrr_at_10_diff1": 0.326183,
        "nauc_mrr_at_20_max": 0.18947,
        "nauc_mrr_at_20_std": -0.007204,
        "nauc_mrr_at_20_diff1": 0.327414,
        "nauc_mrr_at_100_max": 0.189214,
        "nauc_mrr_at_100_std": -0.007237,
        "nauc_mrr_at_100_diff1": 0.327409,
        "nauc_mrr_at_1000_max": 0.189229,
        "nauc_mrr_at_1000_std": -0.007254,
        "nauc_mrr_at_1000_diff1": 0.327419,
        "main_score": 0.52456,
        "hf_subset": "default",
        "languages": [
          "fas-Arab"
        ]
      }
    ]
  },
  "evaluation_time": 12.131491661071777,
  "kg_co2_emissions": null
}