{
  "dataset_revision": "9d32af6540970e2845028cbfffe6b0d0e8f52428",
  "task_name": "SynPerChatbotRAGFAQRetrieval",
  "mteb_version": "1.34.14",
  "scores": {
    "test": [
      {
        "ndcg_at_1": 0.40478,
        "ndcg_at_3": 0.49391,
        "ndcg_at_5": 0.52383,
        "ndcg_at_10": 0.55404,
        "ndcg_at_20": 0.57504,
        "ndcg_at_100": 0.59758,
        "ndcg_at_1000": 0.60511,
        "map_at_1": 0.40478,
        "map_at_3": 0.47194,
        "map_at_5": 0.48832,
        "map_at_10": 0.5007,
        "map_at_20": 0.50649,
        "map_at_100": 0.50973,
        "map_at_1000": 0.51002,
        "recall_at_1": 0.40478,
        "recall_at_3": 0.5575,
        "recall_at_5": 0.63109,
        "recall_at_10": 0.72493,
        "recall_at_20": 0.80773,
        "recall_at_100": 0.92732,
        "recall_at_1000": 0.9862,
        "precision_at_1": 0.40478,
        "precision_at_3": 0.18583,
        "precision_at_5": 0.12622,
        "precision_at_10": 0.07249,
        "precision_at_20": 0.04039,
        "precision_at_100": 0.00927,
        "precision_at_1000": 0.00099,
        "mrr_at_1": 0.404784,
        "mrr_at_3": 0.471941,
        "mrr_at_5": 0.488316,
        "mrr_at_10": 0.500702,
        "mrr_at_20": 0.506493,
        "mrr_at_100": 0.509727,
        "mrr_at_1000": 0.510018,
        "nauc_ndcg_at_1_max": 0.305184,
        "nauc_ndcg_at_1_std": -0.040241,
        "nauc_ndcg_at_1_diff1": 0.640905,
        "nauc_ndcg_at_3_max": 0.317597,
        "nauc_ndcg_at_3_std": -0.025074,
        "nauc_ndcg_at_3_diff1": 0.57564,
        "nauc_ndcg_at_5_max": 0.326928,
        "nauc_ndcg_at_5_std": -0.021621,
        "nauc_ndcg_at_5_diff1": 0.561615,
        "nauc_ndcg_at_10_max": 0.326105,
        "nauc_ndcg_at_10_std": -0.018837,
        "nauc_ndcg_at_10_diff1": 0.552879,
        "nauc_ndcg_at_20_max": 0.331356,
        "nauc_ndcg_at_20_std": 0.000498,
        "nauc_ndcg_at_20_diff1": 0.557167,
        "nauc_ndcg_at_100_max": 0.326238,
        "nauc_ndcg_at_100_std": 0.003671,
        "nauc_ndcg_at_100_diff1": 0.567336,
        "nauc_ndcg_at_1000_max": 0.323412,
        "nauc_ndcg_at_1000_std": -0.004994,
        "nauc_ndcg_at_1000_diff1": 0.572326,
        "nauc_map_at_1_max": 0.305184,
        "nauc_map_at_1_std": -0.040241,
        "nauc_map_at_1_diff1": 0.640905,
        "nauc_map_at_3_max": 0.312923,
        "nauc_map_at_3_std": -0.029542,
        "nauc_map_at_3_diff1": 0.591538,
        "nauc_map_at_5_max": 0.317865,
        "nauc_map_at_5_std": -0.027842,
        "nauc_map_at_5_diff1": 0.584286,
        "nauc_map_at_10_max": 0.317291,
        "nauc_map_at_10_std": -0.026605,
        "nauc_map_at_10_diff1": 0.581144,
        "nauc_map_at_20_max": 0.318361,
        "nauc_map_at_20_std": -0.021507,
        "nauc_map_at_20_diff1": 0.582475,
        "nauc_map_at_100_max": 0.317699,
        "nauc_map_at_100_std": -0.021127,
        "nauc_map_at_100_diff1": 0.584045,
        "nauc_map_at_1000_max": 0.317584,
        "nauc_map_at_1000_std": -0.021369,
        "nauc_map_at_1000_diff1": 0.584208,
        "nauc_recall_at_1_max": 0.305184,
        "nauc_recall_at_1_std": -0.040241,
        "nauc_recall_at_1_diff1": 0.640905,
        "nauc_recall_at_3_max": 0.332567,
        "nauc_recall_at_3_std": -0.011124,
        "nauc_recall_at_3_diff1": 0.527238,
        "nauc_recall_at_5_max": 0.359319,
        "nauc_recall_at_5_std": 4e-05,
        "nauc_recall_at_5_diff1": 0.48424,
        "nauc_recall_at_10_max": 0.364046,
        "nauc_recall_at_10_std": 0.014024,
        "nauc_recall_at_10_diff1": 0.433031,
        "nauc_recall_at_20_max": 0.412675,
        "nauc_recall_at_20_std": 0.145738,
        "nauc_recall_at_20_diff1": 0.421769,
        "nauc_recall_at_100_max": 0.425781,
        "nauc_recall_at_100_std": 0.414739,
        "nauc_recall_at_100_diff1": 0.421701,
        "nauc_recall_at_1000_max": 0.453162,
        "nauc_recall_at_1000_std": 0.768018,
        "nauc_recall_at_1000_diff1": 0.568993,
        "nauc_precision_at_1_max": 0.305184,
        "nauc_precision_at_1_std": -0.040241,
        "nauc_precision_at_1_diff1": 0.640905,
        "nauc_precision_at_3_max": 0.332567,
        "nauc_precision_at_3_std": -0.011124,
        "nauc_precision_at_3_diff1": 0.527238,
        "nauc_precision_at_5_max": 0.359319,
        "nauc_precision_at_5_std": 4e-05,
        "nauc_precision_at_5_diff1": 0.48424,
        "nauc_precision_at_10_max": 0.364046,
        "nauc_precision_at_10_std": 0.014024,
        "nauc_precision_at_10_diff1": 0.433031,
        "nauc_precision_at_20_max": 0.412675,
        "nauc_precision_at_20_std": 0.145738,
        "nauc_precision_at_20_diff1": 0.421769,
        "nauc_precision_at_100_max": 0.425781,
        "nauc_precision_at_100_std": 0.414739,
        "nauc_precision_at_100_diff1": 0.421701,
        "nauc_precision_at_1000_max": 0.453162,
        "nauc_precision_at_1000_std": 0.768018,
        "nauc_precision_at_1000_diff1": 0.568993,
        "nauc_mrr_at_1_max": 0.305184,
        "nauc_mrr_at_1_std": -0.040241,
        "nauc_mrr_at_1_diff1": 0.640905,
        "nauc_mrr_at_3_max": 0.312923,
        "nauc_mrr_at_3_std": -0.029542,
        "nauc_mrr_at_3_diff1": 0.591538,
        "nauc_mrr_at_5_max": 0.317865,
        "nauc_mrr_at_5_std": -0.027842,
        "nauc_mrr_at_5_diff1": 0.584286,
        "nauc_mrr_at_10_max": 0.317291,
        "nauc_mrr_at_10_std": -0.026605,
        "nauc_mrr_at_10_diff1": 0.581144,
        "nauc_mrr_at_20_max": 0.318361,
        "nauc_mrr_at_20_std": -0.021507,
        "nauc_mrr_at_20_diff1": 0.582475,
        "nauc_mrr_at_100_max": 0.317699,
        "nauc_mrr_at_100_std": -0.021127,
        "nauc_mrr_at_100_diff1": 0.584045,
        "nauc_mrr_at_1000_max": 0.317584,
        "nauc_mrr_at_1000_std": -0.021369,
        "nauc_mrr_at_1000_diff1": 0.584208,
        "main_score": 0.55404,
        "hf_subset": "default",
        "languages": [
          "fas-Arab"
        ]
      }
    ]
  },
  "evaluation_time": 13.198599100112915,
  "kg_co2_emissions": null
}