{
  "dataset_revision": "3b6ea595c94bac3448a2ad167ca2e06abd340d6e",
  "task_name": "WikipediaRetrievalMultilingual",
  "mteb_version": "1.34.14",
  "scores": {
    "test": [
      {
        "ndcg_at_1": 0.79067,
        "ndcg_at_3": 0.86834,
        "ndcg_at_5": 0.87927,
        "ndcg_at_10": 0.88714,
        "ndcg_at_20": 0.88954,
        "ndcg_at_100": 0.89178,
        "ndcg_at_1000": 0.89235,
        "map_at_1": 0.79067,
        "map_at_3": 0.85033,
        "map_at_5": 0.85637,
        "map_at_10": 0.85981,
        "map_at_20": 0.86049,
        "map_at_100": 0.86075,
        "map_at_1000": 0.86077,
        "recall_at_1": 0.79067,
        "recall_at_3": 0.92,
        "recall_at_5": 0.94667,
        "recall_at_10": 0.97,
        "recall_at_20": 0.97933,
        "recall_at_100": 0.992,
        "recall_at_1000": 0.99667,
        "precision_at_1": 0.79067,
        "precision_at_3": 0.30667,
        "precision_at_5": 0.18933,
        "precision_at_10": 0.097,
        "precision_at_20": 0.04897,
        "precision_at_100": 0.00992,
        "precision_at_1000": 0.001,
        "mrr_at_1": 0.790667,
        "mrr_at_3": 0.850222,
        "mrr_at_5": 0.856389,
        "mrr_at_10": 0.859717,
        "mrr_at_20": 0.860398,
        "mrr_at_100": 0.860664,
        "mrr_at_1000": 0.860682,
        "nauc_ndcg_at_1_max": 0.487163,
        "nauc_ndcg_at_1_std": -0.170388,
        "nauc_ndcg_at_1_diff1": 0.781891,
        "nauc_ndcg_at_3_max": 0.514958,
        "nauc_ndcg_at_3_std": -0.165305,
        "nauc_ndcg_at_3_diff1": 0.74661,
        "nauc_ndcg_at_5_max": 0.526178,
        "nauc_ndcg_at_5_std": -0.157376,
        "nauc_ndcg_at_5_diff1": 0.753018,
        "nauc_ndcg_at_10_max": 0.531078,
        "nauc_ndcg_at_10_std": -0.149502,
        "nauc_ndcg_at_10_diff1": 0.755404,
        "nauc_ndcg_at_20_max": 0.527713,
        "nauc_ndcg_at_20_std": -0.152857,
        "nauc_ndcg_at_20_diff1": 0.755976,
        "nauc_ndcg_at_100_max": 0.521441,
        "nauc_ndcg_at_100_std": -0.153098,
        "nauc_ndcg_at_100_diff1": 0.7573,
        "nauc_ndcg_at_1000_max": 0.520872,
        "nauc_ndcg_at_1000_std": -0.153816,
        "nauc_ndcg_at_1000_diff1": 0.757955,
        "nauc_map_at_1_max": 0.487163,
        "nauc_map_at_1_std": -0.170388,
        "nauc_map_at_1_diff1": 0.781891,
        "nauc_map_at_3_max": 0.508533,
        "nauc_map_at_3_std": -0.165454,
        "nauc_map_at_3_diff1": 0.757471,
        "nauc_map_at_5_max": 0.513141,
        "nauc_map_at_5_std": -0.162571,
        "nauc_map_at_5_diff1": 0.760933,
        "nauc_map_at_10_max": 0.51489,
        "nauc_map_at_10_std": -0.159636,
        "nauc_map_at_10_diff1": 0.762008,
        "nauc_map_at_20_max": 0.513982,
        "nauc_map_at_20_std": -0.160547,
        "nauc_map_at_20_diff1": 0.762083,
        "nauc_map_at_100_max": 0.513384,
        "nauc_map_at_100_std": -0.160443,
        "nauc_map_at_100_diff1": 0.762169,
        "nauc_map_at_1000_max": 0.513364,
        "nauc_map_at_1000_std": -0.160486,
        "nauc_map_at_1000_diff1": 0.762183,
        "nauc_recall_at_1_max": 0.487163,
        "nauc_recall_at_1_std": -0.170388,
        "nauc_recall_at_1_diff1": 0.781891,
        "nauc_recall_at_3_max": 0.545775,
        "nauc_recall_at_3_std": -0.165659,
        "nauc_recall_at_3_diff1": 0.691694,
        "nauc_recall_at_5_max": 0.62378,
        "nauc_recall_at_5_std": -0.115616,
        "nauc_recall_at_5_diff1": 0.698051,
        "nauc_recall_at_10_max": 0.743531,
        "nauc_recall_at_10_std": -0.006577,
        "nauc_recall_at_10_diff1": 0.679842,
        "nauc_recall_at_20_max": 0.776257,
        "nauc_recall_at_20_std": -0.003298,
        "nauc_recall_at_20_diff1": 0.660989,
        "nauc_recall_at_100_max": 0.714675,
        "nauc_recall_at_100_std": 0.179855,
        "nauc_recall_at_100_diff1": 0.621927,
        "nauc_recall_at_1000_max": 0.845472,
        "nauc_recall_at_1000_std": 0.514099,
        "nauc_recall_at_1000_diff1": 0.594865,
        "nauc_precision_at_1_max": 0.487163,
        "nauc_precision_at_1_std": -0.170388,
        "nauc_precision_at_1_diff1": 0.781891,
        "nauc_precision_at_3_max": 0.545775,
        "nauc_precision_at_3_std": -0.165659,
        "nauc_precision_at_3_diff1": 0.691694,
        "nauc_precision_at_5_max": 0.62378,
        "nauc_precision_at_5_std": -0.115616,
        "nauc_precision_at_5_diff1": 0.698051,
        "nauc_precision_at_10_max": 0.743531,
        "nauc_precision_at_10_std": -0.006577,
        "nauc_precision_at_10_diff1": 0.679842,
        "nauc_precision_at_20_max": 0.776257,
        "nauc_precision_at_20_std": -0.003298,
        "nauc_precision_at_20_diff1": 0.660989,
        "nauc_precision_at_100_max": 0.714675,
        "nauc_precision_at_100_std": 0.179855,
        "nauc_precision_at_100_diff1": 0.621927,
        "nauc_precision_at_1000_max": 0.845472,
        "nauc_precision_at_1000_std": 0.514099,
        "nauc_precision_at_1000_diff1": 0.594865,
        "nauc_mrr_at_1_max": 0.486657,
        "nauc_mrr_at_1_std": -0.170388,
        "nauc_mrr_at_1_diff1": 0.781891,
        "nauc_mrr_at_3_max": 0.507937,
        "nauc_mrr_at_3_std": -0.165245,
        "nauc_mrr_at_3_diff1": 0.757521,
        "nauc_mrr_at_5_max": 0.514152,
        "nauc_mrr_at_5_std": -0.160803,
        "nauc_mrr_at_5_diff1": 0.760747,
        "nauc_mrr_at_10_max": 0.514527,
        "nauc_mrr_at_10_std": -0.159151,
        "nauc_mrr_at_10_diff1": 0.762018,
        "nauc_mrr_at_20_max": 0.513617,
        "nauc_mrr_at_20_std": -0.160058,
        "nauc_mrr_at_20_diff1": 0.762093,
        "nauc_mrr_at_100_max": 0.513019,
        "nauc_mrr_at_100_std": -0.159954,
        "nauc_mrr_at_100_diff1": 0.76218,
        "nauc_mrr_at_1000_max": 0.512998,
        "nauc_mrr_at_1000_std": -0.159996,
        "nauc_mrr_at_1000_diff1": 0.762193,
        "main_score": 0.88714,
        "hf_subset": "fa",
        "languages": [
          "fas-Arab"
        ]
      }
    ]
  },
  "evaluation_time": 29.696128368377686,
  "kg_co2_emissions": null
}