{
  "dataset_revision": "fa97814be356fe4d18caadb457b4469bd34019ca",
  "task_name": "ArguAna-Fa",
  "mteb_version": "1.34.14",
  "scores": {
    "test": [
      {
        "ndcg_at_1": 0.2027,
        "ndcg_at_3": 0.32419,
        "ndcg_at_5": 0.36798,
        "ndcg_at_10": 0.42301,
        "ndcg_at_20": 0.45463,
        "ndcg_at_100": 0.48051,
        "ndcg_at_1000": 0.48623,
        "map_at_1": 0.2027,
        "map_at_3": 0.29374,
        "map_at_5": 0.31796,
        "map_at_10": 0.34112,
        "map_at_20": 0.34997,
        "map_at_100": 0.35385,
        "map_at_1000": 0.35406,
        "recall_at_1": 0.2027,
        "recall_at_3": 0.41252,
        "recall_at_5": 0.5192,
        "recall_at_10": 0.68706,
        "recall_at_20": 0.81081,
        "recall_at_100": 0.94595,
        "recall_at_1000": 0.99147,
        "precision_at_1": 0.2027,
        "precision_at_3": 0.13751,
        "precision_at_5": 0.10384,
        "precision_at_10": 0.06871,
        "precision_at_20": 0.04054,
        "precision_at_100": 0.00946,
        "precision_at_1000": 0.00099,
        "mrr_at_1": 0.205548,
        "mrr_at_3": 0.293978,
        "mrr_at_5": 0.318943,
        "mrr_at_10": 0.34216,
        "mrr_at_20": 0.351113,
        "mrr_at_100": 0.354956,
        "mrr_at_1000": 0.355164,
        "nauc_ndcg_at_1_max": -0.021289,
        "nauc_ndcg_at_1_std": -0.070284,
        "nauc_ndcg_at_1_diff1": 0.118067,
        "nauc_ndcg_at_3_max": 0.002986,
        "nauc_ndcg_at_3_std": -0.068387,
        "nauc_ndcg_at_3_diff1": 0.061717,
        "nauc_ndcg_at_5_max": 0.007143,
        "nauc_ndcg_at_5_std": -0.062497,
        "nauc_ndcg_at_5_diff1": 0.063609,
        "nauc_ndcg_at_10_max": 0.037737,
        "nauc_ndcg_at_10_std": -0.039386,
        "nauc_ndcg_at_10_diff1": 0.068334,
        "nauc_ndcg_at_20_max": 0.036312,
        "nauc_ndcg_at_20_std": -0.033375,
        "nauc_ndcg_at_20_diff1": 0.066153,
        "nauc_ndcg_at_100_max": 0.032886,
        "nauc_ndcg_at_100_std": -0.027022,
        "nauc_ndcg_at_100_diff1": 0.078208,
        "nauc_ndcg_at_1000_max": 0.023663,
        "nauc_ndcg_at_1000_std": -0.038534,
        "nauc_ndcg_at_1000_diff1": 0.075526,
        "nauc_map_at_1_max": -0.021289,
        "nauc_map_at_1_std": -0.070284,
        "nauc_map_at_1_diff1": 0.118067,
        "nauc_map_at_3_max": -0.003323,
        "nauc_map_at_3_std": -0.069324,
        "nauc_map_at_3_diff1": 0.073221,
        "nauc_map_at_5_max": -0.000909,
        "nauc_map_at_5_std": -0.065521,
        "nauc_map_at_5_diff1": 0.074178,
        "nauc_map_at_10_max": 0.011432,
        "nauc_map_at_10_std": -0.056607,
        "nauc_map_at_10_diff1": 0.076884,
        "nauc_map_at_20_max": 0.010556,
        "nauc_map_at_20_std": -0.055333,
        "nauc_map_at_20_diff1": 0.07638,
        "nauc_map_at_100_max": 0.010316,
        "nauc_map_at_100_std": -0.054263,
        "nauc_map_at_100_diff1": 0.078455,
        "nauc_map_at_1000_max": 0.010059,
        "nauc_map_at_1000_std": -0.054605,
        "nauc_map_at_1000_diff1": 0.078415,
        "nauc_recall_at_1_max": -0.021289,
        "nauc_recall_at_1_std": -0.070284,
        "nauc_recall_at_1_diff1": 0.118067,
        "nauc_recall_at_3_max": 0.019721,
        "nauc_recall_at_3_std": -0.065766,
        "nauc_recall_at_3_diff1": 0.032169,
        "nauc_recall_at_5_max": 0.029644,
        "nauc_recall_at_5_std": -0.053894,
        "nauc_recall_at_5_diff1": 0.036,
        "nauc_recall_at_10_max": 0.141314,
        "nauc_recall_at_10_std": 0.03123,
        "nauc_recall_at_10_diff1": 0.041682,
        "nauc_recall_at_20_max": 0.183791,
        "nauc_recall_at_20_std": 0.10245,
        "nauc_recall_at_20_diff1": 0.016569,
        "nauc_recall_at_100_max": 0.402244,
        "nauc_recall_at_100_std": 0.53225,
        "nauc_recall_at_100_diff1": 0.170411,
        "nauc_recall_at_1000_max": 0.176697,
        "nauc_recall_at_1000_std": 0.782149,
        "nauc_recall_at_1000_diff1": -0.013804,
        "nauc_precision_at_1_max": -0.021289,
        "nauc_precision_at_1_std": -0.070284,
        "nauc_precision_at_1_diff1": 0.118067,
        "nauc_precision_at_3_max": 0.019721,
        "nauc_precision_at_3_std": -0.065766,
        "nauc_precision_at_3_diff1": 0.032169,
        "nauc_precision_at_5_max": 0.029644,
        "nauc_precision_at_5_std": -0.053894,
        "nauc_precision_at_5_diff1": 0.036,
        "nauc_precision_at_10_max": 0.141314,
        "nauc_precision_at_10_std": 0.03123,
        "nauc_precision_at_10_diff1": 0.041682,
        "nauc_precision_at_20_max": 0.183791,
        "nauc_precision_at_20_std": 0.10245,
        "nauc_precision_at_20_diff1": 0.016569,
        "nauc_precision_at_100_max": 0.402244,
        "nauc_precision_at_100_std": 0.53225,
        "nauc_precision_at_100_diff1": 0.170411,
        "nauc_precision_at_1000_max": 0.176697,
        "nauc_precision_at_1000_std": 0.782149,
        "nauc_precision_at_1000_diff1": -0.013804,
        "nauc_mrr_at_1_max": -0.020078,
        "nauc_mrr_at_1_std": -0.070663,
        "nauc_mrr_at_1_diff1": 0.107687,
        "nauc_mrr_at_3_max": -0.01248,
        "nauc_mrr_at_3_std": -0.072755,
        "nauc_mrr_at_3_diff1": 0.05876,
        "nauc_mrr_at_5_max": -0.00488,
        "nauc_mrr_at_5_std": -0.066356,
        "nauc_mrr_at_5_diff1": 0.064359,
        "nauc_mrr_at_10_max": 0.007512,
        "nauc_mrr_at_10_std": -0.057913,
        "nauc_mrr_at_10_diff1": 0.066963,
        "nauc_mrr_at_20_max": 0.006925,
        "nauc_mrr_at_20_std": -0.056359,
        "nauc_mrr_at_20_diff1": 0.066756,
        "nauc_mrr_at_100_max": 0.006583,
        "nauc_mrr_at_100_std": -0.055265,
        "nauc_mrr_at_100_diff1": 0.068545,
        "nauc_mrr_at_1000_max": 0.006324,
        "nauc_mrr_at_1000_std": -0.055607,
        "nauc_mrr_at_1000_diff1": 0.068498,
        "main_score": 0.42301,
        "hf_subset": "default",
        "languages": [
          "fas-Arab"
        ]
      }
    ]
  },
  "evaluation_time": 33.73321294784546,
  "kg_co2_emissions": null
}