{
  "dataset_revision": "68a0ff474739367a36c8066ee04802a65aefc117",
  "task_name": "CExaPPC",
  "mteb_version": "1.34.14",
  "scores": {
    "test": [
      {
        "similarity_accuracy": 0.968009,
        "similarity_accuracy_threshold": 0.424583,
        "similarity_f1": 0.959558,
        "similarity_f1_threshold": 0.424583,
        "similarity_precision": 0.956157,
        "similarity_recall": 0.962984,
        "similarity_ap": 0.990382,
        "cosine_accuracy": 0.968009,
        "cosine_accuracy_threshold": 0.424583,
        "cosine_f1": 0.959558,
        "cosine_f1_threshold": 0.424583,
        "cosine_precision": 0.956157,
        "cosine_recall": 0.962984,
        "cosine_ap": 0.990382,
        "manhattan_accuracy": 0.964973,
        "manhattan_accuracy_threshold": 638.364868,
        "manhattan_f1": 0.955533,
        "manhattan_f1_threshold": 639.931885,
        "manhattan_precision": 0.956162,
        "manhattan_recall": 0.954904,
        "manhattan_ap": 0.989181,
        "euclidean_accuracy": 0.968009,
        "euclidean_accuracy_threshold": 29.615463,
        "euclidean_f1": 0.959558,
        "euclidean_f1_threshold": 29.615463,
        "euclidean_precision": 0.956157,
        "euclidean_recall": 0.962984,
        "euclidean_ap": 0.990382,
        "dot_accuracy": 0.968009,
        "dot_accuracy_threshold": 323.583679,
        "dot_f1": 0.959558,
        "dot_f1_threshold": 323.583679,
        "dot_precision": 0.956157,
        "dot_recall": 0.962984,
        "dot_ap": 0.990382,
        "max_accuracy": 0.968009,
        "max_f1": 0.959558,
        "max_precision": 0.956162,
        "max_recall": 0.962984,
        "max_ap": 0.990382,
        "main_score": 0.990382,
        "hf_subset": "default",
        "languages": [
          "fas-Arab"
        ]
      }
    ]
  },
  "evaluation_time": 10.220670461654663,
  "kg_co2_emissions": null
}