{
  "dataset_revision": "816ad7473d6813f77a0ca5e72b1ff7a52752d370",
  "task_name": "CQADupstackPhysicsRetrieval-Fa",
  "mteb_version": "1.34.14",
  "scores": {
    "test": [
      {
        "ndcg_at_1": 0.11935,
        "ndcg_at_3": 0.13864,
        "ndcg_at_5": 0.14647,
        "ndcg_at_10": 0.16384,
        "ndcg_at_20": 0.17413,
        "ndcg_at_100": 0.19843,
        "ndcg_at_1000": 0.22974,
        "map_at_1": 0.09805,
        "map_at_3": 0.12255,
        "map_at_5": 0.12761,
        "map_at_10": 0.13497,
        "map_at_20": 0.13789,
        "map_at_100": 0.14115,
        "map_at_1000": 0.14223,
        "recall_at_1": 0.09805,
        "recall_at_3": 0.15411,
        "recall_at_5": 0.17568,
        "recall_at_10": 0.2275,
        "recall_at_20": 0.26345,
        "recall_at_100": 0.38303,
        "recall_at_1000": 0.60976,
        "precision_at_1": 0.11935,
        "precision_at_3": 0.06384,
        "precision_at_5": 0.0437,
        "precision_at_10": 0.02897,
        "precision_at_20": 0.01752,
        "precision_at_100": 0.00554,
        "precision_at_1000": 0.00097,
        "mrr_at_1": 0.119346,
        "mrr_at_3": 0.149342,
        "mrr_at_5": 0.154684,
        "mrr_at_10": 0.163472,
        "mrr_at_20": 0.166822,
        "mrr_at_100": 0.170145,
        "mrr_at_1000": 0.171075,
        "nauc_ndcg_at_1_max": 0.20879,
        "nauc_ndcg_at_1_std": -0.06293,
        "nauc_ndcg_at_1_diff1": 0.388937,
        "nauc_ndcg_at_3_max": 0.201717,
        "nauc_ndcg_at_3_std": -0.033312,
        "nauc_ndcg_at_3_diff1": 0.319545,
        "nauc_ndcg_at_5_max": 0.195048,
        "nauc_ndcg_at_5_std": -0.020134,
        "nauc_ndcg_at_5_diff1": 0.30496,
        "nauc_ndcg_at_10_max": 0.174578,
        "nauc_ndcg_at_10_std": -0.012765,
        "nauc_ndcg_at_10_diff1": 0.289212,
        "nauc_ndcg_at_20_max": 0.161358,
        "nauc_ndcg_at_20_std": -0.015053,
        "nauc_ndcg_at_20_diff1": 0.275099,
        "nauc_ndcg_at_100_max": 0.153107,
        "nauc_ndcg_at_100_std": -0.005585,
        "nauc_ndcg_at_100_diff1": 0.284926,
        "nauc_ndcg_at_1000_max": 0.166675,
        "nauc_ndcg_at_1000_std": 0.02454,
        "nauc_ndcg_at_1000_diff1": 0.286335,
        "nauc_map_at_1_max": 0.219116,
        "nauc_map_at_1_std": -0.088192,
        "nauc_map_at_1_diff1": 0.421652,
        "nauc_map_at_3_max": 0.20854,
        "nauc_map_at_3_std": -0.048654,
        "nauc_map_at_3_diff1": 0.346554,
        "nauc_map_at_5_max": 0.204464,
        "nauc_map_at_5_std": -0.039607,
        "nauc_map_at_5_diff1": 0.336346,
        "nauc_map_at_10_max": 0.195694,
        "nauc_map_at_10_std": -0.035319,
        "nauc_map_at_10_diff1": 0.329639,
        "nauc_map_at_20_max": 0.191356,
        "nauc_map_at_20_std": -0.035792,
        "nauc_map_at_20_diff1": 0.324663,
        "nauc_map_at_100_max": 0.190357,
        "nauc_map_at_100_std": -0.033335,
        "nauc_map_at_100_diff1": 0.326401,
        "nauc_map_at_1000_max": 0.191159,
        "nauc_map_at_1000_std": -0.031919,
        "nauc_map_at_1000_diff1": 0.326611,
        "nauc_recall_at_1_max": 0.219116,
        "nauc_recall_at_1_std": -0.088192,
        "nauc_recall_at_1_diff1": 0.421652,
        "nauc_recall_at_3_max": 0.184336,
        "nauc_recall_at_3_std": -0.023695,
        "nauc_recall_at_3_diff1": 0.273151,
        "nauc_recall_at_5_max": 0.168287,
        "nauc_recall_at_5_std": 0.003573,
        "nauc_recall_at_5_diff1": 0.242013,
        "nauc_recall_at_10_max": 0.11656,
        "nauc_recall_at_10_std": 0.01426,
        "nauc_recall_at_10_diff1": 0.203002,
        "nauc_recall_at_20_max": 0.078935,
        "nauc_recall_at_20_std": 0.001107,
        "nauc_recall_at_20_diff1": 0.168279,
        "nauc_recall_at_100_max": 0.048353,
        "nauc_recall_at_100_std": 0.020771,
        "nauc_recall_at_100_diff1": 0.205871,
        "nauc_recall_at_1000_max": 0.099195,
        "nauc_recall_at_1000_std": 0.188332,
        "nauc_recall_at_1000_diff1": 0.204325,
        "nauc_precision_at_1_max": 0.20879,
        "nauc_precision_at_1_std": -0.06293,
        "nauc_precision_at_1_diff1": 0.388937,
        "nauc_precision_at_3_max": 0.182945,
        "nauc_precision_at_3_std": 0.005424,
        "nauc_precision_at_3_diff1": 0.255302,
        "nauc_precision_at_5_max": 0.173544,
        "nauc_precision_at_5_std": 0.033944,
        "nauc_precision_at_5_diff1": 0.230455,
        "nauc_precision_at_10_max": 0.13663,
        "nauc_precision_at_10_std": 0.061048,
        "nauc_precision_at_10_diff1": 0.200853,
        "nauc_precision_at_20_max": 0.120125,
        "nauc_precision_at_20_std": 0.066722,
        "nauc_precision_at_20_diff1": 0.172235,
        "nauc_precision_at_100_max": 0.094424,
        "nauc_precision_at_100_std": 0.123404,
        "nauc_precision_at_100_diff1": 0.172737,
        "nauc_precision_at_1000_max": 0.10759,
        "nauc_precision_at_1000_std": 0.242307,
        "nauc_precision_at_1000_diff1": 0.078396,
        "nauc_mrr_at_1_max": 0.20879,
        "nauc_mrr_at_1_std": -0.06293,
        "nauc_mrr_at_1_diff1": 0.388937,
        "nauc_mrr_at_3_max": 0.198728,
        "nauc_mrr_at_3_std": -0.026674,
        "nauc_mrr_at_3_diff1": 0.318231,
        "nauc_mrr_at_5_max": 0.195722,
        "nauc_mrr_at_5_std": -0.01924,
        "nauc_mrr_at_5_diff1": 0.310141,
        "nauc_mrr_at_10_max": 0.187661,
        "nauc_mrr_at_10_std": -0.012938,
        "nauc_mrr_at_10_diff1": 0.30191,
        "nauc_mrr_at_20_max": 0.184061,
        "nauc_mrr_at_20_std": -0.013006,
        "nauc_mrr_at_20_diff1": 0.297501,
        "nauc_mrr_at_100_max": 0.181845,
        "nauc_mrr_at_100_std": -0.012547,
        "nauc_mrr_at_100_diff1": 0.298715,
        "nauc_mrr_at_1000_max": 0.182513,
        "nauc_mrr_at_1000_std": -0.011753,
        "nauc_mrr_at_1000_diff1": 0.299061,
        "main_score": 0.16384,
        "hf_subset": "default",
        "languages": [
          "fas-Arab"
        ]
      }
    ]
  },
  "evaluation_time": 136.37924695014954,
  "kg_co2_emissions": null
}