{
  "dataset_revision": "506f29f8ce59648efe99afee736b0b158eced516",
  "task_name": "CQADupstackWebmastersRetrieval-Fa",
  "mteb_version": "1.34.14",
  "scores": {
    "test": [
      {
        "ndcg_at_1": 0.09289,
        "ndcg_at_3": 0.12022,
        "ndcg_at_5": 0.12923,
        "ndcg_at_10": 0.14458,
        "ndcg_at_20": 0.15305,
        "ndcg_at_100": 0.1795,
        "ndcg_at_1000": 0.22013,
        "map_at_1": 0.07252,
        "map_at_3": 0.10178,
        "map_at_5": 0.10784,
        "map_at_10": 0.11469,
        "map_at_20": 0.11734,
        "map_at_100": 0.12164,
        "map_at_1000": 0.12313,
        "recall_at_1": 0.07252,
        "recall_at_3": 0.13413,
        "recall_at_5": 0.15972,
        "recall_at_10": 0.20638,
        "recall_at_20": 0.24084,
        "recall_at_100": 0.37634,
        "recall_at_1000": 0.67342,
        "precision_at_1": 0.09289,
        "precision_at_3": 0.05995,
        "precision_at_5": 0.04387,
        "precision_at_10": 0.03063,
        "precision_at_20": 0.01907,
        "precision_at_100": 0.00688,
        "precision_at_1000": 0.00147,
        "mrr_at_1": 0.092885,
        "mrr_at_3": 0.123847,
        "mrr_at_5": 0.130863,
        "mrr_at_10": 0.138835,
        "mrr_at_20": 0.141802,
        "mrr_at_100": 0.145108,
        "mrr_at_1000": 0.146151,
        "nauc_ndcg_at_1_max": 0.12867,
        "nauc_ndcg_at_1_std": 0.062041,
        "nauc_ndcg_at_1_diff1": 0.508995,
        "nauc_ndcg_at_3_max": 0.114962,
        "nauc_ndcg_at_3_std": 0.047068,
        "nauc_ndcg_at_3_diff1": 0.425392,
        "nauc_ndcg_at_5_max": 0.098339,
        "nauc_ndcg_at_5_std": 0.028436,
        "nauc_ndcg_at_5_diff1": 0.39436,
        "nauc_ndcg_at_10_max": 0.090356,
        "nauc_ndcg_at_10_std": 0.021678,
        "nauc_ndcg_at_10_diff1": 0.36149,
        "nauc_ndcg_at_20_max": 0.092036,
        "nauc_ndcg_at_20_std": 0.027902,
        "nauc_ndcg_at_20_diff1": 0.360049,
        "nauc_ndcg_at_100_max": 0.088814,
        "nauc_ndcg_at_100_std": 0.034513,
        "nauc_ndcg_at_100_diff1": 0.338385,
        "nauc_ndcg_at_1000_max": 0.100819,
        "nauc_ndcg_at_1000_std": 0.068039,
        "nauc_ndcg_at_1000_diff1": 0.348155,
        "nauc_map_at_1_max": 0.106517,
        "nauc_map_at_1_std": -1.4e-05,
        "nauc_map_at_1_diff1": 0.55716,
        "nauc_map_at_3_max": 0.108015,
        "nauc_map_at_3_std": 0.018927,
        "nauc_map_at_3_diff1": 0.457229,
        "nauc_map_at_5_max": 0.099265,
        "nauc_map_at_5_std": 0.012095,
        "nauc_map_at_5_diff1": 0.436192,
        "nauc_map_at_10_max": 0.094279,
        "nauc_map_at_10_std": 0.009845,
        "nauc_map_at_10_diff1": 0.416851,
        "nauc_map_at_20_max": 0.096135,
        "nauc_map_at_20_std": 0.014366,
        "nauc_map_at_20_diff1": 0.417378,
        "nauc_map_at_100_max": 0.098748,
        "nauc_map_at_100_std": 0.019987,
        "nauc_map_at_100_diff1": 0.414891,
        "nauc_map_at_1000_max": 0.09897,
        "nauc_map_at_1000_std": 0.02268,
        "nauc_map_at_1000_diff1": 0.414413,
        "nauc_recall_at_1_max": 0.106517,
        "nauc_recall_at_1_std": -1.4e-05,
        "nauc_recall_at_1_diff1": 0.55716,
        "nauc_recall_at_3_max": 0.106639,
        "nauc_recall_at_3_std": 0.030753,
        "nauc_recall_at_3_diff1": 0.37354,
        "nauc_recall_at_5_max": 0.076511,
        "nauc_recall_at_5_std": -5.8e-05,
        "nauc_recall_at_5_diff1": 0.314055,
        "nauc_recall_at_10_max": 0.055565,
        "nauc_recall_at_10_std": -0.0131,
        "nauc_recall_at_10_diff1": 0.237253,
        "nauc_recall_at_20_max": 0.070518,
        "nauc_recall_at_20_std": 0.017483,
        "nauc_recall_at_20_diff1": 0.242747,
        "nauc_recall_at_100_max": 0.048886,
        "nauc_recall_at_100_std": 0.032093,
        "nauc_recall_at_100_diff1": 0.175275,
        "nauc_recall_at_1000_max": 0.106261,
        "nauc_recall_at_1000_std": 0.192172,
        "nauc_recall_at_1000_diff1": 0.214119,
        "nauc_precision_at_1_max": 0.12867,
        "nauc_precision_at_1_std": 0.062041,
        "nauc_precision_at_1_diff1": 0.508995,
        "nauc_precision_at_3_max": 0.123939,
        "nauc_precision_at_3_std": 0.085203,
        "nauc_precision_at_3_diff1": 0.365146,
        "nauc_precision_at_5_max": 0.100028,
        "nauc_precision_at_5_std": 0.072084,
        "nauc_precision_at_5_diff1": 0.318046,
        "nauc_precision_at_10_max": 0.109929,
        "nauc_precision_at_10_std": 0.11455,
        "nauc_precision_at_10_diff1": 0.263877,
        "nauc_precision_at_20_max": 0.113655,
        "nauc_precision_at_20_std": 0.150487,
        "nauc_precision_at_20_diff1": 0.251057,
        "nauc_precision_at_100_max": 0.083249,
        "nauc_precision_at_100_std": 0.205714,
        "nauc_precision_at_100_diff1": 0.148661,
        "nauc_precision_at_1000_max": -0.036935,
        "nauc_precision_at_1000_std": 0.179251,
        "nauc_precision_at_1000_diff1": -0.071897,
        "nauc_mrr_at_1_max": 0.12867,
        "nauc_mrr_at_1_std": 0.062041,
        "nauc_mrr_at_1_diff1": 0.508995,
        "nauc_mrr_at_3_max": 0.121728,
        "nauc_mrr_at_3_std": 0.062942,
        "nauc_mrr_at_3_diff1": 0.433697,
        "nauc_mrr_at_5_max": 0.108127,
        "nauc_mrr_at_5_std": 0.050952,
        "nauc_mrr_at_5_diff1": 0.411645,
        "nauc_mrr_at_10_max": 0.105264,
        "nauc_mrr_at_10_std": 0.052319,
        "nauc_mrr_at_10_diff1": 0.395312,
        "nauc_mrr_at_20_max": 0.104821,
        "nauc_mrr_at_20_std": 0.054128,
        "nauc_mrr_at_20_diff1": 0.392577,
        "nauc_mrr_at_100_max": 0.104692,
        "nauc_mrr_at_100_std": 0.054237,
        "nauc_mrr_at_100_diff1": 0.389605,
        "nauc_mrr_at_1000_max": 0.105359,
        "nauc_mrr_at_1000_std": 0.055642,
        "nauc_mrr_at_1000_diff1": 0.390326,
        "main_score": 0.14458,
        "hf_subset": "default",
        "languages": [
          "fas-Arab"
        ]
      }
    ]
  },
  "evaluation_time": 52.631813049316406,
  "kg_co2_emissions": null
}