{
  "dataset_revision": "bcdaf4e30477eea9b9b17ecbb153ca403e5c3ebd",
  "task_name": "CQADupstackAndroidRetrieval-Fa",
  "mteb_version": "1.34.14",
  "scores": {
    "test": [
      {
        "ndcg_at_1": 0.10157,
        "ndcg_at_3": 0.12333,
        "ndcg_at_5": 0.13501,
        "ndcg_at_10": 0.15473,
        "ndcg_at_20": 0.16783,
        "ndcg_at_100": 0.1999,
        "ndcg_at_1000": 0.23829,
        "map_at_1": 0.08152,
        "map_at_3": 0.10601,
        "map_at_5": 0.11364,
        "map_at_10": 0.12346,
        "map_at_20": 0.12733,
        "map_at_100": 0.13158,
        "map_at_1000": 0.1329,
        "recall_at_1": 0.08152,
        "recall_at_3": 0.13657,
        "recall_at_5": 0.16782,
        "recall_at_10": 0.22678,
        "recall_at_20": 0.27586,
        "recall_at_100": 0.43998,
        "recall_at_1000": 0.72057,
        "precision_at_1": 0.10157,
        "precision_at_3": 0.06152,
        "precision_at_5": 0.04692,
        "precision_at_10": 0.03276,
        "precision_at_20": 0.02017,
        "precision_at_100": 0.00668,
        "precision_at_1000": 0.00124,
        "mrr_at_1": 0.101574,
        "mrr_at_3": 0.130663,
        "mrr_at_5": 0.139175,
        "mrr_at_10": 0.147211,
        "mrr_at_20": 0.151424,
        "mrr_at_100": 0.155772,
        "mrr_at_1000": 0.156845,
        "nauc_ndcg_at_1_max": 0.125281,
        "nauc_ndcg_at_1_std": -0.071877,
        "nauc_ndcg_at_1_diff1": 0.322751,
        "nauc_ndcg_at_3_max": 0.112725,
        "nauc_ndcg_at_3_std": -0.025358,
        "nauc_ndcg_at_3_diff1": 0.270473,
        "nauc_ndcg_at_5_max": 0.120466,
        "nauc_ndcg_at_5_std": -0.00609,
        "nauc_ndcg_at_5_diff1": 0.253938,
        "nauc_ndcg_at_10_max": 0.113227,
        "nauc_ndcg_at_10_std": 0.01832,
        "nauc_ndcg_at_10_diff1": 0.256558,
        "nauc_ndcg_at_20_max": 0.105441,
        "nauc_ndcg_at_20_std": 0.014451,
        "nauc_ndcg_at_20_diff1": 0.252007,
        "nauc_ndcg_at_100_max": 0.109148,
        "nauc_ndcg_at_100_std": 0.02952,
        "nauc_ndcg_at_100_diff1": 0.2521,
        "nauc_ndcg_at_1000_max": 0.109795,
        "nauc_ndcg_at_1000_std": 0.035436,
        "nauc_ndcg_at_1000_diff1": 0.255387,
        "nauc_map_at_1_max": 0.120845,
        "nauc_map_at_1_std": -0.084761,
        "nauc_map_at_1_diff1": 0.361761,
        "nauc_map_at_3_max": 0.106439,
        "nauc_map_at_3_std": -0.045405,
        "nauc_map_at_3_diff1": 0.296481,
        "nauc_map_at_5_max": 0.115413,
        "nauc_map_at_5_std": -0.03266,
        "nauc_map_at_5_diff1": 0.285269,
        "nauc_map_at_10_max": 0.118114,
        "nauc_map_at_10_std": -0.014336,
        "nauc_map_at_10_diff1": 0.288831,
        "nauc_map_at_20_max": 0.116771,
        "nauc_map_at_20_std": -0.013196,
        "nauc_map_at_20_diff1": 0.287556,
        "nauc_map_at_100_max": 0.117547,
        "nauc_map_at_100_std": -0.009412,
        "nauc_map_at_100_diff1": 0.287546,
        "nauc_map_at_1000_max": 0.118147,
        "nauc_map_at_1000_std": -0.008684,
        "nauc_map_at_1000_diff1": 0.28758,
        "nauc_recall_at_1_max": 0.120845,
        "nauc_recall_at_1_std": -0.084761,
        "nauc_recall_at_1_diff1": 0.361761,
        "nauc_recall_at_3_max": 0.089253,
        "nauc_recall_at_3_std": -0.005393,
        "nauc_recall_at_3_diff1": 0.22772,
        "nauc_recall_at_5_max": 0.117295,
        "nauc_recall_at_5_std": 0.030441,
        "nauc_recall_at_5_diff1": 0.200408,
        "nauc_recall_at_10_max": 0.094219,
        "nauc_recall_at_10_std": 0.076366,
        "nauc_recall_at_10_diff1": 0.203205,
        "nauc_recall_at_20_max": 0.0706,
        "nauc_recall_at_20_std": 0.0583,
        "nauc_recall_at_20_diff1": 0.191646,
        "nauc_recall_at_100_max": 0.076238,
        "nauc_recall_at_100_std": 0.097957,
        "nauc_recall_at_100_diff1": 0.176073,
        "nauc_recall_at_1000_max": 0.043322,
        "nauc_recall_at_1000_std": 0.155977,
        "nauc_recall_at_1000_diff1": 0.181795,
        "nauc_precision_at_1_max": 0.125281,
        "nauc_precision_at_1_std": -0.071877,
        "nauc_precision_at_1_diff1": 0.322751,
        "nauc_precision_at_3_max": 0.133202,
        "nauc_precision_at_3_std": -0.000501,
        "nauc_precision_at_3_diff1": 0.218961,
        "nauc_precision_at_5_max": 0.155461,
        "nauc_precision_at_5_std": 0.047051,
        "nauc_precision_at_5_diff1": 0.189812,
        "nauc_precision_at_10_max": 0.15432,
        "nauc_precision_at_10_std": 0.110192,
        "nauc_precision_at_10_diff1": 0.220206,
        "nauc_precision_at_20_max": 0.139185,
        "nauc_precision_at_20_std": 0.104508,
        "nauc_precision_at_20_diff1": 0.203242,
        "nauc_precision_at_100_max": 0.132449,
        "nauc_precision_at_100_std": 0.138746,
        "nauc_precision_at_100_diff1": 0.185152,
        "nauc_precision_at_1000_max": 0.053903,
        "nauc_precision_at_1000_std": 0.115924,
        "nauc_precision_at_1000_diff1": 0.075537,
        "nauc_mrr_at_1_max": 0.125281,
        "nauc_mrr_at_1_std": -0.071877,
        "nauc_mrr_at_1_diff1": 0.322751,
        "nauc_mrr_at_3_max": 0.119398,
        "nauc_mrr_at_3_std": -0.0261,
        "nauc_mrr_at_3_diff1": 0.269857,
        "nauc_mrr_at_5_max": 0.124782,
        "nauc_mrr_at_5_std": -0.013188,
        "nauc_mrr_at_5_diff1": 0.259031,
        "nauc_mrr_at_10_max": 0.116666,
        "nauc_mrr_at_10_std": -0.006791,
        "nauc_mrr_at_10_diff1": 0.255101,
        "nauc_mrr_at_20_max": 0.113759,
        "nauc_mrr_at_20_std": -0.008226,
        "nauc_mrr_at_20_diff1": 0.253088,
        "nauc_mrr_at_100_max": 0.113932,
        "nauc_mrr_at_100_std": -0.007041,
        "nauc_mrr_at_100_diff1": 0.253434,
        "nauc_mrr_at_1000_max": 0.114174,
        "nauc_mrr_at_1000_std": -0.006861,
        "nauc_mrr_at_1000_diff1": 0.25369,
        "main_score": 0.15473,
        "hf_subset": "default",
        "languages": [
          "fas-Arab"
        ]
      }
    ]
  },
  "evaluation_time": 55.173362731933594,
  "kg_co2_emissions": null
}