{
  "dataset_revision": "13529e6e301e9d72f86def882cfbca04791d83f9",
  "task_name": "DBPedia-Fa",
  "mteb_version": "1.34.14",
  "scores": {
    "test": [
      {
        "ndcg_at_1": 0.2725,
        "ndcg_at_3": 0.23658,
        "ndcg_at_5": 0.22435,
        "ndcg_at_10": 0.21093,
        "ndcg_at_20": 0.20669,
        "ndcg_at_100": 0.23752,
        "ndcg_at_1000": 0.3026,
        "map_at_1": 0.03778,
        "map_at_3": 0.05744,
        "map_at_5": 0.06569,
        "map_at_10": 0.0784,
        "map_at_20": 0.08892,
        "map_at_100": 0.1053,
        "map_at_1000": 0.11367,
        "recall_at_1": 0.03778,
        "recall_at_3": 0.06893,
        "recall_at_5": 0.08609,
        "recall_at_10": 0.12127,
        "recall_at_20": 0.16496,
        "recall_at_100": 0.27874,
        "recall_at_1000": 0.49324,
        "precision_at_1": 0.3425,
        "precision_at_3": 0.2575,
        "precision_at_5": 0.223,
        "precision_at_10": 0.172,
        "precision_at_20": 0.12975,
        "precision_at_100": 0.0557,
        "precision_at_1000": 0.0124,
        "mrr_at_1": 0.3425,
        "mrr_at_3": 0.419167,
        "mrr_at_5": 0.436667,
        "mrr_at_10": 0.447143,
        "mrr_at_20": 0.453615,
        "mrr_at_100": 0.455918,
        "mrr_at_1000": 0.456361,
        "nauc_ndcg_at_1_max": 0.437656,
        "nauc_ndcg_at_1_std": 0.237081,
        "nauc_ndcg_at_1_diff1": 0.357062,
        "nauc_ndcg_at_3_max": 0.480296,
        "nauc_ndcg_at_3_std": 0.28252,
        "nauc_ndcg_at_3_diff1": 0.343605,
        "nauc_ndcg_at_5_max": 0.503692,
        "nauc_ndcg_at_5_std": 0.288829,
        "nauc_ndcg_at_5_diff1": 0.321673,
        "nauc_ndcg_at_10_max": 0.509484,
        "nauc_ndcg_at_10_std": 0.285909,
        "nauc_ndcg_at_10_diff1": 0.337373,
        "nauc_ndcg_at_20_max": 0.502073,
        "nauc_ndcg_at_20_std": 0.27513,
        "nauc_ndcg_at_20_diff1": 0.339434,
        "nauc_ndcg_at_100_max": 0.52886,
        "nauc_ndcg_at_100_std": 0.328779,
        "nauc_ndcg_at_100_diff1": 0.362758,
        "nauc_ndcg_at_1000_max": 0.555785,
        "nauc_ndcg_at_1000_std": 0.417517,
        "nauc_ndcg_at_1000_diff1": 0.341098,
        "nauc_map_at_1_max": 0.373105,
        "nauc_map_at_1_std": -0.063514,
        "nauc_map_at_1_diff1": 0.417462,
        "nauc_map_at_3_max": 0.430497,
        "nauc_map_at_3_std": 0.011477,
        "nauc_map_at_3_diff1": 0.425471,
        "nauc_map_at_5_max": 0.448384,
        "nauc_map_at_5_std": 0.046607,
        "nauc_map_at_5_diff1": 0.410472,
        "nauc_map_at_10_max": 0.469131,
        "nauc_map_at_10_std": 0.100863,
        "nauc_map_at_10_diff1": 0.415842,
        "nauc_map_at_20_max": 0.479761,
        "nauc_map_at_20_std": 0.142291,
        "nauc_map_at_20_diff1": 0.408192,
        "nauc_map_at_100_max": 0.513908,
        "nauc_map_at_100_std": 0.231058,
        "nauc_map_at_100_diff1": 0.394502,
        "nauc_map_at_1000_max": 0.523105,
        "nauc_map_at_1000_std": 0.264737,
        "nauc_map_at_1000_diff1": 0.383444,
        "nauc_recall_at_1_max": 0.373105,
        "nauc_recall_at_1_std": -0.063514,
        "nauc_recall_at_1_diff1": 0.417462,
        "nauc_recall_at_3_max": 0.388717,
        "nauc_recall_at_3_std": 0.007913,
        "nauc_recall_at_3_diff1": 0.378248,
        "nauc_recall_at_5_max": 0.389748,
        "nauc_recall_at_5_std": 0.031646,
        "nauc_recall_at_5_diff1": 0.328493,
        "nauc_recall_at_10_max": 0.389108,
        "nauc_recall_at_10_std": 0.101853,
        "nauc_recall_at_10_diff1": 0.303822,
        "nauc_recall_at_20_max": 0.374908,
        "nauc_recall_at_20_std": 0.133571,
        "nauc_recall_at_20_diff1": 0.260952,
        "nauc_recall_at_100_max": 0.388308,
        "nauc_recall_at_100_std": 0.256576,
        "nauc_recall_at_100_diff1": 0.240096,
        "nauc_recall_at_1000_max": 0.438456,
        "nauc_recall_at_1000_std": 0.408891,
        "nauc_recall_at_1000_diff1": 0.215657,
        "nauc_precision_at_1_max": 0.46208,
        "nauc_precision_at_1_std": 0.260167,
        "nauc_precision_at_1_diff1": 0.364594,
        "nauc_precision_at_3_max": 0.452079,
        "nauc_precision_at_3_std": 0.346314,
        "nauc_precision_at_3_diff1": 0.265085,
        "nauc_precision_at_5_max": 0.467529,
        "nauc_precision_at_5_std": 0.383429,
        "nauc_precision_at_5_diff1": 0.209754,
        "nauc_precision_at_10_max": 0.447178,
        "nauc_precision_at_10_std": 0.415226,
        "nauc_precision_at_10_diff1": 0.205862,
        "nauc_precision_at_20_max": 0.398149,
        "nauc_precision_at_20_std": 0.446978,
        "nauc_precision_at_20_diff1": 0.144344,
        "nauc_precision_at_100_max": 0.31881,
        "nauc_precision_at_100_std": 0.47668,
        "nauc_precision_at_100_diff1": 0.052974,
        "nauc_precision_at_1000_max": 0.132501,
        "nauc_precision_at_1000_std": 0.354537,
        "nauc_precision_at_1000_diff1": -0.033706,
        "nauc_mrr_at_1_max": 0.46208,
        "nauc_mrr_at_1_std": 0.260167,
        "nauc_mrr_at_1_diff1": 0.364594,
        "nauc_mrr_at_3_max": 0.483323,
        "nauc_mrr_at_3_std": 0.306282,
        "nauc_mrr_at_3_diff1": 0.343646,
        "nauc_mrr_at_5_max": 0.48251,
        "nauc_mrr_at_5_std": 0.297843,
        "nauc_mrr_at_5_diff1": 0.329693,
        "nauc_mrr_at_10_max": 0.481519,
        "nauc_mrr_at_10_std": 0.298395,
        "nauc_mrr_at_10_diff1": 0.327994,
        "nauc_mrr_at_20_max": 0.483128,
        "nauc_mrr_at_20_std": 0.303226,
        "nauc_mrr_at_20_diff1": 0.329306,
        "nauc_mrr_at_100_max": 0.483132,
        "nauc_mrr_at_100_std": 0.303151,
        "nauc_mrr_at_100_diff1": 0.330505,
        "nauc_mrr_at_1000_max": 0.482886,
        "nauc_mrr_at_1000_std": 0.303136,
        "nauc_mrr_at_1000_diff1": 0.33042,
        "main_score": 0.21093,
        "hf_subset": "default",
        "languages": [
          "fas-Arab"
        ]
      }
    ]
  },
  "evaluation_time": 5962.8521246910095,
  "kg_co2_emissions": null
}