{
  "dataset_revision": "1cafde1306aa56b5dfdce0b14633ae9ee1a63ddb",
  "task_name": "HotpotQA-Fa",
  "mteb_version": "1.34.14",
  "scores": {
    "test": [
      {
        "ndcg_at_1": 0.50331,
        "ndcg_at_3": 0.41157,
        "ndcg_at_5": 0.43437,
        "ndcg_at_10": 0.4559,
        "ndcg_at_20": 0.4704,
        "ndcg_at_100": 0.49524,
        "ndcg_at_1000": 0.51698,
        "map_at_1": 0.25165,
        "map_at_3": 0.35219,
        "map_at_5": 0.36778,
        "map_at_10": 0.37892,
        "map_at_20": 0.38402,
        "map_at_100": 0.38835,
        "map_at_1000": 0.38932,
        "recall_at_1": 0.25165,
        "recall_at_3": 0.39345,
        "recall_at_5": 0.43842,
        "recall_at_10": 0.49257,
        "recall_at_20": 0.53903,
        "recall_at_100": 0.64929,
        "recall_at_1000": 0.79392,
        "precision_at_1": 0.50331,
        "precision_at_3": 0.2623,
        "precision_at_5": 0.17537,
        "precision_at_10": 0.09851,
        "precision_at_20": 0.0539,
        "precision_at_100": 0.01299,
        "precision_at_1000": 0.00159,
        "mrr_at_1": 0.503309,
        "mrr_at_3": 0.557821,
        "mrr_at_5": 0.568085,
        "mrr_at_10": 0.574887,
        "mrr_at_20": 0.577843,
        "mrr_at_100": 0.580072,
        "mrr_at_1000": 0.580439,
        "nauc_ndcg_at_1_max": 0.275013,
        "nauc_ndcg_at_1_std": 0.066881,
        "nauc_ndcg_at_1_diff1": 0.672117,
        "nauc_ndcg_at_3_max": 0.218662,
        "nauc_ndcg_at_3_std": 0.090256,
        "nauc_ndcg_at_3_diff1": 0.518654,
        "nauc_ndcg_at_5_max": 0.206492,
        "nauc_ndcg_at_5_std": 0.099495,
        "nauc_ndcg_at_5_diff1": 0.506616,
        "nauc_ndcg_at_10_max": 0.197997,
        "nauc_ndcg_at_10_std": 0.106593,
        "nauc_ndcg_at_10_diff1": 0.500702,
        "nauc_ndcg_at_20_max": 0.192672,
        "nauc_ndcg_at_20_std": 0.113148,
        "nauc_ndcg_at_20_diff1": 0.500425,
        "nauc_ndcg_at_100_max": 0.188472,
        "nauc_ndcg_at_100_std": 0.122439,
        "nauc_ndcg_at_100_diff1": 0.499376,
        "nauc_ndcg_at_1000_max": 0.194514,
        "nauc_ndcg_at_1000_std": 0.131221,
        "nauc_ndcg_at_1000_diff1": 0.50523,
        "nauc_map_at_1_max": 0.275013,
        "nauc_map_at_1_std": 0.066881,
        "nauc_map_at_1_diff1": 0.672117,
        "nauc_map_at_3_max": 0.205634,
        "nauc_map_at_3_std": 0.084572,
        "nauc_map_at_3_diff1": 0.481472,
        "nauc_map_at_5_max": 0.197734,
        "nauc_map_at_5_std": 0.09151,
        "nauc_map_at_5_diff1": 0.474552,
        "nauc_map_at_10_max": 0.19358,
        "nauc_map_at_10_std": 0.095675,
        "nauc_map_at_10_diff1": 0.47259,
        "nauc_map_at_20_max": 0.192044,
        "nauc_map_at_20_std": 0.098131,
        "nauc_map_at_20_diff1": 0.473204,
        "nauc_map_at_100_max": 0.191406,
        "nauc_map_at_100_std": 0.099781,
        "nauc_map_at_100_diff1": 0.473219,
        "nauc_map_at_1000_max": 0.191636,
        "nauc_map_at_1000_std": 0.100187,
        "nauc_map_at_1000_diff1": 0.473514,
        "nauc_recall_at_1_max": 0.275013,
        "nauc_recall_at_1_std": 0.066881,
        "nauc_recall_at_1_diff1": 0.672117,
        "nauc_recall_at_3_max": 0.191314,
        "nauc_recall_at_3_std": 0.101482,
        "nauc_recall_at_3_diff1": 0.447995,
        "nauc_recall_at_5_max": 0.162584,
        "nauc_recall_at_5_std": 0.116814,
        "nauc_recall_at_5_diff1": 0.413997,
        "nauc_recall_at_10_max": 0.13761,
        "nauc_recall_at_10_std": 0.132896,
        "nauc_recall_at_10_diff1": 0.389735,
        "nauc_recall_at_20_max": 0.113362,
        "nauc_recall_at_20_std": 0.150963,
        "nauc_recall_at_20_diff1": 0.37072,
        "nauc_recall_at_100_max": 0.076319,
        "nauc_recall_at_100_std": 0.196255,
        "nauc_recall_at_100_diff1": 0.331127,
        "nauc_recall_at_1000_max": 0.090967,
        "nauc_recall_at_1000_std": 0.315007,
        "nauc_recall_at_1000_diff1": 0.317243,
        "nauc_precision_at_1_max": 0.275013,
        "nauc_precision_at_1_std": 0.066881,
        "nauc_precision_at_1_diff1": 0.672117,
        "nauc_precision_at_3_max": 0.191314,
        "nauc_precision_at_3_std": 0.101482,
        "nauc_precision_at_3_diff1": 0.447995,
        "nauc_precision_at_5_max": 0.162584,
        "nauc_precision_at_5_std": 0.116814,
        "nauc_precision_at_5_diff1": 0.413997,
        "nauc_precision_at_10_max": 0.13761,
        "nauc_precision_at_10_std": 0.132896,
        "nauc_precision_at_10_diff1": 0.389735,
        "nauc_precision_at_20_max": 0.113362,
        "nauc_precision_at_20_std": 0.150963,
        "nauc_precision_at_20_diff1": 0.37072,
        "nauc_precision_at_100_max": 0.076319,
        "nauc_precision_at_100_std": 0.196255,
        "nauc_precision_at_100_diff1": 0.331127,
        "nauc_precision_at_1000_max": 0.090967,
        "nauc_precision_at_1000_std": 0.315007,
        "nauc_precision_at_1000_diff1": 0.317243,
        "nauc_mrr_at_1_max": 0.275013,
        "nauc_mrr_at_1_std": 0.066881,
        "nauc_mrr_at_1_diff1": 0.672117,
        "nauc_mrr_at_3_max": 0.267805,
        "nauc_mrr_at_3_std": 0.085388,
        "nauc_mrr_at_3_diff1": 0.652835,
        "nauc_mrr_at_5_max": 0.263425,
        "nauc_mrr_at_5_std": 0.088704,
        "nauc_mrr_at_5_diff1": 0.64928,
        "nauc_mrr_at_10_max": 0.261029,
        "nauc_mrr_at_10_std": 0.089695,
        "nauc_mrr_at_10_diff1": 0.647392,
        "nauc_mrr_at_20_max": 0.25989,
        "nauc_mrr_at_20_std": 0.09036,
        "nauc_mrr_at_20_diff1": 0.64718,
        "nauc_mrr_at_100_max": 0.259709,
        "nauc_mrr_at_100_std": 0.090693,
        "nauc_mrr_at_100_diff1": 0.647387,
        "nauc_mrr_at_1000_max": 0.259811,
        "nauc_mrr_at_1000_std": 0.09067,
        "nauc_mrr_at_1000_diff1": 0.647466,
        "main_score": 0.4559,
        "hf_subset": "default",
        "languages": [
          "fas-Arab"
        ]
      }
    ]
  },
  "evaluation_time": 6865.124786615372,
  "kg_co2_emissions": null
}