{
  "dataset_revision": "6d1962c527217f8927fca80f890f14f36b2802af",
  "task_name": "MIRACLReranking",
  "mteb_version": "1.34.14",
  "scores": {
    "dev": [
      {
        "NDCG@1(MIRACL)": 0.37975,
        "NDCG@3(MIRACL)": 0.43154,
        "NDCG@5(MIRACL)": 0.46702,
        "NDCG@10(MIRACL)": 0.50152,
        "NDCG@20(MIRACL)": 0.52827,
        "NDCG@100(MIRACL)": 0.54764,
        "NDCG@1000(MIRACL)": 0.54764,
        "MAP@1(MIRACL)": 0.26521,
        "MAP@3(MIRACL)": 0.37421,
        "MAP@5(MIRACL)": 0.4055,
        "MAP@10(MIRACL)": 0.42786,
        "MAP@20(MIRACL)": 0.43891,
        "MAP@100(MIRACL)": 0.44348,
        "MAP@1000(MIRACL)": 0.44348,
        "Recall@1(MIRACL)": 0.26521,
        "Recall@3(MIRACL)": 0.46442,
        "Recall@5(MIRACL)": 0.55563,
        "Recall@10(MIRACL)": 0.64589,
        "Recall@20(MIRACL)": 0.73333,
        "Recall@100(MIRACL)": 0.81487,
        "Recall@1000(MIRACL)": 0.81487,
        "P@1(MIRACL)": 0.37975,
        "P@3(MIRACL)": 0.24367,
        "P@5(MIRACL)": 0.1807,
        "P@10(MIRACL)": 0.1106,
        "P@20(MIRACL)": 0.06424,
        "P@100(MIRACL)": 0.01467,
        "P@1000(MIRACL)": 0.00147,
        "nAUC_NDCG@1_max(MIRACL)": 0.421264,
        "nAUC_NDCG@1_std(MIRACL)": 0.073369,
        "nAUC_NDCG@1_diff1(MIRACL)": 0.35218,
        "nAUC_NDCG@3_max(MIRACL)": 0.411013,
        "nAUC_NDCG@3_std(MIRACL)": 0.078301,
        "nAUC_NDCG@3_diff1(MIRACL)": 0.328132,
        "nAUC_NDCG@5_max(MIRACL)": 0.452616,
        "nAUC_NDCG@5_std(MIRACL)": 0.125663,
        "nAUC_NDCG@5_diff1(MIRACL)": 0.32238,
        "nAUC_NDCG@10_max(MIRACL)": 0.470914,
        "nAUC_NDCG@10_std(MIRACL)": 0.152703,
        "nAUC_NDCG@10_diff1(MIRACL)": 0.309673,
        "nAUC_NDCG@20_max(MIRACL)": 0.474905,
        "nAUC_NDCG@20_std(MIRACL)": 0.159726,
        "nAUC_NDCG@20_diff1(MIRACL)": 0.295896,
        "nAUC_NDCG@100_max(MIRACL)": 0.466555,
        "nAUC_NDCG@100_std(MIRACL)": 0.148833,
        "nAUC_NDCG@100_diff1(MIRACL)": 0.282861,
        "nAUC_NDCG@1000_max(MIRACL)": 0.466555,
        "nAUC_NDCG@1000_std(MIRACL)": 0.148833,
        "nAUC_NDCG@1000_diff1(MIRACL)": 0.282861,
        "nAUC_MAP@1_max(MIRACL)": 0.278094,
        "nAUC_MAP@1_std(MIRACL)": 0.026606,
        "nAUC_MAP@1_diff1(MIRACL)": 0.335071,
        "nAUC_MAP@3_max(MIRACL)": 0.365749,
        "nAUC_MAP@3_std(MIRACL)": 0.05561,
        "nAUC_MAP@3_diff1(MIRACL)": 0.338842,
        "nAUC_MAP@5_max(MIRACL)": 0.408298,
        "nAUC_MAP@5_std(MIRACL)": 0.093566,
        "nAUC_MAP@5_diff1(MIRACL)": 0.334594,
        "nAUC_MAP@10_max(MIRACL)": 0.427245,
        "nAUC_MAP@10_std(MIRACL)": 0.113704,
        "nAUC_MAP@10_diff1(MIRACL)": 0.326495,
        "nAUC_MAP@20_max(MIRACL)": 0.431596,
        "nAUC_MAP@20_std(MIRACL)": 0.118357,
        "nAUC_MAP@20_diff1(MIRACL)": 0.322305,
        "nAUC_MAP@100_max(MIRACL)": 0.429373,
        "nAUC_MAP@100_std(MIRACL)": 0.115668,
        "nAUC_MAP@100_diff1(MIRACL)": 0.319861,
        "nAUC_MAP@1000_max(MIRACL)": 0.429373,
        "nAUC_MAP@1000_std(MIRACL)": 0.115668,
        "nAUC_MAP@1000_diff1(MIRACL)": 0.319861,
        "nAUC_Recall@1_max(MIRACL)": 0.278094,
        "nAUC_Recall@1_std(MIRACL)": 0.026606,
        "nAUC_Recall@1_diff1(MIRACL)": 0.335071,
        "nAUC_Recall@3_max(MIRACL)": 0.360597,
        "nAUC_Recall@3_std(MIRACL)": 0.057045,
        "nAUC_Recall@3_diff1(MIRACL)": 0.303586,
        "nAUC_Recall@5_max(MIRACL)": 0.449076,
        "nAUC_Recall@5_std(MIRACL)": 0.169185,
        "nAUC_Recall@5_diff1(MIRACL)": 0.271729,
        "nAUC_Recall@10_max(MIRACL)": 0.515811,
        "nAUC_Recall@10_std(MIRACL)": 0.258393,
        "nAUC_Recall@10_diff1(MIRACL)": 0.243857,
        "nAUC_Recall@20_max(MIRACL)": 0.551826,
        "nAUC_Recall@20_std(MIRACL)": 0.312274,
        "nAUC_Recall@20_diff1(MIRACL)": 0.182476,
        "nAUC_Recall@100_max(MIRACL)": 0.552873,
        "nAUC_Recall@100_std(MIRACL)": 0.308858,
        "nAUC_Recall@100_diff1(MIRACL)": 0.072374,
        "nAUC_Recall@1000_max(MIRACL)": 0.552873,
        "nAUC_Recall@1000_std(MIRACL)": 0.308858,
        "nAUC_Recall@1000_diff1(MIRACL)": 0.072374,
        "nAUC_P@1_max(MIRACL)": 0.421264,
        "nAUC_P@1_std(MIRACL)": 0.073369,
        "nAUC_P@1_diff1(MIRACL)": 0.35218,
        "nAUC_P@3_max(MIRACL)": 0.460477,
        "nAUC_P@3_std(MIRACL)": 0.128151,
        "nAUC_P@3_diff1(MIRACL)": 0.220862,
        "nAUC_P@5_max(MIRACL)": 0.477288,
        "nAUC_P@5_std(MIRACL)": 0.195485,
        "nAUC_P@5_diff1(MIRACL)": 0.150892,
        "nAUC_P@10_max(MIRACL)": 0.426316,
        "nAUC_P@10_std(MIRACL)": 0.220434,
        "nAUC_P@10_diff1(MIRACL)": 0.080132,
        "nAUC_P@20_max(MIRACL)": 0.373037,
        "nAUC_P@20_std(MIRACL)": 0.205687,
        "nAUC_P@20_diff1(MIRACL)": 0.023734,
        "nAUC_P@100_max(MIRACL)": 0.269443,
        "nAUC_P@100_std(MIRACL)": 0.124971,
        "nAUC_P@100_diff1(MIRACL)": -0.045948,
        "nAUC_P@1000_max(MIRACL)": 0.269443,
        "nAUC_P@1000_std(MIRACL)": 0.124971,
        "nAUC_P@1000_diff1(MIRACL)": -0.045948,
        "main_score": 0.50152,
        "hf_subset": "fa",
        "languages": [
          "fas-Arab"
        ]
      }
    ]
  },
  "evaluation_time": 154.02478456497192,
  "kg_co2_emissions": null
}