{
  "dataset_revision": "d4ea898b644c8d5f608b60947cb637bebbf1ac66",
  "task_name": "NQ-Fa",
  "mteb_version": "1.34.14",
  "scores": {
    "test": [
      {
        "ndcg_at_1": 0.16107,
        "ndcg_at_3": 0.22076,
        "ndcg_at_5": 0.25312,
        "ndcg_at_10": 0.28766,
        "ndcg_at_20": 0.30943,
        "ndcg_at_100": 0.3401,
        "ndcg_at_1000": 0.36079,
        "map_at_1": 0.13842,
        "map_at_3": 0.19631,
        "map_at_5": 0.21493,
        "map_at_10": 0.22984,
        "map_at_20": 0.23618,
        "map_at_100": 0.2408,
        "map_at_1000": 0.24158,
        "recall_at_1": 0.13842,
        "recall_at_3": 0.26719,
        "recall_at_5": 0.34256,
        "recall_at_10": 0.44479,
        "recall_at_20": 0.52641,
        "recall_at_100": 0.68301,
        "recall_at_1000": 0.84173,
        "precision_at_1": 0.16107,
        "precision_at_3": 0.10535,
        "precision_at_5": 0.08134,
        "precision_at_10": 0.05304,
        "precision_at_20": 0.0316,
        "precision_at_100": 0.00828,
        "precision_at_1000": 0.00102,
        "mrr_at_1": 0.161066,
        "mrr_at_3": 0.221128,
        "mrr_at_5": 0.239016,
        "mrr_at_10": 0.252685,
        "mrr_at_20": 0.258433,
        "mrr_at_100": 0.262234,
        "mrr_at_1000": 0.262854,
        "nauc_ndcg_at_1_max": 0.21819,
        "nauc_ndcg_at_1_std": 0.044214,
        "nauc_ndcg_at_1_diff1": 0.320899,
        "nauc_ndcg_at_3_max": 0.229179,
        "nauc_ndcg_at_3_std": 0.054733,
        "nauc_ndcg_at_3_diff1": 0.282122,
        "nauc_ndcg_at_5_max": 0.244888,
        "nauc_ndcg_at_5_std": 0.071199,
        "nauc_ndcg_at_5_diff1": 0.267952,
        "nauc_ndcg_at_10_max": 0.272964,
        "nauc_ndcg_at_10_std": 0.099568,
        "nauc_ndcg_at_10_diff1": 0.265638,
        "nauc_ndcg_at_20_max": 0.288353,
        "nauc_ndcg_at_20_std": 0.119589,
        "nauc_ndcg_at_20_diff1": 0.266438,
        "nauc_ndcg_at_100_max": 0.303924,
        "nauc_ndcg_at_100_std": 0.151066,
        "nauc_ndcg_at_100_diff1": 0.269784,
        "nauc_ndcg_at_1000_max": 0.299942,
        "nauc_ndcg_at_1000_std": 0.148489,
        "nauc_ndcg_at_1000_diff1": 0.269212,
        "nauc_map_at_1_max": 0.207427,
        "nauc_map_at_1_std": 0.030839,
        "nauc_map_at_1_diff1": 0.324513,
        "nauc_map_at_3_max": 0.225001,
        "nauc_map_at_3_std": 0.048921,
        "nauc_map_at_3_diff1": 0.291958,
        "nauc_map_at_5_max": 0.236015,
        "nauc_map_at_5_std": 0.059193,
        "nauc_map_at_5_diff1": 0.283901,
        "nauc_map_at_10_max": 0.24943,
        "nauc_map_at_10_std": 0.072139,
        "nauc_map_at_10_diff1": 0.283153,
        "nauc_map_at_20_max": 0.254406,
        "nauc_map_at_20_std": 0.078474,
        "nauc_map_at_20_diff1": 0.283462,
        "nauc_map_at_100_max": 0.25718,
        "nauc_map_at_100_std": 0.083417,
        "nauc_map_at_100_diff1": 0.284007,
        "nauc_map_at_1000_max": 0.257024,
        "nauc_map_at_1000_std": 0.08336,
        "nauc_map_at_1000_diff1": 0.283965,
        "nauc_recall_at_1_max": 0.207427,
        "nauc_recall_at_1_std": 0.030839,
        "nauc_recall_at_1_diff1": 0.324513,
        "nauc_recall_at_3_max": 0.225888,
        "nauc_recall_at_3_std": 0.059579,
        "nauc_recall_at_3_diff1": 0.251573,
        "nauc_recall_at_5_max": 0.250895,
        "nauc_recall_at_5_std": 0.089004,
        "nauc_recall_at_5_diff1": 0.220191,
        "nauc_recall_at_10_max": 0.315996,
        "nauc_recall_at_10_std": 0.156613,
        "nauc_recall_at_10_diff1": 0.213412,
        "nauc_recall_at_20_max": 0.366529,
        "nauc_recall_at_20_std": 0.222567,
        "nauc_recall_at_20_diff1": 0.211975,
        "nauc_recall_at_100_max": 0.469949,
        "nauc_recall_at_100_std": 0.41539,
        "nauc_recall_at_100_diff1": 0.221274,
        "nauc_recall_at_1000_max": 0.550866,
        "nauc_recall_at_1000_std": 0.578194,
        "nauc_recall_at_1000_diff1": 0.189132,
        "nauc_precision_at_1_max": 0.21819,
        "nauc_precision_at_1_std": 0.044214,
        "nauc_precision_at_1_diff1": 0.320899,
        "nauc_precision_at_3_max": 0.251204,
        "nauc_precision_at_3_std": 0.082693,
        "nauc_precision_at_3_diff1": 0.251207,
        "nauc_precision_at_5_max": 0.280996,
        "nauc_precision_at_5_std": 0.118034,
        "nauc_precision_at_5_diff1": 0.221713,
        "nauc_precision_at_10_max": 0.335843,
        "nauc_precision_at_10_std": 0.183012,
        "nauc_precision_at_10_diff1": 0.202456,
        "nauc_precision_at_20_max": 0.366538,
        "nauc_precision_at_20_std": 0.238528,
        "nauc_precision_at_20_diff1": 0.19118,
        "nauc_precision_at_100_max": 0.375308,
        "nauc_precision_at_100_std": 0.345648,
        "nauc_precision_at_100_diff1": 0.154926,
        "nauc_precision_at_1000_max": 0.297396,
        "nauc_precision_at_1000_std": 0.327603,
        "nauc_precision_at_1000_diff1": 0.084965,
        "nauc_mrr_at_1_max": 0.21819,
        "nauc_mrr_at_1_std": 0.044214,
        "nauc_mrr_at_1_diff1": 0.320899,
        "nauc_mrr_at_3_max": 0.231013,
        "nauc_mrr_at_3_std": 0.057065,
        "nauc_mrr_at_3_diff1": 0.291329,
        "nauc_mrr_at_5_max": 0.239214,
        "nauc_mrr_at_5_std": 0.0667,
        "nauc_mrr_at_5_diff1": 0.282852,
        "nauc_mrr_at_10_max": 0.250089,
        "nauc_mrr_at_10_std": 0.078593,
        "nauc_mrr_at_10_diff1": 0.281211,
        "nauc_mrr_at_20_max": 0.253554,
        "nauc_mrr_at_20_std": 0.083465,
        "nauc_mrr_at_20_diff1": 0.281694,
        "nauc_mrr_at_100_max": 0.25531,
        "nauc_mrr_at_100_std": 0.086748,
        "nauc_mrr_at_100_diff1": 0.282477,
        "nauc_mrr_at_1000_max": 0.255176,
        "nauc_mrr_at_1000_std": 0.086597,
        "nauc_mrr_at_1000_diff1": 0.282484,
        "main_score": 0.28766,
        "hf_subset": "default",
        "languages": [
          "fas-Arab"
        ]
      }
    ]
  },
  "evaluation_time": 4909.983257293701,
  "kg_co2_emissions": null
}