{
  "dataset_revision": "ec675bb3ac50c1a52317c101fe1d724b4601f47a",
  "task_name": "ParsinluQueryParaphPC",
  "mteb_version": "1.34.14",
  "scores": {
    "test": [
      {
        "similarity_accuracy": 0.816284,
        "similarity_accuracy_threshold": 0.838064,
        "similarity_f1": 0.776583,
        "similarity_f1_threshold": 0.800426,
        "similarity_precision": 0.77381,
        "similarity_recall": 0.779376,
        "similarity_ap": 0.863717,
        "cosine_accuracy": 0.816284,
        "cosine_accuracy_threshold": 0.838064,
        "cosine_f1": 0.776583,
        "cosine_f1_threshold": 0.800426,
        "cosine_precision": 0.77381,
        "cosine_recall": 0.779376,
        "cosine_ap": 0.863717,
        "manhattan_accuracy": 0.812109,
        "manhattan_accuracy_threshold": 343.818542,
        "manhattan_f1": 0.771681,
        "manhattan_f1_threshold": 383.232971,
        "manhattan_precision": 0.759582,
        "manhattan_recall": 0.784173,
        "manhattan_ap": 0.860221,
        "euclidean_accuracy": 0.816284,
        "euclidean_accuracy_threshold": 15.710875,
        "euclidean_f1": 0.776583,
        "euclidean_f1_threshold": 17.441391,
        "euclidean_precision": 0.77381,
        "euclidean_recall": 0.779376,
        "euclidean_ap": 0.863648,
        "dot_accuracy": 0.816284,
        "dot_accuracy_threshold": 638.710571,
        "dot_f1": 0.776583,
        "dot_f1_threshold": 610.026978,
        "dot_precision": 0.77381,
        "dot_recall": 0.779376,
        "dot_ap": 0.864298,
        "max_accuracy": 0.816284,
        "max_f1": 0.776583,
        "max_precision": 0.77381,
        "max_recall": 0.784173,
        "max_ap": 0.864298,
        "main_score": 0.864298,
        "hf_subset": "default",
        "languages": [
          "fas-Arab"
        ]
      }
    ]
  },
  "evaluation_time": 0.996600866317749,
  "kg_co2_emissions": null
}