{
  "dataset_revision": "b3dc818368a867b30ccb55a42ff287d253512c36",
  "task_name": "PersianWebDocumentRetrieval",
  "mteb_version": "1.34.14",
  "scores": {
    "test": [
      {
        "ndcg_at_1": 0.41115,
        "ndcg_at_3": 0.37452,
        "ndcg_at_5": 0.3603,
        "ndcg_at_10": 0.34674,
        "ndcg_at_20": 0.35704,
        "ndcg_at_100": 0.42851,
        "ndcg_at_1000": 0.47626,
        "map_at_1": 0.06459,
        "map_at_3": 0.125,
        "map_at_5": 0.16095,
        "map_at_10": 0.2027,
        "map_at_20": 0.23479,
        "map_at_100": 0.26424,
        "map_at_1000": 0.2704,
        "recall_at_1": 0.06459,
        "recall_at_3": 0.14839,
        "recall_at_5": 0.21013,
        "recall_at_10": 0.29986,
        "recall_at_20": 0.40023,
        "recall_at_100": 0.58413,
        "recall_at_1000": 0.75183,
        "precision_at_1": 0.41115,
        "precision_at_3": 0.34841,
        "precision_at_5": 0.30726,
        "precision_at_10": 0.23617,
        "precision_at_20": 0.1684,
        "precision_at_100": 0.05523,
        "precision_at_1000": 0.00769,
        "mrr_at_1": 0.411146,
        "mrr_at_3": 0.487907,
        "mrr_at_5": 0.499211,
        "mrr_at_10": 0.507877,
        "mrr_at_20": 0.511618,
        "mrr_at_100": 0.513057,
        "mrr_at_1000": 0.513196,
        "nauc_ndcg_at_1_max": 0.228705,
        "nauc_ndcg_at_1_std": 0.092775,
        "nauc_ndcg_at_1_diff1": 0.246727,
        "nauc_ndcg_at_3_max": 0.276099,
        "nauc_ndcg_at_3_std": 0.117964,
        "nauc_ndcg_at_3_diff1": 0.202108,
        "nauc_ndcg_at_5_max": 0.300568,
        "nauc_ndcg_at_5_std": 0.127758,
        "nauc_ndcg_at_5_diff1": 0.202064,
        "nauc_ndcg_at_10_max": 0.345609,
        "nauc_ndcg_at_10_std": 0.162493,
        "nauc_ndcg_at_10_diff1": 0.209601,
        "nauc_ndcg_at_20_max": 0.371733,
        "nauc_ndcg_at_20_std": 0.200912,
        "nauc_ndcg_at_20_diff1": 0.195789,
        "nauc_ndcg_at_100_max": 0.417221,
        "nauc_ndcg_at_100_std": 0.290083,
        "nauc_ndcg_at_100_diff1": 0.206146,
        "nauc_ndcg_at_1000_max": 0.419904,
        "nauc_ndcg_at_1000_std": 0.290513,
        "nauc_ndcg_at_1000_diff1": 0.217131,
        "nauc_map_at_1_max": 0.125645,
        "nauc_map_at_1_std": -0.021991,
        "nauc_map_at_1_diff1": 0.261771,
        "nauc_map_at_3_max": 0.197289,
        "nauc_map_at_3_std": 0.042342,
        "nauc_map_at_3_diff1": 0.191097,
        "nauc_map_at_5_max": 0.246407,
        "nauc_map_at_5_std": 0.062776,
        "nauc_map_at_5_diff1": 0.174855,
        "nauc_map_at_10_max": 0.292439,
        "nauc_map_at_10_std": 0.109817,
        "nauc_map_at_10_diff1": 0.168952,
        "nauc_map_at_20_max": 0.326074,
        "nauc_map_at_20_std": 0.153536,
        "nauc_map_at_20_diff1": 0.169586,
        "nauc_map_at_100_max": 0.354093,
        "nauc_map_at_100_std": 0.202958,
        "nauc_map_at_100_diff1": 0.175063,
        "nauc_map_at_1000_max": 0.356091,
        "nauc_map_at_1000_std": 0.206282,
        "nauc_map_at_1000_diff1": 0.176917,
        "nauc_recall_at_1_max": 0.125645,
        "nauc_recall_at_1_std": -0.021991,
        "nauc_recall_at_1_diff1": 0.261771,
        "nauc_recall_at_3_max": 0.201411,
        "nauc_recall_at_3_std": 0.059376,
        "nauc_recall_at_3_diff1": 0.173321,
        "nauc_recall_at_5_max": 0.242372,
        "nauc_recall_at_5_std": 0.070757,
        "nauc_recall_at_5_diff1": 0.154608,
        "nauc_recall_at_10_max": 0.299849,
        "nauc_recall_at_10_std": 0.132809,
        "nauc_recall_at_10_diff1": 0.146318,
        "nauc_recall_at_20_max": 0.341568,
        "nauc_recall_at_20_std": 0.207296,
        "nauc_recall_at_20_diff1": 0.144662,
        "nauc_recall_at_100_max": 0.447146,
        "nauc_recall_at_100_std": 0.405311,
        "nauc_recall_at_100_diff1": 0.166393,
        "nauc_recall_at_1000_max": 0.516591,
        "nauc_recall_at_1000_std": 0.467126,
        "nauc_recall_at_1000_diff1": 0.210563,
        "nauc_precision_at_1_max": 0.228705,
        "nauc_precision_at_1_std": 0.092775,
        "nauc_precision_at_1_diff1": 0.246727,
        "nauc_precision_at_3_max": 0.299869,
        "nauc_precision_at_3_std": 0.14567,
        "nauc_precision_at_3_diff1": 0.168126,
        "nauc_precision_at_5_max": 0.322665,
        "nauc_precision_at_5_std": 0.165038,
        "nauc_precision_at_5_diff1": 0.143366,
        "nauc_precision_at_10_max": 0.355021,
        "nauc_precision_at_10_std": 0.222002,
        "nauc_precision_at_10_diff1": 0.142367,
        "nauc_precision_at_20_max": 0.358187,
        "nauc_precision_at_20_std": 0.270754,
        "nauc_precision_at_20_diff1": 0.126457,
        "nauc_precision_at_100_max": 0.328194,
        "nauc_precision_at_100_std": 0.329194,
        "nauc_precision_at_100_diff1": 0.116058,
        "nauc_precision_at_1000_max": 0.227366,
        "nauc_precision_at_1000_std": 0.225301,
        "nauc_precision_at_1000_diff1": 0.107051,
        "nauc_mrr_at_1_max": 0.228705,
        "nauc_mrr_at_1_std": 0.092775,
        "nauc_mrr_at_1_diff1": 0.246727,
        "nauc_mrr_at_3_max": 0.290931,
        "nauc_mrr_at_3_std": 0.145031,
        "nauc_mrr_at_3_diff1": 0.253279,
        "nauc_mrr_at_5_max": 0.297881,
        "nauc_mrr_at_5_std": 0.151618,
        "nauc_mrr_at_5_diff1": 0.257134,
        "nauc_mrr_at_10_max": 0.306939,
        "nauc_mrr_at_10_std": 0.15603,
        "nauc_mrr_at_10_diff1": 0.257794,
        "nauc_mrr_at_20_max": 0.306158,
        "nauc_mrr_at_20_std": 0.155931,
        "nauc_mrr_at_20_diff1": 0.257179,
        "nauc_mrr_at_100_max": 0.305615,
        "nauc_mrr_at_100_std": 0.15679,
        "nauc_mrr_at_100_diff1": 0.256772,
        "nauc_mrr_at_1000_max": 0.305578,
        "nauc_mrr_at_1000_std": 0.156616,
        "nauc_mrr_at_1000_diff1": 0.256795,
        "main_score": 0.34674,
        "hf_subset": "default",
        "languages": [
          "fas-Arab"
        ]
      }
    ]
  },
  "evaluation_time": 195.73051476478577,
  "kg_co2_emissions": null
}