{
  "dataset_revision": "da8f36a723da155738f5e3d8d84d543589bd5083",
  "task_name": "SynPerChatbotRAGTopicsRetrieval",
  "mteb_version": "1.34.14",
  "scores": {
    "test": [
      {
        "ndcg_at_1": 0.48942,
        "ndcg_at_3": 0.38061,
        "ndcg_at_5": 0.42729,
        "ndcg_at_10": 0.4961,
        "ndcg_at_20": 0.5421,
        "ndcg_at_100": 0.58922,
        "ndcg_at_1000": 0.60873,
        "map_at_1": 0.15432,
        "map_at_3": 0.26399,
        "map_at_5": 0.31061,
        "map_at_10": 0.35465,
        "map_at_20": 0.37702,
        "map_at_100": 0.39001,
        "map_at_1000": 0.39146,
        "recall_at_1": 0.15432,
        "recall_at_3": 0.32548,
        "recall_at_5": 0.43445,
        "recall_at_10": 0.58168,
        "recall_at_20": 0.70708,
        "recall_at_100": 0.87925,
        "recall_at_1000": 0.98645,
        "precision_at_1": 0.48942,
        "precision_at_3": 0.34683,
        "precision_at_5": 0.27893,
        "precision_at_10": 0.18684,
        "precision_at_20": 0.11371,
        "precision_at_100": 0.02833,
        "precision_at_1000": 0.00318,
        "mrr_at_1": 0.48942,
        "mrr_at_3": 0.613155,
        "mrr_at_5": 0.635603,
        "mrr_at_10": 0.644925,
        "mrr_at_20": 0.647605,
        "mrr_at_100": 0.648325,
        "mrr_at_1000": 0.648368,
        "nauc_ndcg_at_1_max": 0.231385,
        "nauc_ndcg_at_1_std": -0.047835,
        "nauc_ndcg_at_1_diff1": 0.360015,
        "nauc_ndcg_at_3_max": 0.180468,
        "nauc_ndcg_at_3_std": -0.079969,
        "nauc_ndcg_at_3_diff1": 0.24317,
        "nauc_ndcg_at_5_max": 0.195127,
        "nauc_ndcg_at_5_std": -0.063593,
        "nauc_ndcg_at_5_diff1": 0.234848,
        "nauc_ndcg_at_10_max": 0.18457,
        "nauc_ndcg_at_10_std": -0.051826,
        "nauc_ndcg_at_10_diff1": 0.215541,
        "nauc_ndcg_at_20_max": 0.178271,
        "nauc_ndcg_at_20_std": -0.038237,
        "nauc_ndcg_at_20_diff1": 0.207303,
        "nauc_ndcg_at_100_max": 0.17746,
        "nauc_ndcg_at_100_std": -0.039241,
        "nauc_ndcg_at_100_diff1": 0.233396,
        "nauc_ndcg_at_1000_max": 0.182976,
        "nauc_ndcg_at_1000_std": -0.051411,
        "nauc_ndcg_at_1000_diff1": 0.240261,
        "nauc_map_at_1_max": 0.248352,
        "nauc_map_at_1_std": -0.029368,
        "nauc_map_at_1_diff1": 0.341865,
        "nauc_map_at_3_max": 0.206916,
        "nauc_map_at_3_std": -0.052462,
        "nauc_map_at_3_diff1": 0.244715,
        "nauc_map_at_5_max": 0.198234,
        "nauc_map_at_5_std": -0.047793,
        "nauc_map_at_5_diff1": 0.227018,
        "nauc_map_at_10_max": 0.190671,
        "nauc_map_at_10_std": -0.040171,
        "nauc_map_at_10_diff1": 0.212278,
        "nauc_map_at_20_max": 0.188433,
        "nauc_map_at_20_std": -0.036109,
        "nauc_map_at_20_diff1": 0.208047,
        "nauc_map_at_100_max": 0.187974,
        "nauc_map_at_100_std": -0.03601,
        "nauc_map_at_100_diff1": 0.214893,
        "nauc_map_at_1000_max": 0.188048,
        "nauc_map_at_1000_std": -0.037006,
        "nauc_map_at_1000_diff1": 0.215044,
        "nauc_recall_at_1_max": 0.248352,
        "nauc_recall_at_1_std": -0.029368,
        "nauc_recall_at_1_diff1": 0.341865,
        "nauc_recall_at_3_max": 0.18912,
        "nauc_recall_at_3_std": -0.073356,
        "nauc_recall_at_3_diff1": 0.19181,
        "nauc_recall_at_5_max": 0.156962,
        "nauc_recall_at_5_std": -0.054918,
        "nauc_recall_at_5_diff1": 0.14886,
        "nauc_recall_at_10_max": 0.117094,
        "nauc_recall_at_10_std": -0.019558,
        "nauc_recall_at_10_diff1": 0.085634,
        "nauc_recall_at_20_max": 0.086025,
        "nauc_recall_at_20_std": 0.026476,
        "nauc_recall_at_20_diff1": 0.037961,
        "nauc_recall_at_100_max": 0.037179,
        "nauc_recall_at_100_std": 0.067166,
        "nauc_recall_at_100_diff1": 0.07865,
        "nauc_recall_at_1000_max": -0.112674,
        "nauc_recall_at_1000_std": -0.020602,
        "nauc_recall_at_1000_diff1": 0.023729,
        "nauc_precision_at_1_max": 0.231385,
        "nauc_precision_at_1_std": -0.047835,
        "nauc_precision_at_1_diff1": 0.360015,
        "nauc_precision_at_3_max": 0.140855,
        "nauc_precision_at_3_std": -0.094783,
        "nauc_precision_at_3_diff1": 0.182645,
        "nauc_precision_at_5_max": 0.10023,
        "nauc_precision_at_5_std": -0.07535,
        "nauc_precision_at_5_diff1": 0.133307,
        "nauc_precision_at_10_max": 0.046209,
        "nauc_precision_at_10_std": -0.04902,
        "nauc_precision_at_10_diff1": 0.06639,
        "nauc_precision_at_20_max": -0.003543,
        "nauc_precision_at_20_std": -0.013336,
        "nauc_precision_at_20_diff1": 0.013826,
        "nauc_precision_at_100_max": -0.102969,
        "nauc_precision_at_100_std": -0.014788,
        "nauc_precision_at_100_diff1": 0.018171,
        "nauc_precision_at_1000_max": -0.205113,
        "nauc_precision_at_1000_std": -0.091845,
        "nauc_precision_at_1000_diff1": -0.037105,
        "nauc_mrr_at_1_max": 0.217137,
        "nauc_mrr_at_1_std": -0.056242,
        "nauc_mrr_at_1_diff1": 0.360015,
        "nauc_mrr_at_3_max": 0.213289,
        "nauc_mrr_at_3_std": -0.09327,
        "nauc_mrr_at_3_diff1": 0.327073,
        "nauc_mrr_at_5_max": 0.208145,
        "nauc_mrr_at_5_std": -0.09274,
        "nauc_mrr_at_5_diff1": 0.329194,
        "nauc_mrr_at_10_max": 0.208356,
        "nauc_mrr_at_10_std": -0.091482,
        "nauc_mrr_at_10_diff1": 0.334894,
        "nauc_mrr_at_20_max": 0.207513,
        "nauc_mrr_at_20_std": -0.089577,
        "nauc_mrr_at_20_diff1": 0.335824,
        "nauc_mrr_at_100_max": 0.208064,
        "nauc_mrr_at_100_std": -0.088982,
        "nauc_mrr_at_100_diff1": 0.33537,
        "nauc_mrr_at_1000_max": 0.208127,
        "nauc_mrr_at_1000_std": -0.088949,
        "nauc_mrr_at_1000_diff1": 0.335363,
        "main_score": 0.4961,
        "hf_subset": "default",
        "languages": [
          "fas-Arab"
        ]
      }
    ]
  },
  "evaluation_time": 7.029596567153931,
  "kg_co2_emissions": null
}