{
  "dataset_revision": "35dd709a0d846ae987541cf8ca978562636260f0",
  "task_name": "NeuCLIR2022RetrievalHardNegatives",
  "mteb_version": "1.38.33",
  "scores": {
    "test": [
      {
        "ndcg_at_1": 0.4963,
        "ndcg_at_3": 0.45846,
        "ndcg_at_5": 0.47675,
        "ndcg_at_10": 0.49348,
        "ndcg_at_20": 0.51904,
        "ndcg_at_100": 0.61958,
        "ndcg_at_1000": 0.66929,
        "map_at_1": 0.08431,
        "map_at_3": 0.14211,
        "map_at_5": 0.18336,
        "map_at_10": 0.24133,
        "map_at_20": 0.29357,
        "map_at_100": 0.41271,
        "map_at_1000": 0.46349,
        "recall_at_1": 0.08431,
        "recall_at_3": 0.17136,
        "recall_at_5": 0.24828,
        "recall_at_10": 0.34918,
        "recall_at_20": 0.45997,
        "recall_at_100": 0.81725,
        "recall_at_1000": 0.9963,
        "precision_at_1": 0.55556,
        "precision_at_3": 0.5037,
        "precision_at_5": 0.48889,
        "precision_at_10": 0.43111,
        "precision_at_20": 0.35667,
        "precision_at_100": 0.20422,
        "precision_at_1000": 0.03251,
        "mrr_at_1": 0.555556,
        "mrr_at_3": 0.651852,
        "mrr_at_5": 0.677407,
        "mrr_at_10": 0.685979,
        "mrr_at_20": 0.685979,
        "mrr_at_100": 0.685979,
        "mrr_at_1000": 0.686086,
        "nauc_ndcg_at_1_max": 0.246577,
        "nauc_ndcg_at_1_std": 0.174611,
        "nauc_ndcg_at_1_diff1": 0.231789,
        "nauc_ndcg_at_3_max": 0.058826,
        "nauc_ndcg_at_3_std": -0.001336,
        "nauc_ndcg_at_3_diff1": 0.293566,
        "nauc_ndcg_at_5_max": 0.067883,
        "nauc_ndcg_at_5_std": -0.025288,
        "nauc_ndcg_at_5_diff1": 0.279807,
        "nauc_ndcg_at_10_max": 0.064302,
        "nauc_ndcg_at_10_std": -0.063107,
        "nauc_ndcg_at_10_diff1": 0.322024,
        "nauc_ndcg_at_20_max": 0.074021,
        "nauc_ndcg_at_20_std": -0.022681,
        "nauc_ndcg_at_20_diff1": 0.318932,
        "nauc_ndcg_at_100_max": 0.137704,
        "nauc_ndcg_at_100_std": 0.07767,
        "nauc_ndcg_at_100_diff1": 0.268472,
        "nauc_ndcg_at_1000_max": 0.15374,
        "nauc_ndcg_at_1000_std": 0.10191,
        "nauc_ndcg_at_1000_diff1": 0.243286,
        "nauc_map_at_1_max": -0.013877,
        "nauc_map_at_1_std": -0.059885,
        "nauc_map_at_1_diff1": 0.568214,
        "nauc_map_at_3_max": -0.034178,
        "nauc_map_at_3_std": -0.09328,
        "nauc_map_at_3_diff1": 0.48171,
        "nauc_map_at_5_max": -0.014609,
        "nauc_map_at_5_std": -0.075782,
        "nauc_map_at_5_diff1": 0.401076,
        "nauc_map_at_10_max": -0.018004,
        "nauc_map_at_10_std": -0.108485,
        "nauc_map_at_10_diff1": 0.377669,
        "nauc_map_at_20_max": -0.003406,
        "nauc_map_at_20_std": -0.079005,
        "nauc_map_at_20_diff1": 0.357227,
        "nauc_map_at_100_max": 0.106764,
        "nauc_map_at_100_std": 0.064635,
        "nauc_map_at_100_diff1": 0.298319,
        "nauc_map_at_1000_max": 0.165139,
        "nauc_map_at_1000_std": 0.088165,
        "nauc_map_at_1000_diff1": 0.239787,
        "nauc_recall_at_1_max": -0.013877,
        "nauc_recall_at_1_std": -0.059885,
        "nauc_recall_at_1_diff1": 0.568214,
        "nauc_recall_at_3_max": -0.071504,
        "nauc_recall_at_3_std": -0.145689,
        "nauc_recall_at_3_diff1": 0.458325,
        "nauc_recall_at_5_max": -0.019638,
        "nauc_recall_at_5_std": -0.109815,
        "nauc_recall_at_5_diff1": 0.374234,
        "nauc_recall_at_10_max": -0.026528,
        "nauc_recall_at_10_std": -0.145842,
        "nauc_recall_at_10_diff1": 0.350901,
        "nauc_recall_at_20_max": 0.0065,
        "nauc_recall_at_20_std": -0.069331,
        "nauc_recall_at_20_diff1": 0.313596,
        "nauc_recall_at_100_max": 0.226195,
        "nauc_recall_at_100_std": 0.230152,
        "nauc_recall_at_100_diff1": 0.119549,
        "nauc_recall_at_1000_max": 0.674097,
        "nauc_recall_at_1000_std": 0.502003,
        "nauc_recall_at_1000_diff1": 0.308071,
        "nauc_precision_at_1_max": 0.281546,
        "nauc_precision_at_1_std": 0.231983,
        "nauc_precision_at_1_diff1": 0.281501,
        "nauc_precision_at_3_max": 0.077513,
        "nauc_precision_at_3_std": 0.037425,
        "nauc_precision_at_3_diff1": 0.125599,
        "nauc_precision_at_5_max": 0.159395,
        "nauc_precision_at_5_std": 0.110156,
        "nauc_precision_at_5_diff1": -0.036871,
        "nauc_precision_at_10_max": 0.134159,
        "nauc_precision_at_10_std": 0.065566,
        "nauc_precision_at_10_diff1": -0.015624,
        "nauc_precision_at_20_max": 0.170112,
        "nauc_precision_at_20_std": 0.14289,
        "nauc_precision_at_20_diff1": -0.091368,
        "nauc_precision_at_100_max": 0.195737,
        "nauc_precision_at_100_std": 0.154058,
        "nauc_precision_at_100_diff1": -0.101967,
        "nauc_precision_at_1000_max": 0.188015,
        "nauc_precision_at_1000_std": 0.084742,
        "nauc_precision_at_1000_diff1": -0.104581,
        "nauc_mrr_at_1_max": 0.281546,
        "nauc_mrr_at_1_std": 0.231983,
        "nauc_mrr_at_1_diff1": 0.281501,
        "nauc_mrr_at_3_max": 0.20953,
        "nauc_mrr_at_3_std": 0.145584,
        "nauc_mrr_at_3_diff1": 0.304443,
        "nauc_mrr_at_5_max": 0.260414,
        "nauc_mrr_at_5_std": 0.193995,
        "nauc_mrr_at_5_diff1": 0.319779,
        "nauc_mrr_at_10_max": 0.249668,
        "nauc_mrr_at_10_std": 0.189044,
        "nauc_mrr_at_10_diff1": 0.307858,
        "nauc_mrr_at_20_max": 0.249668,
        "nauc_mrr_at_20_std": 0.189044,
        "nauc_mrr_at_20_diff1": 0.307858,
        "nauc_mrr_at_100_max": 0.249668,
        "nauc_mrr_at_100_std": 0.189044,
        "nauc_mrr_at_100_diff1": 0.307858,
        "nauc_mrr_at_1000_max": 0.249341,
        "nauc_mrr_at_1000_std": 0.188691,
        "nauc_mrr_at_1000_diff1": 0.307751,
        "main_score": 0.51904,
        "hf_subset": "fas",
        "languages": [
          "fas-Arab"
        ]
      }
    ]
  },
  "evaluation_time": 325.19808626174927,
  "kg_co2_emissions": null
}