{
  "dataset_revision": "fa97814be356fe4d18caadb457b4469bd34019ca",
  "task_name": "ArguAna-Fa",
  "mteb_version": "1.34.14",
  "scores": {
    "test": [
      {
        "ndcg_at_1": 0.20555,
        "ndcg_at_3": 0.32519,
        "ndcg_at_5": 0.38359,
        "ndcg_at_10": 0.43421,
        "ndcg_at_20": 0.46744,
        "ndcg_at_100": 0.48774,
        "ndcg_at_1000": 0.49288,
        "map_at_1": 0.20555,
        "map_at_3": 0.29445,
        "map_at_5": 0.32692,
        "map_at_10": 0.34783,
        "map_at_20": 0.35702,
        "map_at_100": 0.35998,
        "map_at_1000": 0.36017,
        "recall_at_1": 0.20555,
        "recall_at_3": 0.41465,
        "recall_at_5": 0.55619,
        "recall_at_10": 0.71266,
        "recall_at_20": 0.84353,
        "recall_at_100": 0.95092,
        "recall_at_1000": 0.99147,
        "precision_at_1": 0.20555,
        "precision_at_3": 0.13822,
        "precision_at_5": 0.11124,
        "precision_at_10": 0.07127,
        "precision_at_20": 0.04218,
        "precision_at_100": 0.00951,
        "precision_at_1000": 0.00099,
        "mrr_at_1": 0.20697,
        "mrr_at_3": 0.294097,
        "mrr_at_5": 0.327596,
        "mrr_at_10": 0.348646,
        "mrr_at_20": 0.357736,
        "mrr_at_100": 0.360662,
        "mrr_at_1000": 0.360854,
        "nauc_ndcg_at_1_max": -0.035601,
        "nauc_ndcg_at_1_std": -0.054829,
        "nauc_ndcg_at_1_diff1": 0.124479,
        "nauc_ndcg_at_3_max": 0.006733,
        "nauc_ndcg_at_3_std": -0.029827,
        "nauc_ndcg_at_3_diff1": 0.112222,
        "nauc_ndcg_at_5_max": 0.024445,
        "nauc_ndcg_at_5_std": -0.018163,
        "nauc_ndcg_at_5_diff1": 0.110171,
        "nauc_ndcg_at_10_max": 0.024695,
        "nauc_ndcg_at_10_std": -0.024232,
        "nauc_ndcg_at_10_diff1": 0.082734,
        "nauc_ndcg_at_20_max": 0.023166,
        "nauc_ndcg_at_20_std": -0.007451,
        "nauc_ndcg_at_20_diff1": 0.094042,
        "nauc_ndcg_at_100_max": 0.017818,
        "nauc_ndcg_at_100_std": -0.010056,
        "nauc_ndcg_at_100_diff1": 0.102956,
        "nauc_ndcg_at_1000_max": 0.013368,
        "nauc_ndcg_at_1000_std": -0.016183,
        "nauc_ndcg_at_1000_diff1": 0.101994,
        "nauc_map_at_1_max": -0.035601,
        "nauc_map_at_1_std": -0.054829,
        "nauc_map_at_1_diff1": 0.124479,
        "nauc_map_at_3_max": -0.003751,
        "nauc_map_at_3_std": -0.037262,
        "nauc_map_at_3_diff1": 0.115033,
        "nauc_map_at_5_max": 0.006263,
        "nauc_map_at_5_std": -0.030527,
        "nauc_map_at_5_diff1": 0.113922,
        "nauc_map_at_10_max": 0.005383,
        "nauc_map_at_10_std": -0.033408,
        "nauc_map_at_10_diff1": 0.102807,
        "nauc_map_at_20_max": 0.004641,
        "nauc_map_at_20_std": -0.029426,
        "nauc_map_at_20_diff1": 0.106011,
        "nauc_map_at_100_max": 0.004304,
        "nauc_map_at_100_std": -0.029367,
        "nauc_map_at_100_diff1": 0.107484,
        "nauc_map_at_1000_max": 0.004132,
        "nauc_map_at_1000_std": -0.029549,
        "nauc_map_at_1000_diff1": 0.107424,
        "nauc_recall_at_1_max": -0.035601,
        "nauc_recall_at_1_std": -0.054829,
        "nauc_recall_at_1_diff1": 0.124479,
        "nauc_recall_at_3_max": 0.03443,
        "nauc_recall_at_3_std": -0.009782,
        "nauc_recall_at_3_diff1": 0.104868,
        "nauc_recall_at_5_max": 0.077742,
        "nauc_recall_at_5_std": 0.018305,
        "nauc_recall_at_5_diff1": 0.099407,
        "nauc_recall_at_10_max": 0.098197,
        "nauc_recall_at_10_std": 0.008142,
        "nauc_recall_at_10_diff1": -0.002286,
        "nauc_recall_at_20_max": 0.13564,
        "nauc_recall_at_20_std": 0.150034,
        "nauc_recall_at_20_diff1": 0.022192,
        "nauc_recall_at_100_max": 0.180215,
        "nauc_recall_at_100_std": 0.34814,
        "nauc_recall_at_100_diff1": 0.099632,
        "nauc_recall_at_1000_max": -0.017506,
        "nauc_recall_at_1000_std": 0.602071,
        "nauc_recall_at_1000_diff1": -0.08676,
        "nauc_precision_at_1_max": -0.035601,
        "nauc_precision_at_1_std": -0.054829,
        "nauc_precision_at_1_diff1": 0.124479,
        "nauc_precision_at_3_max": 0.03443,
        "nauc_precision_at_3_std": -0.009782,
        "nauc_precision_at_3_diff1": 0.104868,
        "nauc_precision_at_5_max": 0.077742,
        "nauc_precision_at_5_std": 0.018305,
        "nauc_precision_at_5_diff1": 0.099407,
        "nauc_precision_at_10_max": 0.098197,
        "nauc_precision_at_10_std": 0.008142,
        "nauc_precision_at_10_diff1": -0.002286,
        "nauc_precision_at_20_max": 0.13564,
        "nauc_precision_at_20_std": 0.150034,
        "nauc_precision_at_20_diff1": 0.022192,
        "nauc_precision_at_100_max": 0.180215,
        "nauc_precision_at_100_std": 0.34814,
        "nauc_precision_at_100_diff1": 0.099632,
        "nauc_precision_at_1000_max": -0.017506,
        "nauc_precision_at_1000_std": 0.602071,
        "nauc_precision_at_1000_diff1": -0.08676,
        "nauc_mrr_at_1_max": -0.034053,
        "nauc_mrr_at_1_std": -0.055607,
        "nauc_mrr_at_1_diff1": 0.119285,
        "nauc_mrr_at_3_max": -0.009675,
        "nauc_mrr_at_3_std": -0.040368,
        "nauc_mrr_at_3_diff1": 0.10611,
        "nauc_mrr_at_5_max": 0.004546,
        "nauc_mrr_at_5_std": -0.030322,
        "nauc_mrr_at_5_diff1": 0.109121,
        "nauc_mrr_at_10_max": 0.003636,
        "nauc_mrr_at_10_std": -0.032897,
        "nauc_mrr_at_10_diff1": 0.097924,
        "nauc_mrr_at_20_max": 0.002542,
        "nauc_mrr_at_20_std": -0.029261,
        "nauc_mrr_at_20_diff1": 0.10059,
        "nauc_mrr_at_100_max": 0.00223,
        "nauc_mrr_at_100_std": -0.029192,
        "nauc_mrr_at_100_diff1": 0.102107,
        "nauc_mrr_at_1000_max": 0.002058,
        "nauc_mrr_at_1000_std": -0.029374,
        "nauc_mrr_at_1000_diff1": 0.102044,
        "main_score": 0.43421,
        "hf_subset": "default",
        "languages": [
          "fas-Arab"
        ]
      }
    ]
  },
  "evaluation_time": 33.01294183731079,
  "kg_co2_emissions": null
}