{
  "dataset_revision": "506f29f8ce59648efe99afee736b0b158eced516",
  "task_name": "CQADupstackWebmastersRetrieval-Fa",
  "mteb_version": "1.34.14",
  "scores": {
    "test": [
      {
        "ndcg_at_1": 0.1087,
        "ndcg_at_3": 0.14296,
        "ndcg_at_5": 0.15152,
        "ndcg_at_10": 0.1666,
        "ndcg_at_20": 0.1763,
        "ndcg_at_100": 0.20493,
        "ndcg_at_1000": 0.24147,
        "map_at_1": 0.09225,
        "map_at_3": 0.12323,
        "map_at_5": 0.12863,
        "map_at_10": 0.13561,
        "map_at_20": 0.13853,
        "map_at_100": 0.14283,
        "map_at_1000": 0.14427,
        "recall_at_1": 0.09225,
        "recall_at_3": 0.16173,
        "recall_at_5": 0.1844,
        "recall_at_10": 0.23028,
        "recall_at_20": 0.26778,
        "recall_at_100": 0.41631,
        "recall_at_1000": 0.68017,
        "precision_at_1": 0.1087,
        "precision_at_3": 0.06851,
        "precision_at_5": 0.0498,
        "precision_at_10": 0.0336,
        "precision_at_20": 0.02154,
        "precision_at_100": 0.00747,
        "precision_at_1000": 0.0015,
        "mrr_at_1": 0.108696,
        "mrr_at_3": 0.145257,
        "mrr_at_5": 0.152569,
        "mrr_at_10": 0.15931,
        "mrr_at_20": 0.16264,
        "mrr_at_100": 0.166144,
        "mrr_at_1000": 0.167078,
        "nauc_ndcg_at_1_max": 0.146011,
        "nauc_ndcg_at_1_std": -0.015337,
        "nauc_ndcg_at_1_diff1": 0.32835,
        "nauc_ndcg_at_3_max": 0.11652,
        "nauc_ndcg_at_3_std": 0.028631,
        "nauc_ndcg_at_3_diff1": 0.245842,
        "nauc_ndcg_at_5_max": 0.092971,
        "nauc_ndcg_at_5_std": 0.017682,
        "nauc_ndcg_at_5_diff1": 0.237668,
        "nauc_ndcg_at_10_max": 0.072401,
        "nauc_ndcg_at_10_std": 0.015041,
        "nauc_ndcg_at_10_diff1": 0.208901,
        "nauc_ndcg_at_20_max": 0.063549,
        "nauc_ndcg_at_20_std": 0.010187,
        "nauc_ndcg_at_20_diff1": 0.207147,
        "nauc_ndcg_at_100_max": 0.074589,
        "nauc_ndcg_at_100_std": 0.021041,
        "nauc_ndcg_at_100_diff1": 0.21125,
        "nauc_ndcg_at_1000_max": 0.083483,
        "nauc_ndcg_at_1000_std": 0.044731,
        "nauc_ndcg_at_1000_diff1": 0.201805,
        "nauc_map_at_1_max": 0.1284,
        "nauc_map_at_1_std": -0.018803,
        "nauc_map_at_1_diff1": 0.325531,
        "nauc_map_at_3_max": 0.122449,
        "nauc_map_at_3_std": 0.013826,
        "nauc_map_at_3_diff1": 0.266396,
        "nauc_map_at_5_max": 0.10843,
        "nauc_map_at_5_std": 0.008274,
        "nauc_map_at_5_diff1": 0.261198,
        "nauc_map_at_10_max": 0.097721,
        "nauc_map_at_10_std": 0.007966,
        "nauc_map_at_10_diff1": 0.245308,
        "nauc_map_at_20_max": 0.093915,
        "nauc_map_at_20_std": 0.007256,
        "nauc_map_at_20_diff1": 0.244041,
        "nauc_map_at_100_max": 0.094928,
        "nauc_map_at_100_std": 0.009007,
        "nauc_map_at_100_diff1": 0.244338,
        "nauc_map_at_1000_max": 0.094916,
        "nauc_map_at_1000_std": 0.010289,
        "nauc_map_at_1000_diff1": 0.243495,
        "nauc_recall_at_1_max": 0.1284,
        "nauc_recall_at_1_std": -0.018803,
        "nauc_recall_at_1_diff1": 0.325531,
        "nauc_recall_at_3_max": 0.111145,
        "nauc_recall_at_3_std": 0.037776,
        "nauc_recall_at_3_diff1": 0.221773,
        "nauc_recall_at_5_max": 0.067627,
        "nauc_recall_at_5_std": 0.016832,
        "nauc_recall_at_5_diff1": 0.206204,
        "nauc_recall_at_10_max": 0.019193,
        "nauc_recall_at_10_std": 0.011755,
        "nauc_recall_at_10_diff1": 0.134054,
        "nauc_recall_at_20_max": -0.011057,
        "nauc_recall_at_20_std": -0.005593,
        "nauc_recall_at_20_diff1": 0.126172,
        "nauc_recall_at_100_max": 0.023488,
        "nauc_recall_at_100_std": 0.029675,
        "nauc_recall_at_100_diff1": 0.134734,
        "nauc_recall_at_1000_max": 0.07799,
        "nauc_recall_at_1000_std": 0.193806,
        "nauc_recall_at_1000_diff1": 0.070925,
        "nauc_precision_at_1_max": 0.146011,
        "nauc_precision_at_1_std": -0.015337,
        "nauc_precision_at_1_diff1": 0.32835,
        "nauc_precision_at_3_max": 0.113429,
        "nauc_precision_at_3_std": 0.070338,
        "nauc_precision_at_3_diff1": 0.208129,
        "nauc_precision_at_5_max": 0.072608,
        "nauc_precision_at_5_std": 0.056751,
        "nauc_precision_at_5_diff1": 0.174903,
        "nauc_precision_at_10_max": 8e-06,
        "nauc_precision_at_10_std": 0.057198,
        "nauc_precision_at_10_diff1": 0.096602,
        "nauc_precision_at_20_max": -0.034326,
        "nauc_precision_at_20_std": 0.054757,
        "nauc_precision_at_20_diff1": 0.085109,
        "nauc_precision_at_100_max": -0.028356,
        "nauc_precision_at_100_std": 0.087084,
        "nauc_precision_at_100_diff1": 0.04747,
        "nauc_precision_at_1000_max": -0.101083,
        "nauc_precision_at_1000_std": 0.085087,
        "nauc_precision_at_1000_diff1": -0.120276,
        "nauc_mrr_at_1_max": 0.146011,
        "nauc_mrr_at_1_std": -0.015337,
        "nauc_mrr_at_1_diff1": 0.32835,
        "nauc_mrr_at_3_max": 0.128233,
        "nauc_mrr_at_3_std": 0.027461,
        "nauc_mrr_at_3_diff1": 0.25676,
        "nauc_mrr_at_5_max": 0.118817,
        "nauc_mrr_at_5_std": 0.022179,
        "nauc_mrr_at_5_diff1": 0.2493,
        "nauc_mrr_at_10_max": 0.108427,
        "nauc_mrr_at_10_std": 0.022117,
        "nauc_mrr_at_10_diff1": 0.241389,
        "nauc_mrr_at_20_max": 0.105242,
        "nauc_mrr_at_20_std": 0.021879,
        "nauc_mrr_at_20_diff1": 0.240464,
        "nauc_mrr_at_100_max": 0.105846,
        "nauc_mrr_at_100_std": 0.021574,
        "nauc_mrr_at_100_diff1": 0.239817,
        "nauc_mrr_at_1000_max": 0.106028,
        "nauc_mrr_at_1000_std": 0.021927,
        "nauc_mrr_at_1000_diff1": 0.239824,
        "main_score": 0.1666,
        "hf_subset": "default",
        "languages": [
          "fas-Arab"
        ]
      }
    ]
  },
  "evaluation_time": 50.77204966545105,
  "kg_co2_emissions": null
}