{
  "dataset_revision": "c6e2c8b6153958118ec04352dd82a30ea2e2cad5",
  "task_name": "CQADupstackStatsRetrieval-Fa",
  "mteb_version": "1.34.14",
  "scores": {
    "test": [
      {
        "ndcg_at_1": 0.08896,
        "ndcg_at_3": 0.10991,
        "ndcg_at_5": 0.12553,
        "ndcg_at_10": 0.14278,
        "ndcg_at_20": 0.15697,
        "ndcg_at_100": 0.17659,
        "ndcg_at_1000": 0.20081,
        "map_at_1": 0.07739,
        "map_at_3": 0.10014,
        "map_at_5": 0.10865,
        "map_at_10": 0.11621,
        "map_at_20": 0.1201,
        "map_at_100": 0.12265,
        "map_at_1000": 0.12345,
        "recall_at_1": 0.07739,
        "recall_at_3": 0.12596,
        "recall_at_5": 0.1643,
        "recall_at_10": 0.215,
        "recall_at_20": 0.2689,
        "recall_at_100": 0.37181,
        "recall_at_1000": 0.55502,
        "precision_at_1": 0.08896,
        "precision_at_3": 0.04755,
        "precision_at_5": 0.03712,
        "precision_at_10": 0.02485,
        "precision_at_20": 0.01564,
        "precision_at_100": 0.00445,
        "precision_at_1000": 0.00072,
        "mrr_at_1": 0.088957,
        "mrr_at_3": 0.111963,
        "mrr_at_5": 0.121626,
        "mrr_at_10": 0.128909,
        "mrr_at_20": 0.133229,
        "mrr_at_100": 0.135865,
        "mrr_at_1000": 0.136603,
        "nauc_ndcg_at_1_max": 0.14223,
        "nauc_ndcg_at_1_std": -0.046148,
        "nauc_ndcg_at_1_diff1": 0.32244,
        "nauc_ndcg_at_3_max": 0.120527,
        "nauc_ndcg_at_3_std": -0.073173,
        "nauc_ndcg_at_3_diff1": 0.289929,
        "nauc_ndcg_at_5_max": 0.122229,
        "nauc_ndcg_at_5_std": -0.044638,
        "nauc_ndcg_at_5_diff1": 0.27403,
        "nauc_ndcg_at_10_max": 0.120922,
        "nauc_ndcg_at_10_std": -0.012769,
        "nauc_ndcg_at_10_diff1": 0.264511,
        "nauc_ndcg_at_20_max": 0.124239,
        "nauc_ndcg_at_20_std": 0.010662,
        "nauc_ndcg_at_20_diff1": 0.260786,
        "nauc_ndcg_at_100_max": 0.113852,
        "nauc_ndcg_at_100_std": 0.023959,
        "nauc_ndcg_at_100_diff1": 0.240258,
        "nauc_ndcg_at_1000_max": 0.114835,
        "nauc_ndcg_at_1000_std": 0.042522,
        "nauc_ndcg_at_1000_diff1": 0.227282,
        "nauc_map_at_1_max": 0.172269,
        "nauc_map_at_1_std": -0.082999,
        "nauc_map_at_1_diff1": 0.345105,
        "nauc_map_at_3_max": 0.132849,
        "nauc_map_at_3_std": -0.083155,
        "nauc_map_at_3_diff1": 0.299015,
        "nauc_map_at_5_max": 0.13216,
        "nauc_map_at_5_std": -0.064558,
        "nauc_map_at_5_diff1": 0.289432,
        "nauc_map_at_10_max": 0.130789,
        "nauc_map_at_10_std": -0.046973,
        "nauc_map_at_10_diff1": 0.283074,
        "nauc_map_at_20_max": 0.131648,
        "nauc_map_at_20_std": -0.038353,
        "nauc_map_at_20_diff1": 0.281579,
        "nauc_map_at_100_max": 0.130351,
        "nauc_map_at_100_std": -0.035115,
        "nauc_map_at_100_diff1": 0.278629,
        "nauc_map_at_1000_max": 0.130248,
        "nauc_map_at_1000_std": -0.034065,
        "nauc_map_at_1000_diff1": 0.277983,
        "nauc_recall_at_1_max": 0.172269,
        "nauc_recall_at_1_std": -0.082999,
        "nauc_recall_at_1_diff1": 0.345105,
        "nauc_recall_at_3_max": 0.110413,
        "nauc_recall_at_3_std": -0.081136,
        "nauc_recall_at_3_diff1": 0.271128,
        "nauc_recall_at_5_max": 0.113862,
        "nauc_recall_at_5_std": -0.018618,
        "nauc_recall_at_5_diff1": 0.246302,
        "nauc_recall_at_10_max": 0.109381,
        "nauc_recall_at_10_std": 0.045531,
        "nauc_recall_at_10_diff1": 0.230854,
        "nauc_recall_at_20_max": 0.122519,
        "nauc_recall_at_20_std": 0.100101,
        "nauc_recall_at_20_diff1": 0.225433,
        "nauc_recall_at_100_max": 0.08519,
        "nauc_recall_at_100_std": 0.129338,
        "nauc_recall_at_100_diff1": 0.152556,
        "nauc_recall_at_1000_max": 0.0816,
        "nauc_recall_at_1000_std": 0.21561,
        "nauc_recall_at_1000_diff1": 0.076522,
        "nauc_precision_at_1_max": 0.14223,
        "nauc_precision_at_1_std": -0.046148,
        "nauc_precision_at_1_diff1": 0.32244,
        "nauc_precision_at_3_max": 0.094235,
        "nauc_precision_at_3_std": -0.049727,
        "nauc_precision_at_3_diff1": 0.26062,
        "nauc_precision_at_5_max": 0.099684,
        "nauc_precision_at_5_std": 0.00362,
        "nauc_precision_at_5_diff1": 0.234054,
        "nauc_precision_at_10_max": 0.100315,
        "nauc_precision_at_10_std": 0.073134,
        "nauc_precision_at_10_diff1": 0.214561,
        "nauc_precision_at_20_max": 0.103861,
        "nauc_precision_at_20_std": 0.120442,
        "nauc_precision_at_20_diff1": 0.20705,
        "nauc_precision_at_100_max": 0.058747,
        "nauc_precision_at_100_std": 0.159578,
        "nauc_precision_at_100_diff1": 0.130209,
        "nauc_precision_at_1000_max": 0.073394,
        "nauc_precision_at_1000_std": 0.243451,
        "nauc_precision_at_1000_diff1": 0.06344,
        "nauc_mrr_at_1_max": 0.14223,
        "nauc_mrr_at_1_std": -0.046148,
        "nauc_mrr_at_1_diff1": 0.32244,
        "nauc_mrr_at_3_max": 0.114197,
        "nauc_mrr_at_3_std": -0.049538,
        "nauc_mrr_at_3_diff1": 0.286,
        "nauc_mrr_at_5_max": 0.114281,
        "nauc_mrr_at_5_std": -0.033844,
        "nauc_mrr_at_5_diff1": 0.275828,
        "nauc_mrr_at_10_max": 0.112869,
        "nauc_mrr_at_10_std": -0.020749,
        "nauc_mrr_at_10_diff1": 0.27057,
        "nauc_mrr_at_20_max": 0.113672,
        "nauc_mrr_at_20_std": -0.013231,
        "nauc_mrr_at_20_diff1": 0.269025,
        "nauc_mrr_at_100_max": 0.112589,
        "nauc_mrr_at_100_std": -0.010795,
        "nauc_mrr_at_100_diff1": 0.266725,
        "nauc_mrr_at_1000_max": 0.112784,
        "nauc_mrr_at_1000_std": -0.010141,
        "nauc_mrr_at_1000_diff1": 0.266239,
        "main_score": 0.14278,
        "hf_subset": "default",
        "languages": [
          "fas-Arab"
        ]
      }
    ]
  },
  "evaluation_time": 171.16409277915955,
  "kg_co2_emissions": null
}