{
  "dataset_revision": "860d152c86fda27229270b6bf4e832ff374ac01b",
  "task_name": "CQADupstackTexRetrieval-Fa",
  "mteb_version": "1.34.14",
  "scores": {
    "test": [
      {
        "ndcg_at_1": 0.05299,
        "ndcg_at_3": 0.07174,
        "ndcg_at_5": 0.08059,
        "ndcg_at_10": 0.09126,
        "ndcg_at_20": 0.09968,
        "ndcg_at_100": 0.12035,
        "ndcg_at_1000": 0.14827,
        "map_at_1": 0.04468,
        "map_at_3": 0.06268,
        "map_at_5": 0.06776,
        "map_at_10": 0.07214,
        "map_at_20": 0.07444,
        "map_at_100": 0.07717,
        "map_at_1000": 0.07804,
        "recall_at_1": 0.04468,
        "recall_at_3": 0.08533,
        "recall_at_5": 0.10696,
        "recall_at_10": 0.13881,
        "recall_at_20": 0.17049,
        "recall_at_100": 0.27588,
        "recall_at_1000": 0.48917,
        "precision_at_1": 0.05299,
        "precision_at_3": 0.03441,
        "precision_at_5": 0.02663,
        "precision_at_10": 0.01762,
        "precision_at_20": 0.01099,
        "precision_at_100": 0.00377,
        "precision_at_1000": 0.00071,
        "mrr_at_1": 0.052994,
        "mrr_at_3": 0.072723,
        "mrr_at_5": 0.078797,
        "mrr_at_10": 0.083748,
        "mrr_at_20": 0.086311,
        "mrr_at_100": 0.089333,
        "mrr_at_1000": 0.090176,
        "nauc_ndcg_at_1_max": 0.105445,
        "nauc_ndcg_at_1_std": -0.030923,
        "nauc_ndcg_at_1_diff1": 0.317614,
        "nauc_ndcg_at_3_max": 0.043337,
        "nauc_ndcg_at_3_std": -0.049363,
        "nauc_ndcg_at_3_diff1": 0.22371,
        "nauc_ndcg_at_5_max": 0.04711,
        "nauc_ndcg_at_5_std": -0.026991,
        "nauc_ndcg_at_5_diff1": 0.20308,
        "nauc_ndcg_at_10_max": 0.03563,
        "nauc_ndcg_at_10_std": -0.018642,
        "nauc_ndcg_at_10_diff1": 0.176576,
        "nauc_ndcg_at_20_max": 0.040251,
        "nauc_ndcg_at_20_std": -0.010696,
        "nauc_ndcg_at_20_diff1": 0.17339,
        "nauc_ndcg_at_100_max": 0.039238,
        "nauc_ndcg_at_100_std": 0.006125,
        "nauc_ndcg_at_100_diff1": 0.162662,
        "nauc_ndcg_at_1000_max": 0.049832,
        "nauc_ndcg_at_1000_std": 0.033347,
        "nauc_ndcg_at_1000_diff1": 0.158362,
        "nauc_map_at_1_max": 0.124335,
        "nauc_map_at_1_std": -0.023983,
        "nauc_map_at_1_diff1": 0.3673,
        "nauc_map_at_3_max": 0.066627,
        "nauc_map_at_3_std": -0.044309,
        "nauc_map_at_3_diff1": 0.257403,
        "nauc_map_at_5_max": 0.065693,
        "nauc_map_at_5_std": -0.031308,
        "nauc_map_at_5_diff1": 0.240635,
        "nauc_map_at_10_max": 0.058464,
        "nauc_map_at_10_std": -0.02759,
        "nauc_map_at_10_diff1": 0.225608,
        "nauc_map_at_20_max": 0.059648,
        "nauc_map_at_20_std": -0.024386,
        "nauc_map_at_20_diff1": 0.223681,
        "nauc_map_at_100_max": 0.058637,
        "nauc_map_at_100_std": -0.021315,
        "nauc_map_at_100_diff1": 0.220346,
        "nauc_map_at_1000_max": 0.059075,
        "nauc_map_at_1000_std": -0.019952,
        "nauc_map_at_1000_diff1": 0.220044,
        "nauc_recall_at_1_max": 0.124335,
        "nauc_recall_at_1_std": -0.023983,
        "nauc_recall_at_1_diff1": 0.3673,
        "nauc_recall_at_3_max": 0.016659,
        "nauc_recall_at_3_std": -0.056498,
        "nauc_recall_at_3_diff1": 0.179162,
        "nauc_recall_at_5_max": 0.023965,
        "nauc_recall_at_5_std": -0.015753,
        "nauc_recall_at_5_diff1": 0.143262,
        "nauc_recall_at_10_max": 0.003213,
        "nauc_recall_at_10_std": -0.00296,
        "nauc_recall_at_10_diff1": 0.098443,
        "nauc_recall_at_20_max": 0.017378,
        "nauc_recall_at_20_std": 0.012758,
        "nauc_recall_at_20_diff1": 0.103407,
        "nauc_recall_at_100_max": 0.020268,
        "nauc_recall_at_100_std": 0.049061,
        "nauc_recall_at_100_diff1": 0.085594,
        "nauc_recall_at_1000_max": 0.055396,
        "nauc_recall_at_1000_std": 0.141431,
        "nauc_recall_at_1000_diff1": 0.06368,
        "nauc_precision_at_1_max": 0.105445,
        "nauc_precision_at_1_std": -0.030923,
        "nauc_precision_at_1_diff1": 0.317614,
        "nauc_precision_at_3_max": 0.005835,
        "nauc_precision_at_3_std": -0.058363,
        "nauc_precision_at_3_diff1": 0.159975,
        "nauc_precision_at_5_max": 0.01159,
        "nauc_precision_at_5_std": -0.019771,
        "nauc_precision_at_5_diff1": 0.131834,
        "nauc_precision_at_10_max": -0.003502,
        "nauc_precision_at_10_std": 0.007778,
        "nauc_precision_at_10_diff1": 0.093578,
        "nauc_precision_at_20_max": 0.01274,
        "nauc_precision_at_20_std": 0.021763,
        "nauc_precision_at_20_diff1": 0.09493,
        "nauc_precision_at_100_max": 0.013042,
        "nauc_precision_at_100_std": 0.07274,
        "nauc_precision_at_100_diff1": 0.096376,
        "nauc_precision_at_1000_max": 0.062693,
        "nauc_precision_at_1000_std": 0.160184,
        "nauc_precision_at_1000_diff1": 0.108486,
        "nauc_mrr_at_1_max": 0.105445,
        "nauc_mrr_at_1_std": -0.030923,
        "nauc_mrr_at_1_diff1": 0.317614,
        "nauc_mrr_at_3_max": 0.047093,
        "nauc_mrr_at_3_std": -0.046316,
        "nauc_mrr_at_3_diff1": 0.224278,
        "nauc_mrr_at_5_max": 0.049212,
        "nauc_mrr_at_5_std": -0.032317,
        "nauc_mrr_at_5_diff1": 0.211637,
        "nauc_mrr_at_10_max": 0.044332,
        "nauc_mrr_at_10_std": -0.027275,
        "nauc_mrr_at_10_diff1": 0.199575,
        "nauc_mrr_at_20_max": 0.046042,
        "nauc_mrr_at_20_std": -0.024682,
        "nauc_mrr_at_20_diff1": 0.197769,
        "nauc_mrr_at_100_max": 0.045574,
        "nauc_mrr_at_100_std": -0.022091,
        "nauc_mrr_at_100_diff1": 0.196663,
        "nauc_mrr_at_1000_max": 0.045985,
        "nauc_mrr_at_1000_std": -0.021023,
        "nauc_mrr_at_1000_diff1": 0.196376,
        "main_score": 0.09126,
        "hf_subset": "default",
        "languages": [
          "fas-Arab"
        ]
      }
    ]
  },
  "evaluation_time": 321.6022324562073,
  "kg_co2_emissions": null
}