{
  "dataset_revision": "7f755e88647b4023df52da04d4e3d31a7de5fcb0",
  "task_name": "CQADupstackWordpressRetrieval-Fa",
  "mteb_version": "1.34.14",
  "scores": {
    "test": [
      {
        "ndcg_at_1": 0.0647,
        "ndcg_at_3": 0.09117,
        "ndcg_at_5": 0.10381,
        "ndcg_at_10": 0.11648,
        "ndcg_at_20": 0.12934,
        "ndcg_at_100": 0.15065,
        "ndcg_at_1000": 0.18072,
        "map_at_1": 0.05681,
        "map_at_3": 0.07991,
        "map_at_5": 0.08785,
        "map_at_10": 0.09319,
        "map_at_20": 0.09698,
        "map_at_100": 0.09986,
        "map_at_1000": 0.10079,
        "recall_at_1": 0.05681,
        "recall_at_3": 0.11023,
        "recall_at_5": 0.14116,
        "recall_at_10": 0.17874,
        "recall_at_20": 0.226,
        "recall_at_100": 0.3369,
        "recall_at_1000": 0.57809,
        "precision_at_1": 0.0647,
        "precision_at_3": 0.04313,
        "precision_at_5": 0.03327,
        "precision_at_10": 0.02089,
        "precision_at_20": 0.01349,
        "precision_at_100": 0.00409,
        "precision_at_1000": 0.00073,
        "mrr_at_1": 0.064695,
        "mrr_at_3": 0.090265,
        "mrr_at_5": 0.097751,
        "mrr_at_10": 0.103346,
        "mrr_at_20": 0.107106,
        "mrr_at_100": 0.110153,
        "mrr_at_1000": 0.110932,
        "nauc_ndcg_at_1_max": 0.04277,
        "nauc_ndcg_at_1_std": 0.023495,
        "nauc_ndcg_at_1_diff1": 0.276056,
        "nauc_ndcg_at_3_max": 0.015575,
        "nauc_ndcg_at_3_std": -0.01462,
        "nauc_ndcg_at_3_diff1": 0.15057,
        "nauc_ndcg_at_5_max": 0.021442,
        "nauc_ndcg_at_5_std": -0.012876,
        "nauc_ndcg_at_5_diff1": 0.141878,
        "nauc_ndcg_at_10_max": 0.008287,
        "nauc_ndcg_at_10_std": -0.015746,
        "nauc_ndcg_at_10_diff1": 0.143669,
        "nauc_ndcg_at_20_max": 0.011529,
        "nauc_ndcg_at_20_std": -0.001465,
        "nauc_ndcg_at_20_diff1": 0.146821,
        "nauc_ndcg_at_100_max": 0.000608,
        "nauc_ndcg_at_100_std": 0.010964,
        "nauc_ndcg_at_100_diff1": 0.125734,
        "nauc_ndcg_at_1000_max": 0.002496,
        "nauc_ndcg_at_1000_std": 0.043335,
        "nauc_ndcg_at_1000_diff1": 0.115453,
        "nauc_map_at_1_max": -0.002256,
        "nauc_map_at_1_std": -0.023818,
        "nauc_map_at_1_diff1": 0.229032,
        "nauc_map_at_3_max": -0.003273,
        "nauc_map_at_3_std": -0.03255,
        "nauc_map_at_3_diff1": 0.158025,
        "nauc_map_at_5_max": 0.009793,
        "nauc_map_at_5_std": -0.022163,
        "nauc_map_at_5_diff1": 0.153991,
        "nauc_map_at_10_max": 0.003878,
        "nauc_map_at_10_std": -0.024097,
        "nauc_map_at_10_diff1": 0.154218,
        "nauc_map_at_20_max": 0.007403,
        "nauc_map_at_20_std": -0.01724,
        "nauc_map_at_20_diff1": 0.156872,
        "nauc_map_at_100_max": 0.005245,
        "nauc_map_at_100_std": -0.014764,
        "nauc_map_at_100_diff1": 0.153154,
        "nauc_map_at_1000_max": 0.00541,
        "nauc_map_at_1000_std": -0.012945,
        "nauc_map_at_1000_diff1": 0.152788,
        "nauc_recall_at_1_max": -0.002256,
        "nauc_recall_at_1_std": -0.023818,
        "nauc_recall_at_1_diff1": 0.229032,
        "nauc_recall_at_3_max": -0.007539,
        "nauc_recall_at_3_std": -0.034653,
        "nauc_recall_at_3_diff1": 0.098835,
        "nauc_recall_at_5_max": 0.018913,
        "nauc_recall_at_5_std": -0.017525,
        "nauc_recall_at_5_diff1": 0.10002,
        "nauc_recall_at_10_max": -0.005476,
        "nauc_recall_at_10_std": -0.020068,
        "nauc_recall_at_10_diff1": 0.108841,
        "nauc_recall_at_20_max": -0.001458,
        "nauc_recall_at_20_std": 0.009168,
        "nauc_recall_at_20_diff1": 0.115253,
        "nauc_recall_at_100_max": -0.036442,
        "nauc_recall_at_100_std": 0.040616,
        "nauc_recall_at_100_diff1": 0.053179,
        "nauc_recall_at_1000_max": -0.035526,
        "nauc_recall_at_1000_std": 0.196536,
        "nauc_recall_at_1000_diff1": -0.001577,
        "nauc_precision_at_1_max": 0.04277,
        "nauc_precision_at_1_std": 0.023495,
        "nauc_precision_at_1_diff1": 0.276056,
        "nauc_precision_at_3_max": 0.06803,
        "nauc_precision_at_3_std": 0.033471,
        "nauc_precision_at_3_diff1": 0.131015,
        "nauc_precision_at_5_max": 0.100668,
        "nauc_precision_at_5_std": 0.062312,
        "nauc_precision_at_5_diff1": 0.137542,
        "nauc_precision_at_10_max": 0.068734,
        "nauc_precision_at_10_std": 0.047326,
        "nauc_precision_at_10_diff1": 0.140052,
        "nauc_precision_at_20_max": 0.082823,
        "nauc_precision_at_20_std": 0.085337,
        "nauc_precision_at_20_diff1": 0.143767,
        "nauc_precision_at_100_max": 0.060886,
        "nauc_precision_at_100_std": 0.126553,
        "nauc_precision_at_100_diff1": 0.08309,
        "nauc_precision_at_1000_max": 0.077999,
        "nauc_precision_at_1000_std": 0.235098,
        "nauc_precision_at_1000_diff1": 0.069111,
        "nauc_mrr_at_1_max": 0.04277,
        "nauc_mrr_at_1_std": 0.023495,
        "nauc_mrr_at_1_diff1": 0.276056,
        "nauc_mrr_at_3_max": 0.03506,
        "nauc_mrr_at_3_std": 0.004219,
        "nauc_mrr_at_3_diff1": 0.183047,
        "nauc_mrr_at_5_max": 0.040077,
        "nauc_mrr_at_5_std": 0.004967,
        "nauc_mrr_at_5_diff1": 0.180531,
        "nauc_mrr_at_10_max": 0.030818,
        "nauc_mrr_at_10_std": 0.002464,
        "nauc_mrr_at_10_diff1": 0.180986,
        "nauc_mrr_at_20_max": 0.030188,
        "nauc_mrr_at_20_std": 0.007073,
        "nauc_mrr_at_20_diff1": 0.180935,
        "nauc_mrr_at_100_max": 0.028109,
        "nauc_mrr_at_100_std": 0.00914,
        "nauc_mrr_at_100_diff1": 0.178,
        "nauc_mrr_at_1000_max": 0.028283,
        "nauc_mrr_at_1000_std": 0.010415,
        "nauc_mrr_at_1000_diff1": 0.177343,
        "main_score": 0.11648,
        "hf_subset": "default",
        "languages": [
          "fas-Arab"
        ]
      }
    ]
  },
  "evaluation_time": 185.32207989692688,
  "kg_co2_emissions": null
}