{
  "dataset_revision": "029a2e69e7d9e68b6bdc471073606104417a5be7",
  "task_name": "CQADupstackEnglishRetrieval-Fa",
  "mteb_version": "1.34.14",
  "scores": {
    "test": [
      {
        "ndcg_at_1": 0.11783,
        "ndcg_at_3": 0.13671,
        "ndcg_at_5": 0.1482,
        "ndcg_at_10": 0.16283,
        "ndcg_at_20": 0.17479,
        "ndcg_at_100": 0.19865,
        "ndcg_at_1000": 0.22976,
        "map_at_1": 0.09442,
        "map_at_3": 0.11841,
        "map_at_5": 0.1263,
        "map_at_10": 0.13308,
        "map_at_20": 0.13656,
        "map_at_100": 0.14004,
        "map_at_1000": 0.14119,
        "recall_at_1": 0.09442,
        "recall_at_3": 0.14844,
        "recall_at_5": 0.1791,
        "recall_at_10": 0.22392,
        "recall_at_20": 0.26805,
        "recall_at_100": 0.3845,
        "recall_at_1000": 0.60466,
        "precision_at_1": 0.11783,
        "precision_at_3": 0.06645,
        "precision_at_5": 0.04892,
        "precision_at_10": 0.03153,
        "precision_at_20": 0.01997,
        "precision_at_100": 0.00625,
        "precision_at_1000": 0.00113,
        "mrr_at_1": 0.117834,
        "mrr_at_3": 0.147558,
        "mrr_at_5": 0.155743,
        "mrr_at_10": 0.162996,
        "mrr_at_20": 0.166782,
        "mrr_at_100": 0.170039,
        "mrr_at_1000": 0.170934,
        "nauc_ndcg_at_1_max": 0.264338,
        "nauc_ndcg_at_1_std": 0.110879,
        "nauc_ndcg_at_1_diff1": 0.397478,
        "nauc_ndcg_at_3_max": 0.244494,
        "nauc_ndcg_at_3_std": 0.097569,
        "nauc_ndcg_at_3_diff1": 0.343743,
        "nauc_ndcg_at_5_max": 0.233115,
        "nauc_ndcg_at_5_std": 0.100877,
        "nauc_ndcg_at_5_diff1": 0.331127,
        "nauc_ndcg_at_10_max": 0.219812,
        "nauc_ndcg_at_10_std": 0.099032,
        "nauc_ndcg_at_10_diff1": 0.312635,
        "nauc_ndcg_at_20_max": 0.215294,
        "nauc_ndcg_at_20_std": 0.098961,
        "nauc_ndcg_at_20_diff1": 0.299934,
        "nauc_ndcg_at_100_max": 0.21322,
        "nauc_ndcg_at_100_std": 0.11265,
        "nauc_ndcg_at_100_diff1": 0.288966,
        "nauc_ndcg_at_1000_max": 0.220389,
        "nauc_ndcg_at_1000_std": 0.132488,
        "nauc_ndcg_at_1000_diff1": 0.289126,
        "nauc_map_at_1_max": 0.240811,
        "nauc_map_at_1_std": 0.079433,
        "nauc_map_at_1_diff1": 0.4114,
        "nauc_map_at_3_max": 0.238461,
        "nauc_map_at_3_std": 0.079657,
        "nauc_map_at_3_diff1": 0.369758,
        "nauc_map_at_5_max": 0.232619,
        "nauc_map_at_5_std": 0.085484,
        "nauc_map_at_5_diff1": 0.359938,
        "nauc_map_at_10_max": 0.227294,
        "nauc_map_at_10_std": 0.086359,
        "nauc_map_at_10_diff1": 0.349561,
        "nauc_map_at_20_max": 0.22663,
        "nauc_map_at_20_std": 0.087579,
        "nauc_map_at_20_diff1": 0.344409,
        "nauc_map_at_100_max": 0.227039,
        "nauc_map_at_100_std": 0.091063,
        "nauc_map_at_100_diff1": 0.342183,
        "nauc_map_at_1000_max": 0.227495,
        "nauc_map_at_1000_std": 0.092525,
        "nauc_map_at_1000_diff1": 0.341934,
        "nauc_recall_at_1_max": 0.240811,
        "nauc_recall_at_1_std": 0.079433,
        "nauc_recall_at_1_diff1": 0.4114,
        "nauc_recall_at_3_max": 0.227976,
        "nauc_recall_at_3_std": 0.077349,
        "nauc_recall_at_3_diff1": 0.323633,
        "nauc_recall_at_5_max": 0.210028,
        "nauc_recall_at_5_std": 0.094833,
        "nauc_recall_at_5_diff1": 0.291548,
        "nauc_recall_at_10_max": 0.175795,
        "nauc_recall_at_10_std": 0.089908,
        "nauc_recall_at_10_diff1": 0.237913,
        "nauc_recall_at_20_max": 0.16453,
        "nauc_recall_at_20_std": 0.08977,
        "nauc_recall_at_20_diff1": 0.209914,
        "nauc_recall_at_100_max": 0.144763,
        "nauc_recall_at_100_std": 0.123489,
        "nauc_recall_at_100_diff1": 0.169453,
        "nauc_recall_at_1000_max": 0.161357,
        "nauc_recall_at_1000_std": 0.204707,
        "nauc_recall_at_1000_diff1": 0.162716,
        "nauc_precision_at_1_max": 0.264338,
        "nauc_precision_at_1_std": 0.110879,
        "nauc_precision_at_1_diff1": 0.397478,
        "nauc_precision_at_3_max": 0.257649,
        "nauc_precision_at_3_std": 0.129462,
        "nauc_precision_at_3_diff1": 0.293025,
        "nauc_precision_at_5_max": 0.238035,
        "nauc_precision_at_5_std": 0.147756,
        "nauc_precision_at_5_diff1": 0.260308,
        "nauc_precision_at_10_max": 0.216144,
        "nauc_precision_at_10_std": 0.162986,
        "nauc_precision_at_10_diff1": 0.208178,
        "nauc_precision_at_20_max": 0.207429,
        "nauc_precision_at_20_std": 0.179547,
        "nauc_precision_at_20_diff1": 0.149146,
        "nauc_precision_at_100_max": 0.179373,
        "nauc_precision_at_100_std": 0.240113,
        "nauc_precision_at_100_diff1": 0.084032,
        "nauc_precision_at_1000_max": 0.109701,
        "nauc_precision_at_1000_std": 0.287049,
        "nauc_precision_at_1000_diff1": -0.031159,
        "nauc_mrr_at_1_max": 0.264338,
        "nauc_mrr_at_1_std": 0.110879,
        "nauc_mrr_at_1_diff1": 0.397478,
        "nauc_mrr_at_3_max": 0.253723,
        "nauc_mrr_at_3_std": 0.114611,
        "nauc_mrr_at_3_diff1": 0.343921,
        "nauc_mrr_at_5_max": 0.250428,
        "nauc_mrr_at_5_std": 0.121021,
        "nauc_mrr_at_5_diff1": 0.332552,
        "nauc_mrr_at_10_max": 0.246032,
        "nauc_mrr_at_10_std": 0.12139,
        "nauc_mrr_at_10_diff1": 0.325253,
        "nauc_mrr_at_20_max": 0.243822,
        "nauc_mrr_at_20_std": 0.120366,
        "nauc_mrr_at_20_diff1": 0.32084,
        "nauc_mrr_at_100_max": 0.24274,
        "nauc_mrr_at_100_std": 0.121014,
        "nauc_mrr_at_100_diff1": 0.318985,
        "nauc_mrr_at_1000_max": 0.243093,
        "nauc_mrr_at_1000_std": 0.12156,
        "nauc_mrr_at_1000_diff1": 0.319207,
        "main_score": 0.16283,
        "hf_subset": "default",
        "languages": [
          "fas-Arab"
        ]
      }
    ]
  },
  "evaluation_time": 73.18014121055603,
  "kg_co2_emissions": null
}