{
  "dataset_revision": "e907c4144dc27bc8a035d78d69e15f39c56623a9",
  "task_name": "CQADupstackGisRetrieval-Fa",
  "mteb_version": "1.34.14",
  "scores": {
    "test": [
      {
        "ndcg_at_1": 0.08814,
        "ndcg_at_3": 0.11141,
        "ndcg_at_5": 0.12137,
        "ndcg_at_10": 0.13178,
        "ndcg_at_20": 0.14531,
        "ndcg_at_100": 0.17172,
        "ndcg_at_1000": 0.20354,
        "map_at_1": 0.08064,
        "map_at_3": 0.10227,
        "map_at_5": 0.10812,
        "map_at_10": 0.11229,
        "map_at_20": 0.11591,
        "map_at_100": 0.1194,
        "map_at_1000": 0.12047,
        "recall_at_1": 0.08064,
        "recall_at_3": 0.1281,
        "recall_at_5": 0.15133,
        "recall_at_10": 0.18306,
        "recall_at_20": 0.23599,
        "recall_at_100": 0.3742,
        "recall_at_1000": 0.62547,
        "precision_at_1": 0.08814,
        "precision_at_3": 0.04708,
        "precision_at_5": 0.0339,
        "precision_at_10": 0.02056,
        "precision_at_20": 0.01322,
        "precision_at_100": 0.00433,
        "precision_at_1000": 0.00073,
        "mrr_at_1": 0.088136,
        "mrr_at_3": 0.112241,
        "mrr_at_5": 0.117778,
        "mrr_at_10": 0.122364,
        "mrr_at_20": 0.126202,
        "mrr_at_100": 0.129961,
        "mrr_at_1000": 0.130926,
        "nauc_ndcg_at_1_max": 0.166586,
        "nauc_ndcg_at_1_std": -0.079187,
        "nauc_ndcg_at_1_diff1": 0.387006,
        "nauc_ndcg_at_3_max": 0.156806,
        "nauc_ndcg_at_3_std": -0.065205,
        "nauc_ndcg_at_3_diff1": 0.320124,
        "nauc_ndcg_at_5_max": 0.132792,
        "nauc_ndcg_at_5_std": -0.062168,
        "nauc_ndcg_at_5_diff1": 0.30315,
        "nauc_ndcg_at_10_max": 0.135879,
        "nauc_ndcg_at_10_std": -0.053702,
        "nauc_ndcg_at_10_diff1": 0.286509,
        "nauc_ndcg_at_20_max": 0.124629,
        "nauc_ndcg_at_20_std": -0.050647,
        "nauc_ndcg_at_20_diff1": 0.263026,
        "nauc_ndcg_at_100_max": 0.129295,
        "nauc_ndcg_at_100_std": -0.025494,
        "nauc_ndcg_at_100_diff1": 0.248402,
        "nauc_ndcg_at_1000_max": 0.136063,
        "nauc_ndcg_at_1000_std": -0.01497,
        "nauc_ndcg_at_1000_diff1": 0.251014,
        "nauc_map_at_1_max": 0.190761,
        "nauc_map_at_1_std": -0.087856,
        "nauc_map_at_1_diff1": 0.398357,
        "nauc_map_at_3_max": 0.168924,
        "nauc_map_at_3_std": -0.073153,
        "nauc_map_at_3_diff1": 0.335465,
        "nauc_map_at_5_max": 0.153407,
        "nauc_map_at_5_std": -0.070975,
        "nauc_map_at_5_diff1": 0.325202,
        "nauc_map_at_10_max": 0.153717,
        "nauc_map_at_10_std": -0.066302,
        "nauc_map_at_10_diff1": 0.316123,
        "nauc_map_at_20_max": 0.149966,
        "nauc_map_at_20_std": -0.064975,
        "nauc_map_at_20_diff1": 0.308227,
        "nauc_map_at_100_max": 0.149955,
        "nauc_map_at_100_std": -0.060934,
        "nauc_map_at_100_diff1": 0.304767,
        "nauc_map_at_1000_max": 0.150357,
        "nauc_map_at_1000_std": -0.060489,
        "nauc_map_at_1000_diff1": 0.305063,
        "nauc_recall_at_1_max": 0.190761,
        "nauc_recall_at_1_std": -0.087856,
        "nauc_recall_at_1_diff1": 0.398357,
        "nauc_recall_at_3_max": 0.145455,
        "nauc_recall_at_3_std": -0.053089,
        "nauc_recall_at_3_diff1": 0.283211,
        "nauc_recall_at_5_max": 0.096349,
        "nauc_recall_at_5_std": -0.049473,
        "nauc_recall_at_5_diff1": 0.253916,
        "nauc_recall_at_10_max": 0.108257,
        "nauc_recall_at_10_std": -0.032376,
        "nauc_recall_at_10_diff1": 0.222171,
        "nauc_recall_at_20_max": 0.079907,
        "nauc_recall_at_20_std": -0.026773,
        "nauc_recall_at_20_diff1": 0.15998,
        "nauc_recall_at_100_max": 0.100472,
        "nauc_recall_at_100_std": 0.054271,
        "nauc_recall_at_100_diff1": 0.125177,
        "nauc_recall_at_1000_max": 0.135783,
        "nauc_recall_at_1000_std": 0.128315,
        "nauc_recall_at_1000_diff1": 0.111999,
        "nauc_precision_at_1_max": 0.166586,
        "nauc_precision_at_1_std": -0.079187,
        "nauc_precision_at_1_diff1": 0.387006,
        "nauc_precision_at_3_max": 0.12387,
        "nauc_precision_at_3_std": -0.042624,
        "nauc_precision_at_3_diff1": 0.289166,
        "nauc_precision_at_5_max": 0.084823,
        "nauc_precision_at_5_std": -0.041912,
        "nauc_precision_at_5_diff1": 0.252735,
        "nauc_precision_at_10_max": 0.103963,
        "nauc_precision_at_10_std": -0.023478,
        "nauc_precision_at_10_diff1": 0.224472,
        "nauc_precision_at_20_max": 0.070221,
        "nauc_precision_at_20_std": -0.022039,
        "nauc_precision_at_20_diff1": 0.167571,
        "nauc_precision_at_100_max": 0.097154,
        "nauc_precision_at_100_std": 0.053677,
        "nauc_precision_at_100_diff1": 0.144632,
        "nauc_precision_at_1000_max": 0.101649,
        "nauc_precision_at_1000_std": 0.120899,
        "nauc_precision_at_1000_diff1": 0.120736,
        "nauc_mrr_at_1_max": 0.166586,
        "nauc_mrr_at_1_std": -0.079187,
        "nauc_mrr_at_1_diff1": 0.387006,
        "nauc_mrr_at_3_max": 0.145578,
        "nauc_mrr_at_3_std": -0.0629,
        "nauc_mrr_at_3_diff1": 0.331586,
        "nauc_mrr_at_5_max": 0.13301,
        "nauc_mrr_at_5_std": -0.060337,
        "nauc_mrr_at_5_diff1": 0.318811,
        "nauc_mrr_at_10_max": 0.135923,
        "nauc_mrr_at_10_std": -0.056875,
        "nauc_mrr_at_10_diff1": 0.311576,
        "nauc_mrr_at_20_max": 0.132306,
        "nauc_mrr_at_20_std": -0.055777,
        "nauc_mrr_at_20_diff1": 0.305093,
        "nauc_mrr_at_100_max": 0.133436,
        "nauc_mrr_at_100_std": -0.051534,
        "nauc_mrr_at_100_diff1": 0.301722,
        "nauc_mrr_at_1000_max": 0.133465,
        "nauc_mrr_at_1000_std": -0.051469,
        "nauc_mrr_at_1000_diff1": 0.301621,
        "main_score": 0.13178,
        "hf_subset": "default",
        "languages": [
          "fas-Arab"
        ]
      }
    ]
  },
  "evaluation_time": 132.23191022872925,
  "kg_co2_emissions": null
}