{
  "dataset_revision": "be6460df57ab7c1b2c9fe295a31660dbd077ecf0",
  "task_name": "CQADupstackProgrammersRetrieval-Fa",
  "mteb_version": "1.34.14",
  "scores": {
    "test": [
      {
        "ndcg_at_1": 0.13699,
        "ndcg_at_3": 0.16371,
        "ndcg_at_5": 0.17806,
        "ndcg_at_10": 0.19271,
        "ndcg_at_20": 0.20959,
        "ndcg_at_100": 0.23603,
        "ndcg_at_1000": 0.26962,
        "map_at_1": 0.11065,
        "map_at_3": 0.1436,
        "map_at_5": 0.153,
        "map_at_10": 0.15966,
        "map_at_20": 0.16442,
        "map_at_100": 0.16806,
        "map_at_1000": 0.16927,
        "recall_at_1": 0.11065,
        "recall_at_3": 0.18085,
        "recall_at_5": 0.21762,
        "recall_at_10": 0.26241,
        "recall_at_20": 0.32579,
        "recall_at_100": 0.459,
        "recall_at_1000": 0.70306,
        "precision_at_1": 0.13699,
        "precision_at_3": 0.07839,
        "precision_at_5": 0.05845,
        "precision_at_10": 0.03596,
        "precision_at_20": 0.02266,
        "precision_at_100": 0.00678,
        "precision_at_1000": 0.00112,
        "mrr_at_1": 0.136986,
        "mrr_at_3": 0.174277,
        "mrr_at_5": 0.183695,
        "mrr_at_10": 0.190495,
        "mrr_at_20": 0.195492,
        "mrr_at_100": 0.198728,
        "mrr_at_1000": 0.199744,
        "nauc_ndcg_at_1_max": 0.238549,
        "nauc_ndcg_at_1_std": 0.000767,
        "nauc_ndcg_at_1_diff1": 0.450228,
        "nauc_ndcg_at_3_max": 0.179146,
        "nauc_ndcg_at_3_std": 0.011578,
        "nauc_ndcg_at_3_diff1": 0.34354,
        "nauc_ndcg_at_5_max": 0.187675,
        "nauc_ndcg_at_5_std": 0.027569,
        "nauc_ndcg_at_5_diff1": 0.323698,
        "nauc_ndcg_at_10_max": 0.185673,
        "nauc_ndcg_at_10_std": 0.032197,
        "nauc_ndcg_at_10_diff1": 0.316273,
        "nauc_ndcg_at_20_max": 0.179701,
        "nauc_ndcg_at_20_std": 0.032914,
        "nauc_ndcg_at_20_diff1": 0.306901,
        "nauc_ndcg_at_100_max": 0.181672,
        "nauc_ndcg_at_100_std": 0.061529,
        "nauc_ndcg_at_100_diff1": 0.28705,
        "nauc_ndcg_at_1000_max": 0.194967,
        "nauc_ndcg_at_1000_std": 0.068332,
        "nauc_ndcg_at_1000_diff1": 0.298322,
        "nauc_map_at_1_max": 0.242585,
        "nauc_map_at_1_std": -0.040275,
        "nauc_map_at_1_diff1": 0.47083,
        "nauc_map_at_3_max": 0.190447,
        "nauc_map_at_3_std": -0.011583,
        "nauc_map_at_3_diff1": 0.376008,
        "nauc_map_at_5_max": 0.194935,
        "nauc_map_at_5_std": 0.000693,
        "nauc_map_at_5_diff1": 0.359456,
        "nauc_map_at_10_max": 0.194377,
        "nauc_map_at_10_std": 0.005351,
        "nauc_map_at_10_diff1": 0.3558,
        "nauc_map_at_20_max": 0.193049,
        "nauc_map_at_20_std": 0.006102,
        "nauc_map_at_20_diff1": 0.352621,
        "nauc_map_at_100_max": 0.193701,
        "nauc_map_at_100_std": 0.010642,
        "nauc_map_at_100_diff1": 0.3497,
        "nauc_map_at_1000_max": 0.194416,
        "nauc_map_at_1000_std": 0.011291,
        "nauc_map_at_1000_diff1": 0.350158,
        "nauc_recall_at_1_max": 0.242585,
        "nauc_recall_at_1_std": -0.040275,
        "nauc_recall_at_1_diff1": 0.47083,
        "nauc_recall_at_3_max": 0.135479,
        "nauc_recall_at_3_std": 0.013855,
        "nauc_recall_at_3_diff1": 0.287422,
        "nauc_recall_at_5_max": 0.149179,
        "nauc_recall_at_5_std": 0.042893,
        "nauc_recall_at_5_diff1": 0.237558,
        "nauc_recall_at_10_max": 0.146632,
        "nauc_recall_at_10_std": 0.051732,
        "nauc_recall_at_10_diff1": 0.22573,
        "nauc_recall_at_20_max": 0.127865,
        "nauc_recall_at_20_std": 0.050546,
        "nauc_recall_at_20_diff1": 0.200384,
        "nauc_recall_at_100_max": 0.132066,
        "nauc_recall_at_100_std": 0.160906,
        "nauc_recall_at_100_diff1": 0.121906,
        "nauc_recall_at_1000_max": 0.203616,
        "nauc_recall_at_1000_std": 0.231497,
        "nauc_recall_at_1000_diff1": 0.146344,
        "nauc_precision_at_1_max": 0.238549,
        "nauc_precision_at_1_std": 0.000767,
        "nauc_precision_at_1_diff1": 0.450228,
        "nauc_precision_at_3_max": 0.157577,
        "nauc_precision_at_3_std": 0.059996,
        "nauc_precision_at_3_diff1": 0.251054,
        "nauc_precision_at_5_max": 0.17443,
        "nauc_precision_at_5_std": 0.103383,
        "nauc_precision_at_5_diff1": 0.209781,
        "nauc_precision_at_10_max": 0.172525,
        "nauc_precision_at_10_std": 0.12371,
        "nauc_precision_at_10_diff1": 0.198471,
        "nauc_precision_at_20_max": 0.158548,
        "nauc_precision_at_20_std": 0.141077,
        "nauc_precision_at_20_diff1": 0.178889,
        "nauc_precision_at_100_max": 0.177685,
        "nauc_precision_at_100_std": 0.252227,
        "nauc_precision_at_100_diff1": 0.115492,
        "nauc_precision_at_1000_max": 0.194491,
        "nauc_precision_at_1000_std": 0.257949,
        "nauc_precision_at_1000_diff1": 0.102713,
        "nauc_mrr_at_1_max": 0.238549,
        "nauc_mrr_at_1_std": 0.000767,
        "nauc_mrr_at_1_diff1": 0.450228,
        "nauc_mrr_at_3_max": 0.198463,
        "nauc_mrr_at_3_std": 0.032646,
        "nauc_mrr_at_3_diff1": 0.354113,
        "nauc_mrr_at_5_max": 0.200047,
        "nauc_mrr_at_5_std": 0.041872,
        "nauc_mrr_at_5_diff1": 0.342512,
        "nauc_mrr_at_10_max": 0.200929,
        "nauc_mrr_at_10_std": 0.044883,
        "nauc_mrr_at_10_diff1": 0.338729,
        "nauc_mrr_at_20_max": 0.199296,
        "nauc_mrr_at_20_std": 0.044922,
        "nauc_mrr_at_20_diff1": 0.336296,
        "nauc_mrr_at_100_max": 0.199257,
        "nauc_mrr_at_100_std": 0.048183,
        "nauc_mrr_at_100_diff1": 0.33416,
        "nauc_mrr_at_1000_max": 0.199669,
        "nauc_mrr_at_1000_std": 0.048193,
        "nauc_mrr_at_1000_diff1": 0.334718,
        "main_score": 0.19271,
        "hf_subset": "default",
        "languages": [
          "fas-Arab"
        ]
      }
    ]
  },
  "evaluation_time": 113.75633215904236,
  "kg_co2_emissions": null
}