{
  "dataset_revision": "13529e6e301e9d72f86def882cfbca04791d83f9",
  "task_name": "DBPedia-Fa",
  "mteb_version": "1.34.14",
  "scores": {
    "test": [
      {
        "ndcg_at_1": 0.235,
        "ndcg_at_3": 0.19862,
        "ndcg_at_5": 0.18617,
        "ndcg_at_10": 0.17654,
        "ndcg_at_20": 0.17379,
        "ndcg_at_100": 0.20448,
        "ndcg_at_1000": 0.26713,
        "map_at_1": 0.02861,
        "map_at_3": 0.04917,
        "map_at_5": 0.05658,
        "map_at_10": 0.06549,
        "map_at_20": 0.07476,
        "map_at_100": 0.08906,
        "map_at_1000": 0.09635,
        "recall_at_1": 0.02861,
        "recall_at_3": 0.06424,
        "recall_at_5": 0.08043,
        "recall_at_10": 0.10601,
        "recall_at_20": 0.14338,
        "recall_at_100": 0.24624,
        "recall_at_1000": 0.45391,
        "precision_at_1": 0.2975,
        "precision_at_3": 0.2175,
        "precision_at_5": 0.1825,
        "precision_at_10": 0.14275,
        "precision_at_20": 0.1075,
        "precision_at_100": 0.0469,
        "precision_at_1000": 0.01074,
        "mrr_at_1": 0.2975,
        "mrr_at_3": 0.36375,
        "mrr_at_5": 0.37825,
        "mrr_at_10": 0.389612,
        "mrr_at_20": 0.395189,
        "mrr_at_100": 0.398079,
        "mrr_at_1000": 0.398615,
        "nauc_ndcg_at_1_max": 0.321824,
        "nauc_ndcg_at_1_std": 0.141011,
        "nauc_ndcg_at_1_diff1": 0.27492,
        "nauc_ndcg_at_3_max": 0.339686,
        "nauc_ndcg_at_3_std": 0.164827,
        "nauc_ndcg_at_3_diff1": 0.262397,
        "nauc_ndcg_at_5_max": 0.3552,
        "nauc_ndcg_at_5_std": 0.175956,
        "nauc_ndcg_at_5_diff1": 0.250794,
        "nauc_ndcg_at_10_max": 0.346779,
        "nauc_ndcg_at_10_std": 0.18703,
        "nauc_ndcg_at_10_diff1": 0.251247,
        "nauc_ndcg_at_20_max": 0.350045,
        "nauc_ndcg_at_20_std": 0.17293,
        "nauc_ndcg_at_20_diff1": 0.269786,
        "nauc_ndcg_at_100_max": 0.340315,
        "nauc_ndcg_at_100_std": 0.213373,
        "nauc_ndcg_at_100_diff1": 0.236481,
        "nauc_ndcg_at_1000_max": 0.344693,
        "nauc_ndcg_at_1000_std": 0.272808,
        "nauc_ndcg_at_1000_diff1": 0.216332,
        "nauc_map_at_1_max": 0.230808,
        "nauc_map_at_1_std": -0.171151,
        "nauc_map_at_1_diff1": 0.339546,
        "nauc_map_at_3_max": 0.237792,
        "nauc_map_at_3_std": -0.104156,
        "nauc_map_at_3_diff1": 0.287398,
        "nauc_map_at_5_max": 0.241434,
        "nauc_map_at_5_std": -0.072441,
        "nauc_map_at_5_diff1": 0.286783,
        "nauc_map_at_10_max": 0.255868,
        "nauc_map_at_10_std": -0.019978,
        "nauc_map_at_10_diff1": 0.284841,
        "nauc_map_at_20_max": 0.287778,
        "nauc_map_at_20_std": 0.032081,
        "nauc_map_at_20_diff1": 0.282286,
        "nauc_map_at_100_max": 0.324028,
        "nauc_map_at_100_std": 0.127271,
        "nauc_map_at_100_diff1": 0.26093,
        "nauc_map_at_1000_max": 0.329971,
        "nauc_map_at_1000_std": 0.15997,
        "nauc_map_at_1000_diff1": 0.255508,
        "nauc_recall_at_1_max": 0.230808,
        "nauc_recall_at_1_std": -0.171151,
        "nauc_recall_at_1_diff1": 0.339546,
        "nauc_recall_at_3_max": 0.185008,
        "nauc_recall_at_3_std": -0.077759,
        "nauc_recall_at_3_diff1": 0.220962,
        "nauc_recall_at_5_max": 0.167196,
        "nauc_recall_at_5_std": -0.060644,
        "nauc_recall_at_5_diff1": 0.214645,
        "nauc_recall_at_10_max": 0.167004,
        "nauc_recall_at_10_std": -0.011966,
        "nauc_recall_at_10_diff1": 0.228526,
        "nauc_recall_at_20_max": 0.226077,
        "nauc_recall_at_20_std": 0.039958,
        "nauc_recall_at_20_diff1": 0.241091,
        "nauc_recall_at_100_max": 0.222366,
        "nauc_recall_at_100_std": 0.178292,
        "nauc_recall_at_100_diff1": 0.169468,
        "nauc_recall_at_1000_max": 0.199391,
        "nauc_recall_at_1000_std": 0.235487,
        "nauc_recall_at_1000_diff1": 0.111384,
        "nauc_precision_at_1_max": 0.303189,
        "nauc_precision_at_1_std": 0.171341,
        "nauc_precision_at_1_diff1": 0.264865,
        "nauc_precision_at_3_max": 0.305081,
        "nauc_precision_at_3_std": 0.251441,
        "nauc_precision_at_3_diff1": 0.210727,
        "nauc_precision_at_5_max": 0.326306,
        "nauc_precision_at_5_std": 0.300719,
        "nauc_precision_at_5_diff1": 0.177625,
        "nauc_precision_at_10_max": 0.303652,
        "nauc_precision_at_10_std": 0.365806,
        "nauc_precision_at_10_diff1": 0.133739,
        "nauc_precision_at_20_max": 0.327726,
        "nauc_precision_at_20_std": 0.416047,
        "nauc_precision_at_20_diff1": 0.117447,
        "nauc_precision_at_100_max": 0.264748,
        "nauc_precision_at_100_std": 0.459085,
        "nauc_precision_at_100_diff1": 0.031638,
        "nauc_precision_at_1000_max": 0.102697,
        "nauc_precision_at_1000_std": 0.442561,
        "nauc_precision_at_1000_diff1": -0.000277,
        "nauc_mrr_at_1_max": 0.303189,
        "nauc_mrr_at_1_std": 0.171341,
        "nauc_mrr_at_1_diff1": 0.264865,
        "nauc_mrr_at_3_max": 0.29132,
        "nauc_mrr_at_3_std": 0.18324,
        "nauc_mrr_at_3_diff1": 0.232221,
        "nauc_mrr_at_5_max": 0.292925,
        "nauc_mrr_at_5_std": 0.187481,
        "nauc_mrr_at_5_diff1": 0.227909,
        "nauc_mrr_at_10_max": 0.292206,
        "nauc_mrr_at_10_std": 0.186684,
        "nauc_mrr_at_10_diff1": 0.227986,
        "nauc_mrr_at_20_max": 0.291627,
        "nauc_mrr_at_20_std": 0.187648,
        "nauc_mrr_at_20_diff1": 0.229462,
        "nauc_mrr_at_100_max": 0.290873,
        "nauc_mrr_at_100_std": 0.186903,
        "nauc_mrr_at_100_diff1": 0.229548,
        "nauc_mrr_at_1000_max": 0.290952,
        "nauc_mrr_at_1000_std": 0.186824,
        "nauc_mrr_at_1000_diff1": 0.229519,
        "main_score": 0.17654,
        "hf_subset": "default",
        "languages": [
          "fas-Arab"
        ]
      }
    ]
  },
  "evaluation_time": 5168.6595685482025,
  "kg_co2_emissions": null
}