{
  "dataset_revision": "6d1962c527217f8927fca80f890f14f36b2802af",
  "task_name": "MIRACLReranking",
  "mteb_version": "1.34.14",
  "scores": {
    "dev": [
      {
        "NDCG@1(MIRACL)": 0.37342,
        "NDCG@3(MIRACL)": 0.42888,
        "NDCG@5(MIRACL)": 0.45682,
        "NDCG@10(MIRACL)": 0.49592,
        "NDCG@20(MIRACL)": 0.52353,
        "NDCG@100(MIRACL)": 0.54315,
        "NDCG@1000(MIRACL)": 0.54315,
        "MAP@1(MIRACL)": 0.25545,
        "MAP@3(MIRACL)": 0.37051,
        "MAP@5(MIRACL)": 0.39815,
        "MAP@10(MIRACL)": 0.42213,
        "MAP@20(MIRACL)": 0.4336,
        "MAP@100(MIRACL)": 0.43825,
        "MAP@1000(MIRACL)": 0.43825,
        "Recall@1(MIRACL)": 0.25545,
        "Recall@3(MIRACL)": 0.46348,
        "Recall@5(MIRACL)": 0.53779,
        "Recall@10(MIRACL)": 0.64164,
        "Recall@20(MIRACL)": 0.73167,
        "Recall@100(MIRACL)": 0.81487,
        "Recall@1000(MIRACL)": 0.81487,
        "P@1(MIRACL)": 0.37342,
        "P@3(MIRACL)": 0.24631,
        "P@5(MIRACL)": 0.17785,
        "P@10(MIRACL)": 0.11028,
        "P@20(MIRACL)": 0.0644,
        "P@100(MIRACL)": 0.01467,
        "P@1000(MIRACL)": 0.00147,
        "nAUC_NDCG@1_max(MIRACL)": 0.428574,
        "nAUC_NDCG@1_std(MIRACL)": 0.151094,
        "nAUC_NDCG@1_diff1(MIRACL)": 0.315313,
        "nAUC_NDCG@3_max(MIRACL)": 0.434051,
        "nAUC_NDCG@3_std(MIRACL)": 0.171992,
        "nAUC_NDCG@3_diff1(MIRACL)": 0.260361,
        "nAUC_NDCG@5_max(MIRACL)": 0.44357,
        "nAUC_NDCG@5_std(MIRACL)": 0.170767,
        "nAUC_NDCG@5_diff1(MIRACL)": 0.262309,
        "nAUC_NDCG@10_max(MIRACL)": 0.469739,
        "nAUC_NDCG@10_std(MIRACL)": 0.19612,
        "nAUC_NDCG@10_diff1(MIRACL)": 0.252917,
        "nAUC_NDCG@20_max(MIRACL)": 0.476798,
        "nAUC_NDCG@20_std(MIRACL)": 0.213971,
        "nAUC_NDCG@20_diff1(MIRACL)": 0.245178,
        "nAUC_NDCG@100_max(MIRACL)": 0.472844,
        "nAUC_NDCG@100_std(MIRACL)": 0.207135,
        "nAUC_NDCG@100_diff1(MIRACL)": 0.238551,
        "nAUC_NDCG@1000_max(MIRACL)": 0.472844,
        "nAUC_NDCG@1000_std(MIRACL)": 0.207135,
        "nAUC_NDCG@1000_diff1(MIRACL)": 0.238551,
        "nAUC_MAP@1_max(MIRACL)": 0.286886,
        "nAUC_MAP@1_std(MIRACL)": 0.072536,
        "nAUC_MAP@1_diff1(MIRACL)": 0.337363,
        "nAUC_MAP@3_max(MIRACL)": 0.384152,
        "nAUC_MAP@3_std(MIRACL)": 0.139213,
        "nAUC_MAP@3_diff1(MIRACL)": 0.289613,
        "nAUC_MAP@5_max(MIRACL)": 0.407407,
        "nAUC_MAP@5_std(MIRACL)": 0.146233,
        "nAUC_MAP@5_diff1(MIRACL)": 0.284993,
        "nAUC_MAP@10_max(MIRACL)": 0.429761,
        "nAUC_MAP@10_std(MIRACL)": 0.164797,
        "nAUC_MAP@10_diff1(MIRACL)": 0.277558,
        "nAUC_MAP@20_max(MIRACL)": 0.436012,
        "nAUC_MAP@20_std(MIRACL)": 0.17284,
        "nAUC_MAP@20_diff1(MIRACL)": 0.27428,
        "nAUC_MAP@100_max(MIRACL)": 0.435282,
        "nAUC_MAP@100_std(MIRACL)": 0.171263,
        "nAUC_MAP@100_diff1(MIRACL)": 0.272518,
        "nAUC_MAP@1000_max(MIRACL)": 0.435282,
        "nAUC_MAP@1000_std(MIRACL)": 0.171263,
        "nAUC_MAP@1000_diff1(MIRACL)": 0.272518,
        "nAUC_Recall@1_max(MIRACL)": 0.286886,
        "nAUC_Recall@1_std(MIRACL)": 0.072536,
        "nAUC_Recall@1_diff1(MIRACL)": 0.337363,
        "nAUC_Recall@3_max(MIRACL)": 0.389009,
        "nAUC_Recall@3_std(MIRACL)": 0.168122,
        "nAUC_Recall@3_diff1(MIRACL)": 0.214435,
        "nAUC_Recall@5_max(MIRACL)": 0.412958,
        "nAUC_Recall@5_std(MIRACL)": 0.170761,
        "nAUC_Recall@5_diff1(MIRACL)": 0.198227,
        "nAUC_Recall@10_max(MIRACL)": 0.500485,
        "nAUC_Recall@10_std(MIRACL)": 0.2519,
        "nAUC_Recall@10_diff1(MIRACL)": 0.16542,
        "nAUC_Recall@20_max(MIRACL)": 0.540541,
        "nAUC_Recall@20_std(MIRACL)": 0.346293,
        "nAUC_Recall@20_diff1(MIRACL)": 0.126614,
        "nAUC_Recall@100_max(MIRACL)": 0.572601,
        "nAUC_Recall@100_std(MIRACL)": 0.374052,
        "nAUC_Recall@100_diff1(MIRACL)": 0.061912,
        "nAUC_Recall@1000_max(MIRACL)": 0.572601,
        "nAUC_Recall@1000_std(MIRACL)": 0.374052,
        "nAUC_Recall@1000_diff1(MIRACL)": 0.061912,
        "nAUC_P@1_max(MIRACL)": 0.428574,
        "nAUC_P@1_std(MIRACL)": 0.151094,
        "nAUC_P@1_diff1(MIRACL)": 0.315313,
        "nAUC_P@3_max(MIRACL)": 0.49177,
        "nAUC_P@3_std(MIRACL)": 0.229514,
        "nAUC_P@3_diff1(MIRACL)": 0.139091,
        "nAUC_P@5_max(MIRACL)": 0.46881,
        "nAUC_P@5_std(MIRACL)": 0.219094,
        "nAUC_P@5_diff1(MIRACL)": 0.095666,
        "nAUC_P@10_max(MIRACL)": 0.442896,
        "nAUC_P@10_std(MIRACL)": 0.23437,
        "nAUC_P@10_diff1(MIRACL)": 0.03552,
        "nAUC_P@20_max(MIRACL)": 0.395497,
        "nAUC_P@20_std(MIRACL)": 0.234529,
        "nAUC_P@20_diff1(MIRACL)": -0.00353,
        "nAUC_P@100_max(MIRACL)": 0.30252,
        "nAUC_P@100_std(MIRACL)": 0.156185,
        "nAUC_P@100_diff1(MIRACL)": -0.041259,
        "nAUC_P@1000_max(MIRACL)": 0.30252,
        "nAUC_P@1000_std(MIRACL)": 0.156185,
        "nAUC_P@1000_diff1(MIRACL)": -0.041259,
        "main_score": 0.49592,
        "hf_subset": "fa",
        "languages": [
          "fas-Arab"
        ]
      }
    ]
  },
  "evaluation_time": 176.68725609779358,
  "kg_co2_emissions": null
}