{
  "dataset_revision": "1a43f4f5dcd71e6b14b275ae82c3237cdd4fd5fd",
  "task_name": "QuoraRetrieval-Fa",
  "mteb_version": "1.34.14",
  "scores": {
    "test": [
      {
        "ndcg_at_1": 0.6864,
        "ndcg_at_3": 0.73556,
        "ndcg_at_5": 0.75587,
        "ndcg_at_10": 0.77395,
        "ndcg_at_20": 0.78534,
        "ndcg_at_100": 0.79792,
        "ndcg_at_1000": 0.80247,
        "map_at_1": 0.59583,
        "map_at_3": 0.69437,
        "map_at_5": 0.71321,
        "map_at_10": 0.72506,
        "map_at_20": 0.73018,
        "map_at_100": 0.73331,
        "map_at_1000": 0.73367,
        "recall_at_1": 0.59583,
        "recall_at_3": 0.7634,
        "recall_at_5": 0.81751,
        "recall_at_10": 0.87139,
        "recall_at_20": 0.9106,
        "recall_at_100": 0.96475,
        "recall_at_1000": 0.99258,
        "precision_at_1": 0.6864,
        "precision_at_3": 0.32173,
        "precision_at_5": 0.21482,
        "precision_at_10": 0.11912,
        "precision_at_20": 0.06444,
        "precision_at_100": 0.01445,
        "precision_at_1000": 0.00154,
        "mrr_at_1": 0.6864,
        "mrr_at_3": 0.750367,
        "mrr_at_5": 0.760387,
        "mrr_at_10": 0.765956,
        "mrr_at_20": 0.768015,
        "mrr_at_100": 0.768983,
        "mrr_at_1000": 0.769067,
        "nauc_ndcg_at_1_max": 0.371605,
        "nauc_ndcg_at_1_std": -0.22684,
        "nauc_ndcg_at_1_diff1": 0.728736,
        "nauc_ndcg_at_3_max": 0.356203,
        "nauc_ndcg_at_3_std": -0.251237,
        "nauc_ndcg_at_3_diff1": 0.687264,
        "nauc_ndcg_at_5_max": 0.35593,
        "nauc_ndcg_at_5_std": -0.254135,
        "nauc_ndcg_at_5_diff1": 0.686996,
        "nauc_ndcg_at_10_max": 0.367318,
        "nauc_ndcg_at_10_std": -0.241747,
        "nauc_ndcg_at_10_diff1": 0.691758,
        "nauc_ndcg_at_20_max": 0.371569,
        "nauc_ndcg_at_20_std": -0.230695,
        "nauc_ndcg_at_20_diff1": 0.691966,
        "nauc_ndcg_at_100_max": 0.376107,
        "nauc_ndcg_at_100_std": -0.22096,
        "nauc_ndcg_at_100_diff1": 0.69449,
        "nauc_ndcg_at_1000_max": 0.374753,
        "nauc_ndcg_at_1000_std": -0.222783,
        "nauc_ndcg_at_1000_diff1": 0.695511,
        "nauc_map_at_1_max": 0.287598,
        "nauc_map_at_1_std": -0.269757,
        "nauc_map_at_1_diff1": 0.726105,
        "nauc_map_at_3_max": 0.332765,
        "nauc_map_at_3_std": -0.279058,
        "nauc_map_at_3_diff1": 0.69827,
        "nauc_map_at_5_max": 0.341056,
        "nauc_map_at_5_std": -0.273444,
        "nauc_map_at_5_diff1": 0.697209,
        "nauc_map_at_10_max": 0.349582,
        "nauc_map_at_10_std": -0.262495,
        "nauc_map_at_10_diff1": 0.69771,
        "nauc_map_at_20_max": 0.352557,
        "nauc_map_at_20_std": -0.255716,
        "nauc_map_at_20_diff1": 0.696835,
        "nauc_map_at_100_max": 0.354486,
        "nauc_map_at_100_std": -0.25138,
        "nauc_map_at_100_diff1": 0.69687,
        "nauc_map_at_1000_max": 0.354613,
        "nauc_map_at_1000_std": -0.250963,
        "nauc_map_at_1000_diff1": 0.696879,
        "nauc_recall_at_1_max": 0.287598,
        "nauc_recall_at_1_std": -0.269757,
        "nauc_recall_at_1_diff1": 0.726105,
        "nauc_recall_at_3_max": 0.318011,
        "nauc_recall_at_3_std": -0.287388,
        "nauc_recall_at_3_diff1": 0.647435,
        "nauc_recall_at_5_max": 0.318529,
        "nauc_recall_at_5_std": -0.288547,
        "nauc_recall_at_5_diff1": 0.628289,
        "nauc_recall_at_10_max": 0.355507,
        "nauc_recall_at_10_std": -0.240525,
        "nauc_recall_at_10_diff1": 0.622258,
        "nauc_recall_at_20_max": 0.374326,
        "nauc_recall_at_20_std": -0.165402,
        "nauc_recall_at_20_diff1": 0.598679,
        "nauc_recall_at_100_max": 0.452635,
        "nauc_recall_at_100_std": 0.017316,
        "nauc_recall_at_100_diff1": 0.601632,
        "nauc_recall_at_1000_max": 0.451692,
        "nauc_recall_at_1000_std": 0.168314,
        "nauc_recall_at_1000_diff1": 0.644679,
        "nauc_precision_at_1_max": 0.371605,
        "nauc_precision_at_1_std": -0.22684,
        "nauc_precision_at_1_diff1": 0.728736,
        "nauc_precision_at_3_max": 0.227064,
        "nauc_precision_at_3_std": -0.013752,
        "nauc_precision_at_3_diff1": 0.137313,
        "nauc_precision_at_5_max": 0.169955,
        "nauc_precision_at_5_std": 0.075592,
        "nauc_precision_at_5_diff1": -0.016619,
        "nauc_precision_at_10_max": 0.126951,
        "nauc_precision_at_10_std": 0.177419,
        "nauc_precision_at_10_diff1": -0.137564,
        "nauc_precision_at_20_max": 0.089054,
        "nauc_precision_at_20_std": 0.251751,
        "nauc_precision_at_20_diff1": -0.220802,
        "nauc_precision_at_100_max": 0.037021,
        "nauc_precision_at_100_std": 0.323209,
        "nauc_precision_at_100_diff1": -0.300686,
        "nauc_precision_at_1000_max": 0.003643,
        "nauc_precision_at_1000_std": 0.33022,
        "nauc_precision_at_1000_diff1": -0.333525,
        "nauc_mrr_at_1_max": 0.373643,
        "nauc_mrr_at_1_std": -0.225369,
        "nauc_mrr_at_1_diff1": 0.728736,
        "nauc_mrr_at_3_max": 0.388485,
        "nauc_mrr_at_3_std": -0.21717,
        "nauc_mrr_at_3_diff1": 0.707622,
        "nauc_mrr_at_5_max": 0.388644,
        "nauc_mrr_at_5_std": -0.216528,
        "nauc_mrr_at_5_diff1": 0.70621,
        "nauc_mrr_at_10_max": 0.390345,
        "nauc_mrr_at_10_std": -0.213244,
        "nauc_mrr_at_10_diff1": 0.707278,
        "nauc_mrr_at_20_max": 0.390663,
        "nauc_mrr_at_20_std": -0.211843,
        "nauc_mrr_at_20_diff1": 0.707706,
        "nauc_mrr_at_100_max": 0.390244,
        "nauc_mrr_at_100_std": -0.21218,
        "nauc_mrr_at_100_diff1": 0.708087,
        "nauc_mrr_at_1000_max": 0.39016,
        "nauc_mrr_at_1000_std": -0.212313,
        "nauc_mrr_at_1000_diff1": 0.708129,
        "main_score": 0.77395,
        "hf_subset": "default",
        "languages": [
          "fas-Arab"
        ]
      }
    ]
  },
  "evaluation_time": 316.73742842674255,
  "kg_co2_emissions": null
}