{
  "dataset_revision": "7723397096199c4d6f367b445fccaf282c518abe",
  "task_name": "SciFact-Fa",
  "mteb_version": "1.34.14",
  "scores": {
    "test": [
      {
        "ndcg_at_1": 0.4,
        "ndcg_at_3": 0.46329,
        "ndcg_at_5": 0.49534,
        "ndcg_at_10": 0.52485,
        "ndcg_at_20": 0.54376,
        "ndcg_at_100": 0.56412,
        "ndcg_at_1000": 0.57611,
        "map_at_1": 0.379,
        "map_at_3": 0.43817,
        "map_at_5": 0.45717,
        "map_at_10": 0.47007,
        "map_at_20": 0.47582,
        "map_at_100": 0.47909,
        "map_at_1000": 0.4795,
        "recall_at_1": 0.379,
        "recall_at_3": 0.51428,
        "recall_at_5": 0.59133,
        "recall_at_10": 0.67767,
        "recall_at_20": 0.74928,
        "recall_at_100": 0.85172,
        "recall_at_1000": 0.94889,
        "precision_at_1": 0.4,
        "precision_at_3": 0.18222,
        "precision_at_5": 0.128,
        "precision_at_10": 0.07467,
        "precision_at_20": 0.04167,
        "precision_at_100": 0.0097,
        "precision_at_1000": 0.00108,
        "mrr_at_1": 0.4,
        "mrr_at_3": 0.458889,
        "mrr_at_5": 0.476389,
        "mrr_at_10": 0.488255,
        "mrr_at_20": 0.492889,
        "mrr_at_100": 0.495076,
        "mrr_at_1000": 0.495424,
        "nauc_ndcg_at_1_max": 0.309445,
        "nauc_ndcg_at_1_std": -0.046842,
        "nauc_ndcg_at_1_diff1": 0.634149,
        "nauc_ndcg_at_3_max": 0.297901,
        "nauc_ndcg_at_3_std": -0.018969,
        "nauc_ndcg_at_3_diff1": 0.569225,
        "nauc_ndcg_at_5_max": 0.312618,
        "nauc_ndcg_at_5_std": 0.033359,
        "nauc_ndcg_at_5_diff1": 0.574726,
        "nauc_ndcg_at_10_max": 0.329973,
        "nauc_ndcg_at_10_std": 0.043149,
        "nauc_ndcg_at_10_diff1": 0.587518,
        "nauc_ndcg_at_20_max": 0.328445,
        "nauc_ndcg_at_20_std": 0.047444,
        "nauc_ndcg_at_20_diff1": 0.579538,
        "nauc_ndcg_at_100_max": 0.327144,
        "nauc_ndcg_at_100_std": 0.067174,
        "nauc_ndcg_at_100_diff1": 0.585431,
        "nauc_ndcg_at_1000_max": 0.328909,
        "nauc_ndcg_at_1000_std": 0.05308,
        "nauc_ndcg_at_1000_diff1": 0.588514,
        "nauc_map_at_1_max": 0.296686,
        "nauc_map_at_1_std": -0.066431,
        "nauc_map_at_1_diff1": 0.621975,
        "nauc_map_at_3_max": 0.294642,
        "nauc_map_at_3_std": -0.033631,
        "nauc_map_at_3_diff1": 0.580341,
        "nauc_map_at_5_max": 0.301276,
        "nauc_map_at_5_std": -0.004467,
        "nauc_map_at_5_diff1": 0.584201,
        "nauc_map_at_10_max": 0.308979,
        "nauc_map_at_10_std": 0.000146,
        "nauc_map_at_10_diff1": 0.589456,
        "nauc_map_at_20_max": 0.310449,
        "nauc_map_at_20_std": 0.002607,
        "nauc_map_at_20_diff1": 0.587927,
        "nauc_map_at_100_max": 0.311049,
        "nauc_map_at_100_std": 0.005296,
        "nauc_map_at_100_diff1": 0.589798,
        "nauc_map_at_1000_max": 0.311147,
        "nauc_map_at_1000_std": 0.004687,
        "nauc_map_at_1000_diff1": 0.589887,
        "nauc_recall_at_1_max": 0.296686,
        "nauc_recall_at_1_std": -0.066431,
        "nauc_recall_at_1_diff1": 0.621975,
        "nauc_recall_at_3_max": 0.284588,
        "nauc_recall_at_3_std": -0.001727,
        "nauc_recall_at_3_diff1": 0.518695,
        "nauc_recall_at_5_max": 0.314538,
        "nauc_recall_at_5_std": 0.125544,
        "nauc_recall_at_5_diff1": 0.521148,
        "nauc_recall_at_10_max": 0.377083,
        "nauc_recall_at_10_std": 0.174954,
        "nauc_recall_at_10_diff1": 0.554996,
        "nauc_recall_at_20_max": 0.367617,
        "nauc_recall_at_20_std": 0.219805,
        "nauc_recall_at_20_diff1": 0.504071,
        "nauc_recall_at_100_max": 0.366773,
        "nauc_recall_at_100_std": 0.530991,
        "nauc_recall_at_100_diff1": 0.516222,
        "nauc_recall_at_1000_max": 0.499655,
        "nauc_recall_at_1000_std": 0.769963,
        "nauc_recall_at_1000_diff1": 0.549892,
        "nauc_precision_at_1_max": 0.309445,
        "nauc_precision_at_1_std": -0.046842,
        "nauc_precision_at_1_diff1": 0.634149,
        "nauc_precision_at_3_max": 0.308124,
        "nauc_precision_at_3_std": 0.029427,
        "nauc_precision_at_3_diff1": 0.529722,
        "nauc_precision_at_5_max": 0.348615,
        "nauc_precision_at_5_std": 0.190657,
        "nauc_precision_at_5_diff1": 0.509816,
        "nauc_precision_at_10_max": 0.375577,
        "nauc_precision_at_10_std": 0.224125,
        "nauc_precision_at_10_diff1": 0.467545,
        "nauc_precision_at_20_max": 0.345081,
        "nauc_precision_at_20_std": 0.251215,
        "nauc_precision_at_20_diff1": 0.362801,
        "nauc_precision_at_100_max": 0.235845,
        "nauc_precision_at_100_std": 0.296648,
        "nauc_precision_at_100_diff1": 0.226397,
        "nauc_precision_at_1000_max": 0.173306,
        "nauc_precision_at_1000_std": 0.210255,
        "nauc_precision_at_1000_diff1": 0.102903,
        "nauc_mrr_at_1_max": 0.309445,
        "nauc_mrr_at_1_std": -0.046842,
        "nauc_mrr_at_1_diff1": 0.634149,
        "nauc_mrr_at_3_max": 0.312702,
        "nauc_mrr_at_3_std": -0.006171,
        "nauc_mrr_at_3_diff1": 0.589893,
        "nauc_mrr_at_5_max": 0.324485,
        "nauc_mrr_at_5_std": 0.020435,
        "nauc_mrr_at_5_diff1": 0.594971,
        "nauc_mrr_at_10_max": 0.3285,
        "nauc_mrr_at_10_std": 0.021478,
        "nauc_mrr_at_10_diff1": 0.601678,
        "nauc_mrr_at_20_max": 0.327217,
        "nauc_mrr_at_20_std": 0.0208,
        "nauc_mrr_at_20_diff1": 0.59937,
        "nauc_mrr_at_100_max": 0.326259,
        "nauc_mrr_at_100_std": 0.022896,
        "nauc_mrr_at_100_diff1": 0.599524,
        "nauc_mrr_at_1000_max": 0.326442,
        "nauc_mrr_at_1000_std": 0.022421,
        "nauc_mrr_at_1000_diff1": 0.599639,
        "main_score": 0.52485,
        "hf_subset": "default",
        "languages": [
          "fas-Arab"
        ]
      }
    ]
  },
  "evaluation_time": 24.445424795150757,
  "kg_co2_emissions": null
}