{
  "dataset_revision": "e85114f13f42dc1edc456d58931cc38d44d697cf",
  "task_name": "SynPerQARetrieval",
  "mteb_version": "1.34.14",
  "scores": {
    "test": [
      {
        "ndcg_at_1": 0.81702,
        "ndcg_at_3": 0.88444,
        "ndcg_at_5": 0.89269,
        "ndcg_at_10": 0.89768,
        "ndcg_at_20": 0.8999,
        "ndcg_at_100": 0.90222,
        "ndcg_at_1000": 0.90375,
        "map_at_1": 0.81702,
        "map_at_3": 0.86888,
        "map_at_5": 0.87347,
        "map_at_10": 0.87559,
        "map_at_20": 0.8762,
        "map_at_100": 0.87652,
        "map_at_1000": 0.87657,
        "recall_at_1": 0.81702,
        "recall_at_3": 0.92905,
        "recall_at_5": 0.94901,
        "recall_at_10": 0.96417,
        "recall_at_20": 0.97295,
        "recall_at_100": 0.9855,
        "recall_at_1000": 0.99787,
        "precision_at_1": 0.81702,
        "precision_at_3": 0.30968,
        "precision_at_5": 0.1898,
        "precision_at_10": 0.09642,
        "precision_at_20": 0.04865,
        "precision_at_100": 0.00986,
        "precision_at_1000": 0.001,
        "mrr_at_1": 0.816907,
        "mrr_at_3": 0.868829,
        "mrr_at_5": 0.873417,
        "mrr_at_10": 0.875527,
        "mrr_at_20": 0.876141,
        "mrr_at_100": 0.876459,
        "mrr_at_1000": 0.87651,
        "nauc_ndcg_at_1_max": 0.298681,
        "nauc_ndcg_at_1_std": -0.549469,
        "nauc_ndcg_at_1_diff1": 0.904468,
        "nauc_ndcg_at_3_max": 0.404415,
        "nauc_ndcg_at_3_std": -0.606292,
        "nauc_ndcg_at_3_diff1": 0.884618,
        "nauc_ndcg_at_5_max": 0.414663,
        "nauc_ndcg_at_5_std": -0.598504,
        "nauc_ndcg_at_5_diff1": 0.88799,
        "nauc_ndcg_at_10_max": 0.412898,
        "nauc_ndcg_at_10_std": -0.587639,
        "nauc_ndcg_at_10_diff1": 0.888999,
        "nauc_ndcg_at_20_max": 0.406165,
        "nauc_ndcg_at_20_std": -0.584985,
        "nauc_ndcg_at_20_diff1": 0.890077,
        "nauc_ndcg_at_100_max": 0.396398,
        "nauc_ndcg_at_100_std": -0.585834,
        "nauc_ndcg_at_100_diff1": 0.890949,
        "nauc_ndcg_at_1000_max": 0.389847,
        "nauc_ndcg_at_1000_std": -0.583327,
        "nauc_ndcg_at_1000_diff1": 0.89105,
        "nauc_map_at_1_max": 0.298681,
        "nauc_map_at_1_std": -0.549469,
        "nauc_map_at_1_diff1": 0.904468,
        "nauc_map_at_3_max": 0.372052,
        "nauc_map_at_3_std": -0.590173,
        "nauc_map_at_3_diff1": 0.889747,
        "nauc_map_at_5_max": 0.375778,
        "nauc_map_at_5_std": -0.585886,
        "nauc_map_at_5_diff1": 0.891547,
        "nauc_map_at_10_max": 0.374588,
        "nauc_map_at_10_std": -0.581693,
        "nauc_map_at_10_diff1": 0.891948,
        "nauc_map_at_20_max": 0.372905,
        "nauc_map_at_20_std": -0.581099,
        "nauc_map_at_20_diff1": 0.892213,
        "nauc_map_at_100_max": 0.371735,
        "nauc_map_at_100_std": -0.581264,
        "nauc_map_at_100_diff1": 0.89233,
        "nauc_map_at_1000_max": 0.371551,
        "nauc_map_at_1000_std": -0.581178,
        "nauc_map_at_1000_diff1": 0.892332,
        "nauc_recall_at_1_max": 0.298681,
        "nauc_recall_at_1_std": -0.549469,
        "nauc_recall_at_1_diff1": 0.904468,
        "nauc_recall_at_3_max": 0.567983,
        "nauc_recall_at_3_std": -0.686756,
        "nauc_recall_at_3_diff1": 0.859442,
        "nauc_recall_at_5_max": 0.681466,
        "nauc_recall_at_5_std": -0.679855,
        "nauc_recall_at_5_diff1": 0.866079,
        "nauc_recall_at_10_max": 0.77763,
        "nauc_recall_at_10_std": -0.626763,
        "nauc_recall_at_10_diff1": 0.865484,
        "nauc_recall_at_20_max": 0.800781,
        "nauc_recall_at_20_std": -0.60118,
        "nauc_recall_at_20_diff1": 0.872682,
        "nauc_recall_at_100_max": 0.802566,
        "nauc_recall_at_100_std": -0.636699,
        "nauc_recall_at_100_diff1": 0.886296,
        "nauc_recall_at_1000_max": 0.873531,
        "nauc_recall_at_1000_std": -0.117324,
        "nauc_recall_at_1000_diff1": 0.898017,
        "nauc_precision_at_1_max": 0.298681,
        "nauc_precision_at_1_std": -0.549469,
        "nauc_precision_at_1_diff1": 0.904468,
        "nauc_precision_at_3_max": 0.567983,
        "nauc_precision_at_3_std": -0.686756,
        "nauc_precision_at_3_diff1": 0.859442,
        "nauc_precision_at_5_max": 0.681466,
        "nauc_precision_at_5_std": -0.679855,
        "nauc_precision_at_5_diff1": 0.866079,
        "nauc_precision_at_10_max": 0.77763,
        "nauc_precision_at_10_std": -0.626763,
        "nauc_precision_at_10_diff1": 0.865484,
        "nauc_precision_at_20_max": 0.800781,
        "nauc_precision_at_20_std": -0.60118,
        "nauc_precision_at_20_diff1": 0.872682,
        "nauc_precision_at_100_max": 0.802566,
        "nauc_precision_at_100_std": -0.636699,
        "nauc_precision_at_100_diff1": 0.886296,
        "nauc_precision_at_1000_max": 0.873531,
        "nauc_precision_at_1000_std": -0.117324,
        "nauc_precision_at_1000_diff1": 0.898017,
        "nauc_mrr_at_1_max": 0.297862,
        "nauc_mrr_at_1_std": -0.549076,
        "nauc_mrr_at_1_diff1": 0.904605,
        "nauc_mrr_at_3_max": 0.371488,
        "nauc_mrr_at_3_std": -0.589961,
        "nauc_mrr_at_3_diff1": 0.88986,
        "nauc_mrr_at_5_max": 0.375207,
        "nauc_mrr_at_5_std": -0.585622,
        "nauc_mrr_at_5_diff1": 0.891661,
        "nauc_mrr_at_10_max": 0.374005,
        "nauc_mrr_at_10_std": -0.581435,
        "nauc_mrr_at_10_diff1": 0.892063,
        "nauc_mrr_at_20_max": 0.37232,
        "nauc_mrr_at_20_std": -0.58084,
        "nauc_mrr_at_20_diff1": 0.892329,
        "nauc_mrr_at_100_max": 0.371149,
        "nauc_mrr_at_100_std": -0.581004,
        "nauc_mrr_at_100_diff1": 0.892446,
        "nauc_mrr_at_1000_max": 0.370965,
        "nauc_mrr_at_1000_std": -0.580919,
        "nauc_mrr_at_1000_diff1": 0.892448,
        "main_score": 0.89768,
        "hf_subset": "default",
        "languages": [
          "fas-Arab"
        ]
      }
    ]
  },
  "evaluation_time": 492.9509813785553,
  "kg_co2_emissions": null
}