{
  "dataset_revision": "0f464636f91641cc6ef6f6f8f249c73f4a609982",
  "task_name": "Touche2020-Fa",
  "mteb_version": "1.34.14",
  "scores": {
    "test": [
      {
        "ndcg_at_1": 0.08163,
        "ndcg_at_3": 0.11299,
        "ndcg_at_5": 0.11095,
        "ndcg_at_10": 0.12328,
        "ndcg_at_20": 0.14711,
        "ndcg_at_100": 0.23002,
        "ndcg_at_1000": 0.34986,
        "map_at_1": 0.01075,
        "map_at_3": 0.02138,
        "map_at_5": 0.02984,
        "map_at_10": 0.04871,
        "map_at_20": 0.06547,
        "map_at_100": 0.08497,
        "map_at_1000": 0.09723,
        "recall_at_1": 0.01075,
        "recall_at_3": 0.02989,
        "recall_at_5": 0.04902,
        "recall_at_10": 0.09921,
        "recall_at_20": 0.16022,
        "recall_at_100": 0.33669,
        "recall_at_1000": 0.69498,
        "precision_at_1": 0.12245,
        "precision_at_3": 0.14286,
        "precision_at_5": 0.13061,
        "precision_at_10": 0.12653,
        "precision_at_20": 0.11122,
        "precision_at_100": 0.05347,
        "precision_at_1000": 0.01296,
        "mrr_at_1": 0.122449,
        "mrr_at_3": 0.214286,
        "mrr_at_5": 0.231633,
        "mrr_at_10": 0.249887,
        "mrr_at_20": 0.262553,
        "mrr_at_100": 0.267168,
        "mrr_at_1000": 0.267534,
        "nauc_ndcg_at_1_max": -0.390706,
        "nauc_ndcg_at_1_std": -0.191373,
        "nauc_ndcg_at_1_diff1": -0.113793,
        "nauc_ndcg_at_3_max": -0.362339,
        "nauc_ndcg_at_3_std": -0.400426,
        "nauc_ndcg_at_3_diff1": 0.118553,
        "nauc_ndcg_at_5_max": -0.402784,
        "nauc_ndcg_at_5_std": -0.407689,
        "nauc_ndcg_at_5_diff1": 0.052109,
        "nauc_ndcg_at_10_max": -0.347507,
        "nauc_ndcg_at_10_std": -0.379414,
        "nauc_ndcg_at_10_diff1": 0.133839,
        "nauc_ndcg_at_20_max": -0.368928,
        "nauc_ndcg_at_20_std": -0.38453,
        "nauc_ndcg_at_20_diff1": 0.113024,
        "nauc_ndcg_at_100_max": -0.379841,
        "nauc_ndcg_at_100_std": -0.226302,
        "nauc_ndcg_at_100_diff1": 0.068536,
        "nauc_ndcg_at_1000_max": -0.267874,
        "nauc_ndcg_at_1000_std": 0.024014,
        "nauc_ndcg_at_1000_diff1": 0.08257,
        "nauc_map_at_1_max": -0.38412,
        "nauc_map_at_1_std": -0.253996,
        "nauc_map_at_1_diff1": -0.056125,
        "nauc_map_at_3_max": -0.39314,
        "nauc_map_at_3_std": -0.363742,
        "nauc_map_at_3_diff1": 0.072554,
        "nauc_map_at_5_max": -0.408923,
        "nauc_map_at_5_std": -0.380689,
        "nauc_map_at_5_diff1": -0.007116,
        "nauc_map_at_10_max": -0.370599,
        "nauc_map_at_10_std": -0.376764,
        "nauc_map_at_10_diff1": 0.07593,
        "nauc_map_at_20_max": -0.377859,
        "nauc_map_at_20_std": -0.382413,
        "nauc_map_at_20_diff1": 0.09461,
        "nauc_map_at_100_max": -0.371661,
        "nauc_map_at_100_std": -0.307938,
        "nauc_map_at_100_diff1": 0.05482,
        "nauc_map_at_1000_max": -0.36032,
        "nauc_map_at_1000_std": -0.264368,
        "nauc_map_at_1000_diff1": 0.053511,
        "nauc_recall_at_1_max": -0.38412,
        "nauc_recall_at_1_std": -0.253996,
        "nauc_recall_at_1_diff1": -0.056125,
        "nauc_recall_at_3_max": -0.363367,
        "nauc_recall_at_3_std": -0.404702,
        "nauc_recall_at_3_diff1": 0.137152,
        "nauc_recall_at_5_max": -0.401242,
        "nauc_recall_at_5_std": -0.419224,
        "nauc_recall_at_5_diff1": 0.018398,
        "nauc_recall_at_10_max": -0.324416,
        "nauc_recall_at_10_std": -0.366839,
        "nauc_recall_at_10_diff1": 0.146702,
        "nauc_recall_at_20_max": -0.356371,
        "nauc_recall_at_20_std": -0.369873,
        "nauc_recall_at_20_diff1": 0.120912,
        "nauc_recall_at_100_max": -0.354684,
        "nauc_recall_at_100_std": -0.10914,
        "nauc_recall_at_100_diff1": 0.032475,
        "nauc_recall_at_1000_max": -0.07729,
        "nauc_recall_at_1000_std": 0.476057,
        "nauc_recall_at_1000_diff1": 0.000571,
        "nauc_precision_at_1_max": -0.434933,
        "nauc_precision_at_1_std": -0.2396,
        "nauc_precision_at_1_diff1": -0.167138,
        "nauc_precision_at_3_max": -0.388554,
        "nauc_precision_at_3_std": -0.423207,
        "nauc_precision_at_3_diff1": 0.160246,
        "nauc_precision_at_5_max": -0.434101,
        "nauc_precision_at_5_std": -0.424994,
        "nauc_precision_at_5_diff1": 0.042679,
        "nauc_precision_at_10_max": -0.363958,
        "nauc_precision_at_10_std": -0.384797,
        "nauc_precision_at_10_diff1": 0.158792,
        "nauc_precision_at_20_max": -0.395335,
        "nauc_precision_at_20_std": -0.376938,
        "nauc_precision_at_20_diff1": 0.099076,
        "nauc_precision_at_100_max": -0.289346,
        "nauc_precision_at_100_std": 0.066453,
        "nauc_precision_at_100_diff1": 0.011652,
        "nauc_precision_at_1000_max": 0.302768,
        "nauc_precision_at_1000_std": 0.624714,
        "nauc_precision_at_1000_diff1": 0.032522,
        "nauc_mrr_at_1_max": -0.434933,
        "nauc_mrr_at_1_std": -0.2396,
        "nauc_mrr_at_1_diff1": -0.167138,
        "nauc_mrr_at_3_max": -0.413771,
        "nauc_mrr_at_3_std": -0.362887,
        "nauc_mrr_at_3_diff1": 0.014119,
        "nauc_mrr_at_5_max": -0.424262,
        "nauc_mrr_at_5_std": -0.362886,
        "nauc_mrr_at_5_diff1": 0.001998,
        "nauc_mrr_at_10_max": -0.404905,
        "nauc_mrr_at_10_std": -0.336535,
        "nauc_mrr_at_10_diff1": 0.031809,
        "nauc_mrr_at_20_max": -0.413768,
        "nauc_mrr_at_20_std": -0.325477,
        "nauc_mrr_at_20_diff1": 0.009272,
        "nauc_mrr_at_100_max": -0.416505,
        "nauc_mrr_at_100_std": -0.326841,
        "nauc_mrr_at_100_diff1": 0.012813,
        "nauc_mrr_at_1000_max": -0.415218,
        "nauc_mrr_at_1000_std": -0.326172,
        "nauc_mrr_at_1000_diff1": 0.01198,
        "main_score": 0.12328,
        "hf_subset": "default",
        "languages": [
          "fas-Arab"
        ]
      }
    ]
  },
  "evaluation_time": 1592.1667549610138,
  "kg_co2_emissions": null
}