{
  "dataset_revision": "98e6c2d33dfa166ee326e8b1bc7ea82c7e6898dd",
  "task_name": "TRECCOVID-Fa",
  "mteb_version": "1.34.14",
  "scores": {
    "test": [
      {
        "ndcg_at_1": 0.52,
        "ndcg_at_3": 0.46296,
        "ndcg_at_5": 0.42243,
        "ndcg_at_10": 0.37175,
        "ndcg_at_20": 0.33876,
        "ndcg_at_100": 0.24348,
        "ndcg_at_1000": 0.22671,
        "map_at_1": 0.00134,
        "map_at_3": 0.00326,
        "map_at_5": 0.00453,
        "map_at_10": 0.00702,
        "map_at_20": 0.01114,
        "map_at_100": 0.02708,
        "map_at_1000": 0.0586,
        "recall_at_1": 0.00134,
        "recall_at_3": 0.00352,
        "recall_at_5": 0.00529,
        "recall_at_10": 0.00915,
        "recall_at_20": 0.01698,
        "recall_at_100": 0.05733,
        "recall_at_1000": 0.21502,
        "precision_at_1": 0.52,
        "precision_at_3": 0.47333,
        "precision_at_5": 0.428,
        "precision_at_10": 0.374,
        "precision_at_20": 0.343,
        "precision_at_100": 0.2398,
        "precision_at_1000": 0.09918,
        "mrr_at_1": 0.52,
        "mrr_at_3": 0.586667,
        "mrr_at_5": 0.608667,
        "mrr_at_10": 0.622913,
        "mrr_at_20": 0.630154,
        "mrr_at_100": 0.630599,
        "mrr_at_1000": 0.630599,
        "nauc_ndcg_at_1_max": 0.312503,
        "nauc_ndcg_at_1_std": 0.225584,
        "nauc_ndcg_at_1_diff1": -0.181049,
        "nauc_ndcg_at_3_max": 0.325882,
        "nauc_ndcg_at_3_std": 0.251143,
        "nauc_ndcg_at_3_diff1": -0.139881,
        "nauc_ndcg_at_5_max": 0.276306,
        "nauc_ndcg_at_5_std": 0.263521,
        "nauc_ndcg_at_5_diff1": -0.163755,
        "nauc_ndcg_at_10_max": 0.290891,
        "nauc_ndcg_at_10_std": 0.283171,
        "nauc_ndcg_at_10_diff1": -0.144609,
        "nauc_ndcg_at_20_max": 0.314909,
        "nauc_ndcg_at_20_std": 0.312949,
        "nauc_ndcg_at_20_diff1": -0.178781,
        "nauc_ndcg_at_100_max": 0.342285,
        "nauc_ndcg_at_100_std": 0.399948,
        "nauc_ndcg_at_100_diff1": -0.228721,
        "nauc_ndcg_at_1000_max": 0.303503,
        "nauc_ndcg_at_1000_std": 0.384544,
        "nauc_ndcg_at_1000_diff1": -0.127565,
        "nauc_map_at_1_max": 0.236455,
        "nauc_map_at_1_std": 0.014225,
        "nauc_map_at_1_diff1": 0.057629,
        "nauc_map_at_3_max": 0.32977,
        "nauc_map_at_3_std": 0.096821,
        "nauc_map_at_3_diff1": 0.006801,
        "nauc_map_at_5_max": 0.315498,
        "nauc_map_at_5_std": 0.12708,
        "nauc_map_at_5_diff1": -0.059992,
        "nauc_map_at_10_max": 0.348537,
        "nauc_map_at_10_std": 0.201717,
        "nauc_map_at_10_diff1": -0.085242,
        "nauc_map_at_20_max": 0.384408,
        "nauc_map_at_20_std": 0.218384,
        "nauc_map_at_20_diff1": -0.154939,
        "nauc_map_at_100_max": 0.429293,
        "nauc_map_at_100_std": 0.278855,
        "nauc_map_at_100_diff1": -0.249079,
        "nauc_map_at_1000_max": 0.355566,
        "nauc_map_at_1000_std": 0.397122,
        "nauc_map_at_1000_diff1": -0.242275,
        "nauc_recall_at_1_max": 0.236455,
        "nauc_recall_at_1_std": 0.014225,
        "nauc_recall_at_1_diff1": 0.057629,
        "nauc_recall_at_3_max": 0.341519,
        "nauc_recall_at_3_std": 0.105957,
        "nauc_recall_at_3_diff1": 0.043494,
        "nauc_recall_at_5_max": 0.293304,
        "nauc_recall_at_5_std": 0.112167,
        "nauc_recall_at_5_diff1": -0.017222,
        "nauc_recall_at_10_max": 0.343627,
        "nauc_recall_at_10_std": 0.172016,
        "nauc_recall_at_10_diff1": -0.027348,
        "nauc_recall_at_20_max": 0.377282,
        "nauc_recall_at_20_std": 0.17086,
        "nauc_recall_at_20_diff1": -0.132924,
        "nauc_recall_at_100_max": 0.366748,
        "nauc_recall_at_100_std": 0.225528,
        "nauc_recall_at_100_diff1": -0.191813,
        "nauc_recall_at_1000_max": 0.263089,
        "nauc_recall_at_1000_std": 0.361487,
        "nauc_recall_at_1000_diff1": -0.116237,
        "nauc_precision_at_1_max": 0.312503,
        "nauc_precision_at_1_std": 0.225584,
        "nauc_precision_at_1_diff1": -0.181049,
        "nauc_precision_at_3_max": 0.370061,
        "nauc_precision_at_3_std": 0.324734,
        "nauc_precision_at_3_diff1": -0.1379,
        "nauc_precision_at_5_max": 0.292578,
        "nauc_precision_at_5_std": 0.329477,
        "nauc_precision_at_5_diff1": -0.196776,
        "nauc_precision_at_10_max": 0.338173,
        "nauc_precision_at_10_std": 0.35948,
        "nauc_precision_at_10_diff1": -0.150987,
        "nauc_precision_at_20_max": 0.346893,
        "nauc_precision_at_20_std": 0.370972,
        "nauc_precision_at_20_diff1": -0.219832,
        "nauc_precision_at_100_max": 0.364452,
        "nauc_precision_at_100_std": 0.458572,
        "nauc_precision_at_100_diff1": -0.24836,
        "nauc_precision_at_1000_max": 0.233625,
        "nauc_precision_at_1000_std": 0.499935,
        "nauc_precision_at_1000_diff1": -0.194588,
        "nauc_mrr_at_1_max": 0.312503,
        "nauc_mrr_at_1_std": 0.225584,
        "nauc_mrr_at_1_diff1": -0.181049,
        "nauc_mrr_at_3_max": 0.297744,
        "nauc_mrr_at_3_std": 0.237203,
        "nauc_mrr_at_3_diff1": -0.139947,
        "nauc_mrr_at_5_max": 0.319832,
        "nauc_mrr_at_5_std": 0.269286,
        "nauc_mrr_at_5_diff1": -0.118846,
        "nauc_mrr_at_10_max": 0.305111,
        "nauc_mrr_at_10_std": 0.253095,
        "nauc_mrr_at_10_diff1": -0.144944,
        "nauc_mrr_at_20_max": 0.313042,
        "nauc_mrr_at_20_std": 0.254874,
        "nauc_mrr_at_20_diff1": -0.137947,
        "nauc_mrr_at_100_max": 0.312391,
        "nauc_mrr_at_100_std": 0.254131,
        "nauc_mrr_at_100_diff1": -0.138361,
        "nauc_mrr_at_1000_max": 0.312391,
        "nauc_mrr_at_1000_std": 0.254131,
        "nauc_mrr_at_1000_diff1": -0.138361,
        "main_score": 0.37175,
        "hf_subset": "default",
        "languages": [
          "fas-Arab"
        ]
      }
    ]
  },
  "evaluation_time": 584.5838148593903,
  "kg_co2_emissions": null
}