{
  "dataset_revision": "fa97814be356fe4d18caadb457b4469bd34019ca",
  "task_name": "ArguAna-Fa",
  "mteb_version": "1.34.14",
  "scores": {
    "test": [
      {
        "ndcg_at_1": 0.22333,
        "ndcg_at_3": 0.35396,
        "ndcg_at_5": 0.41153,
        "ndcg_at_10": 0.46673,
        "ndcg_at_20": 0.49119,
        "ndcg_at_100": 0.5111,
        "ndcg_at_1000": 0.51513,
        "map_at_1": 0.22333,
        "map_at_3": 0.32148,
        "map_at_5": 0.35334,
        "map_at_10": 0.37625,
        "map_at_20": 0.38307,
        "map_at_100": 0.38602,
        "map_at_1000": 0.38617,
        "recall_at_1": 0.22333,
        "recall_at_3": 0.44808,
        "recall_at_5": 0.58819,
        "recall_at_10": 0.75818,
        "recall_at_20": 0.8542,
        "recall_at_100": 0.95875,
        "recall_at_1000": 0.99004,
        "precision_at_1": 0.22333,
        "precision_at_3": 0.14936,
        "precision_at_5": 0.11764,
        "precision_at_10": 0.07582,
        "precision_at_20": 0.04271,
        "precision_at_100": 0.00959,
        "precision_at_1000": 0.00099,
        "mrr_at_1": 0.227596,
        "mrr_at_3": 0.322783,
        "mrr_at_5": 0.355145,
        "mrr_at_10": 0.377985,
        "mrr_at_20": 0.384866,
        "mrr_at_100": 0.38781,
        "mrr_at_1000": 0.387967,
        "nauc_ndcg_at_1_max": -0.06224,
        "nauc_ndcg_at_1_std": -0.060292,
        "nauc_ndcg_at_1_diff1": 0.105108,
        "nauc_ndcg_at_3_max": -0.020012,
        "nauc_ndcg_at_3_std": -0.071562,
        "nauc_ndcg_at_3_diff1": 0.074537,
        "nauc_ndcg_at_5_max": -0.007097,
        "nauc_ndcg_at_5_std": -0.057481,
        "nauc_ndcg_at_5_diff1": 0.057778,
        "nauc_ndcg_at_10_max": 0.001806,
        "nauc_ndcg_at_10_std": -0.058786,
        "nauc_ndcg_at_10_diff1": 0.060384,
        "nauc_ndcg_at_20_max": 0.003433,
        "nauc_ndcg_at_20_std": -0.042599,
        "nauc_ndcg_at_20_diff1": 0.063807,
        "nauc_ndcg_at_100_max": -0.004651,
        "nauc_ndcg_at_100_std": -0.040714,
        "nauc_ndcg_at_100_diff1": 0.068266,
        "nauc_ndcg_at_1000_max": -0.0101,
        "nauc_ndcg_at_1000_std": -0.049121,
        "nauc_ndcg_at_1000_diff1": 0.068677,
        "nauc_map_at_1_max": -0.06224,
        "nauc_map_at_1_std": -0.060292,
        "nauc_map_at_1_diff1": 0.105108,
        "nauc_map_at_3_max": -0.031244,
        "nauc_map_at_3_std": -0.069707,
        "nauc_map_at_3_diff1": 0.078131,
        "nauc_map_at_5_max": -0.023803,
        "nauc_map_at_5_std": -0.061722,
        "nauc_map_at_5_diff1": 0.069344,
        "nauc_map_at_10_max": -0.021717,
        "nauc_map_at_10_std": -0.062951,
        "nauc_map_at_10_diff1": 0.070222,
        "nauc_map_at_20_max": -0.021833,
        "nauc_map_at_20_std": -0.059023,
        "nauc_map_at_20_diff1": 0.071027,
        "nauc_map_at_100_max": -0.023112,
        "nauc_map_at_100_std": -0.058947,
        "nauc_map_at_100_diff1": 0.071325,
        "nauc_map_at_1000_max": -0.023298,
        "nauc_map_at_1000_std": -0.059217,
        "nauc_map_at_1000_diff1": 0.071337,
        "nauc_recall_at_1_max": -0.06224,
        "nauc_recall_at_1_std": -0.060292,
        "nauc_recall_at_1_diff1": 0.105108,
        "nauc_recall_at_3_max": 0.010645,
        "nauc_recall_at_3_std": -0.076262,
        "nauc_recall_at_3_diff1": 0.066167,
        "nauc_recall_at_5_max": 0.043541,
        "nauc_recall_at_5_std": -0.042869,
        "nauc_recall_at_5_diff1": 0.022402,
        "nauc_recall_at_10_max": 0.108568,
        "nauc_recall_at_10_std": -0.037309,
        "nauc_recall_at_10_diff1": 0.021403,
        "nauc_recall_at_20_max": 0.181276,
        "nauc_recall_at_20_std": 0.096731,
        "nauc_recall_at_20_diff1": 0.029205,
        "nauc_recall_at_100_max": 0.354324,
        "nauc_recall_at_100_std": 0.488819,
        "nauc_recall_at_100_diff1": 0.121215,
        "nauc_recall_at_1000_max": 0.433321,
        "nauc_recall_at_1000_std": 0.515962,
        "nauc_recall_at_1000_diff1": 0.38281,
        "nauc_precision_at_1_max": -0.06224,
        "nauc_precision_at_1_std": -0.060292,
        "nauc_precision_at_1_diff1": 0.105108,
        "nauc_precision_at_3_max": 0.010645,
        "nauc_precision_at_3_std": -0.076262,
        "nauc_precision_at_3_diff1": 0.066167,
        "nauc_precision_at_5_max": 0.043541,
        "nauc_precision_at_5_std": -0.042869,
        "nauc_precision_at_5_diff1": 0.022402,
        "nauc_precision_at_10_max": 0.108568,
        "nauc_precision_at_10_std": -0.037309,
        "nauc_precision_at_10_diff1": 0.021403,
        "nauc_precision_at_20_max": 0.181276,
        "nauc_precision_at_20_std": 0.096731,
        "nauc_precision_at_20_diff1": 0.029205,
        "nauc_precision_at_100_max": 0.354324,
        "nauc_precision_at_100_std": 0.488819,
        "nauc_precision_at_100_diff1": 0.121215,
        "nauc_precision_at_1000_max": 0.433321,
        "nauc_precision_at_1000_std": 0.515962,
        "nauc_precision_at_1000_diff1": 0.38281,
        "nauc_mrr_at_1_max": -0.062007,
        "nauc_mrr_at_1_std": -0.057356,
        "nauc_mrr_at_1_diff1": 0.090274,
        "nauc_mrr_at_3_max": -0.039767,
        "nauc_mrr_at_3_std": -0.068897,
        "nauc_mrr_at_3_diff1": 0.060773,
        "nauc_mrr_at_5_max": -0.030205,
        "nauc_mrr_at_5_std": -0.062191,
        "nauc_mrr_at_5_diff1": 0.055208,
        "nauc_mrr_at_10_max": -0.028078,
        "nauc_mrr_at_10_std": -0.063083,
        "nauc_mrr_at_10_diff1": 0.055826,
        "nauc_mrr_at_20_max": -0.027981,
        "nauc_mrr_at_20_std": -0.058958,
        "nauc_mrr_at_20_diff1": 0.056668,
        "nauc_mrr_at_100_max": -0.02932,
        "nauc_mrr_at_100_std": -0.058886,
        "nauc_mrr_at_100_diff1": 0.056826,
        "nauc_mrr_at_1000_max": -0.029509,
        "nauc_mrr_at_1000_std": -0.059154,
        "nauc_mrr_at_1000_diff1": 0.05683,
        "main_score": 0.46673,
        "hf_subset": "default",
        "languages": [
          "fas-Arab"
        ]
      }
    ]
  },
  "evaluation_time": 34.392224073410034,
  "kg_co2_emissions": null
}