{
  "dataset_revision": "e9c7ad03f29a55ab14eae730146961b8cdc14227",
  "task_name": "CQADupstackGamingRetrieval-Fa",
  "mteb_version": "1.34.14",
  "scores": {
    "test": [
      {
        "ndcg_at_1": 0.15235,
        "ndcg_at_3": 0.19825,
        "ndcg_at_5": 0.21572,
        "ndcg_at_10": 0.23689,
        "ndcg_at_20": 0.25516,
        "ndcg_at_100": 0.28514,
        "ndcg_at_1000": 0.31197,
        "map_at_1": 0.13203,
        "map_at_3": 0.17705,
        "map_at_5": 0.18726,
        "map_at_10": 0.19637,
        "map_at_20": 0.20147,
        "map_at_100": 0.20578,
        "map_at_1000": 0.20678,
        "recall_at_1": 0.13203,
        "recall_at_3": 0.23216,
        "recall_at_5": 0.27503,
        "recall_at_10": 0.33912,
        "recall_at_20": 0.40887,
        "recall_at_100": 0.56081,
        "recall_at_1000": 0.76071,
        "precision_at_1": 0.15235,
        "precision_at_3": 0.09195,
        "precision_at_5": 0.06596,
        "precision_at_10": 0.04107,
        "precision_at_20": 0.02527,
        "precision_at_100": 0.00722,
        "precision_at_1000": 0.00104,
        "mrr_at_1": 0.152351,
        "mrr_at_3": 0.198955,
        "mrr_at_5": 0.210052,
        "mrr_at_10": 0.219693,
        "mrr_at_20": 0.225031,
        "mrr_at_100": 0.228778,
        "mrr_at_1000": 0.229521,
        "nauc_ndcg_at_1_max": 0.18467,
        "nauc_ndcg_at_1_std": -0.060591,
        "nauc_ndcg_at_1_diff1": 0.44865,
        "nauc_ndcg_at_3_max": 0.164968,
        "nauc_ndcg_at_3_std": -0.042743,
        "nauc_ndcg_at_3_diff1": 0.355989,
        "nauc_ndcg_at_5_max": 0.150944,
        "nauc_ndcg_at_5_std": -0.035925,
        "nauc_ndcg_at_5_diff1": 0.328261,
        "nauc_ndcg_at_10_max": 0.139814,
        "nauc_ndcg_at_10_std": -0.031308,
        "nauc_ndcg_at_10_diff1": 0.318387,
        "nauc_ndcg_at_20_max": 0.138084,
        "nauc_ndcg_at_20_std": -0.023769,
        "nauc_ndcg_at_20_diff1": 0.312988,
        "nauc_ndcg_at_100_max": 0.140333,
        "nauc_ndcg_at_100_std": 0.002678,
        "nauc_ndcg_at_100_diff1": 0.301784,
        "nauc_ndcg_at_1000_max": 0.151626,
        "nauc_ndcg_at_1000_std": 0.010355,
        "nauc_ndcg_at_1000_diff1": 0.310715,
        "nauc_map_at_1_max": 0.170225,
        "nauc_map_at_1_std": -0.0748,
        "nauc_map_at_1_diff1": 0.452857,
        "nauc_map_at_3_max": 0.158296,
        "nauc_map_at_3_std": -0.056474,
        "nauc_map_at_3_diff1": 0.373352,
        "nauc_map_at_5_max": 0.151614,
        "nauc_map_at_5_std": -0.051694,
        "nauc_map_at_5_diff1": 0.356216,
        "nauc_map_at_10_max": 0.147902,
        "nauc_map_at_10_std": -0.048648,
        "nauc_map_at_10_diff1": 0.351251,
        "nauc_map_at_20_max": 0.147463,
        "nauc_map_at_20_std": -0.045708,
        "nauc_map_at_20_diff1": 0.349601,
        "nauc_map_at_100_max": 0.148119,
        "nauc_map_at_100_std": -0.040457,
        "nauc_map_at_100_diff1": 0.347947,
        "nauc_map_at_1000_max": 0.148883,
        "nauc_map_at_1000_std": -0.039873,
        "nauc_map_at_1000_diff1": 0.348283,
        "nauc_recall_at_1_max": 0.170225,
        "nauc_recall_at_1_std": -0.0748,
        "nauc_recall_at_1_diff1": 0.452857,
        "nauc_recall_at_3_max": 0.151968,
        "nauc_recall_at_3_std": -0.036339,
        "nauc_recall_at_3_diff1": 0.3037,
        "nauc_recall_at_5_max": 0.126821,
        "nauc_recall_at_5_std": -0.023881,
        "nauc_recall_at_5_diff1": 0.250637,
        "nauc_recall_at_10_max": 0.096184,
        "nauc_recall_at_10_std": -0.011488,
        "nauc_recall_at_10_diff1": 0.224069,
        "nauc_recall_at_20_max": 0.09265,
        "nauc_recall_at_20_std": 0.015991,
        "nauc_recall_at_20_diff1": 0.206117,
        "nauc_recall_at_100_max": 0.084493,
        "nauc_recall_at_100_std": 0.11887,
        "nauc_recall_at_100_diff1": 0.141536,
        "nauc_recall_at_1000_max": 0.127988,
        "nauc_recall_at_1000_std": 0.230198,
        "nauc_recall_at_1000_diff1": 0.150118,
        "nauc_precision_at_1_max": 0.18467,
        "nauc_precision_at_1_std": -0.060591,
        "nauc_precision_at_1_diff1": 0.44865,
        "nauc_precision_at_3_max": 0.169141,
        "nauc_precision_at_3_std": -0.014279,
        "nauc_precision_at_3_diff1": 0.308212,
        "nauc_precision_at_5_max": 0.149146,
        "nauc_precision_at_5_std": 0.01205,
        "nauc_precision_at_5_diff1": 0.254637,
        "nauc_precision_at_10_max": 0.140717,
        "nauc_precision_at_10_std": 0.050833,
        "nauc_precision_at_10_diff1": 0.226078,
        "nauc_precision_at_20_max": 0.143181,
        "nauc_precision_at_20_std": 0.086983,
        "nauc_precision_at_20_diff1": 0.203867,
        "nauc_precision_at_100_max": 0.180068,
        "nauc_precision_at_100_std": 0.223502,
        "nauc_precision_at_100_diff1": 0.120255,
        "nauc_precision_at_1000_max": 0.253768,
        "nauc_precision_at_1000_std": 0.26777,
        "nauc_precision_at_1000_diff1": 0.077287,
        "nauc_mrr_at_1_max": 0.18467,
        "nauc_mrr_at_1_std": -0.060591,
        "nauc_mrr_at_1_diff1": 0.44865,
        "nauc_mrr_at_3_max": 0.175302,
        "nauc_mrr_at_3_std": -0.041178,
        "nauc_mrr_at_3_diff1": 0.378186,
        "nauc_mrr_at_5_max": 0.16692,
        "nauc_mrr_at_5_std": -0.035202,
        "nauc_mrr_at_5_diff1": 0.361667,
        "nauc_mrr_at_10_max": 0.163427,
        "nauc_mrr_at_10_std": -0.032297,
        "nauc_mrr_at_10_diff1": 0.357265,
        "nauc_mrr_at_20_max": 0.163622,
        "nauc_mrr_at_20_std": -0.030303,
        "nauc_mrr_at_20_diff1": 0.355302,
        "nauc_mrr_at_100_max": 0.163403,
        "nauc_mrr_at_100_std": -0.027725,
        "nauc_mrr_at_100_diff1": 0.353504,
        "nauc_mrr_at_1000_max": 0.163742,
        "nauc_mrr_at_1000_std": -0.027538,
        "nauc_mrr_at_1000_diff1": 0.353923,
        "main_score": 0.23689,
        "hf_subset": "default",
        "languages": [
          "fas-Arab"
        ]
      }
    ]
  },
  "evaluation_time": 94.7435097694397,
  "kg_co2_emissions": null
}