{
  "dataset_revision": "086995ca4cea33f37a407c2fa5282f74913740ee",
  "task_name": "SynPerChatbotTopicsRetrieval",
  "mteb_version": "1.34.14",
  "scores": {
    "test": [
      {
        "ndcg_at_1": 0.18412,
        "ndcg_at_3": 0.1461,
        "ndcg_at_5": 0.17096,
        "ndcg_at_10": 0.21083,
        "ndcg_at_20": 0.25467,
        "ndcg_at_100": 0.34683,
        "ndcg_at_1000": 0.39254,
        "map_at_1": 0.05909,
        "map_at_3": 0.09345,
        "map_at_5": 0.10851,
        "map_at_10": 0.12525,
        "map_at_20": 0.13965,
        "map_at_100": 0.15768,
        "map_at_1000": 0.16134,
        "recall_at_1": 0.05909,
        "recall_at_3": 0.12766,
        "recall_at_5": 0.17868,
        "recall_at_10": 0.26491,
        "recall_at_20": 0.38599,
        "recall_at_100": 0.73812,
        "recall_at_1000": 0.98259,
        "precision_at_1": 0.18412,
        "precision_at_3": 0.13424,
        "precision_at_5": 0.11321,
        "precision_at_10": 0.08412,
        "precision_at_20": 0.06122,
        "precision_at_100": 0.02357,
        "precision_at_1000": 0.00314,
        "mrr_at_1": 0.185426,
        "mrr_at_3": 0.263392,
        "mrr_at_5": 0.289872,
        "mrr_at_10": 0.310809,
        "mrr_at_20": 0.321835,
        "mrr_at_100": 0.327394,
        "mrr_at_1000": 0.327485,
        "nauc_ndcg_at_1_max": -0.014566,
        "nauc_ndcg_at_1_std": -0.13114,
        "nauc_ndcg_at_1_diff1": 0.219018,
        "nauc_ndcg_at_3_max": -0.033278,
        "nauc_ndcg_at_3_std": -0.148574,
        "nauc_ndcg_at_3_diff1": 0.164645,
        "nauc_ndcg_at_5_max": -0.032325,
        "nauc_ndcg_at_5_std": -0.137133,
        "nauc_ndcg_at_5_diff1": 0.165942,
        "nauc_ndcg_at_10_max": -0.029718,
        "nauc_ndcg_at_10_std": -0.153069,
        "nauc_ndcg_at_10_diff1": 0.171289,
        "nauc_ndcg_at_20_max": -0.032591,
        "nauc_ndcg_at_20_std": -0.148814,
        "nauc_ndcg_at_20_diff1": 0.157821,
        "nauc_ndcg_at_100_max": -0.035412,
        "nauc_ndcg_at_100_std": -0.145254,
        "nauc_ndcg_at_100_diff1": 0.153251,
        "nauc_ndcg_at_1000_max": -0.039678,
        "nauc_ndcg_at_1000_std": -0.148948,
        "nauc_ndcg_at_1000_diff1": 0.162787,
        "nauc_map_at_1_max": -0.001243,
        "nauc_map_at_1_std": -0.12563,
        "nauc_map_at_1_diff1": 0.223911,
        "nauc_map_at_3_max": -0.028798,
        "nauc_map_at_3_std": -0.140309,
        "nauc_map_at_3_diff1": 0.172653,
        "nauc_map_at_5_max": -0.032587,
        "nauc_map_at_5_std": -0.13645,
        "nauc_map_at_5_diff1": 0.172089,
        "nauc_map_at_10_max": -0.035357,
        "nauc_map_at_10_std": -0.148583,
        "nauc_map_at_10_diff1": 0.174208,
        "nauc_map_at_20_max": -0.040059,
        "nauc_map_at_20_std": -0.148491,
        "nauc_map_at_20_diff1": 0.16735,
        "nauc_map_at_100_max": -0.039502,
        "nauc_map_at_100_std": -0.149279,
        "nauc_map_at_100_diff1": 0.16596,
        "nauc_map_at_1000_max": -0.040567,
        "nauc_map_at_1000_std": -0.14931,
        "nauc_map_at_1000_diff1": 0.166393,
        "nauc_recall_at_1_max": -0.001243,
        "nauc_recall_at_1_std": -0.12563,
        "nauc_recall_at_1_diff1": 0.223911,
        "nauc_recall_at_3_max": -0.023941,
        "nauc_recall_at_3_std": -0.137363,
        "nauc_recall_at_3_diff1": 0.137689,
        "nauc_recall_at_5_max": -0.033852,
        "nauc_recall_at_5_std": -0.123381,
        "nauc_recall_at_5_diff1": 0.134422,
        "nauc_recall_at_10_max": -0.022345,
        "nauc_recall_at_10_std": -0.139056,
        "nauc_recall_at_10_diff1": 0.130829,
        "nauc_recall_at_20_max": -0.024118,
        "nauc_recall_at_20_std": -0.110733,
        "nauc_recall_at_20_diff1": 0.086855,
        "nauc_recall_at_100_max": -0.015771,
        "nauc_recall_at_100_std": -0.044264,
        "nauc_recall_at_100_diff1": 0.029518,
        "nauc_recall_at_1000_max": -0.02703,
        "nauc_recall_at_1000_std": 0.164643,
        "nauc_recall_at_1000_diff1": -0.084586,
        "nauc_precision_at_1_max": -0.014566,
        "nauc_precision_at_1_std": -0.13114,
        "nauc_precision_at_1_diff1": 0.219018,
        "nauc_precision_at_3_max": -0.038343,
        "nauc_precision_at_3_std": -0.151805,
        "nauc_precision_at_3_diff1": 0.141597,
        "nauc_precision_at_5_max": -0.051849,
        "nauc_precision_at_5_std": -0.13985,
        "nauc_precision_at_5_diff1": 0.135643,
        "nauc_precision_at_10_max": -0.046874,
        "nauc_precision_at_10_std": -0.159984,
        "nauc_precision_at_10_diff1": 0.13082,
        "nauc_precision_at_20_max": -0.054491,
        "nauc_precision_at_20_std": -0.13915,
        "nauc_precision_at_20_diff1": 0.08388,
        "nauc_precision_at_100_max": -0.078838,
        "nauc_precision_at_100_std": -0.100166,
        "nauc_precision_at_100_diff1": 0.022616,
        "nauc_precision_at_1000_max": -0.154881,
        "nauc_precision_at_1000_std": -0.115433,
        "nauc_precision_at_1000_diff1": -0.025425,
        "nauc_mrr_at_1_max": -0.018285,
        "nauc_mrr_at_1_std": -0.133817,
        "nauc_mrr_at_1_diff1": 0.213038,
        "nauc_mrr_at_3_max": -0.02313,
        "nauc_mrr_at_3_std": -0.141336,
        "nauc_mrr_at_3_diff1": 0.173468,
        "nauc_mrr_at_5_max": -0.029088,
        "nauc_mrr_at_5_std": -0.141402,
        "nauc_mrr_at_5_diff1": 0.175562,
        "nauc_mrr_at_10_max": -0.023748,
        "nauc_mrr_at_10_std": -0.144305,
        "nauc_mrr_at_10_diff1": 0.180611,
        "nauc_mrr_at_20_max": -0.020773,
        "nauc_mrr_at_20_std": -0.142183,
        "nauc_mrr_at_20_diff1": 0.180077,
        "nauc_mrr_at_100_max": -0.022787,
        "nauc_mrr_at_100_std": -0.143062,
        "nauc_mrr_at_100_diff1": 0.17962,
        "nauc_mrr_at_1000_max": -0.022718,
        "nauc_mrr_at_1000_std": -0.142955,
        "nauc_mrr_at_1000_diff1": 0.179687,
        "main_score": 0.21083,
        "hf_subset": "default",
        "languages": [
          "fas-Arab"
        ]
      }
    ]
  },
  "evaluation_time": 10.524538040161133,
  "kg_co2_emissions": null
}