{
  "dataset_revision": "da8f36a723da155738f5e3d8d84d543589bd5083",
  "task_name": "SynPerChatbotRAGTopicsRetrieval",
  "mteb_version": "1.34.14",
  "scores": {
    "test": [
      {
        "ndcg_at_1": 0.26771,
        "ndcg_at_3": 0.21155,
        "ndcg_at_5": 0.23458,
        "ndcg_at_10": 0.28566,
        "ndcg_at_20": 0.33929,
        "ndcg_at_100": 0.42347,
        "ndcg_at_1000": 0.45672,
        "map_at_1": 0.08441,
        "map_at_3": 0.13777,
        "map_at_5": 0.15596,
        "map_at_10": 0.17954,
        "map_at_20": 0.19954,
        "map_at_100": 0.21862,
        "map_at_1000": 0.22138,
        "recall_at_1": 0.08441,
        "recall_at_3": 0.18425,
        "recall_at_5": 0.23847,
        "recall_at_10": 0.34913,
        "recall_at_20": 0.49726,
        "recall_at_100": 0.81181,
        "recall_at_1000": 0.98757,
        "precision_at_1": 0.26771,
        "precision_at_3": 0.19411,
        "precision_at_5": 0.15087,
        "precision_at_10": 0.11095,
        "precision_at_20": 0.07921,
        "precision_at_100": 0.02604,
        "precision_at_1000": 0.00318,
        "mrr_at_1": 0.268629,
        "mrr_at_3": 0.368445,
        "mrr_at_5": 0.390386,
        "mrr_at_10": 0.41137,
        "mrr_at_20": 0.420559,
        "mrr_at_100": 0.423936,
        "mrr_at_1000": 0.424011,
        "nauc_ndcg_at_1_max": 0.134108,
        "nauc_ndcg_at_1_std": -0.115441,
        "nauc_ndcg_at_1_diff1": 0.312171,
        "nauc_ndcg_at_3_max": 0.101535,
        "nauc_ndcg_at_3_std": -0.15381,
        "nauc_ndcg_at_3_diff1": 0.253283,
        "nauc_ndcg_at_5_max": 0.097439,
        "nauc_ndcg_at_5_std": -0.152211,
        "nauc_ndcg_at_5_diff1": 0.246642,
        "nauc_ndcg_at_10_max": 0.093518,
        "nauc_ndcg_at_10_std": -0.147806,
        "nauc_ndcg_at_10_diff1": 0.223831,
        "nauc_ndcg_at_20_max": 0.09247,
        "nauc_ndcg_at_20_std": -0.163182,
        "nauc_ndcg_at_20_diff1": 0.224741,
        "nauc_ndcg_at_100_max": 0.091802,
        "nauc_ndcg_at_100_std": -0.132615,
        "nauc_ndcg_at_100_diff1": 0.24223,
        "nauc_ndcg_at_1000_max": 0.087778,
        "nauc_ndcg_at_1000_std": -0.148413,
        "nauc_ndcg_at_1000_diff1": 0.247121,
        "nauc_map_at_1_max": 0.161804,
        "nauc_map_at_1_std": -0.101611,
        "nauc_map_at_1_diff1": 0.311348,
        "nauc_map_at_3_max": 0.133066,
        "nauc_map_at_3_std": -0.138514,
        "nauc_map_at_3_diff1": 0.265828,
        "nauc_map_at_5_max": 0.111421,
        "nauc_map_at_5_std": -0.147766,
        "nauc_map_at_5_diff1": 0.258785,
        "nauc_map_at_10_max": 0.106364,
        "nauc_map_at_10_std": -0.149243,
        "nauc_map_at_10_diff1": 0.244195,
        "nauc_map_at_20_max": 0.10417,
        "nauc_map_at_20_std": -0.158761,
        "nauc_map_at_20_diff1": 0.242428,
        "nauc_map_at_100_max": 0.102671,
        "nauc_map_at_100_std": -0.151835,
        "nauc_map_at_100_diff1": 0.247131,
        "nauc_map_at_1000_max": 0.102079,
        "nauc_map_at_1000_std": -0.152567,
        "nauc_map_at_1000_diff1": 0.247411,
        "nauc_recall_at_1_max": 0.161804,
        "nauc_recall_at_1_std": -0.101611,
        "nauc_recall_at_1_diff1": 0.311348,
        "nauc_recall_at_3_max": 0.114866,
        "nauc_recall_at_3_std": -0.14549,
        "nauc_recall_at_3_diff1": 0.212396,
        "nauc_recall_at_5_max": 0.067789,
        "nauc_recall_at_5_std": -0.153047,
        "nauc_recall_at_5_diff1": 0.189748,
        "nauc_recall_at_10_max": 0.06098,
        "nauc_recall_at_10_std": -0.122604,
        "nauc_recall_at_10_diff1": 0.125068,
        "nauc_recall_at_20_max": 0.055591,
        "nauc_recall_at_20_std": -0.136186,
        "nauc_recall_at_20_diff1": 0.106369,
        "nauc_recall_at_100_max": 0.049764,
        "nauc_recall_at_100_std": 0.025348,
        "nauc_recall_at_100_diff1": 0.108851,
        "nauc_recall_at_1000_max": -0.207418,
        "nauc_recall_at_1000_std": 0.010798,
        "nauc_recall_at_1000_diff1": 0.047355,
        "nauc_precision_at_1_max": 0.134108,
        "nauc_precision_at_1_std": -0.115441,
        "nauc_precision_at_1_diff1": 0.312171,
        "nauc_precision_at_3_max": 0.071266,
        "nauc_precision_at_3_std": -0.174504,
        "nauc_precision_at_3_diff1": 0.217213,
        "nauc_precision_at_5_max": 0.021476,
        "nauc_precision_at_5_std": -0.185429,
        "nauc_precision_at_5_diff1": 0.196369,
        "nauc_precision_at_10_max": -0.004114,
        "nauc_precision_at_10_std": -0.161493,
        "nauc_precision_at_10_diff1": 0.117857,
        "nauc_precision_at_20_max": -0.026646,
        "nauc_precision_at_20_std": -0.184872,
        "nauc_precision_at_20_diff1": 0.094269,
        "nauc_precision_at_100_max": -0.106543,
        "nauc_precision_at_100_std": -0.06343,
        "nauc_precision_at_100_diff1": 0.069002,
        "nauc_precision_at_1000_max": -0.276631,
        "nauc_precision_at_1000_std": -0.138313,
        "nauc_precision_at_1000_diff1": -0.038624,
        "nauc_mrr_at_1_max": 0.137131,
        "nauc_mrr_at_1_std": -0.116263,
        "nauc_mrr_at_1_diff1": 0.308871,
        "nauc_mrr_at_3_max": 0.116489,
        "nauc_mrr_at_3_std": -0.136175,
        "nauc_mrr_at_3_diff1": 0.267383,
        "nauc_mrr_at_5_max": 0.109191,
        "nauc_mrr_at_5_std": -0.137198,
        "nauc_mrr_at_5_diff1": 0.266149,
        "nauc_mrr_at_10_max": 0.111166,
        "nauc_mrr_at_10_std": -0.131522,
        "nauc_mrr_at_10_diff1": 0.264131,
        "nauc_mrr_at_20_max": 0.11349,
        "nauc_mrr_at_20_std": -0.13142,
        "nauc_mrr_at_20_diff1": 0.267765,
        "nauc_mrr_at_100_max": 0.113599,
        "nauc_mrr_at_100_std": -0.131425,
        "nauc_mrr_at_100_diff1": 0.268875,
        "nauc_mrr_at_1000_max": 0.113754,
        "nauc_mrr_at_1000_std": -0.131404,
        "nauc_mrr_at_1000_diff1": 0.268828,
        "main_score": 0.28566,
        "hf_subset": "default",
        "languages": [
          "fas-Arab"
        ]
      }
    ]
  },
  "evaluation_time": 7.230705261230469,
  "kg_co2_emissions": null
}