{
  "dataset_revision": "98e6c2d33dfa166ee326e8b1bc7ea82c7e6898dd",
  "task_name": "TRECCOVID-Fa",
  "mteb_version": "1.34.14",
  "scores": {
    "test": [
      {
        "ndcg_at_1": 0.4,
        "ndcg_at_3": 0.39173,
        "ndcg_at_5": 0.36513,
        "ndcg_at_10": 0.34142,
        "ndcg_at_20": 0.29821,
        "ndcg_at_100": 0.20759,
        "ndcg_at_1000": 0.20103,
        "map_at_1": 0.00101,
        "map_at_3": 0.00256,
        "map_at_5": 0.0036,
        "map_at_10": 0.00618,
        "map_at_20": 0.0093,
        "map_at_100": 0.02016,
        "map_at_1000": 0.04587,
        "recall_at_1": 0.00101,
        "recall_at_3": 0.00314,
        "recall_at_5": 0.00465,
        "recall_at_10": 0.00863,
        "recall_at_20": 0.01444,
        "recall_at_100": 0.04607,
        "recall_at_1000": 0.1943,
        "precision_at_1": 0.42,
        "precision_at_3": 0.43333,
        "precision_at_5": 0.392,
        "precision_at_10": 0.368,
        "precision_at_20": 0.303,
        "precision_at_100": 0.204,
        "precision_at_1000": 0.0925,
        "mrr_at_1": 0.42,
        "mrr_at_3": 0.566667,
        "mrr_at_5": 0.580667,
        "mrr_at_10": 0.591333,
        "mrr_at_20": 0.594429,
        "mrr_at_100": 0.594727,
        "mrr_at_1000": 0.594886,
        "nauc_ndcg_at_1_max": 0.074549,
        "nauc_ndcg_at_1_std": 0.181934,
        "nauc_ndcg_at_1_diff1": -0.036989,
        "nauc_ndcg_at_3_max": 0.165392,
        "nauc_ndcg_at_3_std": 0.144079,
        "nauc_ndcg_at_3_diff1": 0.043038,
        "nauc_ndcg_at_5_max": 0.227952,
        "nauc_ndcg_at_5_std": 0.131588,
        "nauc_ndcg_at_5_diff1": 0.122763,
        "nauc_ndcg_at_10_max": 0.227328,
        "nauc_ndcg_at_10_std": 0.129305,
        "nauc_ndcg_at_10_diff1": 0.140981,
        "nauc_ndcg_at_20_max": 0.327232,
        "nauc_ndcg_at_20_std": 0.168713,
        "nauc_ndcg_at_20_diff1": 0.242943,
        "nauc_ndcg_at_100_max": 0.273488,
        "nauc_ndcg_at_100_std": 0.203239,
        "nauc_ndcg_at_100_diff1": 0.341665,
        "nauc_ndcg_at_1000_max": 0.149944,
        "nauc_ndcg_at_1000_std": 0.05335,
        "nauc_ndcg_at_1000_diff1": 0.39696,
        "nauc_map_at_1_max": 0.119358,
        "nauc_map_at_1_std": 0.15009,
        "nauc_map_at_1_diff1": -0.00036,
        "nauc_map_at_3_max": 0.234579,
        "nauc_map_at_3_std": 0.160932,
        "nauc_map_at_3_diff1": 0.051522,
        "nauc_map_at_5_max": 0.327432,
        "nauc_map_at_5_std": 0.136541,
        "nauc_map_at_5_diff1": 0.089666,
        "nauc_map_at_10_max": 0.333038,
        "nauc_map_at_10_std": 0.101341,
        "nauc_map_at_10_diff1": 0.128272,
        "nauc_map_at_20_max": 0.409815,
        "nauc_map_at_20_std": 0.095525,
        "nauc_map_at_20_diff1": 0.188389,
        "nauc_map_at_100_max": 0.380411,
        "nauc_map_at_100_std": 0.141016,
        "nauc_map_at_100_diff1": 0.277835,
        "nauc_map_at_1000_max": 0.264765,
        "nauc_map_at_1000_std": 0.130618,
        "nauc_map_at_1000_diff1": 0.359059,
        "nauc_recall_at_1_max": 0.119358,
        "nauc_recall_at_1_std": 0.15009,
        "nauc_recall_at_1_diff1": -0.00036,
        "nauc_recall_at_3_max": 0.230481,
        "nauc_recall_at_3_std": 0.059114,
        "nauc_recall_at_3_diff1": 0.086302,
        "nauc_recall_at_5_max": 0.288766,
        "nauc_recall_at_5_std": 0.017818,
        "nauc_recall_at_5_diff1": 0.095234,
        "nauc_recall_at_10_max": 0.26295,
        "nauc_recall_at_10_std": 0.017032,
        "nauc_recall_at_10_diff1": 0.12768,
        "nauc_recall_at_20_max": 0.378002,
        "nauc_recall_at_20_std": 0.041268,
        "nauc_recall_at_20_diff1": 0.205283,
        "nauc_recall_at_100_max": 0.299751,
        "nauc_recall_at_100_std": 0.085426,
        "nauc_recall_at_100_diff1": 0.301158,
        "nauc_recall_at_1000_max": 0.111597,
        "nauc_recall_at_1000_std": 0.056595,
        "nauc_recall_at_1000_diff1": 0.391799,
        "nauc_precision_at_1_max": 0.102704,
        "nauc_precision_at_1_std": 0.245639,
        "nauc_precision_at_1_diff1": -0.060399,
        "nauc_precision_at_3_max": 0.261078,
        "nauc_precision_at_3_std": 0.207192,
        "nauc_precision_at_3_diff1": 0.077671,
        "nauc_precision_at_5_max": 0.324193,
        "nauc_precision_at_5_std": 0.171383,
        "nauc_precision_at_5_diff1": 0.160005,
        "nauc_precision_at_10_max": 0.297438,
        "nauc_precision_at_10_std": 0.159016,
        "nauc_precision_at_10_diff1": 0.166706,
        "nauc_precision_at_20_max": 0.413239,
        "nauc_precision_at_20_std": 0.205797,
        "nauc_precision_at_20_diff1": 0.297247,
        "nauc_precision_at_100_max": 0.293475,
        "nauc_precision_at_100_std": 0.217886,
        "nauc_precision_at_100_diff1": 0.381686,
        "nauc_precision_at_1000_max": 0.084036,
        "nauc_precision_at_1000_std": 0.111635,
        "nauc_precision_at_1000_diff1": 0.338306,
        "nauc_mrr_at_1_max": 0.102704,
        "nauc_mrr_at_1_std": 0.245639,
        "nauc_mrr_at_1_diff1": -0.060399,
        "nauc_mrr_at_3_max": 0.103141,
        "nauc_mrr_at_3_std": 0.116552,
        "nauc_mrr_at_3_diff1": -0.027095,
        "nauc_mrr_at_5_max": 0.091381,
        "nauc_mrr_at_5_std": 0.091882,
        "nauc_mrr_at_5_diff1": -0.033217,
        "nauc_mrr_at_10_max": 0.09887,
        "nauc_mrr_at_10_std": 0.093305,
        "nauc_mrr_at_10_diff1": -0.033839,
        "nauc_mrr_at_20_max": 0.106871,
        "nauc_mrr_at_20_std": 0.102081,
        "nauc_mrr_at_20_diff1": -0.036883,
        "nauc_mrr_at_100_max": 0.106393,
        "nauc_mrr_at_100_std": 0.103421,
        "nauc_mrr_at_100_diff1": -0.03632,
        "nauc_mrr_at_1000_max": 0.106153,
        "nauc_mrr_at_1000_std": 0.104043,
        "nauc_mrr_at_1000_diff1": -0.036576,
        "main_score": 0.34142,
        "hf_subset": "default",
        "languages": [
          "fas-Arab"
        ]
      }
    ]
  },
  "evaluation_time": 623.5369822978973,
  "kg_co2_emissions": null
}