{
  "dataset_revision": "e907c4144dc27bc8a035d78d69e15f39c56623a9",
  "task_name": "CQADupstackGisRetrieval-Fa",
  "mteb_version": "1.34.14",
  "scores": {
    "test": [
      {
        "ndcg_at_1": 0.14915,
        "ndcg_at_3": 0.18281,
        "ndcg_at_5": 0.1979,
        "ndcg_at_10": 0.21176,
        "ndcg_at_20": 0.22653,
        "ndcg_at_100": 0.25466,
        "ndcg_at_1000": 0.2871,
        "map_at_1": 0.13964,
        "map_at_3": 0.17001,
        "map_at_5": 0.17858,
        "map_at_10": 0.18441,
        "map_at_20": 0.18837,
        "map_at_100": 0.19234,
        "map_at_1000": 0.19345,
        "recall_at_1": 0.13964,
        "recall_at_3": 0.20713,
        "recall_at_5": 0.24244,
        "recall_at_10": 0.28394,
        "recall_at_20": 0.34145,
        "recall_at_100": 0.48745,
        "recall_at_1000": 0.73944,
        "precision_at_1": 0.14915,
        "precision_at_3": 0.07608,
        "precision_at_5": 0.05469,
        "precision_at_10": 0.03254,
        "precision_at_20": 0.01955,
        "precision_at_100": 0.00564,
        "precision_at_1000": 0.00088,
        "mrr_at_1": 0.149153,
        "mrr_at_3": 0.182109,
        "mrr_at_5": 0.191092,
        "mrr_at_10": 0.196887,
        "mrr_at_20": 0.20098,
        "mrr_at_100": 0.204862,
        "mrr_at_1000": 0.20587,
        "nauc_ndcg_at_1_max": 0.227745,
        "nauc_ndcg_at_1_std": -0.063194,
        "nauc_ndcg_at_1_diff1": 0.406197,
        "nauc_ndcg_at_3_max": 0.210855,
        "nauc_ndcg_at_3_std": -0.042493,
        "nauc_ndcg_at_3_diff1": 0.32611,
        "nauc_ndcg_at_5_max": 0.207415,
        "nauc_ndcg_at_5_std": -0.036728,
        "nauc_ndcg_at_5_diff1": 0.319868,
        "nauc_ndcg_at_10_max": 0.203702,
        "nauc_ndcg_at_10_std": -0.020337,
        "nauc_ndcg_at_10_diff1": 0.309086,
        "nauc_ndcg_at_20_max": 0.194159,
        "nauc_ndcg_at_20_std": -0.008391,
        "nauc_ndcg_at_20_diff1": 0.304916,
        "nauc_ndcg_at_100_max": 0.191922,
        "nauc_ndcg_at_100_std": 0.007976,
        "nauc_ndcg_at_100_diff1": 0.299371,
        "nauc_ndcg_at_1000_max": 0.196012,
        "nauc_ndcg_at_1000_std": 0.012546,
        "nauc_ndcg_at_1000_diff1": 0.292436,
        "nauc_map_at_1_max": 0.22077,
        "nauc_map_at_1_std": -0.067315,
        "nauc_map_at_1_diff1": 0.425733,
        "nauc_map_at_3_max": 0.211946,
        "nauc_map_at_3_std": -0.050377,
        "nauc_map_at_3_diff1": 0.350324,
        "nauc_map_at_5_max": 0.209643,
        "nauc_map_at_5_std": -0.048592,
        "nauc_map_at_5_diff1": 0.345166,
        "nauc_map_at_10_max": 0.208447,
        "nauc_map_at_10_std": -0.040855,
        "nauc_map_at_10_diff1": 0.339915,
        "nauc_map_at_20_max": 0.205539,
        "nauc_map_at_20_std": -0.037571,
        "nauc_map_at_20_diff1": 0.338483,
        "nauc_map_at_100_max": 0.205145,
        "nauc_map_at_100_std": -0.03506,
        "nauc_map_at_100_diff1": 0.337567,
        "nauc_map_at_1000_max": 0.205198,
        "nauc_map_at_1000_std": -0.034693,
        "nauc_map_at_1000_diff1": 0.33718,
        "nauc_recall_at_1_max": 0.22077,
        "nauc_recall_at_1_std": -0.067315,
        "nauc_recall_at_1_diff1": 0.425733,
        "nauc_recall_at_3_max": 0.202612,
        "nauc_recall_at_3_std": -0.025421,
        "nauc_recall_at_3_diff1": 0.280996,
        "nauc_recall_at_5_max": 0.19633,
        "nauc_recall_at_5_std": -0.012951,
        "nauc_recall_at_5_diff1": 0.272485,
        "nauc_recall_at_10_max": 0.187347,
        "nauc_recall_at_10_std": 0.025077,
        "nauc_recall_at_10_diff1": 0.250948,
        "nauc_recall_at_20_max": 0.156172,
        "nauc_recall_at_20_std": 0.062577,
        "nauc_recall_at_20_diff1": 0.235663,
        "nauc_recall_at_100_max": 0.145143,
        "nauc_recall_at_100_std": 0.130762,
        "nauc_recall_at_100_diff1": 0.209901,
        "nauc_recall_at_1000_max": 0.16182,
        "nauc_recall_at_1000_std": 0.21504,
        "nauc_recall_at_1000_diff1": 0.110189,
        "nauc_precision_at_1_max": 0.227745,
        "nauc_precision_at_1_std": -0.063194,
        "nauc_precision_at_1_diff1": 0.406197,
        "nauc_precision_at_3_max": 0.204446,
        "nauc_precision_at_3_std": -0.028318,
        "nauc_precision_at_3_diff1": 0.253039,
        "nauc_precision_at_5_max": 0.202169,
        "nauc_precision_at_5_std": -0.020103,
        "nauc_precision_at_5_diff1": 0.242012,
        "nauc_precision_at_10_max": 0.186489,
        "nauc_precision_at_10_std": 0.021887,
        "nauc_precision_at_10_diff1": 0.20555,
        "nauc_precision_at_20_max": 0.156257,
        "nauc_precision_at_20_std": 0.056048,
        "nauc_precision_at_20_diff1": 0.195083,
        "nauc_precision_at_100_max": 0.133253,
        "nauc_precision_at_100_std": 0.119845,
        "nauc_precision_at_100_diff1": 0.153213,
        "nauc_precision_at_1000_max": 0.0864,
        "nauc_precision_at_1000_std": 0.170635,
        "nauc_precision_at_1000_diff1": 0.010396,
        "nauc_mrr_at_1_max": 0.227745,
        "nauc_mrr_at_1_std": -0.063194,
        "nauc_mrr_at_1_diff1": 0.406197,
        "nauc_mrr_at_3_max": 0.216643,
        "nauc_mrr_at_3_std": -0.042555,
        "nauc_mrr_at_3_diff1": 0.330062,
        "nauc_mrr_at_5_max": 0.214581,
        "nauc_mrr_at_5_std": -0.038881,
        "nauc_mrr_at_5_diff1": 0.324951,
        "nauc_mrr_at_10_max": 0.212308,
        "nauc_mrr_at_10_std": -0.031567,
        "nauc_mrr_at_10_diff1": 0.319468,
        "nauc_mrr_at_20_max": 0.209314,
        "nauc_mrr_at_20_std": -0.028266,
        "nauc_mrr_at_20_diff1": 0.318517,
        "nauc_mrr_at_100_max": 0.209177,
        "nauc_mrr_at_100_std": -0.025738,
        "nauc_mrr_at_100_diff1": 0.317898,
        "nauc_mrr_at_1000_max": 0.209418,
        "nauc_mrr_at_1000_std": -0.025551,
        "nauc_mrr_at_1000_diff1": 0.317592,
        "main_score": 0.21176,
        "hf_subset": "default",
        "languages": [
          "fas-Arab"
        ]
      }
    ]
  },
  "evaluation_time": 145.1876449584961,
  "kg_co2_emissions": null
}