{
  "dataset_revision": "506f29f8ce59648efe99afee736b0b158eced516",
  "task_name": "CQADupstackWebmastersRetrieval-Fa",
  "mteb_version": "1.34.14",
  "scores": {
    "test": [
      {
        "ndcg_at_1": 0.17391,
        "ndcg_at_3": 0.20377,
        "ndcg_at_5": 0.22273,
        "ndcg_at_10": 0.24152,
        "ndcg_at_20": 0.25453,
        "ndcg_at_100": 0.29036,
        "ndcg_at_1000": 0.32617,
        "map_at_1": 0.14509,
        "map_at_3": 0.17922,
        "map_at_5": 0.19211,
        "map_at_10": 0.20129,
        "map_at_20": 0.20575,
        "map_at_100": 0.21198,
        "map_at_1000": 0.21384,
        "recall_at_1": 0.14509,
        "recall_at_3": 0.21847,
        "recall_at_5": 0.26865,
        "recall_at_10": 0.32349,
        "recall_at_20": 0.37326,
        "recall_at_100": 0.55111,
        "recall_at_1000": 0.79636,
        "precision_at_1": 0.17391,
        "precision_at_3": 0.09552,
        "precision_at_5": 0.07352,
        "precision_at_10": 0.04743,
        "precision_at_20": 0.02905,
        "precision_at_100": 0.01038,
        "precision_at_1000": 0.00192,
        "mrr_at_1": 0.173913,
        "mrr_at_3": 0.209486,
        "mrr_at_5": 0.222628,
        "mrr_at_10": 0.231346,
        "mrr_at_20": 0.235089,
        "mrr_at_100": 0.239499,
        "mrr_at_1000": 0.240385,
        "nauc_ndcg_at_1_max": 0.133714,
        "nauc_ndcg_at_1_std": -0.077439,
        "nauc_ndcg_at_1_diff1": 0.472638,
        "nauc_ndcg_at_3_max": 0.136551,
        "nauc_ndcg_at_3_std": -0.052948,
        "nauc_ndcg_at_3_diff1": 0.427175,
        "nauc_ndcg_at_5_max": 0.146672,
        "nauc_ndcg_at_5_std": -0.030041,
        "nauc_ndcg_at_5_diff1": 0.402358,
        "nauc_ndcg_at_10_max": 0.142238,
        "nauc_ndcg_at_10_std": -0.039584,
        "nauc_ndcg_at_10_diff1": 0.395047,
        "nauc_ndcg_at_20_max": 0.1314,
        "nauc_ndcg_at_20_std": -0.040078,
        "nauc_ndcg_at_20_diff1": 0.37494,
        "nauc_ndcg_at_100_max": 0.151604,
        "nauc_ndcg_at_100_std": -0.015137,
        "nauc_ndcg_at_100_diff1": 0.366901,
        "nauc_ndcg_at_1000_max": 0.154452,
        "nauc_ndcg_at_1000_std": 0.007304,
        "nauc_ndcg_at_1000_diff1": 0.367622,
        "nauc_map_at_1_max": 0.116711,
        "nauc_map_at_1_std": -0.130166,
        "nauc_map_at_1_diff1": 0.493675,
        "nauc_map_at_3_max": 0.124575,
        "nauc_map_at_3_std": -0.092746,
        "nauc_map_at_3_diff1": 0.440935,
        "nauc_map_at_5_max": 0.134395,
        "nauc_map_at_5_std": -0.074986,
        "nauc_map_at_5_diff1": 0.425131,
        "nauc_map_at_10_max": 0.134113,
        "nauc_map_at_10_std": -0.075508,
        "nauc_map_at_10_diff1": 0.421607,
        "nauc_map_at_20_max": 0.1318,
        "nauc_map_at_20_std": -0.073599,
        "nauc_map_at_20_diff1": 0.416189,
        "nauc_map_at_100_max": 0.137098,
        "nauc_map_at_100_std": -0.065185,
        "nauc_map_at_100_diff1": 0.416847,
        "nauc_map_at_1000_max": 0.136712,
        "nauc_map_at_1000_std": -0.063091,
        "nauc_map_at_1000_diff1": 0.416875,
        "nauc_recall_at_1_max": 0.116711,
        "nauc_recall_at_1_std": -0.130166,
        "nauc_recall_at_1_diff1": 0.493675,
        "nauc_recall_at_3_max": 0.123596,
        "nauc_recall_at_3_std": -0.050122,
        "nauc_recall_at_3_diff1": 0.381589,
        "nauc_recall_at_5_max": 0.155315,
        "nauc_recall_at_5_std": 0.005959,
        "nauc_recall_at_5_diff1": 0.34093,
        "nauc_recall_at_10_max": 0.146707,
        "nauc_recall_at_10_std": -0.00224,
        "nauc_recall_at_10_diff1": 0.321155,
        "nauc_recall_at_20_max": 0.113522,
        "nauc_recall_at_20_std": -0.001001,
        "nauc_recall_at_20_diff1": 0.26122,
        "nauc_recall_at_100_max": 0.184836,
        "nauc_recall_at_100_std": 0.090182,
        "nauc_recall_at_100_diff1": 0.213694,
        "nauc_recall_at_1000_max": 0.278214,
        "nauc_recall_at_1000_std": 0.344595,
        "nauc_recall_at_1000_diff1": 0.160161,
        "nauc_precision_at_1_max": 0.133714,
        "nauc_precision_at_1_std": -0.077439,
        "nauc_precision_at_1_diff1": 0.472638,
        "nauc_precision_at_3_max": 0.1617,
        "nauc_precision_at_3_std": 0.015997,
        "nauc_precision_at_3_diff1": 0.374498,
        "nauc_precision_at_5_max": 0.174329,
        "nauc_precision_at_5_std": 0.06871,
        "nauc_precision_at_5_diff1": 0.304105,
        "nauc_precision_at_10_max": 0.15814,
        "nauc_precision_at_10_std": 0.075447,
        "nauc_precision_at_10_diff1": 0.264301,
        "nauc_precision_at_20_max": 0.133572,
        "nauc_precision_at_20_std": 0.124653,
        "nauc_precision_at_20_diff1": 0.211087,
        "nauc_precision_at_100_max": 0.116772,
        "nauc_precision_at_100_std": 0.27132,
        "nauc_precision_at_100_diff1": 0.1479,
        "nauc_precision_at_1000_max": -0.034343,
        "nauc_precision_at_1000_std": 0.342648,
        "nauc_precision_at_1000_diff1": 0.052173,
        "nauc_mrr_at_1_max": 0.133714,
        "nauc_mrr_at_1_std": -0.077439,
        "nauc_mrr_at_1_diff1": 0.472638,
        "nauc_mrr_at_3_max": 0.131648,
        "nauc_mrr_at_3_std": -0.048144,
        "nauc_mrr_at_3_diff1": 0.422402,
        "nauc_mrr_at_5_max": 0.138191,
        "nauc_mrr_at_5_std": -0.035782,
        "nauc_mrr_at_5_diff1": 0.409109,
        "nauc_mrr_at_10_max": 0.139259,
        "nauc_mrr_at_10_std": -0.03906,
        "nauc_mrr_at_10_diff1": 0.405729,
        "nauc_mrr_at_20_max": 0.13532,
        "nauc_mrr_at_20_std": -0.038917,
        "nauc_mrr_at_20_diff1": 0.400019,
        "nauc_mrr_at_100_max": 0.13831,
        "nauc_mrr_at_100_std": -0.03525,
        "nauc_mrr_at_100_diff1": 0.399977,
        "nauc_mrr_at_1000_max": 0.138119,
        "nauc_mrr_at_1000_std": -0.035008,
        "nauc_mrr_at_1000_diff1": 0.400018,
        "main_score": 0.24152,
        "hf_subset": "default",
        "languages": [
          "fas-Arab"
        ]
      }
    ]
  },
  "evaluation_time": 58.54835653305054,
  "kg_co2_emissions": null
}