{
  "dataset_revision": "c2a326387954aad66ff00d324a9278067b1e3bb6",
  "task_name": "CQADupstackUnixRetrieval-Fa",
  "mteb_version": "1.34.14",
  "scores": {
    "test": [
      {
        "ndcg_at_1": 0.17071,
        "ndcg_at_3": 0.20064,
        "ndcg_at_5": 0.21606,
        "ndcg_at_10": 0.23491,
        "ndcg_at_20": 0.24639,
        "ndcg_at_100": 0.27577,
        "ndcg_at_1000": 0.30674,
        "map_at_1": 0.1457,
        "map_at_3": 0.18182,
        "map_at_5": 0.19096,
        "map_at_10": 0.19879,
        "map_at_20": 0.20191,
        "map_at_100": 0.20594,
        "map_at_1000": 0.20709,
        "recall_at_1": 0.1457,
        "recall_at_3": 0.2251,
        "recall_at_5": 0.26354,
        "recall_at_10": 0.31958,
        "recall_at_20": 0.36209,
        "recall_at_100": 0.50933,
        "recall_at_1000": 0.7353,
        "precision_at_1": 0.17071,
        "precision_at_3": 0.0908,
        "precision_at_5": 0.06437,
        "precision_at_10": 0.03946,
        "precision_at_20": 0.0229,
        "precision_at_100": 0.00685,
        "precision_at_1000": 0.00107,
        "mrr_at_1": 0.170709,
        "mrr_at_3": 0.208955,
        "mrr_at_5": 0.218424,
        "mrr_at_10": 0.227183,
        "mrr_at_20": 0.230579,
        "mrr_at_100": 0.234271,
        "mrr_at_1000": 0.235127,
        "nauc_ndcg_at_1_max": 0.282226,
        "nauc_ndcg_at_1_std": -0.067703,
        "nauc_ndcg_at_1_diff1": 0.437764,
        "nauc_ndcg_at_3_max": 0.258457,
        "nauc_ndcg_at_3_std": -0.030409,
        "nauc_ndcg_at_3_diff1": 0.385556,
        "nauc_ndcg_at_5_max": 0.245617,
        "nauc_ndcg_at_5_std": -0.017164,
        "nauc_ndcg_at_5_diff1": 0.359213,
        "nauc_ndcg_at_10_max": 0.2425,
        "nauc_ndcg_at_10_std": -0.003927,
        "nauc_ndcg_at_10_diff1": 0.340982,
        "nauc_ndcg_at_20_max": 0.246372,
        "nauc_ndcg_at_20_std": 0.002213,
        "nauc_ndcg_at_20_diff1": 0.33962,
        "nauc_ndcg_at_100_max": 0.25317,
        "nauc_ndcg_at_100_std": 0.018015,
        "nauc_ndcg_at_100_diff1": 0.336929,
        "nauc_ndcg_at_1000_max": 0.2579,
        "nauc_ndcg_at_1000_std": 0.028871,
        "nauc_ndcg_at_1000_diff1": 0.337588,
        "nauc_map_at_1_max": 0.284997,
        "nauc_map_at_1_std": -0.059196,
        "nauc_map_at_1_diff1": 0.466348,
        "nauc_map_at_3_max": 0.263436,
        "nauc_map_at_3_std": -0.039223,
        "nauc_map_at_3_diff1": 0.410482,
        "nauc_map_at_5_max": 0.256286,
        "nauc_map_at_5_std": -0.03124,
        "nauc_map_at_5_diff1": 0.394008,
        "nauc_map_at_10_max": 0.255127,
        "nauc_map_at_10_std": -0.025297,
        "nauc_map_at_10_diff1": 0.38474,
        "nauc_map_at_20_max": 0.256479,
        "nauc_map_at_20_std": -0.023043,
        "nauc_map_at_20_diff1": 0.384234,
        "nauc_map_at_100_max": 0.258004,
        "nauc_map_at_100_std": -0.0197,
        "nauc_map_at_100_diff1": 0.383643,
        "nauc_map_at_1000_max": 0.258224,
        "nauc_map_at_1000_std": -0.019222,
        "nauc_map_at_1000_diff1": 0.383668,
        "nauc_recall_at_1_max": 0.284997,
        "nauc_recall_at_1_std": -0.059196,
        "nauc_recall_at_1_diff1": 0.466348,
        "nauc_recall_at_3_max": 0.227902,
        "nauc_recall_at_3_std": -0.012767,
        "nauc_recall_at_3_diff1": 0.340166,
        "nauc_recall_at_5_max": 0.206647,
        "nauc_recall_at_5_std": 0.013891,
        "nauc_recall_at_5_diff1": 0.287053,
        "nauc_recall_at_10_max": 0.195208,
        "nauc_recall_at_10_std": 0.045078,
        "nauc_recall_at_10_diff1": 0.236009,
        "nauc_recall_at_20_max": 0.204662,
        "nauc_recall_at_20_std": 0.058121,
        "nauc_recall_at_20_diff1": 0.23394,
        "nauc_recall_at_100_max": 0.222999,
        "nauc_recall_at_100_std": 0.114478,
        "nauc_recall_at_100_diff1": 0.219875,
        "nauc_recall_at_1000_max": 0.239419,
        "nauc_recall_at_1000_std": 0.247453,
        "nauc_recall_at_1000_diff1": 0.177501,
        "nauc_precision_at_1_max": 0.282226,
        "nauc_precision_at_1_std": -0.067703,
        "nauc_precision_at_1_diff1": 0.437764,
        "nauc_precision_at_3_max": 0.248801,
        "nauc_precision_at_3_std": -0.011962,
        "nauc_precision_at_3_diff1": 0.305963,
        "nauc_precision_at_5_max": 0.231406,
        "nauc_precision_at_5_std": 0.016612,
        "nauc_precision_at_5_diff1": 0.24784,
        "nauc_precision_at_10_max": 0.224258,
        "nauc_precision_at_10_std": 0.051078,
        "nauc_precision_at_10_diff1": 0.2113,
        "nauc_precision_at_20_max": 0.245279,
        "nauc_precision_at_20_std": 0.087328,
        "nauc_precision_at_20_diff1": 0.201246,
        "nauc_precision_at_100_max": 0.230255,
        "nauc_precision_at_100_std": 0.151762,
        "nauc_precision_at_100_diff1": 0.120379,
        "nauc_precision_at_1000_max": 0.165779,
        "nauc_precision_at_1000_std": 0.177291,
        "nauc_precision_at_1000_diff1": 0.010424,
        "nauc_mrr_at_1_max": 0.282226,
        "nauc_mrr_at_1_std": -0.067703,
        "nauc_mrr_at_1_diff1": 0.437764,
        "nauc_mrr_at_3_max": 0.266677,
        "nauc_mrr_at_3_std": -0.036409,
        "nauc_mrr_at_3_diff1": 0.385728,
        "nauc_mrr_at_5_max": 0.260471,
        "nauc_mrr_at_5_std": -0.027849,
        "nauc_mrr_at_5_diff1": 0.369878,
        "nauc_mrr_at_10_max": 0.259075,
        "nauc_mrr_at_10_std": -0.021829,
        "nauc_mrr_at_10_diff1": 0.361421,
        "nauc_mrr_at_20_max": 0.259681,
        "nauc_mrr_at_20_std": -0.020438,
        "nauc_mrr_at_20_diff1": 0.360559,
        "nauc_mrr_at_100_max": 0.260747,
        "nauc_mrr_at_100_std": -0.018548,
        "nauc_mrr_at_100_diff1": 0.360904,
        "nauc_mrr_at_1000_max": 0.260879,
        "nauc_mrr_at_1000_std": -0.018511,
        "nauc_mrr_at_1000_diff1": 0.360973,
        "main_score": 0.23491,
        "hf_subset": "default",
        "languages": [
          "fas-Arab"
        ]
      }
    ]
  },
  "evaluation_time": 182.11312770843506,
  "kg_co2_emissions": null
}