{
  "dataset_revision": "029a2e69e7d9e68b6bdc471073606104417a5be7",
  "task_name": "CQADupstackEnglishRetrieval-Fa",
  "mteb_version": "1.34.14",
  "scores": {
    "test": [
      {
        "ndcg_at_1": 0.16115,
        "ndcg_at_3": 0.18982,
        "ndcg_at_5": 0.20245,
        "ndcg_at_10": 0.21981,
        "ndcg_at_20": 0.23169,
        "ndcg_at_100": 0.25871,
        "ndcg_at_1000": 0.28785,
        "map_at_1": 0.1273,
        "map_at_3": 0.16502,
        "map_at_5": 0.17415,
        "map_at_10": 0.18271,
        "map_at_20": 0.1863,
        "map_at_100": 0.19022,
        "map_at_1000": 0.19135,
        "recall_at_1": 0.1273,
        "recall_at_3": 0.20589,
        "recall_at_5": 0.24048,
        "recall_at_10": 0.29341,
        "recall_at_20": 0.33806,
        "recall_at_100": 0.47039,
        "recall_at_1000": 0.67426,
        "precision_at_1": 0.16115,
        "precision_at_3": 0.0913,
        "precision_at_5": 0.06637,
        "precision_at_10": 0.04223,
        "precision_at_20": 0.02538,
        "precision_at_100": 0.0078,
        "precision_at_1000": 0.00129,
        "mrr_at_1": 0.161146,
        "mrr_at_3": 0.203079,
        "mrr_at_5": 0.212601,
        "mrr_at_10": 0.220693,
        "mrr_at_20": 0.224556,
        "mrr_at_100": 0.227947,
        "mrr_at_1000": 0.22865,
        "nauc_ndcg_at_1_max": 0.246445,
        "nauc_ndcg_at_1_std": 0.00566,
        "nauc_ndcg_at_1_diff1": 0.457741,
        "nauc_ndcg_at_3_max": 0.230156,
        "nauc_ndcg_at_3_std": -0.005911,
        "nauc_ndcg_at_3_diff1": 0.373134,
        "nauc_ndcg_at_5_max": 0.222245,
        "nauc_ndcg_at_5_std": -0.008963,
        "nauc_ndcg_at_5_diff1": 0.360042,
        "nauc_ndcg_at_10_max": 0.216215,
        "nauc_ndcg_at_10_std": -0.005524,
        "nauc_ndcg_at_10_diff1": 0.350643,
        "nauc_ndcg_at_20_max": 0.206952,
        "nauc_ndcg_at_20_std": -0.006624,
        "nauc_ndcg_at_20_diff1": 0.349539,
        "nauc_ndcg_at_100_max": 0.207785,
        "nauc_ndcg_at_100_std": 0.01628,
        "nauc_ndcg_at_100_diff1": 0.346985,
        "nauc_ndcg_at_1000_max": 0.211238,
        "nauc_ndcg_at_1000_std": 0.024421,
        "nauc_ndcg_at_1000_diff1": 0.352391,
        "nauc_map_at_1_max": 0.229832,
        "nauc_map_at_1_std": -0.034807,
        "nauc_map_at_1_diff1": 0.467896,
        "nauc_map_at_3_max": 0.223562,
        "nauc_map_at_3_std": -0.026237,
        "nauc_map_at_3_diff1": 0.397681,
        "nauc_map_at_5_max": 0.22063,
        "nauc_map_at_5_std": -0.024623,
        "nauc_map_at_5_diff1": 0.386985,
        "nauc_map_at_10_max": 0.220089,
        "nauc_map_at_10_std": -0.019398,
        "nauc_map_at_10_diff1": 0.380215,
        "nauc_map_at_20_max": 0.217666,
        "nauc_map_at_20_std": -0.019057,
        "nauc_map_at_20_diff1": 0.380379,
        "nauc_map_at_100_max": 0.2188,
        "nauc_map_at_100_std": -0.013966,
        "nauc_map_at_100_diff1": 0.379869,
        "nauc_map_at_1000_max": 0.21909,
        "nauc_map_at_1000_std": -0.012762,
        "nauc_map_at_1000_diff1": 0.379889,
        "nauc_recall_at_1_max": 0.229832,
        "nauc_recall_at_1_std": -0.034807,
        "nauc_recall_at_1_diff1": 0.467896,
        "nauc_recall_at_3_max": 0.213833,
        "nauc_recall_at_3_std": -0.021416,
        "nauc_recall_at_3_diff1": 0.328422,
        "nauc_recall_at_5_max": 0.196717,
        "nauc_recall_at_5_std": -0.022304,
        "nauc_recall_at_5_diff1": 0.29472,
        "nauc_recall_at_10_max": 0.182556,
        "nauc_recall_at_10_std": -0.007996,
        "nauc_recall_at_10_diff1": 0.269143,
        "nauc_recall_at_20_max": 0.153782,
        "nauc_recall_at_20_std": -0.00974,
        "nauc_recall_at_20_diff1": 0.262367,
        "nauc_recall_at_100_max": 0.140914,
        "nauc_recall_at_100_std": 0.068148,
        "nauc_recall_at_100_diff1": 0.243752,
        "nauc_recall_at_1000_max": 0.144229,
        "nauc_recall_at_1000_std": 0.105769,
        "nauc_recall_at_1000_diff1": 0.262072,
        "nauc_precision_at_1_max": 0.246445,
        "nauc_precision_at_1_std": 0.00566,
        "nauc_precision_at_1_diff1": 0.457741,
        "nauc_precision_at_3_max": 0.234944,
        "nauc_precision_at_3_std": 0.037219,
        "nauc_precision_at_3_diff1": 0.314484,
        "nauc_precision_at_5_max": 0.22278,
        "nauc_precision_at_5_std": 0.054219,
        "nauc_precision_at_5_diff1": 0.278833,
        "nauc_precision_at_10_max": 0.218606,
        "nauc_precision_at_10_std": 0.087984,
        "nauc_precision_at_10_diff1": 0.246089,
        "nauc_precision_at_20_max": 0.185366,
        "nauc_precision_at_20_std": 0.096207,
        "nauc_precision_at_20_diff1": 0.22718,
        "nauc_precision_at_100_max": 0.161088,
        "nauc_precision_at_100_std": 0.217204,
        "nauc_precision_at_100_diff1": 0.149018,
        "nauc_precision_at_1000_max": 0.081853,
        "nauc_precision_at_1000_std": 0.219608,
        "nauc_precision_at_1000_diff1": 0.060188,
        "nauc_mrr_at_1_max": 0.246445,
        "nauc_mrr_at_1_std": 0.00566,
        "nauc_mrr_at_1_diff1": 0.457741,
        "nauc_mrr_at_3_max": 0.236506,
        "nauc_mrr_at_3_std": 0.01081,
        "nauc_mrr_at_3_diff1": 0.392372,
        "nauc_mrr_at_5_max": 0.231395,
        "nauc_mrr_at_5_std": 0.013078,
        "nauc_mrr_at_5_diff1": 0.382178,
        "nauc_mrr_at_10_max": 0.230792,
        "nauc_mrr_at_10_std": 0.014096,
        "nauc_mrr_at_10_diff1": 0.379315,
        "nauc_mrr_at_20_max": 0.228077,
        "nauc_mrr_at_20_std": 0.014669,
        "nauc_mrr_at_20_diff1": 0.377834,
        "nauc_mrr_at_100_max": 0.22806,
        "nauc_mrr_at_100_std": 0.016141,
        "nauc_mrr_at_100_diff1": 0.377482,
        "nauc_mrr_at_1000_max": 0.228174,
        "nauc_mrr_at_1000_std": 0.016198,
        "nauc_mrr_at_1000_diff1": 0.377689,
        "main_score": 0.21981,
        "hf_subset": "default",
        "languages": [
          "fas-Arab"
        ]
      }
    ]
  },
  "evaluation_time": 81.28853225708008,
  "kg_co2_emissions": null
}