{
  "dataset_revision": "b92e24fab42ab599535a19ee744de5485ec92f64",
  "task_name": "CQADupstackMathematicaRetrieval-Fa",
  "mteb_version": "1.34.14",
  "scores": {
    "test": [
      {
        "ndcg_at_1": 0.09577,
        "ndcg_at_3": 0.11554,
        "ndcg_at_5": 0.1251,
        "ndcg_at_10": 0.14373,
        "ndcg_at_20": 0.15459,
        "ndcg_at_100": 0.18434,
        "ndcg_at_1000": 0.21893,
        "map_at_1": 0.0768,
        "map_at_3": 0.10102,
        "map_at_5": 0.1071,
        "map_at_10": 0.11479,
        "map_at_20": 0.11788,
        "map_at_100": 0.12176,
        "map_at_1000": 0.12296,
        "recall_at_1": 0.0768,
        "recall_at_3": 0.12949,
        "recall_at_5": 0.15483,
        "recall_at_10": 0.21056,
        "recall_at_20": 0.24911,
        "recall_at_100": 0.4023,
        "recall_at_1000": 0.65567,
        "precision_at_1": 0.09577,
        "precision_at_3": 0.05431,
        "precision_at_5": 0.04005,
        "precision_at_10": 0.02786,
        "precision_at_20": 0.01698,
        "precision_at_100": 0.00567,
        "precision_at_1000": 0.001,
        "mrr_at_1": 0.095771,
        "mrr_at_3": 0.12272,
        "mrr_at_5": 0.13012,
        "mrr_at_10": 0.139576,
        "mrr_at_20": 0.142998,
        "mrr_at_100": 0.146732,
        "mrr_at_1000": 0.147705,
        "nauc_ndcg_at_1_max": 0.161754,
        "nauc_ndcg_at_1_std": -0.06437,
        "nauc_ndcg_at_1_diff1": 0.262396,
        "nauc_ndcg_at_3_max": 0.149181,
        "nauc_ndcg_at_3_std": -0.002541,
        "nauc_ndcg_at_3_diff1": 0.229424,
        "nauc_ndcg_at_5_max": 0.136208,
        "nauc_ndcg_at_5_std": 0.010903,
        "nauc_ndcg_at_5_diff1": 0.213837,
        "nauc_ndcg_at_10_max": 0.142157,
        "nauc_ndcg_at_10_std": 0.028238,
        "nauc_ndcg_at_10_diff1": 0.195634,
        "nauc_ndcg_at_20_max": 0.129266,
        "nauc_ndcg_at_20_std": 0.021587,
        "nauc_ndcg_at_20_diff1": 0.178184,
        "nauc_ndcg_at_100_max": 0.125181,
        "nauc_ndcg_at_100_std": 0.031955,
        "nauc_ndcg_at_100_diff1": 0.170834,
        "nauc_ndcg_at_1000_max": 0.13622,
        "nauc_ndcg_at_1000_std": 0.050281,
        "nauc_ndcg_at_1000_diff1": 0.173628,
        "nauc_map_at_1_max": 0.172759,
        "nauc_map_at_1_std": -0.028802,
        "nauc_map_at_1_diff1": 0.298814,
        "nauc_map_at_3_max": 0.158056,
        "nauc_map_at_3_std": 0.00109,
        "nauc_map_at_3_diff1": 0.245186,
        "nauc_map_at_5_max": 0.149178,
        "nauc_map_at_5_std": 0.006885,
        "nauc_map_at_5_diff1": 0.234287,
        "nauc_map_at_10_max": 0.151878,
        "nauc_map_at_10_std": 0.015832,
        "nauc_map_at_10_diff1": 0.225245,
        "nauc_map_at_20_max": 0.147618,
        "nauc_map_at_20_std": 0.0129,
        "nauc_map_at_20_diff1": 0.219586,
        "nauc_map_at_100_max": 0.146696,
        "nauc_map_at_100_std": 0.015079,
        "nauc_map_at_100_diff1": 0.218066,
        "nauc_map_at_1000_max": 0.147081,
        "nauc_map_at_1000_std": 0.016079,
        "nauc_map_at_1000_diff1": 0.217785,
        "nauc_recall_at_1_max": 0.172759,
        "nauc_recall_at_1_std": -0.028802,
        "nauc_recall_at_1_diff1": 0.298814,
        "nauc_recall_at_3_max": 0.137284,
        "nauc_recall_at_3_std": 0.02863,
        "nauc_recall_at_3_diff1": 0.211434,
        "nauc_recall_at_5_max": 0.109408,
        "nauc_recall_at_5_std": 0.04438,
        "nauc_recall_at_5_diff1": 0.179927,
        "nauc_recall_at_10_max": 0.125065,
        "nauc_recall_at_10_std": 0.072607,
        "nauc_recall_at_10_diff1": 0.140148,
        "nauc_recall_at_20_max": 0.091783,
        "nauc_recall_at_20_std": 0.052321,
        "nauc_recall_at_20_diff1": 0.096697,
        "nauc_recall_at_100_max": 0.077927,
        "nauc_recall_at_100_std": 0.08244,
        "nauc_recall_at_100_diff1": 0.077171,
        "nauc_recall_at_1000_max": 0.11199,
        "nauc_recall_at_1000_std": 0.187019,
        "nauc_recall_at_1000_diff1": 0.06923,
        "nauc_precision_at_1_max": 0.161754,
        "nauc_precision_at_1_std": -0.06437,
        "nauc_precision_at_1_diff1": 0.262396,
        "nauc_precision_at_3_max": 0.147446,
        "nauc_precision_at_3_std": 0.01652,
        "nauc_precision_at_3_diff1": 0.183067,
        "nauc_precision_at_5_max": 0.131074,
        "nauc_precision_at_5_std": 0.040663,
        "nauc_precision_at_5_diff1": 0.158256,
        "nauc_precision_at_10_max": 0.145218,
        "nauc_precision_at_10_std": 0.063997,
        "nauc_precision_at_10_diff1": 0.114299,
        "nauc_precision_at_20_max": 0.103621,
        "nauc_precision_at_20_std": 0.036309,
        "nauc_precision_at_20_diff1": 0.068876,
        "nauc_precision_at_100_max": 0.082711,
        "nauc_precision_at_100_std": 0.054312,
        "nauc_precision_at_100_diff1": 0.0458,
        "nauc_precision_at_1000_max": 0.108664,
        "nauc_precision_at_1000_std": 0.091454,
        "nauc_precision_at_1000_diff1": 0.045879,
        "nauc_mrr_at_1_max": 0.161754,
        "nauc_mrr_at_1_std": -0.06437,
        "nauc_mrr_at_1_diff1": 0.262396,
        "nauc_mrr_at_3_max": 0.14645,
        "nauc_mrr_at_3_std": -0.029495,
        "nauc_mrr_at_3_diff1": 0.228279,
        "nauc_mrr_at_5_max": 0.137592,
        "nauc_mrr_at_5_std": -0.027638,
        "nauc_mrr_at_5_diff1": 0.216306,
        "nauc_mrr_at_10_max": 0.139578,
        "nauc_mrr_at_10_std": -0.021896,
        "nauc_mrr_at_10_diff1": 0.206696,
        "nauc_mrr_at_20_max": 0.134649,
        "nauc_mrr_at_20_std": -0.022579,
        "nauc_mrr_at_20_diff1": 0.200064,
        "nauc_mrr_at_100_max": 0.134526,
        "nauc_mrr_at_100_std": -0.021218,
        "nauc_mrr_at_100_diff1": 0.19898,
        "nauc_mrr_at_1000_max": 0.135106,
        "nauc_mrr_at_1000_std": -0.020281,
        "nauc_mrr_at_1000_diff1": 0.199254,
        "main_score": 0.14373,
        "hf_subset": "default",
        "languages": [
          "fas-Arab"
        ]
      }
    ]
  },
  "evaluation_time": 78.7573869228363,
  "kg_co2_emissions": null
}