{
  "dataset_revision": "860d152c86fda27229270b6bf4e832ff374ac01b",
  "task_name": "CQADupstackTexRetrieval-Fa",
  "mteb_version": "1.34.14",
  "scores": {
    "test": [
      {
        "ndcg_at_1": 0.09498,
        "ndcg_at_3": 0.11662,
        "ndcg_at_5": 0.12815,
        "ndcg_at_10": 0.14379,
        "ndcg_at_20": 0.15434,
        "ndcg_at_100": 0.17833,
        "ndcg_at_1000": 0.20878,
        "map_at_1": 0.07758,
        "map_at_3": 0.10242,
        "map_at_5": 0.10959,
        "map_at_10": 0.11622,
        "map_at_20": 0.1193,
        "map_at_100": 0.12263,
        "map_at_1000": 0.12366,
        "recall_at_1": 0.07758,
        "recall_at_3": 0.13055,
        "recall_at_5": 0.16015,
        "recall_at_10": 0.20724,
        "recall_at_20": 0.246,
        "recall_at_100": 0.36666,
        "recall_at_1000": 0.59335,
        "precision_at_1": 0.09498,
        "precision_at_3": 0.05643,
        "precision_at_5": 0.04178,
        "precision_at_10": 0.02732,
        "precision_at_20": 0.01667,
        "precision_at_100": 0.00525,
        "precision_at_1000": 0.00092,
        "mrr_at_1": 0.094976,
        "mrr_at_3": 0.122563,
        "mrr_at_5": 0.130219,
        "mrr_at_10": 0.137675,
        "mrr_at_20": 0.140873,
        "mrr_at_100": 0.144248,
        "mrr_at_1000": 0.145118,
        "nauc_ndcg_at_1_max": 0.134477,
        "nauc_ndcg_at_1_std": -0.057722,
        "nauc_ndcg_at_1_diff1": 0.32976,
        "nauc_ndcg_at_3_max": 0.127263,
        "nauc_ndcg_at_3_std": -0.048734,
        "nauc_ndcg_at_3_diff1": 0.259905,
        "nauc_ndcg_at_5_max": 0.12032,
        "nauc_ndcg_at_5_std": -0.039921,
        "nauc_ndcg_at_5_diff1": 0.237338,
        "nauc_ndcg_at_10_max": 0.125814,
        "nauc_ndcg_at_10_std": -0.012017,
        "nauc_ndcg_at_10_diff1": 0.218294,
        "nauc_ndcg_at_20_max": 0.122576,
        "nauc_ndcg_at_20_std": -0.003699,
        "nauc_ndcg_at_20_diff1": 0.213054,
        "nauc_ndcg_at_100_max": 0.129153,
        "nauc_ndcg_at_100_std": 0.016538,
        "nauc_ndcg_at_100_diff1": 0.20611,
        "nauc_ndcg_at_1000_max": 0.134426,
        "nauc_ndcg_at_1000_std": 0.035159,
        "nauc_ndcg_at_1000_diff1": 0.205619,
        "nauc_map_at_1_max": 0.14544,
        "nauc_map_at_1_std": -0.078181,
        "nauc_map_at_1_diff1": 0.339048,
        "nauc_map_at_3_max": 0.131336,
        "nauc_map_at_3_std": -0.058294,
        "nauc_map_at_3_diff1": 0.279409,
        "nauc_map_at_5_max": 0.125901,
        "nauc_map_at_5_std": -0.051425,
        "nauc_map_at_5_diff1": 0.264885,
        "nauc_map_at_10_max": 0.128198,
        "nauc_map_at_10_std": -0.037223,
        "nauc_map_at_10_diff1": 0.254069,
        "nauc_map_at_20_max": 0.127171,
        "nauc_map_at_20_std": -0.033922,
        "nauc_map_at_20_diff1": 0.252149,
        "nauc_map_at_100_max": 0.128664,
        "nauc_map_at_100_std": -0.030227,
        "nauc_map_at_100_diff1": 0.250472,
        "nauc_map_at_1000_max": 0.128861,
        "nauc_map_at_1000_std": -0.029211,
        "nauc_map_at_1000_diff1": 0.250587,
        "nauc_recall_at_1_max": 0.14544,
        "nauc_recall_at_1_std": -0.078181,
        "nauc_recall_at_1_diff1": 0.339048,
        "nauc_recall_at_3_max": 0.116707,
        "nauc_recall_at_3_std": -0.042521,
        "nauc_recall_at_3_diff1": 0.218562,
        "nauc_recall_at_5_max": 0.103424,
        "nauc_recall_at_5_std": -0.026181,
        "nauc_recall_at_5_diff1": 0.181144,
        "nauc_recall_at_10_max": 0.112996,
        "nauc_recall_at_10_std": 0.033216,
        "nauc_recall_at_10_diff1": 0.139122,
        "nauc_recall_at_20_max": 0.10578,
        "nauc_recall_at_20_std": 0.049255,
        "nauc_recall_at_20_diff1": 0.129424,
        "nauc_recall_at_100_max": 0.124869,
        "nauc_recall_at_100_std": 0.105431,
        "nauc_recall_at_100_diff1": 0.107634,
        "nauc_recall_at_1000_max": 0.148338,
        "nauc_recall_at_1000_std": 0.206404,
        "nauc_recall_at_1000_diff1": 0.083491,
        "nauc_precision_at_1_max": 0.134477,
        "nauc_precision_at_1_std": -0.057722,
        "nauc_precision_at_1_diff1": 0.32976,
        "nauc_precision_at_3_max": 0.120317,
        "nauc_precision_at_3_std": -0.029246,
        "nauc_precision_at_3_diff1": 0.228397,
        "nauc_precision_at_5_max": 0.111534,
        "nauc_precision_at_5_std": -0.012718,
        "nauc_precision_at_5_diff1": 0.189047,
        "nauc_precision_at_10_max": 0.133593,
        "nauc_precision_at_10_std": 0.050466,
        "nauc_precision_at_10_diff1": 0.156139,
        "nauc_precision_at_20_max": 0.128051,
        "nauc_precision_at_20_std": 0.072112,
        "nauc_precision_at_20_diff1": 0.142158,
        "nauc_precision_at_100_max": 0.154594,
        "nauc_precision_at_100_std": 0.135216,
        "nauc_precision_at_100_diff1": 0.124624,
        "nauc_precision_at_1000_max": 0.156857,
        "nauc_precision_at_1000_std": 0.192835,
        "nauc_precision_at_1000_diff1": 0.083391,
        "nauc_mrr_at_1_max": 0.134477,
        "nauc_mrr_at_1_std": -0.057722,
        "nauc_mrr_at_1_diff1": 0.32976,
        "nauc_mrr_at_3_max": 0.124874,
        "nauc_mrr_at_3_std": -0.042374,
        "nauc_mrr_at_3_diff1": 0.270942,
        "nauc_mrr_at_5_max": 0.121531,
        "nauc_mrr_at_5_std": -0.036689,
        "nauc_mrr_at_5_diff1": 0.257074,
        "nauc_mrr_at_10_max": 0.123951,
        "nauc_mrr_at_10_std": -0.024732,
        "nauc_mrr_at_10_diff1": 0.24804,
        "nauc_mrr_at_20_max": 0.122993,
        "nauc_mrr_at_20_std": -0.021823,
        "nauc_mrr_at_20_diff1": 0.245345,
        "nauc_mrr_at_100_max": 0.123719,
        "nauc_mrr_at_100_std": -0.018882,
        "nauc_mrr_at_100_diff1": 0.244319,
        "nauc_mrr_at_1000_max": 0.123752,
        "nauc_mrr_at_1000_std": -0.01845,
        "nauc_mrr_at_1000_diff1": 0.244342,
        "main_score": 0.14379,
        "hf_subset": "default",
        "languages": [
          "fas-Arab"
        ]
      }
    ]
  },
  "evaluation_time": 313.6798207759857,
  "kg_co2_emissions": null
}