{
  "dataset_revision": "main",
  "task_name": "MIRACLRetrieval",
  "mteb_version": "1.34.14",
  "scores": {
    "dev": [
      {
        "ndcg_at_1": 0.37975,
        "ndcg_at_3": 0.39815,
        "ndcg_at_5": 0.42857,
        "ndcg_at_10": 0.46125,
        "ndcg_at_20": 0.487,
        "ndcg_at_100": 0.52407,
        "ndcg_at_1000": 0.54214,
        "map_at_1": 0.24788,
        "map_at_3": 0.33529,
        "map_at_5": 0.36506,
        "map_at_10": 0.38533,
        "map_at_20": 0.39562,
        "map_at_100": 0.40327,
        "map_at_1000": 0.40429,
        "recall_at_1": 0.24788,
        "recall_at_3": 0.40486,
        "recall_at_5": 0.48983,
        "recall_at_10": 0.57722,
        "recall_at_20": 0.65674,
        "recall_at_100": 0.81344,
        "recall_at_1000": 0.93039,
        "precision_at_1": 0.37975,
        "precision_at_3": 0.23312,
        "precision_at_5": 0.17722,
        "precision_at_10": 0.10902,
        "precision_at_20": 0.0644,
        "precision_at_100": 0.01671,
        "precision_at_1000": 0.00193,
        "mrr_at_1": 0.379747,
        "mrr_at_3": 0.455696,
        "mrr_at_5": 0.474288,
        "mrr_at_10": 0.48444,
        "mrr_at_20": 0.489187,
        "mrr_at_100": 0.49207,
        "mrr_at_1000": 0.492439,
        "nauc_ndcg_at_1_max": 0.267491,
        "nauc_ndcg_at_1_std": -0.026611,
        "nauc_ndcg_at_1_diff1": 0.387382,
        "nauc_ndcg_at_3_max": 0.277818,
        "nauc_ndcg_at_3_std": -0.035785,
        "nauc_ndcg_at_3_diff1": 0.322288,
        "nauc_ndcg_at_5_max": 0.308242,
        "nauc_ndcg_at_5_std": -0.013894,
        "nauc_ndcg_at_5_diff1": 0.328001,
        "nauc_ndcg_at_10_max": 0.328764,
        "nauc_ndcg_at_10_std": 0.004766,
        "nauc_ndcg_at_10_diff1": 0.313978,
        "nauc_ndcg_at_20_max": 0.339849,
        "nauc_ndcg_at_20_std": 0.029296,
        "nauc_ndcg_at_20_diff1": 0.307058,
        "nauc_ndcg_at_100_max": 0.345583,
        "nauc_ndcg_at_100_std": 0.047216,
        "nauc_ndcg_at_100_diff1": 0.308814,
        "nauc_ndcg_at_1000_max": 0.340237,
        "nauc_ndcg_at_1000_std": 0.050572,
        "nauc_ndcg_at_1000_diff1": 0.311398,
        "nauc_map_at_1_max": 0.159919,
        "nauc_map_at_1_std": -0.099627,
        "nauc_map_at_1_diff1": 0.388516,
        "nauc_map_at_3_max": 0.237046,
        "nauc_map_at_3_std": -0.066284,
        "nauc_map_at_3_diff1": 0.342395,
        "nauc_map_at_5_max": 0.267598,
        "nauc_map_at_5_std": -0.044671,
        "nauc_map_at_5_diff1": 0.338378,
        "nauc_map_at_10_max": 0.284732,
        "nauc_map_at_10_std": -0.02701,
        "nauc_map_at_10_diff1": 0.325452,
        "nauc_map_at_20_max": 0.29272,
        "nauc_map_at_20_std": -0.014796,
        "nauc_map_at_20_diff1": 0.324267,
        "nauc_map_at_100_max": 0.295154,
        "nauc_map_at_100_std": -0.010261,
        "nauc_map_at_100_diff1": 0.324012,
        "nauc_map_at_1000_max": 0.294948,
        "nauc_map_at_1000_std": -0.009494,
        "nauc_map_at_1000_diff1": 0.324094,
        "nauc_recall_at_1_max": 0.159919,
        "nauc_recall_at_1_std": -0.099627,
        "nauc_recall_at_1_diff1": 0.388516,
        "nauc_recall_at_3_max": 0.247897,
        "nauc_recall_at_3_std": -0.050966,
        "nauc_recall_at_3_diff1": 0.285065,
        "nauc_recall_at_5_max": 0.312416,
        "nauc_recall_at_5_std": -0.002284,
        "nauc_recall_at_5_diff1": 0.283413,
        "nauc_recall_at_10_max": 0.354493,
        "nauc_recall_at_10_std": 0.037855,
        "nauc_recall_at_10_diff1": 0.238954,
        "nauc_recall_at_20_max": 0.383789,
        "nauc_recall_at_20_std": 0.109686,
        "nauc_recall_at_20_diff1": 0.20015,
        "nauc_recall_at_100_max": 0.449191,
        "nauc_recall_at_100_std": 0.262968,
        "nauc_recall_at_100_diff1": 0.158291,
        "nauc_recall_at_1000_max": 0.544137,
        "nauc_recall_at_1000_std": 0.595017,
        "nauc_recall_at_1000_diff1": 0.095146,
        "nauc_precision_at_1_max": 0.267491,
        "nauc_precision_at_1_std": -0.026611,
        "nauc_precision_at_1_diff1": 0.387382,
        "nauc_precision_at_3_max": 0.358337,
        "nauc_precision_at_3_std": 0.063003,
        "nauc_precision_at_3_diff1": 0.17482,
        "nauc_precision_at_5_max": 0.38492,
        "nauc_precision_at_5_std": 0.138738,
        "nauc_precision_at_5_diff1": 0.132644,
        "nauc_precision_at_10_max": 0.384453,
        "nauc_precision_at_10_std": 0.202975,
        "nauc_precision_at_10_diff1": 0.043336,
        "nauc_precision_at_20_max": 0.358953,
        "nauc_precision_at_20_std": 0.264616,
        "nauc_precision_at_20_diff1": 0.003068,
        "nauc_precision_at_100_max": 0.254365,
        "nauc_precision_at_100_std": 0.278382,
        "nauc_precision_at_100_diff1": -0.041558,
        "nauc_precision_at_1000_max": 0.168862,
        "nauc_precision_at_1000_std": 0.2757,
        "nauc_precision_at_1000_diff1": -0.08787,
        "nauc_mrr_at_1_max": 0.267491,
        "nauc_mrr_at_1_std": -0.026611,
        "nauc_mrr_at_1_diff1": 0.387382,
        "nauc_mrr_at_3_max": 0.315149,
        "nauc_mrr_at_3_std": -0.005901,
        "nauc_mrr_at_3_diff1": 0.344215,
        "nauc_mrr_at_5_max": 0.328101,
        "nauc_mrr_at_5_std": 0.006489,
        "nauc_mrr_at_5_diff1": 0.34934,
        "nauc_mrr_at_10_max": 0.329386,
        "nauc_mrr_at_10_std": 0.00932,
        "nauc_mrr_at_10_diff1": 0.347236,
        "nauc_mrr_at_20_max": 0.327484,
        "nauc_mrr_at_20_std": 0.011392,
        "nauc_mrr_at_20_diff1": 0.344756,
        "nauc_mrr_at_100_max": 0.326721,
        "nauc_mrr_at_100_std": 0.011134,
        "nauc_mrr_at_100_diff1": 0.345176,
        "nauc_mrr_at_1000_max": 0.326545,
        "nauc_mrr_at_1000_std": 0.010995,
        "nauc_mrr_at_1000_diff1": 0.3453,
        "main_score": 0.46125,
        "hf_subset": "fa",
        "languages": [
          "fas-Arab"
        ]
      }
    ]
  },
  "evaluation_time": 2513.228137731552,
  "kg_co2_emissions": null
}