{
  "dataset_revision": "70aa71825a791e87210c0355a01f538aa611feae",
  "task_name": "NFCorpus-Fa",
  "mteb_version": "1.34.14",
  "scores": {
    "test": [
      {
        "ndcg_at_1": 0.33746,
        "ndcg_at_3": 0.2888,
        "ndcg_at_5": 0.2705,
        "ndcg_at_10": 0.2468,
        "ndcg_at_20": 0.2273,
        "ndcg_at_100": 0.22711,
        "ndcg_at_1000": 0.32549,
        "map_at_1": 0.03358,
        "map_at_3": 0.05424,
        "map_at_5": 0.06412,
        "map_at_10": 0.07763,
        "map_at_20": 0.08661,
        "map_at_100": 0.10006,
        "map_at_1000": 0.11345,
        "recall_at_1": 0.03358,
        "recall_at_3": 0.06339,
        "recall_at_5": 0.08385,
        "recall_at_10": 0.11531,
        "recall_at_20": 0.14103,
        "recall_at_100": 0.23372,
        "recall_at_1000": 0.582,
        "precision_at_1": 0.35604,
        "precision_at_3": 0.27657,
        "precision_at_5": 0.24149,
        "precision_at_10": 0.19102,
        "precision_at_20": 0.14102,
        "precision_at_100": 0.06319,
        "precision_at_1000": 0.01997,
        "mrr_at_1": 0.356037,
        "mrr_at_3": 0.414345,
        "mrr_at_5": 0.432301,
        "mrr_at_10": 0.43991,
        "mrr_at_20": 0.443041,
        "mrr_at_100": 0.445906,
        "mrr_at_1000": 0.446545,
        "nauc_ndcg_at_1_max": 0.372511,
        "nauc_ndcg_at_1_std": 0.294288,
        "nauc_ndcg_at_1_diff1": 0.406142,
        "nauc_ndcg_at_3_max": 0.392766,
        "nauc_ndcg_at_3_std": 0.375715,
        "nauc_ndcg_at_3_diff1": 0.306203,
        "nauc_ndcg_at_5_max": 0.441793,
        "nauc_ndcg_at_5_std": 0.417248,
        "nauc_ndcg_at_5_diff1": 0.291727,
        "nauc_ndcg_at_10_max": 0.435515,
        "nauc_ndcg_at_10_std": 0.445924,
        "nauc_ndcg_at_10_diff1": 0.287904,
        "nauc_ndcg_at_20_max": 0.42116,
        "nauc_ndcg_at_20_std": 0.447348,
        "nauc_ndcg_at_20_diff1": 0.27507,
        "nauc_ndcg_at_100_max": 0.419663,
        "nauc_ndcg_at_100_std": 0.419545,
        "nauc_ndcg_at_100_diff1": 0.244018,
        "nauc_ndcg_at_1000_max": 0.476458,
        "nauc_ndcg_at_1000_std": 0.473881,
        "nauc_ndcg_at_1000_diff1": 0.267622,
        "nauc_map_at_1_max": 0.189245,
        "nauc_map_at_1_std": -0.038608,
        "nauc_map_at_1_diff1": 0.43539,
        "nauc_map_at_3_max": 0.215562,
        "nauc_map_at_3_std": 0.019759,
        "nauc_map_at_3_diff1": 0.359589,
        "nauc_map_at_5_max": 0.269629,
        "nauc_map_at_5_std": 0.070585,
        "nauc_map_at_5_diff1": 0.33628,
        "nauc_map_at_10_max": 0.321667,
        "nauc_map_at_10_std": 0.143153,
        "nauc_map_at_10_diff1": 0.312201,
        "nauc_map_at_20_max": 0.34773,
        "nauc_map_at_20_std": 0.198817,
        "nauc_map_at_20_diff1": 0.294724,
        "nauc_map_at_100_max": 0.370536,
        "nauc_map_at_100_std": 0.268793,
        "nauc_map_at_100_diff1": 0.26393,
        "nauc_map_at_1000_max": 0.387171,
        "nauc_map_at_1000_std": 0.325448,
        "nauc_map_at_1000_diff1": 0.258446,
        "nauc_recall_at_1_max": 0.189245,
        "nauc_recall_at_1_std": -0.038608,
        "nauc_recall_at_1_diff1": 0.43539,
        "nauc_recall_at_3_max": 0.188438,
        "nauc_recall_at_3_std": 0.010512,
        "nauc_recall_at_3_diff1": 0.315702,
        "nauc_recall_at_5_max": 0.232358,
        "nauc_recall_at_5_std": 0.061302,
        "nauc_recall_at_5_diff1": 0.285905,
        "nauc_recall_at_10_max": 0.257753,
        "nauc_recall_at_10_std": 0.117647,
        "nauc_recall_at_10_diff1": 0.25242,
        "nauc_recall_at_20_max": 0.26973,
        "nauc_recall_at_20_std": 0.171975,
        "nauc_recall_at_20_diff1": 0.237055,
        "nauc_recall_at_100_max": 0.270146,
        "nauc_recall_at_100_std": 0.252354,
        "nauc_recall_at_100_diff1": 0.142678,
        "nauc_recall_at_1000_max": 0.261952,
        "nauc_recall_at_1000_std": 0.287405,
        "nauc_recall_at_1000_diff1": 0.094833,
        "nauc_precision_at_1_max": 0.377078,
        "nauc_precision_at_1_std": 0.333749,
        "nauc_precision_at_1_diff1": 0.401591,
        "nauc_precision_at_3_max": 0.402433,
        "nauc_precision_at_3_std": 0.440352,
        "nauc_precision_at_3_diff1": 0.233815,
        "nauc_precision_at_5_max": 0.476973,
        "nauc_precision_at_5_std": 0.51266,
        "nauc_precision_at_5_diff1": 0.184148,
        "nauc_precision_at_10_max": 0.456313,
        "nauc_precision_at_10_std": 0.568507,
        "nauc_precision_at_10_diff1": 0.138341,
        "nauc_precision_at_20_max": 0.422214,
        "nauc_precision_at_20_std": 0.606591,
        "nauc_precision_at_20_diff1": 0.098217,
        "nauc_precision_at_100_max": 0.327535,
        "nauc_precision_at_100_std": 0.635593,
        "nauc_precision_at_100_diff1": 0.031538,
        "nauc_precision_at_1000_max": 0.228401,
        "nauc_precision_at_1000_std": 0.53557,
        "nauc_precision_at_1000_diff1": 0.061036,
        "nauc_mrr_at_1_max": 0.377078,
        "nauc_mrr_at_1_std": 0.333749,
        "nauc_mrr_at_1_diff1": 0.401591,
        "nauc_mrr_at_3_max": 0.397196,
        "nauc_mrr_at_3_std": 0.375469,
        "nauc_mrr_at_3_diff1": 0.37686,
        "nauc_mrr_at_5_max": 0.416342,
        "nauc_mrr_at_5_std": 0.391325,
        "nauc_mrr_at_5_diff1": 0.379276,
        "nauc_mrr_at_10_max": 0.419461,
        "nauc_mrr_at_10_std": 0.391963,
        "nauc_mrr_at_10_diff1": 0.381696,
        "nauc_mrr_at_20_max": 0.419542,
        "nauc_mrr_at_20_std": 0.393728,
        "nauc_mrr_at_20_diff1": 0.381314,
        "nauc_mrr_at_100_max": 0.418825,
        "nauc_mrr_at_100_std": 0.393402,
        "nauc_mrr_at_100_diff1": 0.380268,
        "nauc_mrr_at_1000_max": 0.418555,
        "nauc_mrr_at_1000_std": 0.392997,
        "nauc_mrr_at_1000_diff1": 0.380235,
        "main_score": 0.2468,
        "hf_subset": "default",
        "languages": [
          "fas-Arab"
        ]
      }
    ]
  },
  "evaluation_time": 19.073009729385376,
  "kg_co2_emissions": null
}