{
  "dataset_revision": "d4ea898b644c8d5f608b60947cb637bebbf1ac66",
  "task_name": "NQ-Fa",
  "mteb_version": "1.34.14",
  "scores": {
    "test": [
      {
        "ndcg_at_1": 0.13731,
        "ndcg_at_3": 0.19895,
        "ndcg_at_5": 0.22809,
        "ndcg_at_10": 0.25982,
        "ndcg_at_20": 0.2841,
        "ndcg_at_100": 0.316,
        "ndcg_at_1000": 0.33746,
        "map_at_1": 0.12114,
        "map_at_3": 0.17695,
        "map_at_5": 0.19398,
        "map_at_10": 0.20768,
        "map_at_20": 0.2147,
        "map_at_100": 0.21943,
        "map_at_1000": 0.22025,
        "recall_at_1": 0.12114,
        "recall_at_3": 0.2443,
        "recall_at_5": 0.31156,
        "recall_at_10": 0.40469,
        "recall_at_20": 0.4959,
        "recall_at_100": 0.65899,
        "recall_at_1000": 0.82293,
        "precision_at_1": 0.13731,
        "precision_at_3": 0.09531,
        "precision_at_5": 0.07387,
        "precision_at_10": 0.04832,
        "precision_at_20": 0.02972,
        "precision_at_100": 0.00798,
        "precision_at_1000": 0.001,
        "mrr_at_1": 0.137312,
        "mrr_at_3": 0.195008,
        "mrr_at_5": 0.210883,
        "mrr_at_10": 0.223857,
        "mrr_at_20": 0.230391,
        "mrr_at_100": 0.23448,
        "mrr_at_1000": 0.235142,
        "nauc_ndcg_at_1_max": 0.266632,
        "nauc_ndcg_at_1_std": 0.102912,
        "nauc_ndcg_at_1_diff1": 0.25114,
        "nauc_ndcg_at_3_max": 0.271208,
        "nauc_ndcg_at_3_std": 0.111858,
        "nauc_ndcg_at_3_diff1": 0.184076,
        "nauc_ndcg_at_5_max": 0.290988,
        "nauc_ndcg_at_5_std": 0.132403,
        "nauc_ndcg_at_5_diff1": 0.179604,
        "nauc_ndcg_at_10_max": 0.306135,
        "nauc_ndcg_at_10_std": 0.151367,
        "nauc_ndcg_at_10_diff1": 0.17705,
        "nauc_ndcg_at_20_max": 0.324568,
        "nauc_ndcg_at_20_std": 0.178365,
        "nauc_ndcg_at_20_diff1": 0.184093,
        "nauc_ndcg_at_100_max": 0.341232,
        "nauc_ndcg_at_100_std": 0.206986,
        "nauc_ndcg_at_100_diff1": 0.180742,
        "nauc_ndcg_at_1000_max": 0.338651,
        "nauc_ndcg_at_1000_std": 0.206947,
        "nauc_ndcg_at_1000_diff1": 0.18295,
        "nauc_map_at_1_max": 0.245628,
        "nauc_map_at_1_std": 0.09089,
        "nauc_map_at_1_diff1": 0.251409,
        "nauc_map_at_3_max": 0.266951,
        "nauc_map_at_3_std": 0.106673,
        "nauc_map_at_3_diff1": 0.197352,
        "nauc_map_at_5_max": 0.280297,
        "nauc_map_at_5_std": 0.121236,
        "nauc_map_at_5_diff1": 0.193491,
        "nauc_map_at_10_max": 0.287559,
        "nauc_map_at_10_std": 0.130096,
        "nauc_map_at_10_diff1": 0.192126,
        "nauc_map_at_20_max": 0.293407,
        "nauc_map_at_20_std": 0.138555,
        "nauc_map_at_20_diff1": 0.194056,
        "nauc_map_at_100_max": 0.296159,
        "nauc_map_at_100_std": 0.143085,
        "nauc_map_at_100_diff1": 0.193493,
        "nauc_map_at_1000_max": 0.295998,
        "nauc_map_at_1000_std": 0.143068,
        "nauc_map_at_1000_diff1": 0.193499,
        "nauc_recall_at_1_max": 0.245628,
        "nauc_recall_at_1_std": 0.09089,
        "nauc_recall_at_1_diff1": 0.251409,
        "nauc_recall_at_3_max": 0.269595,
        "nauc_recall_at_3_std": 0.112231,
        "nauc_recall_at_3_diff1": 0.150864,
        "nauc_recall_at_5_max": 0.306146,
        "nauc_recall_at_5_std": 0.148901,
        "nauc_recall_at_5_diff1": 0.144762,
        "nauc_recall_at_10_max": 0.340476,
        "nauc_recall_at_10_std": 0.190782,
        "nauc_recall_at_10_diff1": 0.140873,
        "nauc_recall_at_20_max": 0.39657,
        "nauc_recall_at_20_std": 0.27499,
        "nauc_recall_at_20_diff1": 0.161926,
        "nauc_recall_at_100_max": 0.494646,
        "nauc_recall_at_100_std": 0.436742,
        "nauc_recall_at_100_diff1": 0.142726,
        "nauc_recall_at_1000_max": 0.571657,
        "nauc_recall_at_1000_std": 0.589141,
        "nauc_recall_at_1000_diff1": 0.149664,
        "nauc_precision_at_1_max": 0.266632,
        "nauc_precision_at_1_std": 0.102912,
        "nauc_precision_at_1_diff1": 0.25114,
        "nauc_precision_at_3_max": 0.298868,
        "nauc_precision_at_3_std": 0.139937,
        "nauc_precision_at_3_diff1": 0.144147,
        "nauc_precision_at_5_max": 0.326044,
        "nauc_precision_at_5_std": 0.175175,
        "nauc_precision_at_5_diff1": 0.138138,
        "nauc_precision_at_10_max": 0.346523,
        "nauc_precision_at_10_std": 0.214149,
        "nauc_precision_at_10_diff1": 0.127497,
        "nauc_precision_at_20_max": 0.383485,
        "nauc_precision_at_20_std": 0.283817,
        "nauc_precision_at_20_diff1": 0.140452,
        "nauc_precision_at_100_max": 0.397066,
        "nauc_precision_at_100_std": 0.371907,
        "nauc_precision_at_100_diff1": 0.099292,
        "nauc_precision_at_1000_max": 0.324536,
        "nauc_precision_at_1000_std": 0.35727,
        "nauc_precision_at_1000_diff1": 0.065061,
        "nauc_mrr_at_1_max": 0.266632,
        "nauc_mrr_at_1_std": 0.102912,
        "nauc_mrr_at_1_diff1": 0.25114,
        "nauc_mrr_at_3_max": 0.272896,
        "nauc_mrr_at_3_std": 0.116598,
        "nauc_mrr_at_3_diff1": 0.196516,
        "nauc_mrr_at_5_max": 0.283246,
        "nauc_mrr_at_5_std": 0.12691,
        "nauc_mrr_at_5_diff1": 0.194344,
        "nauc_mrr_at_10_max": 0.28985,
        "nauc_mrr_at_10_std": 0.136134,
        "nauc_mrr_at_10_diff1": 0.192701,
        "nauc_mrr_at_20_max": 0.294831,
        "nauc_mrr_at_20_std": 0.143128,
        "nauc_mrr_at_20_diff1": 0.194747,
        "nauc_mrr_at_100_max": 0.296391,
        "nauc_mrr_at_100_std": 0.146016,
        "nauc_mrr_at_100_diff1": 0.194087,
        "nauc_mrr_at_1000_max": 0.296253,
        "nauc_mrr_at_1000_std": 0.145855,
        "nauc_mrr_at_1000_diff1": 0.194238,
        "main_score": 0.25982,
        "hf_subset": "default",
        "languages": [
          "fas-Arab"
        ]
      }
    ]
  },
  "evaluation_time": 5407.664601802826,
  "kg_co2_emissions": null
}