{
  "dataset_revision": "b3dc818368a867b30ccb55a42ff287d253512c36",
  "task_name": "PersianWebDocumentRetrieval",
  "mteb_version": "1.34.14",
  "scores": {
    "test": [
      {
        "ndcg_at_1": 0.49422,
        "ndcg_at_3": 0.46553,
        "ndcg_at_5": 0.46307,
        "ndcg_at_10": 0.45973,
        "ndcg_at_20": 0.47293,
        "ndcg_at_100": 0.54869,
        "ndcg_at_1000": 0.57771,
        "map_at_1": 0.08565,
        "map_at_3": 0.16541,
        "map_at_5": 0.2172,
        "map_at_10": 0.28635,
        "map_at_20": 0.3458,
        "map_at_100": 0.38811,
        "map_at_1000": 0.39303,
        "recall_at_1": 0.08565,
        "recall_at_3": 0.19112,
        "recall_at_5": 0.27097,
        "recall_at_10": 0.39155,
        "recall_at_20": 0.51597,
        "recall_at_100": 0.7041,
        "recall_at_1000": 0.80423,
        "precision_at_1": 0.49422,
        "precision_at_3": 0.43183,
        "precision_at_5": 0.39874,
        "precision_at_10": 0.32829,
        "precision_at_20": 0.24232,
        "precision_at_100": 0.07272,
        "precision_at_1000": 0.00857,
        "mrr_at_1": 0.494217,
        "mrr_at_3": 0.571153,
        "mrr_at_5": 0.582194,
        "mrr_at_10": 0.589553,
        "mrr_at_20": 0.591304,
        "mrr_at_100": 0.592256,
        "mrr_at_1000": 0.592311,
        "nauc_ndcg_at_1_max": 0.13675,
        "nauc_ndcg_at_1_std": -0.002456,
        "nauc_ndcg_at_1_diff1": 0.202153,
        "nauc_ndcg_at_3_max": 0.152578,
        "nauc_ndcg_at_3_std": 0.036476,
        "nauc_ndcg_at_3_diff1": 0.171618,
        "nauc_ndcg_at_5_max": 0.152679,
        "nauc_ndcg_at_5_std": 0.020636,
        "nauc_ndcg_at_5_diff1": 0.168478,
        "nauc_ndcg_at_10_max": 0.153097,
        "nauc_ndcg_at_10_std": 0.018001,
        "nauc_ndcg_at_10_diff1": 0.156099,
        "nauc_ndcg_at_20_max": 0.166845,
        "nauc_ndcg_at_20_std": 0.033869,
        "nauc_ndcg_at_20_diff1": 0.136272,
        "nauc_ndcg_at_100_max": 0.239371,
        "nauc_ndcg_at_100_std": 0.153543,
        "nauc_ndcg_at_100_diff1": 0.137032,
        "nauc_ndcg_at_1000_max": 0.26213,
        "nauc_ndcg_at_1000_std": 0.185217,
        "nauc_ndcg_at_1000_diff1": 0.135626,
        "nauc_map_at_1_max": -0.047227,
        "nauc_map_at_1_std": -0.151943,
        "nauc_map_at_1_diff1": 0.18367,
        "nauc_map_at_3_max": 0.015956,
        "nauc_map_at_3_std": -0.11291,
        "nauc_map_at_3_diff1": 0.13789,
        "nauc_map_at_5_max": 0.032539,
        "nauc_map_at_5_std": -0.105383,
        "nauc_map_at_5_diff1": 0.12878,
        "nauc_map_at_10_max": 0.064662,
        "nauc_map_at_10_std": -0.076989,
        "nauc_map_at_10_diff1": 0.121227,
        "nauc_map_at_20_max": 0.097172,
        "nauc_map_at_20_std": -0.033932,
        "nauc_map_at_20_diff1": 0.118854,
        "nauc_map_at_100_max": 0.135804,
        "nauc_map_at_100_std": 0.028166,
        "nauc_map_at_100_diff1": 0.12532,
        "nauc_map_at_1000_max": 0.139806,
        "nauc_map_at_1000_std": 0.035402,
        "nauc_map_at_1000_diff1": 0.125292,
        "nauc_recall_at_1_max": -0.047227,
        "nauc_recall_at_1_std": -0.151943,
        "nauc_recall_at_1_diff1": 0.18367,
        "nauc_recall_at_3_max": 0.015396,
        "nauc_recall_at_3_std": -0.098521,
        "nauc_recall_at_3_diff1": 0.110272,
        "nauc_recall_at_5_max": 0.027963,
        "nauc_recall_at_5_std": -0.10474,
        "nauc_recall_at_5_diff1": 0.101085,
        "nauc_recall_at_10_max": 0.074655,
        "nauc_recall_at_10_std": -0.068858,
        "nauc_recall_at_10_diff1": 0.095112,
        "nauc_recall_at_20_max": 0.145509,
        "nauc_recall_at_20_std": 0.017039,
        "nauc_recall_at_20_diff1": 0.092272,
        "nauc_recall_at_100_max": 0.33109,
        "nauc_recall_at_100_std": 0.307728,
        "nauc_recall_at_100_diff1": 0.09737,
        "nauc_recall_at_1000_max": 0.473441,
        "nauc_recall_at_1000_std": 0.473652,
        "nauc_recall_at_1000_diff1": 0.09684,
        "nauc_precision_at_1_max": 0.13675,
        "nauc_precision_at_1_std": -0.002456,
        "nauc_precision_at_1_diff1": 0.202153,
        "nauc_precision_at_3_max": 0.187491,
        "nauc_precision_at_3_std": 0.085547,
        "nauc_precision_at_3_diff1": 0.134186,
        "nauc_precision_at_5_max": 0.196508,
        "nauc_precision_at_5_std": 0.090549,
        "nauc_precision_at_5_diff1": 0.112468,
        "nauc_precision_at_10_max": 0.192913,
        "nauc_precision_at_10_std": 0.124402,
        "nauc_precision_at_10_diff1": 0.092747,
        "nauc_precision_at_20_max": 0.200565,
        "nauc_precision_at_20_std": 0.177041,
        "nauc_precision_at_20_diff1": 0.071354,
        "nauc_precision_at_100_max": 0.249328,
        "nauc_precision_at_100_std": 0.310827,
        "nauc_precision_at_100_diff1": 0.054557,
        "nauc_precision_at_1000_max": 0.245719,
        "nauc_precision_at_1000_std": 0.324551,
        "nauc_precision_at_1000_diff1": 0.036697,
        "nauc_mrr_at_1_max": 0.13675,
        "nauc_mrr_at_1_std": -0.002456,
        "nauc_mrr_at_1_diff1": 0.202153,
        "nauc_mrr_at_3_max": 0.195552,
        "nauc_mrr_at_3_std": 0.061178,
        "nauc_mrr_at_3_diff1": 0.190775,
        "nauc_mrr_at_5_max": 0.20749,
        "nauc_mrr_at_5_std": 0.070463,
        "nauc_mrr_at_5_diff1": 0.189483,
        "nauc_mrr_at_10_max": 0.214731,
        "nauc_mrr_at_10_std": 0.080396,
        "nauc_mrr_at_10_diff1": 0.189662,
        "nauc_mrr_at_20_max": 0.215017,
        "nauc_mrr_at_20_std": 0.081391,
        "nauc_mrr_at_20_diff1": 0.188259,
        "nauc_mrr_at_100_max": 0.215244,
        "nauc_mrr_at_100_std": 0.082234,
        "nauc_mrr_at_100_diff1": 0.187921,
        "nauc_mrr_at_1000_max": 0.215198,
        "nauc_mrr_at_1000_std": 0.082133,
        "nauc_mrr_at_1000_diff1": 0.187913,
        "main_score": 0.45973,
        "hf_subset": "default",
        "languages": [
          "fas-Arab"
        ]
      }
    ]
  },
  "evaluation_time": 189.98730444908142,
  "kg_co2_emissions": null
}