{
  "dataset_revision": "1a43f4f5dcd71e6b14b275ae82c3237cdd4fd5fd",
  "task_name": "QuoraRetrieval-Fa",
  "mteb_version": "1.34.14",
  "scores": {
    "test": [
      {
        "ndcg_at_1": 0.6953,
        "ndcg_at_3": 0.74756,
        "ndcg_at_5": 0.76662,
        "ndcg_at_10": 0.78508,
        "ndcg_at_20": 0.79568,
        "ndcg_at_100": 0.80765,
        "ndcg_at_1000": 0.81157,
        "map_at_1": 0.60285,
        "map_at_3": 0.70538,
        "map_at_5": 0.72391,
        "map_at_10": 0.73612,
        "map_at_20": 0.74108,
        "map_at_100": 0.74404,
        "map_at_1000": 0.74438,
        "recall_at_1": 0.60285,
        "recall_at_3": 0.7768,
        "recall_at_5": 0.82909,
        "recall_at_10": 0.88395,
        "recall_at_20": 0.91955,
        "recall_at_100": 0.97107,
        "recall_at_1000": 0.99366,
        "precision_at_1": 0.6953,
        "precision_at_3": 0.3285,
        "precision_at_5": 0.21802,
        "precision_at_10": 0.12084,
        "precision_at_20": 0.06524,
        "precision_at_100": 0.01455,
        "precision_at_1000": 0.00154,
        "mrr_at_1": 0.6944,
        "mrr_at_3": 0.760717,
        "mrr_at_5": 0.769982,
        "mrr_at_10": 0.77554,
        "mrr_at_20": 0.777275,
        "mrr_at_100": 0.778224,
        "mrr_at_1000": 0.778286,
        "nauc_ndcg_at_1_max": 0.364155,
        "nauc_ndcg_at_1_std": -0.251002,
        "nauc_ndcg_at_1_diff1": 0.721913,
        "nauc_ndcg_at_3_max": 0.343079,
        "nauc_ndcg_at_3_std": -0.286667,
        "nauc_ndcg_at_3_diff1": 0.682995,
        "nauc_ndcg_at_5_max": 0.348628,
        "nauc_ndcg_at_5_std": -0.287887,
        "nauc_ndcg_at_5_diff1": 0.682879,
        "nauc_ndcg_at_10_max": 0.356056,
        "nauc_ndcg_at_10_std": -0.278921,
        "nauc_ndcg_at_10_diff1": 0.685994,
        "nauc_ndcg_at_20_max": 0.360239,
        "nauc_ndcg_at_20_std": -0.269916,
        "nauc_ndcg_at_20_diff1": 0.689296,
        "nauc_ndcg_at_100_max": 0.364194,
        "nauc_ndcg_at_100_std": -0.256942,
        "nauc_ndcg_at_100_diff1": 0.691467,
        "nauc_ndcg_at_1000_max": 0.363372,
        "nauc_ndcg_at_1000_std": -0.256448,
        "nauc_ndcg_at_1000_diff1": 0.691704,
        "nauc_map_at_1_max": 0.276069,
        "nauc_map_at_1_std": -0.300965,
        "nauc_map_at_1_diff1": 0.725782,
        "nauc_map_at_3_max": 0.319871,
        "nauc_map_at_3_std": -0.315966,
        "nauc_map_at_3_diff1": 0.693566,
        "nauc_map_at_5_max": 0.331249,
        "nauc_map_at_5_std": -0.308245,
        "nauc_map_at_5_diff1": 0.691757,
        "nauc_map_at_10_max": 0.338568,
        "nauc_map_at_10_std": -0.29827,
        "nauc_map_at_10_diff1": 0.692282,
        "nauc_map_at_20_max": 0.341745,
        "nauc_map_at_20_std": -0.29156,
        "nauc_map_at_20_diff1": 0.692641,
        "nauc_map_at_100_max": 0.343579,
        "nauc_map_at_100_std": -0.286501,
        "nauc_map_at_100_diff1": 0.692616,
        "nauc_map_at_1000_max": 0.343699,
        "nauc_map_at_1000_std": -0.285999,
        "nauc_map_at_1000_diff1": 0.692579,
        "nauc_recall_at_1_max": 0.276069,
        "nauc_recall_at_1_std": -0.300965,
        "nauc_recall_at_1_diff1": 0.725782,
        "nauc_recall_at_3_max": 0.30224,
        "nauc_recall_at_3_std": -0.331526,
        "nauc_recall_at_3_diff1": 0.638813,
        "nauc_recall_at_5_max": 0.320207,
        "nauc_recall_at_5_std": -0.323587,
        "nauc_recall_at_5_diff1": 0.620283,
        "nauc_recall_at_10_max": 0.341506,
        "nauc_recall_at_10_std": -0.288509,
        "nauc_recall_at_10_diff1": 0.605488,
        "nauc_recall_at_20_max": 0.35949,
        "nauc_recall_at_20_std": -0.240409,
        "nauc_recall_at_20_diff1": 0.603715,
        "nauc_recall_at_100_max": 0.422666,
        "nauc_recall_at_100_std": -0.045903,
        "nauc_recall_at_100_diff1": 0.621135,
        "nauc_recall_at_1000_max": 0.44038,
        "nauc_recall_at_1000_std": 0.268268,
        "nauc_recall_at_1000_diff1": 0.690858,
        "nauc_precision_at_1_max": 0.364155,
        "nauc_precision_at_1_std": -0.251002,
        "nauc_precision_at_1_diff1": 0.721913,
        "nauc_precision_at_3_max": 0.211051,
        "nauc_precision_at_3_std": -0.0057,
        "nauc_precision_at_3_diff1": 0.100018,
        "nauc_precision_at_5_max": 0.163949,
        "nauc_precision_at_5_std": 0.089705,
        "nauc_precision_at_5_diff1": -0.043463,
        "nauc_precision_at_10_max": 0.114403,
        "nauc_precision_at_10_std": 0.192734,
        "nauc_precision_at_10_diff1": -0.165022,
        "nauc_precision_at_20_max": 0.076916,
        "nauc_precision_at_20_std": 0.26221,
        "nauc_precision_at_20_diff1": -0.230784,
        "nauc_precision_at_100_max": 0.033346,
        "nauc_precision_at_100_std": 0.345271,
        "nauc_precision_at_100_diff1": -0.308575,
        "nauc_precision_at_1000_max": 0.003915,
        "nauc_precision_at_1000_std": 0.352899,
        "nauc_precision_at_1000_diff1": -0.337629,
        "nauc_mrr_at_1_max": 0.362326,
        "nauc_mrr_at_1_std": -0.253038,
        "nauc_mrr_at_1_diff1": 0.723972,
        "nauc_mrr_at_3_max": 0.373293,
        "nauc_mrr_at_3_std": -0.251629,
        "nauc_mrr_at_3_diff1": 0.702748,
        "nauc_mrr_at_5_max": 0.375853,
        "nauc_mrr_at_5_std": -0.248477,
        "nauc_mrr_at_5_diff1": 0.702793,
        "nauc_mrr_at_10_max": 0.376726,
        "nauc_mrr_at_10_std": -0.245488,
        "nauc_mrr_at_10_diff1": 0.703169,
        "nauc_mrr_at_20_max": 0.376526,
        "nauc_mrr_at_20_std": -0.245132,
        "nauc_mrr_at_20_diff1": 0.70394,
        "nauc_mrr_at_100_max": 0.375989,
        "nauc_mrr_at_100_std": -0.245268,
        "nauc_mrr_at_100_diff1": 0.704179,
        "nauc_mrr_at_1000_max": 0.375933,
        "nauc_mrr_at_1000_std": -0.245353,
        "nauc_mrr_at_1000_diff1": 0.704213,
        "main_score": 0.78508,
        "hf_subset": "default",
        "languages": [
          "fas-Arab"
        ]
      }
    ]
  },
  "evaluation_time": 318.3598597049713,
  "kg_co2_emissions": null
}