{
  "dataset_revision": "9d32af6540970e2845028cbfffe6b0d0e8f52428",
  "task_name": "SynPerChatbotRAGFAQRetrieval",
  "mteb_version": "1.34.14",
  "scores": {
    "test": [
      {
        "ndcg_at_1": 0.34959,
        "ndcg_at_3": 0.44151,
        "ndcg_at_5": 0.46662,
        "ndcg_at_10": 0.49557,
        "ndcg_at_20": 0.51738,
        "ndcg_at_100": 0.54518,
        "ndcg_at_1000": 0.55726,
        "map_at_1": 0.34959,
        "map_at_3": 0.4192,
        "map_at_5": 0.43318,
        "map_at_10": 0.44518,
        "map_at_20": 0.45126,
        "map_at_100": 0.45523,
        "map_at_1000": 0.4557,
        "recall_at_1": 0.34959,
        "recall_at_3": 0.50598,
        "recall_at_5": 0.5667,
        "recall_at_10": 0.65593,
        "recall_at_20": 0.74149,
        "recall_at_100": 0.8896,
        "recall_at_1000": 0.98436,
        "precision_at_1": 0.34959,
        "precision_at_3": 0.16866,
        "precision_at_5": 0.11334,
        "precision_at_10": 0.06559,
        "precision_at_20": 0.03707,
        "precision_at_100": 0.0089,
        "precision_at_1000": 0.00098,
        "mrr_at_1": 0.349586,
        "mrr_at_3": 0.419197,
        "mrr_at_5": 0.43318,
        "mrr_at_10": 0.445184,
        "mrr_at_20": 0.451263,
        "mrr_at_100": 0.45523,
        "mrr_at_1000": 0.455698,
        "nauc_ndcg_at_1_max": 0.294326,
        "nauc_ndcg_at_1_std": -0.001797,
        "nauc_ndcg_at_1_diff1": 0.564964,
        "nauc_ndcg_at_3_max": 0.302368,
        "nauc_ndcg_at_3_std": 0.003994,
        "nauc_ndcg_at_3_diff1": 0.495816,
        "nauc_ndcg_at_5_max": 0.325827,
        "nauc_ndcg_at_5_std": 0.025165,
        "nauc_ndcg_at_5_diff1": 0.487557,
        "nauc_ndcg_at_10_max": 0.336977,
        "nauc_ndcg_at_10_std": 0.034493,
        "nauc_ndcg_at_10_diff1": 0.474049,
        "nauc_ndcg_at_20_max": 0.347013,
        "nauc_ndcg_at_20_std": 0.053836,
        "nauc_ndcg_at_20_diff1": 0.472426,
        "nauc_ndcg_at_100_max": 0.33932,
        "nauc_ndcg_at_100_std": 0.04925,
        "nauc_ndcg_at_100_diff1": 0.480247,
        "nauc_ndcg_at_1000_max": 0.329893,
        "nauc_ndcg_at_1000_std": 0.03919,
        "nauc_ndcg_at_1000_diff1": 0.488462,
        "nauc_map_at_1_max": 0.294326,
        "nauc_map_at_1_std": -0.001797,
        "nauc_map_at_1_diff1": 0.564964,
        "nauc_map_at_3_max": 0.298944,
        "nauc_map_at_3_std": 0.00095,
        "nauc_map_at_3_diff1": 0.51215,
        "nauc_map_at_5_max": 0.31224,
        "nauc_map_at_5_std": 0.012955,
        "nauc_map_at_5_diff1": 0.507991,
        "nauc_map_at_10_max": 0.316237,
        "nauc_map_at_10_std": 0.016186,
        "nauc_map_at_10_diff1": 0.502835,
        "nauc_map_at_20_max": 0.318274,
        "nauc_map_at_20_std": 0.020748,
        "nauc_map_at_20_diff1": 0.502474,
        "nauc_map_at_100_max": 0.317095,
        "nauc_map_at_100_std": 0.020007,
        "nauc_map_at_100_diff1": 0.50374,
        "nauc_map_at_1000_max": 0.31675,
        "nauc_map_at_1000_std": 0.019677,
        "nauc_map_at_1000_diff1": 0.504037,
        "nauc_recall_at_1_max": 0.294326,
        "nauc_recall_at_1_std": -0.001797,
        "nauc_recall_at_1_diff1": 0.564964,
        "nauc_recall_at_3_max": 0.312982,
        "nauc_recall_at_3_std": 0.013569,
        "nauc_recall_at_3_diff1": 0.448285,
        "nauc_recall_at_5_max": 0.37115,
        "nauc_recall_at_5_std": 0.066041,
        "nauc_recall_at_5_diff1": 0.42355,
        "nauc_recall_at_10_max": 0.419302,
        "nauc_recall_at_10_std": 0.10732,
        "nauc_recall_at_10_diff1": 0.366314,
        "nauc_recall_at_20_max": 0.496696,
        "nauc_recall_at_20_std": 0.231778,
        "nauc_recall_at_20_diff1": 0.334869,
        "nauc_recall_at_100_max": 0.549536,
        "nauc_recall_at_100_std": 0.357317,
        "nauc_recall_at_100_diff1": 0.293375,
        "nauc_recall_at_1000_max": 0.494669,
        "nauc_recall_at_1000_std": 0.730628,
        "nauc_recall_at_1000_diff1": 0.328852,
        "nauc_precision_at_1_max": 0.294326,
        "nauc_precision_at_1_std": -0.001797,
        "nauc_precision_at_1_diff1": 0.564964,
        "nauc_precision_at_3_max": 0.312982,
        "nauc_precision_at_3_std": 0.013569,
        "nauc_precision_at_3_diff1": 0.448285,
        "nauc_precision_at_5_max": 0.37115,
        "nauc_precision_at_5_std": 0.066041,
        "nauc_precision_at_5_diff1": 0.42355,
        "nauc_precision_at_10_max": 0.419302,
        "nauc_precision_at_10_std": 0.10732,
        "nauc_precision_at_10_diff1": 0.366314,
        "nauc_precision_at_20_max": 0.496696,
        "nauc_precision_at_20_std": 0.231778,
        "nauc_precision_at_20_diff1": 0.334869,
        "nauc_precision_at_100_max": 0.549536,
        "nauc_precision_at_100_std": 0.357317,
        "nauc_precision_at_100_diff1": 0.293375,
        "nauc_precision_at_1000_max": 0.494669,
        "nauc_precision_at_1000_std": 0.730628,
        "nauc_precision_at_1000_diff1": 0.328852,
        "nauc_mrr_at_1_max": 0.294326,
        "nauc_mrr_at_1_std": -0.001797,
        "nauc_mrr_at_1_diff1": 0.564964,
        "nauc_mrr_at_3_max": 0.298944,
        "nauc_mrr_at_3_std": 0.00095,
        "nauc_mrr_at_3_diff1": 0.51215,
        "nauc_mrr_at_5_max": 0.31224,
        "nauc_mrr_at_5_std": 0.012955,
        "nauc_mrr_at_5_diff1": 0.507991,
        "nauc_mrr_at_10_max": 0.316237,
        "nauc_mrr_at_10_std": 0.016186,
        "nauc_mrr_at_10_diff1": 0.502835,
        "nauc_mrr_at_20_max": 0.318274,
        "nauc_mrr_at_20_std": 0.020748,
        "nauc_mrr_at_20_diff1": 0.502474,
        "nauc_mrr_at_100_max": 0.317095,
        "nauc_mrr_at_100_std": 0.020007,
        "nauc_mrr_at_100_diff1": 0.50374,
        "nauc_mrr_at_1000_max": 0.31675,
        "nauc_mrr_at_1000_std": 0.019677,
        "nauc_mrr_at_1000_diff1": 0.504037,
        "main_score": 0.49557,
        "hf_subset": "default",
        "languages": [
          "fas-Arab"
        ]
      }
    ]
  },
  "evaluation_time": 10.034293413162231,
  "kg_co2_emissions": null
}