{
  "dataset_revision": "0f464636f91641cc6ef6f6f8f249c73f4a609982",
  "task_name": "Touche2020-Fa",
  "mteb_version": "1.34.14",
  "scores": {
    "test": [
      {
        "ndcg_at_1": 0.14286,
        "ndcg_at_3": 0.17568,
        "ndcg_at_5": 0.16805,
        "ndcg_at_10": 0.15713,
        "ndcg_at_20": 0.17443,
        "ndcg_at_100": 0.26005,
        "ndcg_at_1000": 0.37222,
        "map_at_1": 0.01333,
        "map_at_3": 0.03178,
        "map_at_5": 0.04521,
        "map_at_10": 0.06184,
        "map_at_20": 0.07831,
        "map_at_100": 0.10093,
        "map_at_1000": 0.11261,
        "recall_at_1": 0.01333,
        "recall_at_3": 0.04547,
        "recall_at_5": 0.07071,
        "recall_at_10": 0.11197,
        "recall_at_20": 0.17297,
        "recall_at_100": 0.35712,
        "recall_at_1000": 0.70523,
        "precision_at_1": 0.18367,
        "precision_at_3": 0.21769,
        "precision_at_5": 0.19184,
        "precision_at_10": 0.1551,
        "precision_at_20": 0.12449,
        "precision_at_100": 0.05776,
        "precision_at_1000": 0.0131,
        "mrr_at_1": 0.183673,
        "mrr_at_3": 0.306122,
        "mrr_at_5": 0.32551,
        "mrr_at_10": 0.337779,
        "mrr_at_20": 0.347094,
        "mrr_at_100": 0.352239,
        "mrr_at_1000": 0.35228,
        "nauc_ndcg_at_1_max": -0.374122,
        "nauc_ndcg_at_1_std": -0.292618,
        "nauc_ndcg_at_1_diff1": -0.179746,
        "nauc_ndcg_at_3_max": -0.275471,
        "nauc_ndcg_at_3_std": -0.274962,
        "nauc_ndcg_at_3_diff1": -0.121329,
        "nauc_ndcg_at_5_max": -0.289269,
        "nauc_ndcg_at_5_std": -0.315365,
        "nauc_ndcg_at_5_diff1": -0.033327,
        "nauc_ndcg_at_10_max": -0.326043,
        "nauc_ndcg_at_10_std": -0.318329,
        "nauc_ndcg_at_10_diff1": -0.06227,
        "nauc_ndcg_at_20_max": -0.334691,
        "nauc_ndcg_at_20_std": -0.352071,
        "nauc_ndcg_at_20_diff1": -0.033055,
        "nauc_ndcg_at_100_max": -0.229263,
        "nauc_ndcg_at_100_std": -0.159339,
        "nauc_ndcg_at_100_diff1": 0.017529,
        "nauc_ndcg_at_1000_max": -0.171869,
        "nauc_ndcg_at_1000_std": 0.086876,
        "nauc_ndcg_at_1000_diff1": 0.013063,
        "nauc_map_at_1_max": -0.382738,
        "nauc_map_at_1_std": -0.344965,
        "nauc_map_at_1_diff1": -0.147565,
        "nauc_map_at_3_max": -0.302403,
        "nauc_map_at_3_std": -0.374709,
        "nauc_map_at_3_diff1": -0.052018,
        "nauc_map_at_5_max": -0.314331,
        "nauc_map_at_5_std": -0.383667,
        "nauc_map_at_5_diff1": 0.005589,
        "nauc_map_at_10_max": -0.314934,
        "nauc_map_at_10_std": -0.380111,
        "nauc_map_at_10_diff1": -0.019695,
        "nauc_map_at_20_max": -0.283231,
        "nauc_map_at_20_std": -0.367209,
        "nauc_map_at_20_diff1": 0.006139,
        "nauc_map_at_100_max": -0.243862,
        "nauc_map_at_100_std": -0.283221,
        "nauc_map_at_100_diff1": 0.024431,
        "nauc_map_at_1000_max": -0.232354,
        "nauc_map_at_1000_std": -0.233084,
        "nauc_map_at_1000_diff1": 0.030495,
        "nauc_recall_at_1_max": -0.382738,
        "nauc_recall_at_1_std": -0.344965,
        "nauc_recall_at_1_diff1": -0.147565,
        "nauc_recall_at_3_max": -0.292303,
        "nauc_recall_at_3_std": -0.37354,
        "nauc_recall_at_3_diff1": -0.005314,
        "nauc_recall_at_5_max": -0.336663,
        "nauc_recall_at_5_std": -0.390749,
        "nauc_recall_at_5_diff1": 0.047969,
        "nauc_recall_at_10_max": -0.350495,
        "nauc_recall_at_10_std": -0.357589,
        "nauc_recall_at_10_diff1": 0.020564,
        "nauc_recall_at_20_max": -0.3346,
        "nauc_recall_at_20_std": -0.360951,
        "nauc_recall_at_20_diff1": 0.032756,
        "nauc_recall_at_100_max": -0.148162,
        "nauc_recall_at_100_std": -0.018754,
        "nauc_recall_at_100_diff1": 0.060503,
        "nauc_recall_at_1000_max": -0.063476,
        "nauc_recall_at_1000_std": 0.538467,
        "nauc_recall_at_1000_diff1": 0.056939,
        "nauc_precision_at_1_max": -0.39027,
        "nauc_precision_at_1_std": -0.34109,
        "nauc_precision_at_1_diff1": -0.113562,
        "nauc_precision_at_3_max": -0.224746,
        "nauc_precision_at_3_std": -0.31049,
        "nauc_precision_at_3_diff1": -0.001188,
        "nauc_precision_at_5_max": -0.26468,
        "nauc_precision_at_5_std": -0.339059,
        "nauc_precision_at_5_diff1": 0.087526,
        "nauc_precision_at_10_max": -0.302368,
        "nauc_precision_at_10_std": -0.277002,
        "nauc_precision_at_10_diff1": 0.017174,
        "nauc_precision_at_20_max": -0.249054,
        "nauc_precision_at_20_std": -0.254067,
        "nauc_precision_at_20_diff1": 0.010295,
        "nauc_precision_at_100_max": 0.065643,
        "nauc_precision_at_100_std": 0.194152,
        "nauc_precision_at_100_diff1": 0.07118,
        "nauc_precision_at_1000_max": 0.373305,
        "nauc_precision_at_1000_std": 0.65557,
        "nauc_precision_at_1000_diff1": 0.021181,
        "nauc_mrr_at_1_max": -0.39027,
        "nauc_mrr_at_1_std": -0.34109,
        "nauc_mrr_at_1_diff1": -0.113562,
        "nauc_mrr_at_3_max": -0.35199,
        "nauc_mrr_at_3_std": -0.366756,
        "nauc_mrr_at_3_diff1": -0.006316,
        "nauc_mrr_at_5_max": -0.370743,
        "nauc_mrr_at_5_std": -0.376901,
        "nauc_mrr_at_5_diff1": -0.025212,
        "nauc_mrr_at_10_max": -0.379277,
        "nauc_mrr_at_10_std": -0.363654,
        "nauc_mrr_at_10_diff1": -0.032907,
        "nauc_mrr_at_20_max": -0.382475,
        "nauc_mrr_at_20_std": -0.357232,
        "nauc_mrr_at_20_diff1": -0.039066,
        "nauc_mrr_at_100_max": -0.376417,
        "nauc_mrr_at_100_std": -0.358801,
        "nauc_mrr_at_100_diff1": -0.036474,
        "nauc_mrr_at_1000_max": -0.37661,
        "nauc_mrr_at_1000_std": -0.358991,
        "nauc_mrr_at_1000_diff1": -0.03658,
        "main_score": 0.15713,
        "hf_subset": "default",
        "languages": [
          "fas-Arab"
        ]
      }
    ]
  },
  "evaluation_time": 1386.486676454544,
  "kg_co2_emissions": null
}