{
  "dataset_revision": "b591262de1a2498c3618a4dd386d590450e85dcd",
  "task_name": "HotpotQA-FaHardNegatives",
  "mteb_version": "1.38.33",
  "scores": {
    "test": [
      {
        "ndcg_at_1": 0.095,
        "ndcg_at_3": 0.08123,
        "ndcg_at_5": 0.09125,
        "ndcg_at_10": 0.10246,
        "ndcg_at_20": 0.11506,
        "ndcg_at_100": 0.13933,
        "ndcg_at_1000": 0.17322,
        "map_at_1": 0.0475,
        "map_at_3": 0.06408,
        "map_at_5": 0.06928,
        "map_at_10": 0.07329,
        "map_at_20": 0.07658,
        "map_at_100": 0.07996,
        "map_at_1000": 0.08121,
        "recall_at_1": 0.0475,
        "recall_at_3": 0.08,
        "recall_at_5": 0.1,
        "recall_at_10": 0.1285,
        "recall_at_20": 0.1695,
        "recall_at_100": 0.279,
        "recall_at_1000": 0.506,
        "precision_at_1": 0.095,
        "precision_at_3": 0.05333,
        "precision_at_5": 0.04,
        "precision_at_10": 0.0257,
        "precision_at_20": 0.01695,
        "precision_at_100": 0.00558,
        "precision_at_1000": 0.00101,
        "mrr_at_1": 0.095,
        "mrr_at_3": 0.117833,
        "mrr_at_5": 0.125433,
        "mrr_at_10": 0.132324,
        "mrr_at_20": 0.136839,
        "mrr_at_100": 0.140296,
        "mrr_at_1000": 0.141308,
        "nauc_ndcg_at_1_max": 0.102015,
        "nauc_ndcg_at_1_std": 0.130468,
        "nauc_ndcg_at_1_diff1": 0.345835,
        "nauc_ndcg_at_3_max": 0.118105,
        "nauc_ndcg_at_3_std": 0.146457,
        "nauc_ndcg_at_3_diff1": 0.289377,
        "nauc_ndcg_at_5_max": 0.116655,
        "nauc_ndcg_at_5_std": 0.149761,
        "nauc_ndcg_at_5_diff1": 0.269584,
        "nauc_ndcg_at_10_max": 0.111006,
        "nauc_ndcg_at_10_std": 0.173044,
        "nauc_ndcg_at_10_diff1": 0.264378,
        "nauc_ndcg_at_20_max": 0.112168,
        "nauc_ndcg_at_20_std": 0.190621,
        "nauc_ndcg_at_20_diff1": 0.253261,
        "nauc_ndcg_at_100_max": 0.102088,
        "nauc_ndcg_at_100_std": 0.238235,
        "nauc_ndcg_at_100_diff1": 0.263903,
        "nauc_ndcg_at_1000_max": 0.102946,
        "nauc_ndcg_at_1000_std": 0.28282,
        "nauc_ndcg_at_1000_diff1": 0.270087,
        "nauc_map_at_1_max": 0.102015,
        "nauc_map_at_1_std": 0.130468,
        "nauc_map_at_1_diff1": 0.345835,
        "nauc_map_at_3_max": 0.122545,
        "nauc_map_at_3_std": 0.145965,
        "nauc_map_at_3_diff1": 0.295547,
        "nauc_map_at_5_max": 0.11951,
        "nauc_map_at_5_std": 0.149058,
        "nauc_map_at_5_diff1": 0.282369,
        "nauc_map_at_10_max": 0.116456,
        "nauc_map_at_10_std": 0.159275,
        "nauc_map_at_10_diff1": 0.279934,
        "nauc_map_at_20_max": 0.117455,
        "nauc_map_at_20_std": 0.165926,
        "nauc_map_at_20_diff1": 0.274399,
        "nauc_map_at_100_max": 0.114331,
        "nauc_map_at_100_std": 0.178351,
        "nauc_map_at_100_diff1": 0.276258,
        "nauc_map_at_1000_max": 0.114259,
        "nauc_map_at_1000_std": 0.181578,
        "nauc_map_at_1000_diff1": 0.276921,
        "nauc_recall_at_1_max": 0.102015,
        "nauc_recall_at_1_std": 0.130468,
        "nauc_recall_at_1_diff1": 0.345835,
        "nauc_recall_at_3_max": 0.128818,
        "nauc_recall_at_3_std": 0.15626,
        "nauc_recall_at_3_diff1": 0.26223,
        "nauc_recall_at_5_max": 0.123212,
        "nauc_recall_at_5_std": 0.161316,
        "nauc_recall_at_5_diff1": 0.228591,
        "nauc_recall_at_10_max": 0.112358,
        "nauc_recall_at_10_std": 0.210571,
        "nauc_recall_at_10_diff1": 0.222229,
        "nauc_recall_at_20_max": 0.114214,
        "nauc_recall_at_20_std": 0.247658,
        "nauc_recall_at_20_diff1": 0.197538,
        "nauc_recall_at_100_max": 0.079848,
        "nauc_recall_at_100_std": 0.350701,
        "nauc_recall_at_100_diff1": 0.221812,
        "nauc_recall_at_1000_max": 0.074145,
        "nauc_recall_at_1000_std": 0.474246,
        "nauc_recall_at_1000_diff1": 0.213982,
        "nauc_precision_at_1_max": 0.102015,
        "nauc_precision_at_1_std": 0.130468,
        "nauc_precision_at_1_diff1": 0.345835,
        "nauc_precision_at_3_max": 0.128818,
        "nauc_precision_at_3_std": 0.15626,
        "nauc_precision_at_3_diff1": 0.26223,
        "nauc_precision_at_5_max": 0.123212,
        "nauc_precision_at_5_std": 0.161316,
        "nauc_precision_at_5_diff1": 0.228591,
        "nauc_precision_at_10_max": 0.112358,
        "nauc_precision_at_10_std": 0.210571,
        "nauc_precision_at_10_diff1": 0.222229,
        "nauc_precision_at_20_max": 0.114214,
        "nauc_precision_at_20_std": 0.247658,
        "nauc_precision_at_20_diff1": 0.197538,
        "nauc_precision_at_100_max": 0.079848,
        "nauc_precision_at_100_std": 0.350701,
        "nauc_precision_at_100_diff1": 0.221812,
        "nauc_precision_at_1000_max": 0.074145,
        "nauc_precision_at_1000_std": 0.474246,
        "nauc_precision_at_1000_diff1": 0.213982,
        "nauc_mrr_at_1_max": 0.102015,
        "nauc_mrr_at_1_std": 0.130468,
        "nauc_mrr_at_1_diff1": 0.345835,
        "nauc_mrr_at_3_max": 0.103983,
        "nauc_mrr_at_3_std": 0.138449,
        "nauc_mrr_at_3_diff1": 0.306928,
        "nauc_mrr_at_5_max": 0.106514,
        "nauc_mrr_at_5_std": 0.139273,
        "nauc_mrr_at_5_diff1": 0.295102,
        "nauc_mrr_at_10_max": 0.102654,
        "nauc_mrr_at_10_std": 0.151556,
        "nauc_mrr_at_10_diff1": 0.291459,
        "nauc_mrr_at_20_max": 0.101995,
        "nauc_mrr_at_20_std": 0.156541,
        "nauc_mrr_at_20_diff1": 0.288932,
        "nauc_mrr_at_100_max": 0.100856,
        "nauc_mrr_at_100_std": 0.16137,
        "nauc_mrr_at_100_diff1": 0.290362,
        "nauc_mrr_at_1000_max": 0.101,
        "nauc_mrr_at_1000_std": 0.161972,
        "nauc_mrr_at_1000_diff1": 0.290585,
        "main_score": 0.10246,
        "hf_subset": "default",
        "languages": [
          "fas-Arab"
        ]
      }
    ]
  },
  "evaluation_time": 328.11792850494385,
  "kg_co2_emissions": null
}