{
  "dataset_revision": "45d9176b6fcba33abc58494ee82f18ee7e8ddbae",
  "task_name": "ClimateFEVER-Fa",
  "mteb_version": "1.34.14",
  "scores": {
    "test": [
      {
        "ndcg_at_1": 0.10489,
        "ndcg_at_3": 0.0959,
        "ndcg_at_5": 0.10578,
        "ndcg_at_10": 0.12436,
        "ndcg_at_20": 0.14333,
        "ndcg_at_100": 0.17724,
        "ndcg_at_1000": 0.21359,
        "map_at_1": 0.04436,
        "map_at_3": 0.06712,
        "map_at_5": 0.07416,
        "map_at_10": 0.08119,
        "map_at_20": 0.08656,
        "map_at_100": 0.09142,
        "map_at_1000": 0.09302,
        "recall_at_1": 0.04436,
        "recall_at_3": 0.09213,
        "recall_at_5": 0.11774,
        "recall_at_10": 0.16069,
        "recall_at_20": 0.21533,
        "recall_at_100": 0.35132,
        "recall_at_1000": 0.56173,
        "precision_at_1": 0.10489,
        "precision_at_3": 0.07144,
        "precision_at_5": 0.05655,
        "precision_at_10": 0.0402,
        "precision_at_20": 0.02798,
        "precision_at_100": 0.00962,
        "precision_at_1000": 0.00161,
        "mrr_at_1": 0.104886,
        "mrr_at_3": 0.14886,
        "mrr_at_5": 0.160456,
        "mrr_at_10": 0.171664,
        "mrr_at_20": 0.178158,
        "mrr_at_100": 0.182785,
        "mrr_at_1000": 0.183661,
        "nauc_ndcg_at_1_max": 0.330034,
        "nauc_ndcg_at_1_std": 0.215725,
        "nauc_ndcg_at_1_diff1": 0.253682,
        "nauc_ndcg_at_3_max": 0.338784,
        "nauc_ndcg_at_3_std": 0.207652,
        "nauc_ndcg_at_3_diff1": 0.203127,
        "nauc_ndcg_at_5_max": 0.337901,
        "nauc_ndcg_at_5_std": 0.205872,
        "nauc_ndcg_at_5_diff1": 0.191089,
        "nauc_ndcg_at_10_max": 0.337909,
        "nauc_ndcg_at_10_std": 0.223495,
        "nauc_ndcg_at_10_diff1": 0.176264,
        "nauc_ndcg_at_20_max": 0.330931,
        "nauc_ndcg_at_20_std": 0.239699,
        "nauc_ndcg_at_20_diff1": 0.185247,
        "nauc_ndcg_at_100_max": 0.321379,
        "nauc_ndcg_at_100_std": 0.260677,
        "nauc_ndcg_at_100_diff1": 0.175972,
        "nauc_ndcg_at_1000_max": 0.319516,
        "nauc_ndcg_at_1000_std": 0.2895,
        "nauc_ndcg_at_1000_diff1": 0.171119,
        "nauc_map_at_1_max": 0.355511,
        "nauc_map_at_1_std": 0.234149,
        "nauc_map_at_1_diff1": 0.27974,
        "nauc_map_at_3_max": 0.3396,
        "nauc_map_at_3_std": 0.204825,
        "nauc_map_at_3_diff1": 0.210826,
        "nauc_map_at_5_max": 0.3408,
        "nauc_map_at_5_std": 0.204499,
        "nauc_map_at_5_diff1": 0.200697,
        "nauc_map_at_10_max": 0.344105,
        "nauc_map_at_10_std": 0.214929,
        "nauc_map_at_10_diff1": 0.192633,
        "nauc_map_at_20_max": 0.341945,
        "nauc_map_at_20_std": 0.222771,
        "nauc_map_at_20_diff1": 0.194929,
        "nauc_map_at_100_max": 0.339584,
        "nauc_map_at_100_std": 0.229698,
        "nauc_map_at_100_diff1": 0.194388,
        "nauc_map_at_1000_max": 0.339186,
        "nauc_map_at_1000_std": 0.232533,
        "nauc_map_at_1000_diff1": 0.193878,
        "nauc_recall_at_1_max": 0.355511,
        "nauc_recall_at_1_std": 0.234149,
        "nauc_recall_at_1_diff1": 0.27974,
        "nauc_recall_at_3_max": 0.32077,
        "nauc_recall_at_3_std": 0.181539,
        "nauc_recall_at_3_diff1": 0.164128,
        "nauc_recall_at_5_max": 0.311844,
        "nauc_recall_at_5_std": 0.174722,
        "nauc_recall_at_5_diff1": 0.147752,
        "nauc_recall_at_10_max": 0.301025,
        "nauc_recall_at_10_std": 0.203224,
        "nauc_recall_at_10_diff1": 0.11627,
        "nauc_recall_at_20_max": 0.273222,
        "nauc_recall_at_20_std": 0.225025,
        "nauc_recall_at_20_diff1": 0.13464,
        "nauc_recall_at_100_max": 0.232292,
        "nauc_recall_at_100_std": 0.253989,
        "nauc_recall_at_100_diff1": 0.102124,
        "nauc_recall_at_1000_max": 0.206375,
        "nauc_recall_at_1000_std": 0.333491,
        "nauc_recall_at_1000_diff1": 0.076207,
        "nauc_precision_at_1_max": 0.330034,
        "nauc_precision_at_1_std": 0.215725,
        "nauc_precision_at_1_diff1": 0.253682,
        "nauc_precision_at_3_max": 0.334611,
        "nauc_precision_at_3_std": 0.211288,
        "nauc_precision_at_3_diff1": 0.183633,
        "nauc_precision_at_5_max": 0.338867,
        "nauc_precision_at_5_std": 0.214428,
        "nauc_precision_at_5_diff1": 0.154567,
        "nauc_precision_at_10_max": 0.336864,
        "nauc_precision_at_10_std": 0.248662,
        "nauc_precision_at_10_diff1": 0.134245,
        "nauc_precision_at_20_max": 0.299654,
        "nauc_precision_at_20_std": 0.27611,
        "nauc_precision_at_20_diff1": 0.152308,
        "nauc_precision_at_100_max": 0.225261,
        "nauc_precision_at_100_std": 0.286436,
        "nauc_precision_at_100_diff1": 0.102809,
        "nauc_precision_at_1000_max": 0.161111,
        "nauc_precision_at_1000_std": 0.323071,
        "nauc_precision_at_1000_diff1": 0.051443,
        "nauc_mrr_at_1_max": 0.330034,
        "nauc_mrr_at_1_std": 0.215725,
        "nauc_mrr_at_1_diff1": 0.253682,
        "nauc_mrr_at_3_max": 0.334339,
        "nauc_mrr_at_3_std": 0.216476,
        "nauc_mrr_at_3_diff1": 0.220047,
        "nauc_mrr_at_5_max": 0.335648,
        "nauc_mrr_at_5_std": 0.217913,
        "nauc_mrr_at_5_diff1": 0.214984,
        "nauc_mrr_at_10_max": 0.331679,
        "nauc_mrr_at_10_std": 0.22447,
        "nauc_mrr_at_10_diff1": 0.20855,
        "nauc_mrr_at_20_max": 0.329172,
        "nauc_mrr_at_20_std": 0.226761,
        "nauc_mrr_at_20_diff1": 0.211135,
        "nauc_mrr_at_100_max": 0.328772,
        "nauc_mrr_at_100_std": 0.227896,
        "nauc_mrr_at_100_diff1": 0.209301,
        "nauc_mrr_at_1000_max": 0.328667,
        "nauc_mrr_at_1000_std": 0.227933,
        "nauc_mrr_at_1000_diff1": 0.209395,
        "main_score": 0.12436,
        "hf_subset": "default",
        "languages": [
          "fas-Arab"
        ]
      }
    ]
  },
  "evaluation_time": 10745.88980293274,
  "kg_co2_emissions": null
}