{
  "dataset_revision": "029a2e69e7d9e68b6bdc471073606104417a5be7",
  "task_name": "CQADupstackEnglishRetrieval-Fa",
  "mteb_version": "1.34.14",
  "scores": {
    "test": [
      {
        "ndcg_at_1": 0.16115,
        "ndcg_at_3": 0.17959,
        "ndcg_at_5": 0.1898,
        "ndcg_at_10": 0.20626,
        "ndcg_at_20": 0.21802,
        "ndcg_at_100": 0.24365,
        "ndcg_at_1000": 0.27264,
        "map_at_1": 0.12786,
        "map_at_3": 0.15806,
        "map_at_5": 0.16545,
        "map_at_10": 0.17327,
        "map_at_20": 0.17677,
        "map_at_100": 0.1804,
        "map_at_1000": 0.18155,
        "recall_at_1": 0.12786,
        "recall_at_3": 0.19125,
        "recall_at_5": 0.22012,
        "recall_at_10": 0.27063,
        "recall_at_20": 0.31454,
        "recall_at_100": 0.44094,
        "recall_at_1000": 0.64161,
        "precision_at_1": 0.16115,
        "precision_at_3": 0.08471,
        "precision_at_5": 0.06051,
        "precision_at_10": 0.03892,
        "precision_at_20": 0.02354,
        "precision_at_100": 0.00739,
        "precision_at_1000": 0.00124,
        "mrr_at_1": 0.161146,
        "mrr_at_3": 0.193312,
        "mrr_at_5": 0.201369,
        "mrr_at_10": 0.209731,
        "mrr_at_20": 0.213523,
        "mrr_at_100": 0.216739,
        "mrr_at_1000": 0.217478,
        "nauc_ndcg_at_1_max": 0.144538,
        "nauc_ndcg_at_1_std": 0.085779,
        "nauc_ndcg_at_1_diff1": 0.420346,
        "nauc_ndcg_at_3_max": 0.141053,
        "nauc_ndcg_at_3_std": 0.093993,
        "nauc_ndcg_at_3_diff1": 0.354108,
        "nauc_ndcg_at_5_max": 0.145807,
        "nauc_ndcg_at_5_std": 0.096242,
        "nauc_ndcg_at_5_diff1": 0.344441,
        "nauc_ndcg_at_10_max": 0.13773,
        "nauc_ndcg_at_10_std": 0.105072,
        "nauc_ndcg_at_10_diff1": 0.332286,
        "nauc_ndcg_at_20_max": 0.137934,
        "nauc_ndcg_at_20_std": 0.110979,
        "nauc_ndcg_at_20_diff1": 0.333089,
        "nauc_ndcg_at_100_max": 0.136282,
        "nauc_ndcg_at_100_std": 0.119635,
        "nauc_ndcg_at_100_diff1": 0.324481,
        "nauc_ndcg_at_1000_max": 0.141351,
        "nauc_ndcg_at_1000_std": 0.134293,
        "nauc_ndcg_at_1000_diff1": 0.323979,
        "nauc_map_at_1_max": 0.147351,
        "nauc_map_at_1_std": 0.057367,
        "nauc_map_at_1_diff1": 0.436718,
        "nauc_map_at_3_max": 0.140668,
        "nauc_map_at_3_std": 0.075202,
        "nauc_map_at_3_diff1": 0.378156,
        "nauc_map_at_5_max": 0.145432,
        "nauc_map_at_5_std": 0.080695,
        "nauc_map_at_5_diff1": 0.371188,
        "nauc_map_at_10_max": 0.142875,
        "nauc_map_at_10_std": 0.08721,
        "nauc_map_at_10_diff1": 0.364437,
        "nauc_map_at_20_max": 0.142926,
        "nauc_map_at_20_std": 0.089866,
        "nauc_map_at_20_diff1": 0.364866,
        "nauc_map_at_100_max": 0.142927,
        "nauc_map_at_100_std": 0.092126,
        "nauc_map_at_100_diff1": 0.363344,
        "nauc_map_at_1000_max": 0.14325,
        "nauc_map_at_1000_std": 0.093525,
        "nauc_map_at_1000_diff1": 0.363218,
        "nauc_recall_at_1_max": 0.147351,
        "nauc_recall_at_1_std": 0.057367,
        "nauc_recall_at_1_diff1": 0.436718,
        "nauc_recall_at_3_max": 0.128287,
        "nauc_recall_at_3_std": 0.082491,
        "nauc_recall_at_3_diff1": 0.311919,
        "nauc_recall_at_5_max": 0.139791,
        "nauc_recall_at_5_std": 0.092092,
        "nauc_recall_at_5_diff1": 0.288713,
        "nauc_recall_at_10_max": 0.113965,
        "nauc_recall_at_10_std": 0.110829,
        "nauc_recall_at_10_diff1": 0.257483,
        "nauc_recall_at_20_max": 0.113282,
        "nauc_recall_at_20_std": 0.125344,
        "nauc_recall_at_20_diff1": 0.256392,
        "nauc_recall_at_100_max": 0.091864,
        "nauc_recall_at_100_std": 0.141064,
        "nauc_recall_at_100_diff1": 0.215843,
        "nauc_recall_at_1000_max": 0.11397,
        "nauc_recall_at_1000_std": 0.218932,
        "nauc_recall_at_1000_diff1": 0.191535,
        "nauc_precision_at_1_max": 0.144538,
        "nauc_precision_at_1_std": 0.085779,
        "nauc_precision_at_1_diff1": 0.420346,
        "nauc_precision_at_3_max": 0.140644,
        "nauc_precision_at_3_std": 0.137393,
        "nauc_precision_at_3_diff1": 0.304945,
        "nauc_precision_at_5_max": 0.153337,
        "nauc_precision_at_5_std": 0.161113,
        "nauc_precision_at_5_diff1": 0.26841,
        "nauc_precision_at_10_max": 0.140571,
        "nauc_precision_at_10_std": 0.20476,
        "nauc_precision_at_10_diff1": 0.222777,
        "nauc_precision_at_20_max": 0.135222,
        "nauc_precision_at_20_std": 0.236692,
        "nauc_precision_at_20_diff1": 0.202655,
        "nauc_precision_at_100_max": 0.120502,
        "nauc_precision_at_100_std": 0.279668,
        "nauc_precision_at_100_diff1": 0.11885,
        "nauc_precision_at_1000_max": 0.077437,
        "nauc_precision_at_1000_std": 0.268744,
        "nauc_precision_at_1000_diff1": 0.03963,
        "nauc_mrr_at_1_max": 0.144538,
        "nauc_mrr_at_1_std": 0.085779,
        "nauc_mrr_at_1_diff1": 0.420346,
        "nauc_mrr_at_3_max": 0.143723,
        "nauc_mrr_at_3_std": 0.101263,
        "nauc_mrr_at_3_diff1": 0.362257,
        "nauc_mrr_at_5_max": 0.145808,
        "nauc_mrr_at_5_std": 0.106269,
        "nauc_mrr_at_5_diff1": 0.356499,
        "nauc_mrr_at_10_max": 0.143056,
        "nauc_mrr_at_10_std": 0.110683,
        "nauc_mrr_at_10_diff1": 0.35089,
        "nauc_mrr_at_20_max": 0.14377,
        "nauc_mrr_at_20_std": 0.112932,
        "nauc_mrr_at_20_diff1": 0.350757,
        "nauc_mrr_at_100_max": 0.142704,
        "nauc_mrr_at_100_std": 0.112913,
        "nauc_mrr_at_100_diff1": 0.34899,
        "nauc_mrr_at_1000_max": 0.142809,
        "nauc_mrr_at_1000_std": 0.113201,
        "nauc_mrr_at_1000_diff1": 0.349148,
        "main_score": 0.20626,
        "hf_subset": "default",
        "languages": [
          "fas-Arab"
        ]
      }
    ]
  },
  "evaluation_time": 81.33602380752563,
  "kg_co2_emissions": null
}