{
  "dataset_revision": "c2a326387954aad66ff00d324a9278067b1e3bb6",
  "task_name": "CQADupstackUnixRetrieval-Fa",
  "mteb_version": "1.34.14",
  "scores": {
    "test": [
      {
        "ndcg_at_1": 0.14366,
        "ndcg_at_3": 0.18075,
        "ndcg_at_5": 0.19729,
        "ndcg_at_10": 0.21259,
        "ndcg_at_20": 0.2271,
        "ndcg_at_100": 0.25188,
        "ndcg_at_1000": 0.28109,
        "map_at_1": 0.12607,
        "map_at_3": 0.16396,
        "map_at_5": 0.17309,
        "map_at_10": 0.17936,
        "map_at_20": 0.18329,
        "map_at_100": 0.1868,
        "map_at_1000": 0.18784,
        "recall_at_1": 0.12607,
        "recall_at_3": 0.2069,
        "recall_at_5": 0.24574,
        "recall_at_10": 0.29078,
        "recall_at_20": 0.34495,
        "recall_at_100": 0.46747,
        "recall_at_1000": 0.68405,
        "precision_at_1": 0.14366,
        "precision_at_3": 0.08209,
        "precision_at_5": 0.06007,
        "precision_at_10": 0.03582,
        "precision_at_20": 0.02164,
        "precision_at_100": 0.00616,
        "precision_at_1000": 0.00097,
        "mrr_at_1": 0.143657,
        "mrr_at_3": 0.184701,
        "mrr_at_5": 0.196129,
        "mrr_at_10": 0.203427,
        "mrr_at_20": 0.207558,
        "mrr_at_100": 0.211155,
        "mrr_at_1000": 0.211955,
        "nauc_ndcg_at_1_max": 0.174406,
        "nauc_ndcg_at_1_std": -0.016742,
        "nauc_ndcg_at_1_diff1": 0.489993,
        "nauc_ndcg_at_3_max": 0.160008,
        "nauc_ndcg_at_3_std": 0.020408,
        "nauc_ndcg_at_3_diff1": 0.407709,
        "nauc_ndcg_at_5_max": 0.15176,
        "nauc_ndcg_at_5_std": 0.038159,
        "nauc_ndcg_at_5_diff1": 0.384477,
        "nauc_ndcg_at_10_max": 0.151956,
        "nauc_ndcg_at_10_std": 0.048085,
        "nauc_ndcg_at_10_diff1": 0.370536,
        "nauc_ndcg_at_20_max": 0.159708,
        "nauc_ndcg_at_20_std": 0.060613,
        "nauc_ndcg_at_20_diff1": 0.358889,
        "nauc_ndcg_at_100_max": 0.166029,
        "nauc_ndcg_at_100_std": 0.073412,
        "nauc_ndcg_at_100_diff1": 0.34971,
        "nauc_ndcg_at_1000_max": 0.165504,
        "nauc_ndcg_at_1000_std": 0.084694,
        "nauc_ndcg_at_1000_diff1": 0.347966,
        "nauc_map_at_1_max": 0.170799,
        "nauc_map_at_1_std": 0.003751,
        "nauc_map_at_1_diff1": 0.496217,
        "nauc_map_at_3_max": 0.160948,
        "nauc_map_at_3_std": 0.017014,
        "nauc_map_at_3_diff1": 0.423495,
        "nauc_map_at_5_max": 0.156758,
        "nauc_map_at_5_std": 0.027171,
        "nauc_map_at_5_diff1": 0.410482,
        "nauc_map_at_10_max": 0.157204,
        "nauc_map_at_10_std": 0.031953,
        "nauc_map_at_10_diff1": 0.404128,
        "nauc_map_at_20_max": 0.15978,
        "nauc_map_at_20_std": 0.035604,
        "nauc_map_at_20_diff1": 0.400932,
        "nauc_map_at_100_max": 0.160856,
        "nauc_map_at_100_std": 0.037717,
        "nauc_map_at_100_diff1": 0.399108,
        "nauc_map_at_1000_max": 0.160883,
        "nauc_map_at_1000_std": 0.038347,
        "nauc_map_at_1000_diff1": 0.398876,
        "nauc_recall_at_1_max": 0.170799,
        "nauc_recall_at_1_std": 0.003751,
        "nauc_recall_at_1_diff1": 0.496217,
        "nauc_recall_at_3_max": 0.145573,
        "nauc_recall_at_3_std": 0.029931,
        "nauc_recall_at_3_diff1": 0.362051,
        "nauc_recall_at_5_max": 0.128978,
        "nauc_recall_at_5_std": 0.067413,
        "nauc_recall_at_5_diff1": 0.317343,
        "nauc_recall_at_10_max": 0.129702,
        "nauc_recall_at_10_std": 0.089001,
        "nauc_recall_at_10_diff1": 0.287309,
        "nauc_recall_at_20_max": 0.150578,
        "nauc_recall_at_20_std": 0.121416,
        "nauc_recall_at_20_diff1": 0.248495,
        "nauc_recall_at_100_max": 0.17056,
        "nauc_recall_at_100_std": 0.162883,
        "nauc_recall_at_100_diff1": 0.203479,
        "nauc_recall_at_1000_max": 0.14628,
        "nauc_recall_at_1000_std": 0.256987,
        "nauc_recall_at_1000_diff1": 0.148156,
        "nauc_precision_at_1_max": 0.174406,
        "nauc_precision_at_1_std": -0.016742,
        "nauc_precision_at_1_diff1": 0.489993,
        "nauc_precision_at_3_max": 0.159968,
        "nauc_precision_at_3_std": 0.016648,
        "nauc_precision_at_3_diff1": 0.364665,
        "nauc_precision_at_5_max": 0.147409,
        "nauc_precision_at_5_std": 0.062959,
        "nauc_precision_at_5_diff1": 0.315547,
        "nauc_precision_at_10_max": 0.151492,
        "nauc_precision_at_10_std": 0.08803,
        "nauc_precision_at_10_diff1": 0.281503,
        "nauc_precision_at_20_max": 0.166866,
        "nauc_precision_at_20_std": 0.130292,
        "nauc_precision_at_20_diff1": 0.235656,
        "nauc_precision_at_100_max": 0.183739,
        "nauc_precision_at_100_std": 0.193232,
        "nauc_precision_at_100_diff1": 0.178537,
        "nauc_precision_at_1000_max": 0.169134,
        "nauc_precision_at_1000_std": 0.230296,
        "nauc_precision_at_1000_diff1": 0.091122,
        "nauc_mrr_at_1_max": 0.174406,
        "nauc_mrr_at_1_std": -0.016742,
        "nauc_mrr_at_1_diff1": 0.489993,
        "nauc_mrr_at_3_max": 0.166938,
        "nauc_mrr_at_3_std": 0.010068,
        "nauc_mrr_at_3_diff1": 0.420538,
        "nauc_mrr_at_5_max": 0.162973,
        "nauc_mrr_at_5_std": 0.021454,
        "nauc_mrr_at_5_diff1": 0.406357,
        "nauc_mrr_at_10_max": 0.162806,
        "nauc_mrr_at_10_std": 0.024892,
        "nauc_mrr_at_10_diff1": 0.398342,
        "nauc_mrr_at_20_max": 0.164435,
        "nauc_mrr_at_20_std": 0.028463,
        "nauc_mrr_at_20_diff1": 0.39445,
        "nauc_mrr_at_100_max": 0.165208,
        "nauc_mrr_at_100_std": 0.030307,
        "nauc_mrr_at_100_diff1": 0.393493,
        "nauc_mrr_at_1000_max": 0.165204,
        "nauc_mrr_at_1000_std": 0.030491,
        "nauc_mrr_at_1000_diff1": 0.393329,
        "main_score": 0.21259,
        "hf_subset": "default",
        "languages": [
          "fas-Arab"
        ]
      }
    ]
  },
  "evaluation_time": 183.31276297569275,
  "kg_co2_emissions": null
}