{
  "dataset_revision": "e9c7ad03f29a55ab14eae730146961b8cdc14227",
  "task_name": "CQADupstackGamingRetrieval-Fa",
  "mteb_version": "1.34.14",
  "scores": {
    "test": [
      {
        "ndcg_at_1": 0.19937,
        "ndcg_at_3": 0.24891,
        "ndcg_at_5": 0.26868,
        "ndcg_at_10": 0.28842,
        "ndcg_at_20": 0.30484,
        "ndcg_at_100": 0.33534,
        "ndcg_at_1000": 0.36077,
        "map_at_1": 0.17434,
        "map_at_3": 0.22573,
        "map_at_5": 0.23751,
        "map_at_10": 0.24618,
        "map_at_20": 0.2509,
        "map_at_100": 0.25539,
        "map_at_1000": 0.25636,
        "recall_at_1": 0.17434,
        "recall_at_3": 0.28532,
        "recall_at_5": 0.33452,
        "recall_at_10": 0.39343,
        "recall_at_20": 0.4561,
        "recall_at_100": 0.6091,
        "recall_at_1000": 0.79653,
        "precision_at_1": 0.19937,
        "precision_at_3": 0.11327,
        "precision_at_5": 0.08013,
        "precision_at_10": 0.04803,
        "precision_at_20": 0.02818,
        "precision_at_100": 0.00788,
        "precision_at_1000": 0.00109,
        "mrr_at_1": 0.199373,
        "mrr_at_3": 0.25047,
        "mrr_at_5": 0.262257,
        "mrr_at_10": 0.270594,
        "mrr_at_20": 0.275386,
        "mrr_at_100": 0.279327,
        "mrr_at_1000": 0.280041,
        "nauc_ndcg_at_1_max": 0.114528,
        "nauc_ndcg_at_1_std": -0.034999,
        "nauc_ndcg_at_1_diff1": 0.341927,
        "nauc_ndcg_at_3_max": 0.094556,
        "nauc_ndcg_at_3_std": -0.04607,
        "nauc_ndcg_at_3_diff1": 0.285495,
        "nauc_ndcg_at_5_max": 0.094695,
        "nauc_ndcg_at_5_std": -0.027324,
        "nauc_ndcg_at_5_diff1": 0.274492,
        "nauc_ndcg_at_10_max": 0.100521,
        "nauc_ndcg_at_10_std": -0.012214,
        "nauc_ndcg_at_10_diff1": 0.274111,
        "nauc_ndcg_at_20_max": 0.10231,
        "nauc_ndcg_at_20_std": -0.003868,
        "nauc_ndcg_at_20_diff1": 0.270797,
        "nauc_ndcg_at_100_max": 0.109041,
        "nauc_ndcg_at_100_std": 0.014235,
        "nauc_ndcg_at_100_diff1": 0.269862,
        "nauc_ndcg_at_1000_max": 0.117294,
        "nauc_ndcg_at_1000_std": 0.020635,
        "nauc_ndcg_at_1000_diff1": 0.272607,
        "nauc_map_at_1_max": 0.104064,
        "nauc_map_at_1_std": -0.057666,
        "nauc_map_at_1_diff1": 0.353798,
        "nauc_map_at_3_max": 0.091618,
        "nauc_map_at_3_std": -0.055378,
        "nauc_map_at_3_diff1": 0.301811,
        "nauc_map_at_5_max": 0.092712,
        "nauc_map_at_5_std": -0.043972,
        "nauc_map_at_5_diff1": 0.295945,
        "nauc_map_at_10_max": 0.096249,
        "nauc_map_at_10_std": -0.035515,
        "nauc_map_at_10_diff1": 0.294819,
        "nauc_map_at_20_max": 0.097474,
        "nauc_map_at_20_std": -0.032636,
        "nauc_map_at_20_diff1": 0.293593,
        "nauc_map_at_100_max": 0.098973,
        "nauc_map_at_100_std": -0.028977,
        "nauc_map_at_100_diff1": 0.293573,
        "nauc_map_at_1000_max": 0.09969,
        "nauc_map_at_1000_std": -0.028553,
        "nauc_map_at_1000_diff1": 0.293706,
        "nauc_recall_at_1_max": 0.104064,
        "nauc_recall_at_1_std": -0.057666,
        "nauc_recall_at_1_diff1": 0.353798,
        "nauc_recall_at_3_max": 0.0758,
        "nauc_recall_at_3_std": -0.052085,
        "nauc_recall_at_3_diff1": 0.247202,
        "nauc_recall_at_5_max": 0.076817,
        "nauc_recall_at_5_std": -0.011059,
        "nauc_recall_at_5_diff1": 0.220698,
        "nauc_recall_at_10_max": 0.08921,
        "nauc_recall_at_10_std": 0.025284,
        "nauc_recall_at_10_diff1": 0.218743,
        "nauc_recall_at_20_max": 0.091921,
        "nauc_recall_at_20_std": 0.053958,
        "nauc_recall_at_20_diff1": 0.201801,
        "nauc_recall_at_100_max": 0.107282,
        "nauc_recall_at_100_std": 0.139508,
        "nauc_recall_at_100_diff1": 0.185839,
        "nauc_recall_at_1000_max": 0.158193,
        "nauc_recall_at_1000_std": 0.274509,
        "nauc_recall_at_1000_diff1": 0.172081,
        "nauc_precision_at_1_max": 0.114528,
        "nauc_precision_at_1_std": -0.034999,
        "nauc_precision_at_1_diff1": 0.341927,
        "nauc_precision_at_3_max": 0.101319,
        "nauc_precision_at_3_std": -0.011632,
        "nauc_precision_at_3_diff1": 0.241886,
        "nauc_precision_at_5_max": 0.1086,
        "nauc_precision_at_5_std": 0.032146,
        "nauc_precision_at_5_diff1": 0.212994,
        "nauc_precision_at_10_max": 0.139761,
        "nauc_precision_at_10_std": 0.091805,
        "nauc_precision_at_10_diff1": 0.199943,
        "nauc_precision_at_20_max": 0.164522,
        "nauc_precision_at_20_std": 0.138659,
        "nauc_precision_at_20_diff1": 0.175869,
        "nauc_precision_at_100_max": 0.229364,
        "nauc_precision_at_100_std": 0.238648,
        "nauc_precision_at_100_diff1": 0.098404,
        "nauc_precision_at_1000_max": 0.286557,
        "nauc_precision_at_1000_std": 0.278182,
        "nauc_precision_at_1000_diff1": 0.012092,
        "nauc_mrr_at_1_max": 0.114528,
        "nauc_mrr_at_1_std": -0.034999,
        "nauc_mrr_at_1_diff1": 0.341927,
        "nauc_mrr_at_3_max": 0.107346,
        "nauc_mrr_at_3_std": -0.029465,
        "nauc_mrr_at_3_diff1": 0.297347,
        "nauc_mrr_at_5_max": 0.108828,
        "nauc_mrr_at_5_std": -0.01899,
        "nauc_mrr_at_5_diff1": 0.28991,
        "nauc_mrr_at_10_max": 0.111707,
        "nauc_mrr_at_10_std": -0.014008,
        "nauc_mrr_at_10_diff1": 0.28907,
        "nauc_mrr_at_20_max": 0.112519,
        "nauc_mrr_at_20_std": -0.011797,
        "nauc_mrr_at_20_diff1": 0.287839,
        "nauc_mrr_at_100_max": 0.112954,
        "nauc_mrr_at_100_std": -0.010058,
        "nauc_mrr_at_100_diff1": 0.28811,
        "nauc_mrr_at_1000_max": 0.113138,
        "nauc_mrr_at_1000_std": -0.009978,
        "nauc_mrr_at_1000_diff1": 0.288287,
        "main_score": 0.28842,
        "hf_subset": "default",
        "languages": [
          "fas-Arab"
        ]
      }
    ]
  },
  "evaluation_time": 95.04464888572693,
  "kg_co2_emissions": null
}