{
  "dataset_revision": "860d152c86fda27229270b6bf4e832ff374ac01b",
  "task_name": "CQADupstackTexRetrieval-Fa",
  "mteb_version": "1.34.14",
  "scores": {
    "test": [
      {
        "ndcg_at_1": 0.08637,
        "ndcg_at_3": 0.10457,
        "ndcg_at_5": 0.11392,
        "ndcg_at_10": 0.12736,
        "ndcg_at_20": 0.13818,
        "ndcg_at_100": 0.15944,
        "ndcg_at_1000": 0.18874,
        "map_at_1": 0.07189,
        "map_at_3": 0.0918,
        "map_at_5": 0.0977,
        "map_at_10": 0.10343,
        "map_at_20": 0.10642,
        "map_at_100": 0.10924,
        "map_at_1000": 0.1102,
        "recall_at_1": 0.07189,
        "recall_at_3": 0.1174,
        "recall_at_5": 0.1421,
        "recall_at_10": 0.18205,
        "recall_at_20": 0.22258,
        "recall_at_100": 0.33122,
        "recall_at_1000": 0.55248,
        "precision_at_1": 0.08637,
        "precision_at_3": 0.05001,
        "precision_at_5": 0.03613,
        "precision_at_10": 0.02354,
        "precision_at_20": 0.01462,
        "precision_at_100": 0.0046,
        "precision_at_1000": 0.00082,
        "mrr_at_1": 0.086373,
        "mrr_at_3": 0.110289,
        "mrr_at_5": 0.116827,
        "mrr_at_10": 0.123218,
        "mrr_at_20": 0.126549,
        "mrr_at_100": 0.129494,
        "mrr_at_1000": 0.130345,
        "nauc_ndcg_at_1_max": 0.083266,
        "nauc_ndcg_at_1_std": -0.106147,
        "nauc_ndcg_at_1_diff1": 0.341338,
        "nauc_ndcg_at_3_max": 0.066832,
        "nauc_ndcg_at_3_std": -0.077568,
        "nauc_ndcg_at_3_diff1": 0.265173,
        "nauc_ndcg_at_5_max": 0.063477,
        "nauc_ndcg_at_5_std": -0.058565,
        "nauc_ndcg_at_5_diff1": 0.24309,
        "nauc_ndcg_at_10_max": 0.063093,
        "nauc_ndcg_at_10_std": -0.039553,
        "nauc_ndcg_at_10_diff1": 0.222806,
        "nauc_ndcg_at_20_max": 0.059886,
        "nauc_ndcg_at_20_std": -0.022646,
        "nauc_ndcg_at_20_diff1": 0.2108,
        "nauc_ndcg_at_100_max": 0.064106,
        "nauc_ndcg_at_100_std": -0.001041,
        "nauc_ndcg_at_100_diff1": 0.19839,
        "nauc_ndcg_at_1000_max": 0.066631,
        "nauc_ndcg_at_1000_std": 0.013666,
        "nauc_ndcg_at_1000_diff1": 0.19281,
        "nauc_map_at_1_max": 0.100027,
        "nauc_map_at_1_std": -0.11497,
        "nauc_map_at_1_diff1": 0.354603,
        "nauc_map_at_3_max": 0.07941,
        "nauc_map_at_3_std": -0.087032,
        "nauc_map_at_3_diff1": 0.286791,
        "nauc_map_at_5_max": 0.075106,
        "nauc_map_at_5_std": -0.073219,
        "nauc_map_at_5_diff1": 0.27254,
        "nauc_map_at_10_max": 0.074638,
        "nauc_map_at_10_std": -0.063582,
        "nauc_map_at_10_diff1": 0.261573,
        "nauc_map_at_20_max": 0.073568,
        "nauc_map_at_20_std": -0.057631,
        "nauc_map_at_20_diff1": 0.25739,
        "nauc_map_at_100_max": 0.073584,
        "nauc_map_at_100_std": -0.053366,
        "nauc_map_at_100_diff1": 0.254312,
        "nauc_map_at_1000_max": 0.07372,
        "nauc_map_at_1000_std": -0.052504,
        "nauc_map_at_1000_diff1": 0.25404,
        "nauc_recall_at_1_max": 0.100027,
        "nauc_recall_at_1_std": -0.11497,
        "nauc_recall_at_1_diff1": 0.354603,
        "nauc_recall_at_3_max": 0.053404,
        "nauc_recall_at_3_std": -0.065347,
        "nauc_recall_at_3_diff1": 0.212783,
        "nauc_recall_at_5_max": 0.046596,
        "nauc_recall_at_5_std": -0.030963,
        "nauc_recall_at_5_diff1": 0.180253,
        "nauc_recall_at_10_max": 0.045858,
        "nauc_recall_at_10_std": 0.004495,
        "nauc_recall_at_10_diff1": 0.144032,
        "nauc_recall_at_20_max": 0.037691,
        "nauc_recall_at_20_std": 0.042355,
        "nauc_recall_at_20_diff1": 0.11421,
        "nauc_recall_at_100_max": 0.054133,
        "nauc_recall_at_100_std": 0.098696,
        "nauc_recall_at_100_diff1": 0.088213,
        "nauc_recall_at_1000_max": 0.058555,
        "nauc_recall_at_1000_std": 0.16507,
        "nauc_recall_at_1000_diff1": 0.04401,
        "nauc_precision_at_1_max": 0.083266,
        "nauc_precision_at_1_std": -0.106147,
        "nauc_precision_at_1_diff1": 0.341338,
        "nauc_precision_at_3_max": 0.044303,
        "nauc_precision_at_3_std": -0.05177,
        "nauc_precision_at_3_diff1": 0.219256,
        "nauc_precision_at_5_max": 0.036048,
        "nauc_precision_at_5_std": -0.018287,
        "nauc_precision_at_5_diff1": 0.1842,
        "nauc_precision_at_10_max": 0.03645,
        "nauc_precision_at_10_std": 0.026692,
        "nauc_precision_at_10_diff1": 0.150833,
        "nauc_precision_at_20_max": 0.033248,
        "nauc_precision_at_20_std": 0.073216,
        "nauc_precision_at_20_diff1": 0.135129,
        "nauc_precision_at_100_max": 0.06166,
        "nauc_precision_at_100_std": 0.13529,
        "nauc_precision_at_100_diff1": 0.1127,
        "nauc_precision_at_1000_max": 0.071745,
        "nauc_precision_at_1000_std": 0.182276,
        "nauc_precision_at_1000_diff1": 0.088928,
        "nauc_mrr_at_1_max": 0.083266,
        "nauc_mrr_at_1_std": -0.106147,
        "nauc_mrr_at_1_diff1": 0.341338,
        "nauc_mrr_at_3_max": 0.06602,
        "nauc_mrr_at_3_std": -0.077289,
        "nauc_mrr_at_3_diff1": 0.271619,
        "nauc_mrr_at_5_max": 0.063843,
        "nauc_mrr_at_5_std": -0.067862,
        "nauc_mrr_at_5_diff1": 0.258729,
        "nauc_mrr_at_10_max": 0.06381,
        "nauc_mrr_at_10_std": -0.058231,
        "nauc_mrr_at_10_diff1": 0.249646,
        "nauc_mrr_at_20_max": 0.062425,
        "nauc_mrr_at_20_std": -0.052837,
        "nauc_mrr_at_20_diff1": 0.245845,
        "nauc_mrr_at_100_max": 0.062913,
        "nauc_mrr_at_100_std": -0.049319,
        "nauc_mrr_at_100_diff1": 0.24364,
        "nauc_mrr_at_1000_max": 0.062957,
        "nauc_mrr_at_1000_std": -0.04887,
        "nauc_mrr_at_1000_diff1": 0.243422,
        "main_score": 0.12736,
        "hf_subset": "default",
        "languages": [
          "fas-Arab"
        ]
      }
    ]
  },
  "evaluation_time": 317.38449573516846,
  "kg_co2_emissions": null
}