{
  "dataset_revision": "b92e24fab42ab599535a19ee744de5485ec92f64",
  "task_name": "CQADupstackMathematicaRetrieval-Fa",
  "mteb_version": "1.34.14",
  "scores": {
    "test": [
      {
        "ndcg_at_1": 0.08582,
        "ndcg_at_3": 0.10276,
        "ndcg_at_5": 0.11366,
        "ndcg_at_10": 0.12617,
        "ndcg_at_20": 0.13973,
        "ndcg_at_100": 0.16542,
        "ndcg_at_1000": 0.20148,
        "map_at_1": 0.06875,
        "map_at_3": 0.09012,
        "map_at_5": 0.09664,
        "map_at_10": 0.10211,
        "map_at_20": 0.10577,
        "map_at_100": 0.10925,
        "map_at_1000": 0.11045,
        "recall_at_1": 0.06875,
        "recall_at_3": 0.11425,
        "recall_at_5": 0.14161,
        "recall_at_10": 0.17897,
        "recall_at_20": 0.22934,
        "recall_at_100": 0.35773,
        "recall_at_1000": 0.62824,
        "precision_at_1": 0.08582,
        "precision_at_3": 0.04851,
        "precision_at_5": 0.03632,
        "precision_at_10": 0.02338,
        "precision_at_20": 0.01517,
        "precision_at_100": 0.00498,
        "precision_at_1000": 0.00093,
        "mrr_at_1": 0.085821,
        "mrr_at_3": 0.110904,
        "mrr_at_5": 0.119362,
        "mrr_at_10": 0.125348,
        "mrr_at_20": 0.129451,
        "mrr_at_100": 0.133243,
        "mrr_at_1000": 0.134277,
        "nauc_ndcg_at_1_max": 0.203877,
        "nauc_ndcg_at_1_std": -0.059731,
        "nauc_ndcg_at_1_diff1": 0.336027,
        "nauc_ndcg_at_3_max": 0.214418,
        "nauc_ndcg_at_3_std": -0.019336,
        "nauc_ndcg_at_3_diff1": 0.266047,
        "nauc_ndcg_at_5_max": 0.196197,
        "nauc_ndcg_at_5_std": 0.000104,
        "nauc_ndcg_at_5_diff1": 0.262634,
        "nauc_ndcg_at_10_max": 0.168424,
        "nauc_ndcg_at_10_std": 0.008854,
        "nauc_ndcg_at_10_diff1": 0.246184,
        "nauc_ndcg_at_20_max": 0.159596,
        "nauc_ndcg_at_20_std": 0.022146,
        "nauc_ndcg_at_20_diff1": 0.229218,
        "nauc_ndcg_at_100_max": 0.157464,
        "nauc_ndcg_at_100_std": 0.044838,
        "nauc_ndcg_at_100_diff1": 0.218707,
        "nauc_ndcg_at_1000_max": 0.164621,
        "nauc_ndcg_at_1000_std": 0.063331,
        "nauc_ndcg_at_1000_diff1": 0.21452,
        "nauc_map_at_1_max": 0.20765,
        "nauc_map_at_1_std": -0.050586,
        "nauc_map_at_1_diff1": 0.32483,
        "nauc_map_at_3_max": 0.211745,
        "nauc_map_at_3_std": -0.021301,
        "nauc_map_at_3_diff1": 0.270733,
        "nauc_map_at_5_max": 0.200587,
        "nauc_map_at_5_std": -0.009646,
        "nauc_map_at_5_diff1": 0.269415,
        "nauc_map_at_10_max": 0.187832,
        "nauc_map_at_10_std": -0.004529,
        "nauc_map_at_10_diff1": 0.262216,
        "nauc_map_at_20_max": 0.185005,
        "nauc_map_at_20_std": 0.000337,
        "nauc_map_at_20_diff1": 0.257013,
        "nauc_map_at_100_max": 0.183726,
        "nauc_map_at_100_std": 0.004753,
        "nauc_map_at_100_diff1": 0.254666,
        "nauc_map_at_1000_max": 0.184035,
        "nauc_map_at_1000_std": 0.005793,
        "nauc_map_at_1000_diff1": 0.254557,
        "nauc_recall_at_1_max": 0.20765,
        "nauc_recall_at_1_std": -0.050586,
        "nauc_recall_at_1_diff1": 0.32483,
        "nauc_recall_at_3_max": 0.202989,
        "nauc_recall_at_3_std": 0.001641,
        "nauc_recall_at_3_diff1": 0.224697,
        "nauc_recall_at_5_max": 0.172652,
        "nauc_recall_at_5_std": 0.031037,
        "nauc_recall_at_5_diff1": 0.227044,
        "nauc_recall_at_10_max": 0.113392,
        "nauc_recall_at_10_std": 0.044529,
        "nauc_recall_at_10_diff1": 0.193367,
        "nauc_recall_at_20_max": 0.090199,
        "nauc_recall_at_20_std": 0.071703,
        "nauc_recall_at_20_diff1": 0.152551,
        "nauc_recall_at_100_max": 0.094016,
        "nauc_recall_at_100_std": 0.132084,
        "nauc_recall_at_100_diff1": 0.128595,
        "nauc_recall_at_1000_max": 0.12069,
        "nauc_recall_at_1000_std": 0.246081,
        "nauc_recall_at_1000_diff1": 0.089099,
        "nauc_precision_at_1_max": 0.203877,
        "nauc_precision_at_1_std": -0.059731,
        "nauc_precision_at_1_diff1": 0.336027,
        "nauc_precision_at_3_max": 0.236728,
        "nauc_precision_at_3_std": 0.001973,
        "nauc_precision_at_3_diff1": 0.258024,
        "nauc_precision_at_5_max": 0.210662,
        "nauc_precision_at_5_std": 0.032427,
        "nauc_precision_at_5_diff1": 0.264256,
        "nauc_precision_at_10_max": 0.154124,
        "nauc_precision_at_10_std": 0.044125,
        "nauc_precision_at_10_diff1": 0.231579,
        "nauc_precision_at_20_max": 0.129897,
        "nauc_precision_at_20_std": 0.070648,
        "nauc_precision_at_20_diff1": 0.174191,
        "nauc_precision_at_100_max": 0.128533,
        "nauc_precision_at_100_std": 0.114623,
        "nauc_precision_at_100_diff1": 0.138678,
        "nauc_precision_at_1000_max": 0.106671,
        "nauc_precision_at_1000_std": 0.111286,
        "nauc_precision_at_1000_diff1": 0.066026,
        "nauc_mrr_at_1_max": 0.203877,
        "nauc_mrr_at_1_std": -0.059731,
        "nauc_mrr_at_1_diff1": 0.336027,
        "nauc_mrr_at_3_max": 0.209421,
        "nauc_mrr_at_3_std": -0.036817,
        "nauc_mrr_at_3_diff1": 0.284314,
        "nauc_mrr_at_5_max": 0.200934,
        "nauc_mrr_at_5_std": -0.024281,
        "nauc_mrr_at_5_diff1": 0.284534,
        "nauc_mrr_at_10_max": 0.187122,
        "nauc_mrr_at_10_std": -0.023665,
        "nauc_mrr_at_10_diff1": 0.277737,
        "nauc_mrr_at_20_max": 0.184335,
        "nauc_mrr_at_20_std": -0.019604,
        "nauc_mrr_at_20_diff1": 0.27085,
        "nauc_mrr_at_100_max": 0.182799,
        "nauc_mrr_at_100_std": -0.015796,
        "nauc_mrr_at_100_diff1": 0.268604,
        "nauc_mrr_at_1000_max": 0.182863,
        "nauc_mrr_at_1000_std": -0.015252,
        "nauc_mrr_at_1000_diff1": 0.268452,
        "main_score": 0.12617,
        "hf_subset": "default",
        "languages": [
          "fas-Arab"
        ]
      }
    ]
  },
  "evaluation_time": 79.87332534790039,
  "kg_co2_emissions": null
}