{
  "dataset_revision": "13529e6e301e9d72f86def882cfbca04791d83f9",
  "task_name": "DBPedia-Fa",
  "mteb_version": "1.34.14",
  "scores": {
    "test": [
      {
        "ndcg_at_1": 0.265,
        "ndcg_at_3": 0.23543,
        "ndcg_at_5": 0.21969,
        "ndcg_at_10": 0.20618,
        "ndcg_at_20": 0.20059,
        "ndcg_at_100": 0.23031,
        "ndcg_at_1000": 0.29533,
        "map_at_1": 0.03473,
        "map_at_3": 0.05619,
        "map_at_5": 0.06494,
        "map_at_10": 0.07749,
        "map_at_20": 0.08896,
        "map_at_100": 0.10619,
        "map_at_1000": 0.1145,
        "recall_at_1": 0.03473,
        "recall_at_3": 0.0703,
        "recall_at_5": 0.08868,
        "recall_at_10": 0.12095,
        "recall_at_20": 0.16249,
        "recall_at_100": 0.27978,
        "recall_at_1000": 0.49479,
        "precision_at_1": 0.3325,
        "precision_at_3": 0.26917,
        "precision_at_5": 0.226,
        "precision_at_10": 0.17725,
        "precision_at_20": 0.13012,
        "precision_at_100": 0.0535,
        "precision_at_1000": 0.01263,
        "mrr_at_1": 0.3325,
        "mrr_at_3": 0.416667,
        "mrr_at_5": 0.429417,
        "mrr_at_10": 0.438629,
        "mrr_at_20": 0.443407,
        "mrr_at_100": 0.446082,
        "mrr_at_1000": 0.446618,
        "nauc_ndcg_at_1_max": 0.208239,
        "nauc_ndcg_at_1_std": 0.197732,
        "nauc_ndcg_at_1_diff1": 0.202577,
        "nauc_ndcg_at_3_max": 0.29933,
        "nauc_ndcg_at_3_std": 0.20672,
        "nauc_ndcg_at_3_diff1": 0.191553,
        "nauc_ndcg_at_5_max": 0.297945,
        "nauc_ndcg_at_5_std": 0.198916,
        "nauc_ndcg_at_5_diff1": 0.184672,
        "nauc_ndcg_at_10_max": 0.300905,
        "nauc_ndcg_at_10_std": 0.179181,
        "nauc_ndcg_at_10_diff1": 0.19681,
        "nauc_ndcg_at_20_max": 0.276192,
        "nauc_ndcg_at_20_std": 0.171579,
        "nauc_ndcg_at_20_diff1": 0.206848,
        "nauc_ndcg_at_100_max": 0.267173,
        "nauc_ndcg_at_100_std": 0.185022,
        "nauc_ndcg_at_100_diff1": 0.197922,
        "nauc_ndcg_at_1000_max": 0.286974,
        "nauc_ndcg_at_1000_std": 0.258401,
        "nauc_ndcg_at_1000_diff1": 0.174736,
        "nauc_map_at_1_max": 0.079093,
        "nauc_map_at_1_std": -0.083846,
        "nauc_map_at_1_diff1": 0.328801,
        "nauc_map_at_3_max": 0.133671,
        "nauc_map_at_3_std": -0.035911,
        "nauc_map_at_3_diff1": 0.279237,
        "nauc_map_at_5_max": 0.133565,
        "nauc_map_at_5_std": -0.004694,
        "nauc_map_at_5_diff1": 0.265156,
        "nauc_map_at_10_max": 0.167955,
        "nauc_map_at_10_std": 0.028369,
        "nauc_map_at_10_diff1": 0.253802,
        "nauc_map_at_20_max": 0.186169,
        "nauc_map_at_20_std": 0.072671,
        "nauc_map_at_20_diff1": 0.241542,
        "nauc_map_at_100_max": 0.231488,
        "nauc_map_at_100_std": 0.137438,
        "nauc_map_at_100_diff1": 0.224685,
        "nauc_map_at_1000_max": 0.232665,
        "nauc_map_at_1000_std": 0.164328,
        "nauc_map_at_1000_diff1": 0.214651,
        "nauc_recall_at_1_max": 0.079093,
        "nauc_recall_at_1_std": -0.083846,
        "nauc_recall_at_1_diff1": 0.328801,
        "nauc_recall_at_3_max": 0.136175,
        "nauc_recall_at_3_std": -0.051963,
        "nauc_recall_at_3_diff1": 0.254734,
        "nauc_recall_at_5_max": 0.102741,
        "nauc_recall_at_5_std": -0.031438,
        "nauc_recall_at_5_diff1": 0.222524,
        "nauc_recall_at_10_max": 0.131183,
        "nauc_recall_at_10_std": -0.017612,
        "nauc_recall_at_10_diff1": 0.199832,
        "nauc_recall_at_20_max": 0.130978,
        "nauc_recall_at_20_std": 0.042641,
        "nauc_recall_at_20_diff1": 0.174849,
        "nauc_recall_at_100_max": 0.127852,
        "nauc_recall_at_100_std": 0.13215,
        "nauc_recall_at_100_diff1": 0.120274,
        "nauc_recall_at_1000_max": 0.15386,
        "nauc_recall_at_1000_std": 0.270762,
        "nauc_recall_at_1000_diff1": 0.083657,
        "nauc_precision_at_1_max": 0.208473,
        "nauc_precision_at_1_std": 0.231876,
        "nauc_precision_at_1_diff1": 0.220773,
        "nauc_precision_at_3_max": 0.302064,
        "nauc_precision_at_3_std": 0.272314,
        "nauc_precision_at_3_diff1": 0.142562,
        "nauc_precision_at_5_max": 0.293599,
        "nauc_precision_at_5_std": 0.284377,
        "nauc_precision_at_5_diff1": 0.112134,
        "nauc_precision_at_10_max": 0.289533,
        "nauc_precision_at_10_std": 0.280862,
        "nauc_precision_at_10_diff1": 0.090792,
        "nauc_precision_at_20_max": 0.281228,
        "nauc_precision_at_20_std": 0.309685,
        "nauc_precision_at_20_diff1": 0.063456,
        "nauc_precision_at_100_max": 0.248085,
        "nauc_precision_at_100_std": 0.32177,
        "nauc_precision_at_100_diff1": 0.011753,
        "nauc_precision_at_1000_max": 0.069819,
        "nauc_precision_at_1000_std": 0.415174,
        "nauc_precision_at_1000_diff1": -0.083398,
        "nauc_mrr_at_1_max": 0.208473,
        "nauc_mrr_at_1_std": 0.231876,
        "nauc_mrr_at_1_diff1": 0.220773,
        "nauc_mrr_at_3_max": 0.269195,
        "nauc_mrr_at_3_std": 0.217236,
        "nauc_mrr_at_3_diff1": 0.249834,
        "nauc_mrr_at_5_max": 0.265411,
        "nauc_mrr_at_5_std": 0.219869,
        "nauc_mrr_at_5_diff1": 0.243231,
        "nauc_mrr_at_10_max": 0.261181,
        "nauc_mrr_at_10_std": 0.212962,
        "nauc_mrr_at_10_diff1": 0.240517,
        "nauc_mrr_at_20_max": 0.25911,
        "nauc_mrr_at_20_std": 0.212621,
        "nauc_mrr_at_20_diff1": 0.237952,
        "nauc_mrr_at_100_max": 0.257375,
        "nauc_mrr_at_100_std": 0.213033,
        "nauc_mrr_at_100_diff1": 0.238339,
        "nauc_mrr_at_1000_max": 0.257466,
        "nauc_mrr_at_1000_std": 0.21307,
        "nauc_mrr_at_1000_diff1": 0.238292,
        "main_score": 0.20618,
        "hf_subset": "default",
        "languages": [
          "fas-Arab"
        ]
      }
    ]
  },
  "evaluation_time": 6007.341253757477,
  "kg_co2_emissions": null
}