{
  "dataset_revision": "main",
  "task_name": "MIRACLRetrieval",
  "mteb_version": "1.34.14",
  "scores": {
    "dev": [
      {
        "ndcg_at_1": 0.35759,
        "ndcg_at_3": 0.3833,
        "ndcg_at_5": 0.41269,
        "ndcg_at_10": 0.44905,
        "ndcg_at_20": 0.47568,
        "ndcg_at_100": 0.51222,
        "ndcg_at_1000": 0.53031,
        "map_at_1": 0.22925,
        "map_at_3": 0.32091,
        "map_at_5": 0.34953,
        "map_at_10": 0.37139,
        "map_at_20": 0.38189,
        "map_at_100": 0.38918,
        "map_at_1000": 0.39025,
        "recall_at_1": 0.22925,
        "recall_at_3": 0.39364,
        "recall_at_5": 0.47716,
        "recall_at_10": 0.57359,
        "recall_at_20": 0.65693,
        "recall_at_100": 0.81442,
        "recall_at_1000": 0.92846,
        "precision_at_1": 0.35759,
        "precision_at_3": 0.22785,
        "precision_at_5": 0.17215,
        "precision_at_10": 0.10854,
        "precision_at_20": 0.06408,
        "precision_at_100": 0.01649,
        "precision_at_1000": 0.00193,
        "mrr_at_1": 0.357595,
        "mrr_at_3": 0.440665,
        "mrr_at_5": 0.457516,
        "mrr_at_10": 0.469648,
        "mrr_at_20": 0.474789,
        "mrr_at_100": 0.477708,
        "mrr_at_1000": 0.477955,
        "nauc_ndcg_at_1_max": 0.320443,
        "nauc_ndcg_at_1_std": 0.049531,
        "nauc_ndcg_at_1_diff1": 0.257425,
        "nauc_ndcg_at_3_max": 0.348179,
        "nauc_ndcg_at_3_std": 0.004647,
        "nauc_ndcg_at_3_diff1": 0.236958,
        "nauc_ndcg_at_5_max": 0.354064,
        "nauc_ndcg_at_5_std": 0.009013,
        "nauc_ndcg_at_5_diff1": 0.249185,
        "nauc_ndcg_at_10_max": 0.365933,
        "nauc_ndcg_at_10_std": 0.04468,
        "nauc_ndcg_at_10_diff1": 0.230468,
        "nauc_ndcg_at_20_max": 0.377677,
        "nauc_ndcg_at_20_std": 0.071281,
        "nauc_ndcg_at_20_diff1": 0.218204,
        "nauc_ndcg_at_100_max": 0.39067,
        "nauc_ndcg_at_100_std": 0.097374,
        "nauc_ndcg_at_100_diff1": 0.226561,
        "nauc_ndcg_at_1000_max": 0.385068,
        "nauc_ndcg_at_1000_std": 0.098265,
        "nauc_ndcg_at_1000_diff1": 0.229385,
        "nauc_map_at_1_max": 0.26545,
        "nauc_map_at_1_std": -0.062647,
        "nauc_map_at_1_diff1": 0.343144,
        "nauc_map_at_3_max": 0.326122,
        "nauc_map_at_3_std": -0.031833,
        "nauc_map_at_3_diff1": 0.286006,
        "nauc_map_at_5_max": 0.335303,
        "nauc_map_at_5_std": -0.018543,
        "nauc_map_at_5_diff1": 0.274833,
        "nauc_map_at_10_max": 0.348071,
        "nauc_map_at_10_std": 0.009761,
        "nauc_map_at_10_diff1": 0.258173,
        "nauc_map_at_20_max": 0.356307,
        "nauc_map_at_20_std": 0.024506,
        "nauc_map_at_20_diff1": 0.252147,
        "nauc_map_at_100_max": 0.360412,
        "nauc_map_at_100_std": 0.030544,
        "nauc_map_at_100_diff1": 0.253812,
        "nauc_map_at_1000_max": 0.360182,
        "nauc_map_at_1000_std": 0.030676,
        "nauc_map_at_1000_diff1": 0.254034,
        "nauc_recall_at_1_max": 0.26545,
        "nauc_recall_at_1_std": -0.062647,
        "nauc_recall_at_1_diff1": 0.343144,
        "nauc_recall_at_3_max": 0.308895,
        "nauc_recall_at_3_std": -0.033804,
        "nauc_recall_at_3_diff1": 0.219577,
        "nauc_recall_at_5_max": 0.326316,
        "nauc_recall_at_5_std": -0.012881,
        "nauc_recall_at_5_diff1": 0.216662,
        "nauc_recall_at_10_max": 0.351195,
        "nauc_recall_at_10_std": 0.06531,
        "nauc_recall_at_10_diff1": 0.164438,
        "nauc_recall_at_20_max": 0.377739,
        "nauc_recall_at_20_std": 0.14301,
        "nauc_recall_at_20_diff1": 0.117097,
        "nauc_recall_at_100_max": 0.455413,
        "nauc_recall_at_100_std": 0.343457,
        "nauc_recall_at_100_diff1": 0.13202,
        "nauc_recall_at_1000_max": 0.480096,
        "nauc_recall_at_1000_std": 0.684025,
        "nauc_recall_at_1000_diff1": 0.138105,
        "nauc_precision_at_1_max": 0.320443,
        "nauc_precision_at_1_std": 0.049531,
        "nauc_precision_at_1_diff1": 0.257425,
        "nauc_precision_at_3_max": 0.371846,
        "nauc_precision_at_3_std": 0.109582,
        "nauc_precision_at_3_diff1": 0.079312,
        "nauc_precision_at_5_max": 0.334505,
        "nauc_precision_at_5_std": 0.143205,
        "nauc_precision_at_5_diff1": 0.033414,
        "nauc_precision_at_10_max": 0.320335,
        "nauc_precision_at_10_std": 0.242278,
        "nauc_precision_at_10_diff1": -0.038931,
        "nauc_precision_at_20_max": 0.300126,
        "nauc_precision_at_20_std": 0.301911,
        "nauc_precision_at_20_diff1": -0.088001,
        "nauc_precision_at_100_max": 0.226461,
        "nauc_precision_at_100_std": 0.33576,
        "nauc_precision_at_100_diff1": -0.100682,
        "nauc_precision_at_1000_max": 0.122857,
        "nauc_precision_at_1000_std": 0.303771,
        "nauc_precision_at_1000_diff1": -0.126747,
        "nauc_mrr_at_1_max": 0.320443,
        "nauc_mrr_at_1_std": 0.049531,
        "nauc_mrr_at_1_diff1": 0.257425,
        "nauc_mrr_at_3_max": 0.356933,
        "nauc_mrr_at_3_std": 0.059991,
        "nauc_mrr_at_3_diff1": 0.218991,
        "nauc_mrr_at_5_max": 0.361205,
        "nauc_mrr_at_5_std": 0.065582,
        "nauc_mrr_at_5_diff1": 0.227167,
        "nauc_mrr_at_10_max": 0.361293,
        "nauc_mrr_at_10_std": 0.074359,
        "nauc_mrr_at_10_diff1": 0.225614,
        "nauc_mrr_at_20_max": 0.361226,
        "nauc_mrr_at_20_std": 0.07541,
        "nauc_mrr_at_20_diff1": 0.223433,
        "nauc_mrr_at_100_max": 0.361859,
        "nauc_mrr_at_100_std": 0.07657,
        "nauc_mrr_at_100_diff1": 0.224229,
        "nauc_mrr_at_1000_max": 0.361846,
        "nauc_mrr_at_1000_std": 0.076551,
        "nauc_mrr_at_1000_diff1": 0.224262,
        "main_score": 0.44905,
        "hf_subset": "fa",
        "languages": [
          "fas-Arab"
        ]
      }
    ]
  },
  "evaluation_time": 2530.358461380005,
  "kg_co2_emissions": null
}