{
  "dataset_revision": "88f90b0b04f91778ba5341095b0a9f1d7799ce10",
  "task_name": "MSMARCO-Fa",
  "mteb_version": "1.34.14",
  "scores": {
    "dev": [
      {
        "ndcg_at_1": 0.11991,
        "ndcg_at_3": 0.18177,
        "ndcg_at_5": 0.20848,
        "ndcg_at_10": 0.23764,
        "ndcg_at_20": 0.26035,
        "ndcg_at_100": 0.29634,
        "ndcg_at_1000": 0.31976,
        "map_at_1": 0.11609,
        "map_at_3": 0.16439,
        "map_at_5": 0.17911,
        "map_at_10": 0.19129,
        "map_at_20": 0.19763,
        "map_at_100": 0.20271,
        "map_at_1000": 0.20355,
        "recall_at_1": 0.11609,
        "recall_at_3": 0.22789,
        "recall_at_5": 0.29243,
        "recall_at_10": 0.38129,
        "recall_at_20": 0.46947,
        "recall_at_100": 0.6604,
        "recall_at_1000": 0.84475,
        "precision_at_1": 0.11991,
        "precision_at_3": 0.0788,
        "precision_at_5": 0.06086,
        "precision_at_10": 0.03983,
        "precision_at_20": 0.02461,
        "precision_at_100": 0.00699,
        "precision_at_1000": 0.0009,
        "mrr_at_1": 0.119914,
        "mrr_at_3": 0.16884,
        "mrr_at_5": 0.183811,
        "mrr_at_10": 0.195854,
        "mrr_at_20": 0.202152,
        "mrr_at_100": 0.206986,
        "mrr_at_1000": 0.20779,
        "nauc_ndcg_at_1_max": 0.060157,
        "nauc_ndcg_at_1_std": -0.128592,
        "nauc_ndcg_at_1_diff1": 0.333872,
        "nauc_ndcg_at_3_max": 0.075561,
        "nauc_ndcg_at_3_std": -0.113149,
        "nauc_ndcg_at_3_diff1": 0.278276,
        "nauc_ndcg_at_5_max": 0.078309,
        "nauc_ndcg_at_5_std": -0.10671,
        "nauc_ndcg_at_5_diff1": 0.263053,
        "nauc_ndcg_at_10_max": 0.094423,
        "nauc_ndcg_at_10_std": -0.086588,
        "nauc_ndcg_at_10_diff1": 0.254825,
        "nauc_ndcg_at_20_max": 0.106307,
        "nauc_ndcg_at_20_std": -0.063736,
        "nauc_ndcg_at_20_diff1": 0.252463,
        "nauc_ndcg_at_100_max": 0.128093,
        "nauc_ndcg_at_100_std": -0.02435,
        "nauc_ndcg_at_100_diff1": 0.244584,
        "nauc_ndcg_at_1000_max": 0.132773,
        "nauc_ndcg_at_1000_std": -0.021557,
        "nauc_ndcg_at_1000_diff1": 0.249563,
        "nauc_map_at_1_max": 0.061188,
        "nauc_map_at_1_std": -0.128318,
        "nauc_map_at_1_diff1": 0.337157,
        "nauc_map_at_3_max": 0.073265,
        "nauc_map_at_3_std": -0.116158,
        "nauc_map_at_3_diff1": 0.289793,
        "nauc_map_at_5_max": 0.07514,
        "nauc_map_at_5_std": -0.112396,
        "nauc_map_at_5_diff1": 0.280384,
        "nauc_map_at_10_max": 0.082673,
        "nauc_map_at_10_std": -0.103366,
        "nauc_map_at_10_diff1": 0.276572,
        "nauc_map_at_20_max": 0.086007,
        "nauc_map_at_20_std": -0.096535,
        "nauc_map_at_20_diff1": 0.275762,
        "nauc_map_at_100_max": 0.089667,
        "nauc_map_at_100_std": -0.090213,
        "nauc_map_at_100_diff1": 0.274633,
        "nauc_map_at_1000_max": 0.089888,
        "nauc_map_at_1000_std": -0.089978,
        "nauc_map_at_1000_diff1": 0.274839,
        "nauc_recall_at_1_max": 0.061188,
        "nauc_recall_at_1_std": -0.128318,
        "nauc_recall_at_1_diff1": 0.337157,
        "nauc_recall_at_3_max": 0.080998,
        "nauc_recall_at_3_std": -0.106031,
        "nauc_recall_at_3_diff1": 0.253584,
        "nauc_recall_at_5_max": 0.085873,
        "nauc_recall_at_5_std": -0.094267,
        "nauc_recall_at_5_diff1": 0.226555,
        "nauc_recall_at_10_max": 0.122242,
        "nauc_recall_at_10_std": -0.046957,
        "nauc_recall_at_10_diff1": 0.2073,
        "nauc_recall_at_20_max": 0.160087,
        "nauc_recall_at_20_std": 0.023589,
        "nauc_recall_at_20_diff1": 0.199306,
        "nauc_recall_at_100_max": 0.275342,
        "nauc_recall_at_100_std": 0.234484,
        "nauc_recall_at_100_diff1": 0.146958,
        "nauc_recall_at_1000_max": 0.454469,
        "nauc_recall_at_1000_std": 0.474989,
        "nauc_recall_at_1000_diff1": 0.129696,
        "nauc_precision_at_1_max": 0.060157,
        "nauc_precision_at_1_std": -0.128592,
        "nauc_precision_at_1_diff1": 0.333872,
        "nauc_precision_at_3_max": 0.082932,
        "nauc_precision_at_3_std": -0.106315,
        "nauc_precision_at_3_diff1": 0.251101,
        "nauc_precision_at_5_max": 0.086028,
        "nauc_precision_at_5_std": -0.094468,
        "nauc_precision_at_5_diff1": 0.222433,
        "nauc_precision_at_10_max": 0.123212,
        "nauc_precision_at_10_std": -0.044833,
        "nauc_precision_at_10_diff1": 0.202159,
        "nauc_precision_at_20_max": 0.159722,
        "nauc_precision_at_20_std": 0.031128,
        "nauc_precision_at_20_diff1": 0.18962,
        "nauc_precision_at_100_max": 0.258747,
        "nauc_precision_at_100_std": 0.231178,
        "nauc_precision_at_100_diff1": 0.12266,
        "nauc_precision_at_1000_max": 0.343403,
        "nauc_precision_at_1000_std": 0.371067,
        "nauc_precision_at_1000_diff1": 0.073806,
        "nauc_mrr_at_1_max": 0.060157,
        "nauc_mrr_at_1_std": -0.128592,
        "nauc_mrr_at_1_diff1": 0.333872,
        "nauc_mrr_at_3_max": 0.071596,
        "nauc_mrr_at_3_std": -0.11583,
        "nauc_mrr_at_3_diff1": 0.285605,
        "nauc_mrr_at_5_max": 0.073378,
        "nauc_mrr_at_5_std": -0.111279,
        "nauc_mrr_at_5_diff1": 0.276107,
        "nauc_mrr_at_10_max": 0.081365,
        "nauc_mrr_at_10_std": -0.101623,
        "nauc_mrr_at_10_diff1": 0.272585,
        "nauc_mrr_at_20_max": 0.084806,
        "nauc_mrr_at_20_std": -0.094898,
        "nauc_mrr_at_20_diff1": 0.272097,
        "nauc_mrr_at_100_max": 0.088193,
        "nauc_mrr_at_100_std": -0.089172,
        "nauc_mrr_at_100_diff1": 0.271147,
        "nauc_mrr_at_1000_max": 0.088355,
        "nauc_mrr_at_1000_std": -0.089033,
        "nauc_mrr_at_1000_diff1": 0.271392,
        "main_score": 0.23764,
        "hf_subset": "default",
        "languages": [
          "fas-Arab"
        ]
      }
    ]
  },
  "evaluation_time": 13770.576362371445,
  "kg_co2_emissions": null
}