{
  "dataset_revision": "70aa71825a791e87210c0355a01f538aa611feae",
  "task_name": "NFCorpus-Fa",
  "mteb_version": "1.34.14",
  "scores": {
    "test": [
      {
        "ndcg_at_1": 0.30031,
        "ndcg_at_3": 0.25347,
        "ndcg_at_5": 0.23129,
        "ndcg_at_10": 0.20627,
        "ndcg_at_20": 0.19433,
        "ndcg_at_100": 0.20214,
        "ndcg_at_1000": 0.30717,
        "map_at_1": 0.02595,
        "map_at_3": 0.04252,
        "map_at_5": 0.05093,
        "map_at_10": 0.06125,
        "map_at_20": 0.06967,
        "map_at_100": 0.0829,
        "map_at_1000": 0.09705,
        "recall_at_1": 0.02595,
        "recall_at_3": 0.04705,
        "recall_at_5": 0.06239,
        "recall_at_10": 0.08637,
        "recall_at_20": 0.12242,
        "recall_at_100": 0.22103,
        "recall_at_1000": 0.58619,
        "precision_at_1": 0.31579,
        "precision_at_3": 0.24665,
        "precision_at_5": 0.21053,
        "precision_at_10": 0.16378,
        "precision_at_20": 0.12461,
        "precision_at_100": 0.06087,
        "precision_at_1000": 0.02053,
        "mrr_at_1": 0.312693,
        "mrr_at_3": 0.360681,
        "mrr_at_5": 0.372601,
        "mrr_at_10": 0.381357,
        "mrr_at_20": 0.386327,
        "mrr_at_100": 0.389991,
        "mrr_at_1000": 0.3907,
        "nauc_ndcg_at_1_max": 0.181654,
        "nauc_ndcg_at_1_std": 0.236885,
        "nauc_ndcg_at_1_diff1": 0.402984,
        "nauc_ndcg_at_3_max": 0.17049,
        "nauc_ndcg_at_3_std": 0.2446,
        "nauc_ndcg_at_3_diff1": 0.344681,
        "nauc_ndcg_at_5_max": 0.185769,
        "nauc_ndcg_at_5_std": 0.265857,
        "nauc_ndcg_at_5_diff1": 0.323589,
        "nauc_ndcg_at_10_max": 0.165368,
        "nauc_ndcg_at_10_std": 0.289629,
        "nauc_ndcg_at_10_diff1": 0.328109,
        "nauc_ndcg_at_20_max": 0.151823,
        "nauc_ndcg_at_20_std": 0.306919,
        "nauc_ndcg_at_20_diff1": 0.35177,
        "nauc_ndcg_at_100_max": 0.065121,
        "nauc_ndcg_at_100_std": 0.368565,
        "nauc_ndcg_at_100_diff1": 0.375282,
        "nauc_ndcg_at_1000_max": 0.047805,
        "nauc_ndcg_at_1000_std": 0.418523,
        "nauc_ndcg_at_1000_diff1": 0.372058,
        "nauc_map_at_1_max": -0.146694,
        "nauc_map_at_1_std": 0.198234,
        "nauc_map_at_1_diff1": 0.511183,
        "nauc_map_at_3_max": -0.092423,
        "nauc_map_at_3_std": 0.157608,
        "nauc_map_at_3_diff1": 0.43819,
        "nauc_map_at_5_max": -0.054881,
        "nauc_map_at_5_std": 0.184481,
        "nauc_map_at_5_diff1": 0.421269,
        "nauc_map_at_10_max": -0.048956,
        "nauc_map_at_10_std": 0.234202,
        "nauc_map_at_10_diff1": 0.382098,
        "nauc_map_at_20_max": -0.034095,
        "nauc_map_at_20_std": 0.26126,
        "nauc_map_at_20_diff1": 0.367554,
        "nauc_map_at_100_max": -0.022554,
        "nauc_map_at_100_std": 0.303925,
        "nauc_map_at_100_diff1": 0.356202,
        "nauc_map_at_1000_max": 0.012336,
        "nauc_map_at_1000_std": 0.327376,
        "nauc_map_at_1000_diff1": 0.343784,
        "nauc_recall_at_1_max": -0.146694,
        "nauc_recall_at_1_std": 0.198234,
        "nauc_recall_at_1_diff1": 0.511183,
        "nauc_recall_at_3_max": -0.099957,
        "nauc_recall_at_3_std": 0.154943,
        "nauc_recall_at_3_diff1": 0.410593,
        "nauc_recall_at_5_max": -0.054824,
        "nauc_recall_at_5_std": 0.183825,
        "nauc_recall_at_5_diff1": 0.395293,
        "nauc_recall_at_10_max": -0.064315,
        "nauc_recall_at_10_std": 0.243028,
        "nauc_recall_at_10_diff1": 0.366137,
        "nauc_recall_at_20_max": -0.022096,
        "nauc_recall_at_20_std": 0.252147,
        "nauc_recall_at_20_diff1": 0.343695,
        "nauc_recall_at_100_max": -0.044893,
        "nauc_recall_at_100_std": 0.31375,
        "nauc_recall_at_100_diff1": 0.289076,
        "nauc_recall_at_1000_max": -0.065176,
        "nauc_recall_at_1000_std": 0.345545,
        "nauc_recall_at_1000_diff1": 0.231394,
        "nauc_precision_at_1_max": 0.152709,
        "nauc_precision_at_1_std": 0.250668,
        "nauc_precision_at_1_diff1": 0.401055,
        "nauc_precision_at_3_max": 0.150099,
        "nauc_precision_at_3_std": 0.239194,
        "nauc_precision_at_3_diff1": 0.278995,
        "nauc_precision_at_5_max": 0.200312,
        "nauc_precision_at_5_std": 0.281981,
        "nauc_precision_at_5_diff1": 0.237884,
        "nauc_precision_at_10_max": 0.220699,
        "nauc_precision_at_10_std": 0.317953,
        "nauc_precision_at_10_diff1": 0.197095,
        "nauc_precision_at_20_max": 0.251448,
        "nauc_precision_at_20_std": 0.330582,
        "nauc_precision_at_20_diff1": 0.165338,
        "nauc_precision_at_100_max": 0.268795,
        "nauc_precision_at_100_std": 0.315761,
        "nauc_precision_at_100_diff1": 0.090576,
        "nauc_precision_at_1000_max": 0.368816,
        "nauc_precision_at_1000_std": 0.160062,
        "nauc_precision_at_1000_diff1": -0.006673,
        "nauc_mrr_at_1_max": 0.161839,
        "nauc_mrr_at_1_std": 0.249518,
        "nauc_mrr_at_1_diff1": 0.410566,
        "nauc_mrr_at_3_max": 0.138615,
        "nauc_mrr_at_3_std": 0.271504,
        "nauc_mrr_at_3_diff1": 0.392184,
        "nauc_mrr_at_5_max": 0.136322,
        "nauc_mrr_at_5_std": 0.279326,
        "nauc_mrr_at_5_diff1": 0.394832,
        "nauc_mrr_at_10_max": 0.133085,
        "nauc_mrr_at_10_std": 0.289851,
        "nauc_mrr_at_10_diff1": 0.401508,
        "nauc_mrr_at_20_max": 0.134499,
        "nauc_mrr_at_20_std": 0.292764,
        "nauc_mrr_at_20_diff1": 0.402806,
        "nauc_mrr_at_100_max": 0.132868,
        "nauc_mrr_at_100_std": 0.293043,
        "nauc_mrr_at_100_diff1": 0.402948,
        "nauc_mrr_at_1000_max": 0.132881,
        "nauc_mrr_at_1000_std": 0.292671,
        "nauc_mrr_at_1000_diff1": 0.402791,
        "main_score": 0.20627,
        "hf_subset": "default",
        "languages": [
          "fas-Arab"
        ]
      }
    ]
  },
  "evaluation_time": 19.19319796562195,
  "kg_co2_emissions": null
}