{
  "dataset_revision": "c49b2d8fa0d6476520695c52207690b7ec854043",
  "task_name": "ParsinluEntail",
  "mteb_version": "1.34.14",
  "scores": {
    "test": [
      {
        "similarity_accuracy": 0.682012,
        "similarity_accuracy_threshold": 0.705857,
        "similarity_f1": 0.726027,
        "similarity_f1_threshold": 0.629203,
        "similarity_precision": 0.623529,
        "similarity_recall": 0.868852,
        "similarity_ap": 0.684343,
        "cosine_accuracy": 0.682012,
        "cosine_accuracy_threshold": 0.705857,
        "cosine_f1": 0.726027,
        "cosine_f1_threshold": 0.629203,
        "cosine_precision": 0.623529,
        "cosine_recall": 0.868852,
        "cosine_ap": 0.684753,
        "manhattan_accuracy": 0.679454,
        "manhattan_accuracy_threshold": 16.480228,
        "manhattan_f1": 0.726421,
        "manhattan_f1_threshold": 19.146301,
        "manhattan_precision": 0.613559,
        "manhattan_recall": 0.890164,
        "manhattan_ap": 0.685118,
        "euclidean_accuracy": 0.682012,
        "euclidean_accuracy_threshold": 0.766998,
        "euclidean_f1": 0.726027,
        "euclidean_f1_threshold": 0.861158,
        "euclidean_precision": 0.623529,
        "euclidean_recall": 0.868852,
        "euclidean_ap": 0.684753,
        "dot_accuracy": 0.682012,
        "dot_accuracy_threshold": 0.705857,
        "dot_f1": 0.726027,
        "dot_f1_threshold": 0.629203,
        "dot_precision": 0.623529,
        "dot_recall": 0.868852,
        "dot_ap": 0.685573,
        "max_accuracy": 0.682012,
        "max_f1": 0.726421,
        "max_precision": 0.623529,
        "max_recall": 0.890164,
        "max_ap": 0.685573,
        "main_score": 0.685573,
        "hf_subset": "default",
        "languages": [
          "fas-Arab"
        ]
      }
    ]
  },
  "evaluation_time": 1.4437665939331055,
  "kg_co2_emissions": null
}