{
  "dataset_revision": "b3dc818368a867b30ccb55a42ff287d253512c36",
  "task_name": "PersianWebDocumentRetrieval",
  "mteb_version": "1.34.14",
  "scores": {
    "test": [
      {
        "ndcg_at_1": 0.36383,
        "ndcg_at_3": 0.32674,
        "ndcg_at_5": 0.30748,
        "ndcg_at_10": 0.29947,
        "ndcg_at_20": 0.30039,
        "ndcg_at_100": 0.36588,
        "ndcg_at_1000": 0.4117,
        "map_at_1": 0.05437,
        "map_at_3": 0.10288,
        "map_at_5": 0.12688,
        "map_at_10": 0.16195,
        "map_at_20": 0.18699,
        "map_at_100": 0.21216,
        "map_at_1000": 0.21747,
        "recall_at_1": 0.05437,
        "recall_at_3": 0.12296,
        "recall_at_5": 0.16536,
        "recall_at_10": 0.24841,
        "recall_at_20": 0.3281,
        "recall_at_100": 0.5034,
        "recall_at_1000": 0.67072,
        "precision_at_1": 0.36383,
        "precision_at_3": 0.30109,
        "precision_at_5": 0.25868,
        "precision_at_10": 0.20873,
        "precision_at_20": 0.14695,
        "precision_at_100": 0.04841,
        "precision_at_1000": 0.00681,
        "mrr_at_1": 0.363828,
        "mrr_at_3": 0.434455,
        "mrr_at_5": 0.447967,
        "mrr_at_10": 0.458388,
        "mrr_at_20": 0.46228,
        "mrr_at_100": 0.464059,
        "mrr_at_1000": 0.464213,
        "nauc_ndcg_at_1_max": 0.363589,
        "nauc_ndcg_at_1_std": 0.084334,
        "nauc_ndcg_at_1_diff1": 0.305234,
        "nauc_ndcg_at_3_max": 0.303897,
        "nauc_ndcg_at_3_std": 0.070784,
        "nauc_ndcg_at_3_diff1": 0.233872,
        "nauc_ndcg_at_5_max": 0.274327,
        "nauc_ndcg_at_5_std": 0.07034,
        "nauc_ndcg_at_5_diff1": 0.233313,
        "nauc_ndcg_at_10_max": 0.23981,
        "nauc_ndcg_at_10_std": 0.095104,
        "nauc_ndcg_at_10_diff1": 0.200308,
        "nauc_ndcg_at_20_max": 0.211092,
        "nauc_ndcg_at_20_std": 0.122003,
        "nauc_ndcg_at_20_diff1": 0.179056,
        "nauc_ndcg_at_100_max": 0.262595,
        "nauc_ndcg_at_100_std": 0.221776,
        "nauc_ndcg_at_100_diff1": 0.182803,
        "nauc_ndcg_at_1000_max": 0.307804,
        "nauc_ndcg_at_1000_std": 0.269868,
        "nauc_ndcg_at_1000_diff1": 0.198147,
        "nauc_map_at_1_max": 0.011338,
        "nauc_map_at_1_std": -0.020326,
        "nauc_map_at_1_diff1": 0.192089,
        "nauc_map_at_3_max": 0.031014,
        "nauc_map_at_3_std": 0.001782,
        "nauc_map_at_3_diff1": 0.131846,
        "nauc_map_at_5_max": 0.047263,
        "nauc_map_at_5_std": 0.013542,
        "nauc_map_at_5_diff1": 0.137361,
        "nauc_map_at_10_max": 0.083219,
        "nauc_map_at_10_std": 0.041889,
        "nauc_map_at_10_diff1": 0.135344,
        "nauc_map_at_20_max": 0.118016,
        "nauc_map_at_20_std": 0.070391,
        "nauc_map_at_20_diff1": 0.140686,
        "nauc_map_at_100_max": 0.154522,
        "nauc_map_at_100_std": 0.122229,
        "nauc_map_at_100_diff1": 0.144191,
        "nauc_map_at_1000_max": 0.163357,
        "nauc_map_at_1000_std": 0.132615,
        "nauc_map_at_1000_diff1": 0.147335,
        "nauc_recall_at_1_max": 0.011338,
        "nauc_recall_at_1_std": -0.020326,
        "nauc_recall_at_1_diff1": 0.192089,
        "nauc_recall_at_3_max": 0.00927,
        "nauc_recall_at_3_std": 0.007613,
        "nauc_recall_at_3_diff1": 0.108606,
        "nauc_recall_at_5_max": 0.017187,
        "nauc_recall_at_5_std": 0.019256,
        "nauc_recall_at_5_diff1": 0.112235,
        "nauc_recall_at_10_max": 0.040669,
        "nauc_recall_at_10_std": 0.069267,
        "nauc_recall_at_10_diff1": 0.089233,
        "nauc_recall_at_20_max": 0.082596,
        "nauc_recall_at_20_std": 0.11448,
        "nauc_recall_at_20_diff1": 0.090591,
        "nauc_recall_at_100_max": 0.169539,
        "nauc_recall_at_100_std": 0.312582,
        "nauc_recall_at_100_diff1": 0.089888,
        "nauc_recall_at_1000_max": 0.288617,
        "nauc_recall_at_1000_std": 0.502202,
        "nauc_recall_at_1000_diff1": 0.118352,
        "nauc_precision_at_1_max": 0.363589,
        "nauc_precision_at_1_std": 0.084334,
        "nauc_precision_at_1_diff1": 0.305234,
        "nauc_precision_at_3_max": 0.314934,
        "nauc_precision_at_3_std": 0.079754,
        "nauc_precision_at_3_diff1": 0.203836,
        "nauc_precision_at_5_max": 0.302821,
        "nauc_precision_at_5_std": 0.091185,
        "nauc_precision_at_5_diff1": 0.210303,
        "nauc_precision_at_10_max": 0.321544,
        "nauc_precision_at_10_std": 0.133396,
        "nauc_precision_at_10_diff1": 0.181071,
        "nauc_precision_at_20_max": 0.345,
        "nauc_precision_at_20_std": 0.184339,
        "nauc_precision_at_20_diff1": 0.168825,
        "nauc_precision_at_100_max": 0.395117,
        "nauc_precision_at_100_std": 0.310188,
        "nauc_precision_at_100_diff1": 0.157115,
        "nauc_precision_at_1000_max": 0.413189,
        "nauc_precision_at_1000_std": 0.318119,
        "nauc_precision_at_1000_diff1": 0.160995,
        "nauc_mrr_at_1_max": 0.363589,
        "nauc_mrr_at_1_std": 0.084334,
        "nauc_mrr_at_1_diff1": 0.305234,
        "nauc_mrr_at_3_max": 0.371883,
        "nauc_mrr_at_3_std": 0.101495,
        "nauc_mrr_at_3_diff1": 0.299149,
        "nauc_mrr_at_5_max": 0.374785,
        "nauc_mrr_at_5_std": 0.111946,
        "nauc_mrr_at_5_diff1": 0.299956,
        "nauc_mrr_at_10_max": 0.378384,
        "nauc_mrr_at_10_std": 0.11983,
        "nauc_mrr_at_10_diff1": 0.297542,
        "nauc_mrr_at_20_max": 0.381236,
        "nauc_mrr_at_20_std": 0.123135,
        "nauc_mrr_at_20_diff1": 0.298093,
        "nauc_mrr_at_100_max": 0.38178,
        "nauc_mrr_at_100_std": 0.123827,
        "nauc_mrr_at_100_diff1": 0.297706,
        "nauc_mrr_at_1000_max": 0.381707,
        "nauc_mrr_at_1000_std": 0.123776,
        "nauc_mrr_at_1000_diff1": 0.29762,
        "main_score": 0.29947,
        "hf_subset": "default",
        "languages": [
          "fas-Arab"
        ]
      }
    ]
  },
  "evaluation_time": 192.76477599143982,
  "kg_co2_emissions": null
}