{
  "dataset_revision": "6611ebf4b4c1aaf8b021e4728440db2188291b8b",
  "task_name": "SCIDOCS-Fa",
  "mteb_version": "1.34.14",
  "scores": {
    "test": [
      {
        "ndcg_at_1": 0.133,
        "ndcg_at_3": 0.10478,
        "ndcg_at_5": 0.09024,
        "ndcg_at_10": 0.10772,
        "ndcg_at_20": 0.12256,
        "ndcg_at_100": 0.15608,
        "ndcg_at_1000": 0.19701,
        "map_at_1": 0.02685,
        "map_at_3": 0.04581,
        "map_at_5": 0.05291,
        "map_at_10": 0.06011,
        "map_at_20": 0.0643,
        "map_at_100": 0.06951,
        "map_at_1000": 0.0712,
        "recall_at_1": 0.02685,
        "recall_at_3": 0.05875,
        "recall_at_5": 0.07898,
        "recall_at_10": 0.11113,
        "recall_at_20": 0.14632,
        "recall_at_100": 0.2557,
        "recall_at_1000": 0.45883,
        "precision_at_1": 0.133,
        "precision_at_3": 0.09667,
        "precision_at_5": 0.0778,
        "precision_at_10": 0.0548,
        "precision_at_20": 0.03605,
        "precision_at_100": 0.01261,
        "precision_at_1000": 0.00226,
        "mrr_at_1": 0.133,
        "mrr_at_3": 0.177,
        "mrr_at_5": 0.19015,
        "mrr_at_10": 0.201959,
        "mrr_at_20": 0.207564,
        "mrr_at_100": 0.212226,
        "mrr_at_1000": 0.213134,
        "nauc_ndcg_at_1_max": 0.215082,
        "nauc_ndcg_at_1_std": 0.113629,
        "nauc_ndcg_at_1_diff1": 0.166459,
        "nauc_ndcg_at_3_max": 0.255534,
        "nauc_ndcg_at_3_std": 0.155467,
        "nauc_ndcg_at_3_diff1": 0.116722,
        "nauc_ndcg_at_5_max": 0.255214,
        "nauc_ndcg_at_5_std": 0.171717,
        "nauc_ndcg_at_5_diff1": 0.115472,
        "nauc_ndcg_at_10_max": 0.254262,
        "nauc_ndcg_at_10_std": 0.193229,
        "nauc_ndcg_at_10_diff1": 0.111755,
        "nauc_ndcg_at_20_max": 0.263804,
        "nauc_ndcg_at_20_std": 0.215578,
        "nauc_ndcg_at_20_diff1": 0.111291,
        "nauc_ndcg_at_100_max": 0.27872,
        "nauc_ndcg_at_100_std": 0.264635,
        "nauc_ndcg_at_100_diff1": 0.120245,
        "nauc_ndcg_at_1000_max": 0.289275,
        "nauc_ndcg_at_1000_std": 0.295413,
        "nauc_ndcg_at_1000_diff1": 0.122934,
        "nauc_map_at_1_max": 0.214354,
        "nauc_map_at_1_std": 0.112838,
        "nauc_map_at_1_diff1": 0.165174,
        "nauc_map_at_3_max": 0.27085,
        "nauc_map_at_3_std": 0.145071,
        "nauc_map_at_3_diff1": 0.107333,
        "nauc_map_at_5_max": 0.27423,
        "nauc_map_at_5_std": 0.154072,
        "nauc_map_at_5_diff1": 0.112366,
        "nauc_map_at_10_max": 0.274681,
        "nauc_map_at_10_std": 0.170204,
        "nauc_map_at_10_diff1": 0.10581,
        "nauc_map_at_20_max": 0.278703,
        "nauc_map_at_20_std": 0.184627,
        "nauc_map_at_20_diff1": 0.103919,
        "nauc_map_at_100_max": 0.283117,
        "nauc_map_at_100_std": 0.201771,
        "nauc_map_at_100_diff1": 0.105811,
        "nauc_map_at_1000_max": 0.284324,
        "nauc_map_at_1000_std": 0.206337,
        "nauc_map_at_1000_diff1": 0.106299,
        "nauc_recall_at_1_max": 0.214354,
        "nauc_recall_at_1_std": 0.112838,
        "nauc_recall_at_1_diff1": 0.165174,
        "nauc_recall_at_3_max": 0.262552,
        "nauc_recall_at_3_std": 0.164143,
        "nauc_recall_at_3_diff1": 0.097749,
        "nauc_recall_at_5_max": 0.257309,
        "nauc_recall_at_5_std": 0.189649,
        "nauc_recall_at_5_diff1": 0.09948,
        "nauc_recall_at_10_max": 0.24896,
        "nauc_recall_at_10_std": 0.225643,
        "nauc_recall_at_10_diff1": 0.092952,
        "nauc_recall_at_20_max": 0.263076,
        "nauc_recall_at_20_std": 0.263733,
        "nauc_recall_at_20_diff1": 0.090166,
        "nauc_recall_at_100_max": 0.278168,
        "nauc_recall_at_100_std": 0.350238,
        "nauc_recall_at_100_diff1": 0.107993,
        "nauc_recall_at_1000_max": 0.277728,
        "nauc_recall_at_1000_std": 0.400005,
        "nauc_recall_at_1000_diff1": 0.102984,
        "nauc_precision_at_1_max": 0.215082,
        "nauc_precision_at_1_std": 0.113629,
        "nauc_precision_at_1_diff1": 0.166459,
        "nauc_precision_at_3_max": 0.265204,
        "nauc_precision_at_3_std": 0.16469,
        "nauc_precision_at_3_diff1": 0.100958,
        "nauc_precision_at_5_max": 0.260015,
        "nauc_precision_at_5_std": 0.189089,
        "nauc_precision_at_5_diff1": 0.1043,
        "nauc_precision_at_10_max": 0.250535,
        "nauc_precision_at_10_std": 0.225284,
        "nauc_precision_at_10_diff1": 0.096222,
        "nauc_precision_at_20_max": 0.265327,
        "nauc_precision_at_20_std": 0.265067,
        "nauc_precision_at_20_diff1": 0.093391,
        "nauc_precision_at_100_max": 0.281345,
        "nauc_precision_at_100_std": 0.352556,
        "nauc_precision_at_100_diff1": 0.110374,
        "nauc_precision_at_1000_max": 0.276856,
        "nauc_precision_at_1000_std": 0.397331,
        "nauc_precision_at_1000_diff1": 0.103904,
        "nauc_mrr_at_1_max": 0.215082,
        "nauc_mrr_at_1_std": 0.113629,
        "nauc_mrr_at_1_diff1": 0.166459,
        "nauc_mrr_at_3_max": 0.223207,
        "nauc_mrr_at_3_std": 0.154752,
        "nauc_mrr_at_3_diff1": 0.137649,
        "nauc_mrr_at_5_max": 0.221308,
        "nauc_mrr_at_5_std": 0.163018,
        "nauc_mrr_at_5_diff1": 0.132121,
        "nauc_mrr_at_10_max": 0.218072,
        "nauc_mrr_at_10_std": 0.167767,
        "nauc_mrr_at_10_diff1": 0.131962,
        "nauc_mrr_at_20_max": 0.221602,
        "nauc_mrr_at_20_std": 0.170515,
        "nauc_mrr_at_20_diff1": 0.134396,
        "nauc_mrr_at_100_max": 0.222361,
        "nauc_mrr_at_100_std": 0.173184,
        "nauc_mrr_at_100_diff1": 0.134681,
        "nauc_mrr_at_1000_max": 0.222374,
        "nauc_mrr_at_1000_std": 0.173068,
        "nauc_mrr_at_1000_diff1": 0.134622,
        "main_score": 0.10772,
        "hf_subset": "default",
        "languages": [
          "fas-Arab"
        ]
      }
    ]
  },
  "evaluation_time": 98.1512713432312,
  "kg_co2_emissions": null
}