{
  "dataset_revision": "d1b62ef31bebbb48ae01867993a1e583c2ce7d93",
  "task_name": "SynPerQAPC",
  "mteb_version": "1.34.14",
  "scores": {
    "test": [
      {
        "similarity_accuracy": 0.932515,
        "similarity_accuracy_threshold": 0.665349,
        "similarity_f1": 0.933005,
        "similarity_f1_threshold": 0.654872,
        "similarity_precision": 0.918857,
        "similarity_recall": 0.947596,
        "similarity_ap": 0.972314,
        "cosine_accuracy": 0.932515,
        "cosine_accuracy_threshold": 0.665349,
        "cosine_f1": 0.933005,
        "cosine_f1_threshold": 0.654872,
        "cosine_precision": 0.918857,
        "cosine_recall": 0.947596,
        "cosine_ap": 0.972314,
        "manhattan_accuracy": 0.932155,
        "manhattan_accuracy_threshold": 17.720539,
        "manhattan_f1": 0.932812,
        "manhattan_f1_threshold": 18.082127,
        "manhattan_precision": 0.91747,
        "manhattan_recall": 0.948675,
        "manhattan_ap": 0.972347,
        "euclidean_accuracy": 0.932515,
        "euclidean_accuracy_threshold": 0.818109,
        "euclidean_f1": 0.933005,
        "euclidean_f1_threshold": 0.830817,
        "euclidean_precision": 0.918857,
        "euclidean_recall": 0.947596,
        "euclidean_ap": 0.972314,
        "dot_accuracy": 0.932515,
        "dot_accuracy_threshold": 0.665349,
        "dot_f1": 0.933005,
        "dot_f1_threshold": 0.654872,
        "dot_precision": 0.918857,
        "dot_recall": 0.947596,
        "dot_ap": 0.972314,
        "max_accuracy": 0.932515,
        "max_f1": 0.933005,
        "max_precision": 0.918857,
        "max_recall": 0.948675,
        "max_ap": 0.972347,
        "main_score": 0.972347,
        "hf_subset": "default",
        "languages": [
          "fas-Arab"
        ]
      }
    ]
  },
  "evaluation_time": 91.30106210708618,
  "kg_co2_emissions": null
}