{
  "dataset_revision": "9d32af6540970e2845028cbfffe6b0d0e8f52428",
  "task_name": "SynPerChatbotRAGFAQRetrieval",
  "mteb_version": "1.34.14",
  "scores": {
    "test": [
      {
        "ndcg_at_1": 0.41582,
        "ndcg_at_3": 0.51385,
        "ndcg_at_5": 0.54754,
        "ndcg_at_10": 0.58198,
        "ndcg_at_20": 0.60251,
        "ndcg_at_100": 0.62181,
        "ndcg_at_1000": 0.62651,
        "map_at_1": 0.41582,
        "map_at_3": 0.48957,
        "map_at_5": 0.50825,
        "map_at_10": 0.52224,
        "map_at_20": 0.52791,
        "map_at_100": 0.53065,
        "map_at_1000": 0.53085,
        "recall_at_1": 0.41582,
        "recall_at_3": 0.58418,
        "recall_at_5": 0.66605,
        "recall_at_10": 0.77369,
        "recall_at_20": 0.85465,
        "recall_at_100": 0.95768,
        "recall_at_1000": 0.99356,
        "precision_at_1": 0.41582,
        "precision_at_3": 0.19473,
        "precision_at_5": 0.13321,
        "precision_at_10": 0.07737,
        "precision_at_20": 0.04273,
        "precision_at_100": 0.00958,
        "precision_at_1000": 0.00099,
        "mrr_at_1": 0.415823,
        "mrr_at_3": 0.489574,
        "mrr_at_5": 0.508249,
        "mrr_at_10": 0.522243,
        "mrr_at_20": 0.527912,
        "mrr_at_100": 0.530653,
        "mrr_at_1000": 0.530854,
        "nauc_ndcg_at_1_max": 0.311381,
        "nauc_ndcg_at_1_std": -0.087429,
        "nauc_ndcg_at_1_diff1": 0.642855,
        "nauc_ndcg_at_3_max": 0.333321,
        "nauc_ndcg_at_3_std": -0.075806,
        "nauc_ndcg_at_3_diff1": 0.579042,
        "nauc_ndcg_at_5_max": 0.331924,
        "nauc_ndcg_at_5_std": -0.071271,
        "nauc_ndcg_at_5_diff1": 0.568009,
        "nauc_ndcg_at_10_max": 0.341807,
        "nauc_ndcg_at_10_std": -0.069916,
        "nauc_ndcg_at_10_diff1": 0.563885,
        "nauc_ndcg_at_20_max": 0.346667,
        "nauc_ndcg_at_20_std": -0.061932,
        "nauc_ndcg_at_20_diff1": 0.570946,
        "nauc_ndcg_at_100_max": 0.336965,
        "nauc_ndcg_at_100_std": -0.060001,
        "nauc_ndcg_at_100_diff1": 0.576299,
        "nauc_ndcg_at_1000_max": 0.336505,
        "nauc_ndcg_at_1000_std": -0.06447,
        "nauc_ndcg_at_1000_diff1": 0.580273,
        "nauc_map_at_1_max": 0.311381,
        "nauc_map_at_1_std": -0.087429,
        "nauc_map_at_1_diff1": 0.642855,
        "nauc_map_at_3_max": 0.32724,
        "nauc_map_at_3_std": -0.078784,
        "nauc_map_at_3_diff1": 0.594149,
        "nauc_map_at_5_max": 0.326184,
        "nauc_map_at_5_std": -0.076663,
        "nauc_map_at_5_diff1": 0.588503,
        "nauc_map_at_10_max": 0.329818,
        "nauc_map_at_10_std": -0.075956,
        "nauc_map_at_10_diff1": 0.587249,
        "nauc_map_at_20_max": 0.330337,
        "nauc_map_at_20_std": -0.074394,
        "nauc_map_at_20_diff1": 0.588975,
        "nauc_map_at_100_max": 0.329402,
        "nauc_map_at_100_std": -0.074174,
        "nauc_map_at_100_diff1": 0.589658,
        "nauc_map_at_1000_max": 0.329362,
        "nauc_map_at_1000_std": -0.074276,
        "nauc_map_at_1000_diff1": 0.589802,
        "nauc_recall_at_1_max": 0.311381,
        "nauc_recall_at_1_std": -0.087429,
        "nauc_recall_at_1_diff1": 0.642855,
        "nauc_recall_at_3_max": 0.352424,
        "nauc_recall_at_3_std": -0.066552,
        "nauc_recall_at_3_diff1": 0.532632,
        "nauc_recall_at_5_max": 0.352108,
        "nauc_recall_at_5_std": -0.051405,
        "nauc_recall_at_5_diff1": 0.495694,
        "nauc_recall_at_10_max": 0.402934,
        "nauc_recall_at_10_std": -0.041231,
        "nauc_recall_at_10_diff1": 0.454157,
        "nauc_recall_at_20_max": 0.479474,
        "nauc_recall_at_20_std": 0.040816,
        "nauc_recall_at_20_diff1": 0.463402,
        "nauc_recall_at_100_max": 0.428151,
        "nauc_recall_at_100_std": 0.327311,
        "nauc_recall_at_100_diff1": 0.404396,
        "nauc_recall_at_1000_max": 0.838278,
        "nauc_recall_at_1000_std": 0.96264,
        "nauc_recall_at_1000_diff1": 0.658583,
        "nauc_precision_at_1_max": 0.311381,
        "nauc_precision_at_1_std": -0.087429,
        "nauc_precision_at_1_diff1": 0.642855,
        "nauc_precision_at_3_max": 0.352424,
        "nauc_precision_at_3_std": -0.066552,
        "nauc_precision_at_3_diff1": 0.532632,
        "nauc_precision_at_5_max": 0.352108,
        "nauc_precision_at_5_std": -0.051405,
        "nauc_precision_at_5_diff1": 0.495694,
        "nauc_precision_at_10_max": 0.402934,
        "nauc_precision_at_10_std": -0.041231,
        "nauc_precision_at_10_diff1": 0.454157,
        "nauc_precision_at_20_max": 0.479474,
        "nauc_precision_at_20_std": 0.040816,
        "nauc_precision_at_20_diff1": 0.463402,
        "nauc_precision_at_100_max": 0.428151,
        "nauc_precision_at_100_std": 0.327311,
        "nauc_precision_at_100_diff1": 0.404396,
        "nauc_precision_at_1000_max": 0.838278,
        "nauc_precision_at_1000_std": 0.96264,
        "nauc_precision_at_1000_diff1": 0.658583,
        "nauc_mrr_at_1_max": 0.311381,
        "nauc_mrr_at_1_std": -0.087429,
        "nauc_mrr_at_1_diff1": 0.642855,
        "nauc_mrr_at_3_max": 0.32724,
        "nauc_mrr_at_3_std": -0.078784,
        "nauc_mrr_at_3_diff1": 0.594149,
        "nauc_mrr_at_5_max": 0.326184,
        "nauc_mrr_at_5_std": -0.076663,
        "nauc_mrr_at_5_diff1": 0.588503,
        "nauc_mrr_at_10_max": 0.329818,
        "nauc_mrr_at_10_std": -0.075956,
        "nauc_mrr_at_10_diff1": 0.587249,
        "nauc_mrr_at_20_max": 0.330337,
        "nauc_mrr_at_20_std": -0.074394,
        "nauc_mrr_at_20_diff1": 0.588975,
        "nauc_mrr_at_100_max": 0.329402,
        "nauc_mrr_at_100_std": -0.074174,
        "nauc_mrr_at_100_diff1": 0.589658,
        "nauc_mrr_at_1000_max": 0.329362,
        "nauc_mrr_at_1000_std": -0.074276,
        "nauc_mrr_at_1000_diff1": 0.589802,
        "main_score": 0.58198,
        "hf_subset": "default",
        "languages": [
          "fas-Arab"
        ]
      }
    ]
  },
  "evaluation_time": 10.605839014053345,
  "kg_co2_emissions": null
}