{
  "dataset_revision": "e85114f13f42dc1edc456d58931cc38d44d697cf",
  "task_name": "SynPerQARetrieval",
  "mteb_version": "1.34.14",
  "scores": {
    "test": [
      {
        "ndcg_at_1": 0.81643,
        "ndcg_at_3": 0.88532,
        "ndcg_at_5": 0.89395,
        "ndcg_at_10": 0.89886,
        "ndcg_at_20": 0.90114,
        "ndcg_at_100": 0.90328,
        "ndcg_at_1000": 0.90467,
        "map_at_1": 0.81643,
        "map_at_3": 0.86937,
        "map_at_5": 0.87418,
        "map_at_10": 0.87625,
        "map_at_20": 0.8769,
        "map_at_100": 0.8772,
        "map_at_1000": 0.87725,
        "recall_at_1": 0.81643,
        "recall_at_3": 0.93106,
        "recall_at_5": 0.95191,
        "recall_at_10": 0.96685,
        "recall_at_20": 0.97577,
        "recall_at_100": 0.98723,
        "recall_at_1000": 0.99835,
        "precision_at_1": 0.81643,
        "precision_at_3": 0.31035,
        "precision_at_5": 0.19038,
        "precision_at_10": 0.09669,
        "precision_at_20": 0.04879,
        "precision_at_100": 0.00987,
        "precision_at_1000": 0.001,
        "mrr_at_1": 0.81654,
        "mrr_at_3": 0.869428,
        "mrr_at_5": 0.874239,
        "mrr_at_10": 0.876311,
        "mrr_at_20": 0.876956,
        "mrr_at_100": 0.877254,
        "mrr_at_1000": 0.877302,
        "nauc_ndcg_at_1_max": 0.263218,
        "nauc_ndcg_at_1_std": -0.465535,
        "nauc_ndcg_at_1_diff1": 0.902128,
        "nauc_ndcg_at_3_max": 0.347761,
        "nauc_ndcg_at_3_std": -0.480673,
        "nauc_ndcg_at_3_diff1": 0.885667,
        "nauc_ndcg_at_5_max": 0.354489,
        "nauc_ndcg_at_5_std": -0.465024,
        "nauc_ndcg_at_5_diff1": 0.88839,
        "nauc_ndcg_at_10_max": 0.355166,
        "nauc_ndcg_at_10_std": -0.448331,
        "nauc_ndcg_at_10_diff1": 0.889379,
        "nauc_ndcg_at_20_max": 0.350009,
        "nauc_ndcg_at_20_std": -0.446906,
        "nauc_ndcg_at_20_diff1": 0.890686,
        "nauc_ndcg_at_100_max": 0.341922,
        "nauc_ndcg_at_100_std": -0.449385,
        "nauc_ndcg_at_100_diff1": 0.89128,
        "nauc_ndcg_at_1000_max": 0.336462,
        "nauc_ndcg_at_1000_std": -0.454506,
        "nauc_ndcg_at_1000_diff1": 0.891225,
        "nauc_map_at_1_max": 0.263218,
        "nauc_map_at_1_std": -0.465535,
        "nauc_map_at_1_diff1": 0.902128,
        "nauc_map_at_3_max": 0.322096,
        "nauc_map_at_3_std": -0.477431,
        "nauc_map_at_3_diff1": 0.889853,
        "nauc_map_at_5_max": 0.32429,
        "nauc_map_at_5_std": -0.470052,
        "nauc_map_at_5_diff1": 0.891329,
        "nauc_map_at_10_max": 0.324141,
        "nauc_map_at_10_std": -0.46417,
        "nauc_map_at_10_diff1": 0.891723,
        "nauc_map_at_20_max": 0.322879,
        "nauc_map_at_20_std": -0.46386,
        "nauc_map_at_20_diff1": 0.892048,
        "nauc_map_at_100_max": 0.321938,
        "nauc_map_at_100_std": -0.464065,
        "nauc_map_at_100_diff1": 0.892127,
        "nauc_map_at_1000_max": 0.321782,
        "nauc_map_at_1000_std": -0.464183,
        "nauc_map_at_1000_diff1": 0.892128,
        "nauc_recall_at_1_max": 0.263218,
        "nauc_recall_at_1_std": -0.465535,
        "nauc_recall_at_1_diff1": 0.902128,
        "nauc_recall_at_3_max": 0.480394,
        "nauc_recall_at_3_std": -0.496312,
        "nauc_recall_at_3_diff1": 0.864701,
        "nauc_recall_at_5_max": 0.572001,
        "nauc_recall_at_5_std": -0.421331,
        "nauc_recall_at_5_diff1": 0.869353,
        "nauc_recall_at_10_max": 0.67332,
        "nauc_recall_at_10_std": -0.256321,
        "nauc_recall_at_10_diff1": 0.869579,
        "nauc_recall_at_20_max": 0.708986,
        "nauc_recall_at_20_std": -0.166375,
        "nauc_recall_at_20_diff1": 0.881711,
        "nauc_recall_at_100_max": 0.713553,
        "nauc_recall_at_100_std": -0.026301,
        "nauc_recall_at_100_diff1": 0.895327,
        "nauc_recall_at_1000_max": 0.801691,
        "nauc_recall_at_1000_std": 0.42811,
        "nauc_recall_at_1000_diff1": 0.889408,
        "nauc_precision_at_1_max": 0.263218,
        "nauc_precision_at_1_std": -0.465535,
        "nauc_precision_at_1_diff1": 0.902128,
        "nauc_precision_at_3_max": 0.480394,
        "nauc_precision_at_3_std": -0.496312,
        "nauc_precision_at_3_diff1": 0.864701,
        "nauc_precision_at_5_max": 0.572001,
        "nauc_precision_at_5_std": -0.421331,
        "nauc_precision_at_5_diff1": 0.869353,
        "nauc_precision_at_10_max": 0.67332,
        "nauc_precision_at_10_std": -0.256321,
        "nauc_precision_at_10_diff1": 0.869579,
        "nauc_precision_at_20_max": 0.708986,
        "nauc_precision_at_20_std": -0.166375,
        "nauc_precision_at_20_diff1": 0.881711,
        "nauc_precision_at_100_max": 0.713553,
        "nauc_precision_at_100_std": -0.026301,
        "nauc_precision_at_100_diff1": 0.895327,
        "nauc_precision_at_1000_max": 0.801691,
        "nauc_precision_at_1000_std": 0.42811,
        "nauc_precision_at_1000_diff1": 0.889408,
        "nauc_mrr_at_1_max": 0.263052,
        "nauc_mrr_at_1_std": -0.46565,
        "nauc_mrr_at_1_diff1": 0.90199,
        "nauc_mrr_at_3_max": 0.322004,
        "nauc_mrr_at_3_std": -0.477515,
        "nauc_mrr_at_3_diff1": 0.889754,
        "nauc_mrr_at_5_max": 0.324187,
        "nauc_mrr_at_5_std": -0.470135,
        "nauc_mrr_at_5_diff1": 0.891224,
        "nauc_mrr_at_10_max": 0.324032,
        "nauc_mrr_at_10_std": -0.464253,
        "nauc_mrr_at_10_diff1": 0.891614,
        "nauc_mrr_at_20_max": 0.322769,
        "nauc_mrr_at_20_std": -0.463944,
        "nauc_mrr_at_20_diff1": 0.891939,
        "nauc_mrr_at_100_max": 0.321827,
        "nauc_mrr_at_100_std": -0.464149,
        "nauc_mrr_at_100_diff1": 0.892017,
        "nauc_mrr_at_1000_max": 0.32167,
        "nauc_mrr_at_1000_std": -0.464268,
        "nauc_mrr_at_1000_diff1": 0.892018,
        "main_score": 0.89886,
        "hf_subset": "default",
        "languages": [
          "fas-Arab"
        ]
      }
    ]
  },
  "evaluation_time": 511.872106552124,
  "kg_co2_emissions": null
}