{
  "dataset_revision": "3b6ea595c94bac3448a2ad167ca2e06abd340d6e",
  "task_name": "WikipediaRetrievalMultilingual",
  "mteb_version": "1.34.14",
  "scores": {
    "test": [
      {
        "ndcg_at_1": 0.80467,
        "ndcg_at_3": 0.87836,
        "ndcg_at_5": 0.89021,
        "ndcg_at_10": 0.89631,
        "ndcg_at_20": 0.89823,
        "ndcg_at_100": 0.89986,
        "ndcg_at_1000": 0.90052,
        "map_at_1": 0.80467,
        "map_at_3": 0.86089,
        "map_at_5": 0.86749,
        "map_at_10": 0.87016,
        "map_at_20": 0.87073,
        "map_at_100": 0.87096,
        "map_at_1000": 0.87098,
        "recall_at_1": 0.80467,
        "recall_at_3": 0.92867,
        "recall_at_5": 0.95733,
        "recall_at_10": 0.97533,
        "recall_at_20": 0.98267,
        "recall_at_100": 0.99133,
        "recall_at_1000": 0.99667,
        "precision_at_1": 0.80467,
        "precision_at_3": 0.30956,
        "precision_at_5": 0.19147,
        "precision_at_10": 0.09753,
        "precision_at_20": 0.04913,
        "precision_at_100": 0.00991,
        "precision_at_1000": 0.001,
        "mrr_at_1": 0.804,
        "mrr_at_3": 0.860889,
        "mrr_at_5": 0.867489,
        "mrr_at_10": 0.870051,
        "mrr_at_20": 0.870618,
        "mrr_at_100": 0.870849,
        "mrr_at_1000": 0.870873,
        "nauc_ndcg_at_1_max": 0.477386,
        "nauc_ndcg_at_1_std": -0.205328,
        "nauc_ndcg_at_1_diff1": 0.79815,
        "nauc_ndcg_at_3_max": 0.485208,
        "nauc_ndcg_at_3_std": -0.210945,
        "nauc_ndcg_at_3_diff1": 0.763501,
        "nauc_ndcg_at_5_max": 0.482528,
        "nauc_ndcg_at_5_std": -0.202078,
        "nauc_ndcg_at_5_diff1": 0.766362,
        "nauc_ndcg_at_10_max": 0.500048,
        "nauc_ndcg_at_10_std": -0.181235,
        "nauc_ndcg_at_10_diff1": 0.770366,
        "nauc_ndcg_at_20_max": 0.497238,
        "nauc_ndcg_at_20_std": -0.175533,
        "nauc_ndcg_at_20_diff1": 0.77159,
        "nauc_ndcg_at_100_max": 0.494838,
        "nauc_ndcg_at_100_std": -0.18709,
        "nauc_ndcg_at_100_diff1": 0.773267,
        "nauc_ndcg_at_1000_max": 0.492293,
        "nauc_ndcg_at_1000_std": -0.190995,
        "nauc_ndcg_at_1000_diff1": 0.773924,
        "nauc_map_at_1_max": 0.477386,
        "nauc_map_at_1_std": -0.205328,
        "nauc_map_at_1_diff1": 0.79815,
        "nauc_map_at_3_max": 0.484181,
        "nauc_map_at_3_std": -0.210973,
        "nauc_map_at_3_diff1": 0.773328,
        "nauc_map_at_5_max": 0.482776,
        "nauc_map_at_5_std": -0.207194,
        "nauc_map_at_5_diff1": 0.775264,
        "nauc_map_at_10_max": 0.489086,
        "nauc_map_at_10_std": -0.199755,
        "nauc_map_at_10_diff1": 0.776635,
        "nauc_map_at_20_max": 0.488363,
        "nauc_map_at_20_std": -0.198823,
        "nauc_map_at_20_diff1": 0.776911,
        "nauc_map_at_100_max": 0.488066,
        "nauc_map_at_100_std": -0.200081,
        "nauc_map_at_100_diff1": 0.777065,
        "nauc_map_at_1000_max": 0.487987,
        "nauc_map_at_1000_std": -0.200203,
        "nauc_map_at_1000_diff1": 0.777069,
        "nauc_recall_at_1_max": 0.477386,
        "nauc_recall_at_1_std": -0.205328,
        "nauc_recall_at_1_diff1": 0.79815,
        "nauc_recall_at_3_max": 0.489515,
        "nauc_recall_at_3_std": -0.209338,
        "nauc_recall_at_3_diff1": 0.712026,
        "nauc_recall_at_5_max": 0.477759,
        "nauc_recall_at_5_std": -0.151341,
        "nauc_recall_at_5_diff1": 0.693314,
        "nauc_recall_at_10_max": 0.678704,
        "nauc_recall_at_10_std": 0.127451,
        "nauc_recall_at_10_diff1": 0.693454,
        "nauc_recall_at_20_max": 0.695199,
        "nauc_recall_at_20_std": 0.395586,
        "nauc_recall_at_20_diff1": 0.688986,
        "nauc_recall_at_100_max": 0.755333,
        "nauc_recall_at_100_std": 0.278891,
        "nauc_recall_at_100_diff1": 0.712239,
        "nauc_recall_at_1000_max": 0.598133,
        "nauc_recall_at_1000_std": 0.139309,
        "nauc_recall_at_1000_diff1": 0.798413,
        "nauc_precision_at_1_max": 0.477386,
        "nauc_precision_at_1_std": -0.205328,
        "nauc_precision_at_1_diff1": 0.79815,
        "nauc_precision_at_3_max": 0.489515,
        "nauc_precision_at_3_std": -0.209338,
        "nauc_precision_at_3_diff1": 0.712026,
        "nauc_precision_at_5_max": 0.477759,
        "nauc_precision_at_5_std": -0.151341,
        "nauc_precision_at_5_diff1": 0.693314,
        "nauc_precision_at_10_max": 0.678704,
        "nauc_precision_at_10_std": 0.127451,
        "nauc_precision_at_10_diff1": 0.693454,
        "nauc_precision_at_20_max": 0.695199,
        "nauc_precision_at_20_std": 0.395586,
        "nauc_precision_at_20_diff1": 0.688986,
        "nauc_precision_at_100_max": 0.755333,
        "nauc_precision_at_100_std": 0.278891,
        "nauc_precision_at_100_diff1": 0.712239,
        "nauc_precision_at_1000_max": 0.598133,
        "nauc_precision_at_1000_std": 0.139309,
        "nauc_precision_at_1000_diff1": 0.798413,
        "nauc_mrr_at_1_max": 0.479037,
        "nauc_mrr_at_1_std": -0.205302,
        "nauc_mrr_at_1_diff1": 0.799263,
        "nauc_mrr_at_3_max": 0.49084,
        "nauc_mrr_at_3_std": -0.20708,
        "nauc_mrr_at_3_diff1": 0.773497,
        "nauc_mrr_at_5_max": 0.489784,
        "nauc_mrr_at_5_std": -0.203096,
        "nauc_mrr_at_5_diff1": 0.775443,
        "nauc_mrr_at_10_max": 0.494236,
        "nauc_mrr_at_10_std": -0.196955,
        "nauc_mrr_at_10_diff1": 0.777018,
        "nauc_mrr_at_20_max": 0.493537,
        "nauc_mrr_at_20_std": -0.196011,
        "nauc_mrr_at_20_diff1": 0.777296,
        "nauc_mrr_at_100_max": 0.49325,
        "nauc_mrr_at_100_std": -0.197263,
        "nauc_mrr_at_100_diff1": 0.777451,
        "nauc_mrr_at_1000_max": 0.493172,
        "nauc_mrr_at_1000_std": -0.197384,
        "nauc_mrr_at_1000_diff1": 0.777455,
        "main_score": 0.89631,
        "hf_subset": "fa",
        "languages": [
          "fas-Arab"
        ]
      }
    ]
  },
  "evaluation_time": 24.22810673713684,
  "kg_co2_emissions": null
}