{
  "dataset_revision": "b591262de1a2498c3618a4dd386d590450e85dcd",
  "task_name": "HotpotQA-FaHardNegatives",
  "mteb_version": "1.38.33",
  "scores": {
    "test": [
      {
        "ndcg_at_1": 0.668,
        "ndcg_at_3": 0.53519,
        "ndcg_at_5": 0.56348,
        "ndcg_at_10": 0.58967,
        "ndcg_at_20": 0.60638,
        "ndcg_at_100": 0.63196,
        "ndcg_at_1000": 0.65038,
        "map_at_1": 0.334,
        "map_at_3": 0.464,
        "map_at_5": 0.48415,
        "map_at_10": 0.49842,
        "map_at_20": 0.50492,
        "map_at_100": 0.50966,
        "map_at_1000": 0.51066,
        "recall_at_1": 0.334,
        "recall_at_3": 0.506,
        "recall_at_5": 0.562,
        "recall_at_10": 0.6275,
        "recall_at_20": 0.681,
        "recall_at_100": 0.796,
        "recall_at_1000": 0.9155,
        "precision_at_1": 0.668,
        "precision_at_3": 0.33733,
        "precision_at_5": 0.2248,
        "precision_at_10": 0.1255,
        "precision_at_20": 0.0681,
        "precision_at_100": 0.01592,
        "precision_at_1000": 0.00183,
        "mrr_at_1": 0.668,
        "mrr_at_3": 0.721,
        "mrr_at_5": 0.7319,
        "mrr_at_10": 0.739032,
        "mrr_at_20": 0.741209,
        "mrr_at_100": 0.742507,
        "mrr_at_1000": 0.742675,
        "nauc_ndcg_at_1_max": 0.509134,
        "nauc_ndcg_at_1_std": 0.004832,
        "nauc_ndcg_at_1_diff1": 0.666135,
        "nauc_ndcg_at_3_max": 0.341997,
        "nauc_ndcg_at_3_std": 0.016118,
        "nauc_ndcg_at_3_diff1": 0.354003,
        "nauc_ndcg_at_5_max": 0.339851,
        "nauc_ndcg_at_5_std": 0.045411,
        "nauc_ndcg_at_5_diff1": 0.337906,
        "nauc_ndcg_at_10_max": 0.327618,
        "nauc_ndcg_at_10_std": 0.057583,
        "nauc_ndcg_at_10_diff1": 0.322135,
        "nauc_ndcg_at_20_max": 0.332307,
        "nauc_ndcg_at_20_std": 0.069243,
        "nauc_ndcg_at_20_diff1": 0.320142,
        "nauc_ndcg_at_100_max": 0.337524,
        "nauc_ndcg_at_100_std": 0.094471,
        "nauc_ndcg_at_100_diff1": 0.325267,
        "nauc_ndcg_at_1000_max": 0.341141,
        "nauc_ndcg_at_1000_std": 0.086751,
        "nauc_ndcg_at_1000_diff1": 0.332261,
        "nauc_map_at_1_max": 0.509134,
        "nauc_map_at_1_std": 0.004832,
        "nauc_map_at_1_diff1": 0.666135,
        "nauc_map_at_3_max": 0.301818,
        "nauc_map_at_3_std": 0.010189,
        "nauc_map_at_3_diff1": 0.300901,
        "nauc_map_at_5_max": 0.30178,
        "nauc_map_at_5_std": 0.029912,
        "nauc_map_at_5_diff1": 0.292135,
        "nauc_map_at_10_max": 0.295213,
        "nauc_map_at_10_std": 0.037026,
        "nauc_map_at_10_diff1": 0.28328,
        "nauc_map_at_20_max": 0.298064,
        "nauc_map_at_20_std": 0.042384,
        "nauc_map_at_20_diff1": 0.283357,
        "nauc_map_at_100_max": 0.2993,
        "nauc_map_at_100_std": 0.046477,
        "nauc_map_at_100_diff1": 0.284875,
        "nauc_map_at_1000_max": 0.299497,
        "nauc_map_at_1000_std": 0.046341,
        "nauc_map_at_1000_diff1": 0.285074,
        "nauc_recall_at_1_max": 0.509134,
        "nauc_recall_at_1_std": 0.004832,
        "nauc_recall_at_1_diff1": 0.666135,
        "nauc_recall_at_3_max": 0.271468,
        "nauc_recall_at_3_std": 0.022809,
        "nauc_recall_at_3_diff1": 0.232986,
        "nauc_recall_at_5_max": 0.255757,
        "nauc_recall_at_5_std": 0.079417,
        "nauc_recall_at_5_diff1": 0.18981,
        "nauc_recall_at_10_max": 0.209349,
        "nauc_recall_at_10_std": 0.110729,
        "nauc_recall_at_10_diff1": 0.131657,
        "nauc_recall_at_20_max": 0.207561,
        "nauc_recall_at_20_std": 0.150108,
        "nauc_recall_at_20_diff1": 0.103419,
        "nauc_recall_at_100_max": 0.176679,
        "nauc_recall_at_100_std": 0.318701,
        "nauc_recall_at_100_diff1": 0.040702,
        "nauc_recall_at_1000_max": 0.119327,
        "nauc_recall_at_1000_std": 0.428574,
        "nauc_recall_at_1000_diff1": -0.086546,
        "nauc_precision_at_1_max": 0.509134,
        "nauc_precision_at_1_std": 0.004832,
        "nauc_precision_at_1_diff1": 0.666135,
        "nauc_precision_at_3_max": 0.271468,
        "nauc_precision_at_3_std": 0.022809,
        "nauc_precision_at_3_diff1": 0.232986,
        "nauc_precision_at_5_max": 0.255757,
        "nauc_precision_at_5_std": 0.079417,
        "nauc_precision_at_5_diff1": 0.18981,
        "nauc_precision_at_10_max": 0.209349,
        "nauc_precision_at_10_std": 0.110729,
        "nauc_precision_at_10_diff1": 0.131657,
        "nauc_precision_at_20_max": 0.207561,
        "nauc_precision_at_20_std": 0.150108,
        "nauc_precision_at_20_diff1": 0.103419,
        "nauc_precision_at_100_max": 0.176679,
        "nauc_precision_at_100_std": 0.318701,
        "nauc_precision_at_100_diff1": 0.040702,
        "nauc_precision_at_1000_max": 0.119327,
        "nauc_precision_at_1000_std": 0.428574,
        "nauc_precision_at_1000_diff1": -0.086546,
        "nauc_mrr_at_1_max": 0.509134,
        "nauc_mrr_at_1_std": 0.004832,
        "nauc_mrr_at_1_diff1": 0.666135,
        "nauc_mrr_at_3_max": 0.520999,
        "nauc_mrr_at_3_std": 0.019307,
        "nauc_mrr_at_3_diff1": 0.634379,
        "nauc_mrr_at_5_max": 0.523928,
        "nauc_mrr_at_5_std": 0.03162,
        "nauc_mrr_at_5_diff1": 0.633566,
        "nauc_mrr_at_10_max": 0.524199,
        "nauc_mrr_at_10_std": 0.031759,
        "nauc_mrr_at_10_diff1": 0.636175,
        "nauc_mrr_at_20_max": 0.523554,
        "nauc_mrr_at_20_std": 0.030609,
        "nauc_mrr_at_20_diff1": 0.636283,
        "nauc_mrr_at_100_max": 0.523483,
        "nauc_mrr_at_100_std": 0.031042,
        "nauc_mrr_at_100_diff1": 0.636599,
        "nauc_mrr_at_1000_max": 0.523324,
        "nauc_mrr_at_1000_std": 0.030739,
        "nauc_mrr_at_1000_diff1": 0.636598,
        "main_score": 0.58967,
        "hf_subset": "default",
        "languages": [
          "fas-Arab"
        ]
      }
    ]
  },
  "evaluation_time": 1031.094937324524,
  "kg_co2_emissions": null
}