{
  "dataset_revision": "c3262adb1c32ac0c3ea8de6393a44366edaa62e1",
  "task_name": "WebFAQRetrieval",
  "mteb_version": "1.38.33",
  "scores": {
    "test": [
      {
        "ndcg_at_1": 0.6424,
        "ndcg_at_3": 0.73407,
        "ndcg_at_5": 0.75601,
        "ndcg_at_10": 0.77256,
        "ndcg_at_20": 0.78245,
        "ndcg_at_100": 0.79135,
        "ndcg_at_1000": 0.79294,
        "map_at_1": 0.6424,
        "map_at_3": 0.71198,
        "map_at_5": 0.7242,
        "map_at_10": 0.73113,
        "map_at_20": 0.73389,
        "map_at_100": 0.73519,
        "map_at_1000": 0.73525,
        "recall_at_1": 0.6424,
        "recall_at_3": 0.7978,
        "recall_at_5": 0.8509,
        "recall_at_10": 0.9015,
        "recall_at_20": 0.9403,
        "recall_at_100": 0.9874,
        "recall_at_1000": 0.9996,
        "precision_at_1": 0.6424,
        "precision_at_3": 0.26593,
        "precision_at_5": 0.17018,
        "precision_at_10": 0.09015,
        "precision_at_20": 0.04702,
        "precision_at_100": 0.00987,
        "precision_at_1000": 0.001,
        "mrr_at_1": 0.6426,
        "mrr_at_3": 0.71205,
        "mrr_at_5": 0.72429,
        "mrr_at_10": 0.731222,
        "mrr_at_20": 0.733974,
        "mrr_at_100": 0.735268,
        "mrr_at_1000": 0.735333,
        "nauc_ndcg_at_1_max": 0.268984,
        "nauc_ndcg_at_1_std": -0.261001,
        "nauc_ndcg_at_1_diff1": 0.756471,
        "nauc_ndcg_at_3_max": 0.260394,
        "nauc_ndcg_at_3_std": -0.274177,
        "nauc_ndcg_at_3_diff1": 0.71746,
        "nauc_ndcg_at_5_max": 0.260316,
        "nauc_ndcg_at_5_std": -0.278908,
        "nauc_ndcg_at_5_diff1": 0.720275,
        "nauc_ndcg_at_10_max": 0.258198,
        "nauc_ndcg_at_10_std": -0.272956,
        "nauc_ndcg_at_10_diff1": 0.721131,
        "nauc_ndcg_at_20_max": 0.260443,
        "nauc_ndcg_at_20_std": -0.268536,
        "nauc_ndcg_at_20_diff1": 0.725296,
        "nauc_ndcg_at_100_max": 0.261274,
        "nauc_ndcg_at_100_std": -0.269486,
        "nauc_ndcg_at_100_diff1": 0.728395,
        "nauc_ndcg_at_1000_max": 0.261449,
        "nauc_ndcg_at_1000_std": -0.2702,
        "nauc_ndcg_at_1000_diff1": 0.728604,
        "nauc_map_at_1_max": 0.268984,
        "nauc_map_at_1_std": -0.261001,
        "nauc_map_at_1_diff1": 0.756471,
        "nauc_map_at_3_max": 0.262987,
        "nauc_map_at_3_std": -0.270969,
        "nauc_map_at_3_diff1": 0.728143,
        "nauc_map_at_5_max": 0.263155,
        "nauc_map_at_5_std": -0.273236,
        "nauc_map_at_5_diff1": 0.730057,
        "nauc_map_at_10_max": 0.262343,
        "nauc_map_at_10_std": -0.271028,
        "nauc_map_at_10_diff1": 0.73054,
        "nauc_map_at_20_max": 0.26292,
        "nauc_map_at_20_std": -0.2701,
        "nauc_map_at_20_diff1": 0.731612,
        "nauc_map_at_100_max": 0.262945,
        "nauc_map_at_100_std": -0.270178,
        "nauc_map_at_100_diff1": 0.732004,
        "nauc_map_at_1000_max": 0.262953,
        "nauc_map_at_1000_std": -0.270192,
        "nauc_map_at_1000_diff1": 0.732014,
        "nauc_recall_at_1_max": 0.268984,
        "nauc_recall_at_1_std": -0.261001,
        "nauc_recall_at_1_diff1": 0.756471,
        "nauc_recall_at_3_max": 0.25057,
        "nauc_recall_at_3_std": -0.285939,
        "nauc_recall_at_3_diff1": 0.677539,
        "nauc_recall_at_5_max": 0.246505,
        "nauc_recall_at_5_std": -0.306491,
        "nauc_recall_at_5_diff1": 0.674686,
        "nauc_recall_at_10_max": 0.228734,
        "nauc_recall_at_10_std": -0.281196,
        "nauc_recall_at_10_diff1": 0.660523,
        "nauc_recall_at_20_max": 0.237211,
        "nauc_recall_at_20_std": -0.228751,
        "nauc_recall_at_20_diff1": 0.672627,
        "nauc_recall_at_100_max": 0.23316,
        "nauc_recall_at_100_std": -0.163139,
        "nauc_recall_at_100_diff1": 0.710217,
        "nauc_recall_at_1000_max": -0.079949,
        "nauc_recall_at_1000_std": 0.359944,
        "nauc_recall_at_1000_diff1": 0.770075,
        "nauc_precision_at_1_max": 0.268984,
        "nauc_precision_at_1_std": -0.261001,
        "nauc_precision_at_1_diff1": 0.756471,
        "nauc_precision_at_3_max": 0.25057,
        "nauc_precision_at_3_std": -0.285939,
        "nauc_precision_at_3_diff1": 0.677539,
        "nauc_precision_at_5_max": 0.246505,
        "nauc_precision_at_5_std": -0.306491,
        "nauc_precision_at_5_diff1": 0.674686,
        "nauc_precision_at_10_max": 0.228734,
        "nauc_precision_at_10_std": -0.281196,
        "nauc_precision_at_10_diff1": 0.660523,
        "nauc_precision_at_20_max": 0.237211,
        "nauc_precision_at_20_std": -0.228751,
        "nauc_precision_at_20_diff1": 0.672627,
        "nauc_precision_at_100_max": 0.23316,
        "nauc_precision_at_100_std": -0.163139,
        "nauc_precision_at_100_diff1": 0.710217,
        "nauc_precision_at_1000_max": -0.079949,
        "nauc_precision_at_1000_std": 0.359944,
        "nauc_precision_at_1000_diff1": 0.770075,
        "nauc_mrr_at_1_max": 0.268621,
        "nauc_mrr_at_1_std": -0.260283,
        "nauc_mrr_at_1_diff1": 0.756072,
        "nauc_mrr_at_3_max": 0.262867,
        "nauc_mrr_at_3_std": -0.27048,
        "nauc_mrr_at_3_diff1": 0.727946,
        "nauc_mrr_at_5_max": 0.263092,
        "nauc_mrr_at_5_std": -0.272686,
        "nauc_mrr_at_5_diff1": 0.729861,
        "nauc_mrr_at_10_max": 0.262187,
        "nauc_mrr_at_10_std": -0.270667,
        "nauc_mrr_at_10_diff1": 0.730292,
        "nauc_mrr_at_20_max": 0.262792,
        "nauc_mrr_at_20_std": -0.269684,
        "nauc_mrr_at_20_diff1": 0.731372,
        "nauc_mrr_at_100_max": 0.262806,
        "nauc_mrr_at_100_std": -0.269735,
        "nauc_mrr_at_100_diff1": 0.731758,
        "nauc_mrr_at_1000_max": 0.262813,
        "nauc_mrr_at_1000_std": -0.269748,
        "nauc_mrr_at_1000_diff1": 0.731768,
        "main_score": 0.77256,
        "hf_subset": "fas",
        "languages": [
          "fas-Arab"
        ]
      }
    ]
  },
  "evaluation_time": 867.2771878242493,
  "kg_co2_emissions": null
}