{
  "dataset_revision": "fa97814be356fe4d18caadb457b4469bd34019ca",
  "task_name": "ArguAna-Fa",
  "mteb_version": "1.34.14",
  "scores": {
    "test": [
      {
        "ndcg_at_1": 0.19986,
        "ndcg_at_3": 0.32682,
        "ndcg_at_5": 0.37285,
        "ndcg_at_10": 0.4276,
        "ndcg_at_20": 0.46066,
        "ndcg_at_100": 0.48377,
        "ndcg_at_1000": 0.48924,
        "map_at_1": 0.19986,
        "map_at_3": 0.29528,
        "map_at_5": 0.32085,
        "map_at_10": 0.34359,
        "map_at_20": 0.35294,
        "map_at_100": 0.35635,
        "map_at_1000": 0.35656,
        "recall_at_1": 0.19986,
        "recall_at_3": 0.41821,
        "recall_at_5": 0.52987,
        "recall_at_10": 0.69844,
        "recall_at_20": 0.82717,
        "recall_at_100": 0.94879,
        "recall_at_1000": 0.99147,
        "precision_at_1": 0.19986,
        "precision_at_3": 0.1394,
        "precision_at_5": 0.10597,
        "precision_at_10": 0.06984,
        "precision_at_20": 0.04136,
        "precision_at_100": 0.00949,
        "precision_at_1000": 0.00099,
        "mrr_at_1": 0.204125,
        "mrr_at_3": 0.296942,
        "mrr_at_5": 0.322511,
        "mrr_at_10": 0.345114,
        "mrr_at_20": 0.354593,
        "mrr_at_100": 0.358002,
        "mrr_at_1000": 0.358214,
        "nauc_ndcg_at_1_max": -0.012127,
        "nauc_ndcg_at_1_std": -0.081935,
        "nauc_ndcg_at_1_diff1": 0.077221,
        "nauc_ndcg_at_3_max": 0.020551,
        "nauc_ndcg_at_3_std": -0.070072,
        "nauc_ndcg_at_3_diff1": 0.025579,
        "nauc_ndcg_at_5_max": 0.028744,
        "nauc_ndcg_at_5_std": -0.055622,
        "nauc_ndcg_at_5_diff1": 0.033711,
        "nauc_ndcg_at_10_max": 0.050406,
        "nauc_ndcg_at_10_std": -0.034964,
        "nauc_ndcg_at_10_diff1": 0.026763,
        "nauc_ndcg_at_20_max": 0.059668,
        "nauc_ndcg_at_20_std": -0.019658,
        "nauc_ndcg_at_20_diff1": 0.034564,
        "nauc_ndcg_at_100_max": 0.049902,
        "nauc_ndcg_at_100_std": -0.025445,
        "nauc_ndcg_at_100_diff1": 0.039981,
        "nauc_ndcg_at_1000_max": 0.039413,
        "nauc_ndcg_at_1000_std": -0.034348,
        "nauc_ndcg_at_1000_diff1": 0.036438,
        "nauc_map_at_1_max": -0.012127,
        "nauc_map_at_1_std": -0.081935,
        "nauc_map_at_1_diff1": 0.077221,
        "nauc_map_at_3_max": 0.012092,
        "nauc_map_at_3_std": -0.071755,
        "nauc_map_at_3_diff1": 0.035329,
        "nauc_map_at_5_max": 0.016511,
        "nauc_map_at_5_std": -0.063361,
        "nauc_map_at_5_diff1": 0.039863,
        "nauc_map_at_10_max": 0.024962,
        "nauc_map_at_10_std": -0.054252,
        "nauc_map_at_10_diff1": 0.036764,
        "nauc_map_at_20_max": 0.026492,
        "nauc_map_at_20_std": -0.050977,
        "nauc_map_at_20_diff1": 0.038403,
        "nauc_map_at_100_max": 0.025073,
        "nauc_map_at_100_std": -0.051528,
        "nauc_map_at_100_diff1": 0.039178,
        "nauc_map_at_1000_max": 0.024703,
        "nauc_map_at_1000_std": -0.051842,
        "nauc_map_at_1000_diff1": 0.039021,
        "nauc_recall_at_1_max": -0.012127,
        "nauc_recall_at_1_std": -0.081935,
        "nauc_recall_at_1_diff1": 0.077221,
        "nauc_recall_at_3_max": 0.042972,
        "nauc_recall_at_3_std": -0.066037,
        "nauc_recall_at_3_diff1": 0.000855,
        "nauc_recall_at_5_max": 0.063698,
        "nauc_recall_at_5_std": -0.033254,
        "nauc_recall_at_5_diff1": 0.018986,
        "nauc_recall_at_10_max": 0.150356,
        "nauc_recall_at_10_std": 0.040273,
        "nauc_recall_at_10_diff1": -0.006815,
        "nauc_recall_at_20_max": 0.273779,
        "nauc_recall_at_20_std": 0.187914,
        "nauc_recall_at_20_diff1": 0.032463,
        "nauc_recall_at_100_max": 0.478566,
        "nauc_recall_at_100_std": 0.45084,
        "nauc_recall_at_100_diff1": 0.167618,
        "nauc_recall_at_1000_max": 0.262281,
        "nauc_recall_at_1000_std": 0.810755,
        "nauc_recall_at_1000_diff1": 0.072924,
        "nauc_precision_at_1_max": -0.012127,
        "nauc_precision_at_1_std": -0.081935,
        "nauc_precision_at_1_diff1": 0.077221,
        "nauc_precision_at_3_max": 0.042972,
        "nauc_precision_at_3_std": -0.066037,
        "nauc_precision_at_3_diff1": 0.000855,
        "nauc_precision_at_5_max": 0.063698,
        "nauc_precision_at_5_std": -0.033254,
        "nauc_precision_at_5_diff1": 0.018986,
        "nauc_precision_at_10_max": 0.150356,
        "nauc_precision_at_10_std": 0.040273,
        "nauc_precision_at_10_diff1": -0.006815,
        "nauc_precision_at_20_max": 0.273779,
        "nauc_precision_at_20_std": 0.187914,
        "nauc_precision_at_20_diff1": 0.032463,
        "nauc_precision_at_100_max": 0.478566,
        "nauc_precision_at_100_std": 0.45084,
        "nauc_precision_at_100_diff1": 0.167618,
        "nauc_precision_at_1000_max": 0.262281,
        "nauc_precision_at_1000_std": 0.810755,
        "nauc_precision_at_1000_diff1": 0.072924,
        "nauc_mrr_at_1_max": -0.013616,
        "nauc_mrr_at_1_std": -0.074878,
        "nauc_mrr_at_1_diff1": 0.061944,
        "nauc_mrr_at_3_max": 0.008388,
        "nauc_mrr_at_3_std": -0.070431,
        "nauc_mrr_at_3_diff1": 0.025723,
        "nauc_mrr_at_5_max": 0.013239,
        "nauc_mrr_at_5_std": -0.060309,
        "nauc_mrr_at_5_diff1": 0.029812,
        "nauc_mrr_at_10_max": 0.020723,
        "nauc_mrr_at_10_std": -0.052455,
        "nauc_mrr_at_10_diff1": 0.026031,
        "nauc_mrr_at_20_max": 0.02286,
        "nauc_mrr_at_20_std": -0.048656,
        "nauc_mrr_at_20_diff1": 0.028134,
        "nauc_mrr_at_100_max": 0.021382,
        "nauc_mrr_at_100_std": -0.049184,
        "nauc_mrr_at_100_diff1": 0.028777,
        "nauc_mrr_at_1000_max": 0.021011,
        "nauc_mrr_at_1000_std": -0.049495,
        "nauc_mrr_at_1000_diff1": 0.028614,
        "main_score": 0.4276,
        "hf_subset": "default",
        "languages": [
          "fas-Arab"
        ]
      }
    ]
  },
  "evaluation_time": 35.10742712020874,
  "kg_co2_emissions": null
}