{
  "dataset_revision": "e907c4144dc27bc8a035d78d69e15f39c56623a9",
  "task_name": "CQADupstackGisRetrieval-Fa",
  "mteb_version": "1.34.14",
  "scores": {
    "test": [
      {
        "ndcg_at_1": 0.0678,
        "ndcg_at_3": 0.09081,
        "ndcg_at_5": 0.09535,
        "ndcg_at_10": 0.10685,
        "ndcg_at_20": 0.11694,
        "ndcg_at_100": 0.14279,
        "ndcg_at_1000": 0.17607,
        "map_at_1": 0.06092,
        "map_at_3": 0.08165,
        "map_at_5": 0.08415,
        "map_at_10": 0.08869,
        "map_at_20": 0.09138,
        "map_at_100": 0.09478,
        "map_at_1000": 0.0958,
        "recall_at_1": 0.06092,
        "recall_at_3": 0.10936,
        "recall_at_5": 0.11997,
        "recall_at_10": 0.15557,
        "recall_at_20": 0.19499,
        "recall_at_100": 0.33175,
        "recall_at_1000": 0.59903,
        "precision_at_1": 0.0678,
        "precision_at_3": 0.04105,
        "precision_at_5": 0.02734,
        "precision_at_10": 0.01774,
        "precision_at_20": 0.01107,
        "precision_at_100": 0.0039,
        "precision_at_1000": 0.0007,
        "mrr_at_1": 0.067797,
        "mrr_at_3": 0.089831,
        "mrr_at_5": 0.092994,
        "mrr_at_10": 0.097786,
        "mrr_at_20": 0.100673,
        "mrr_at_100": 0.103962,
        "mrr_at_1000": 0.104973,
        "nauc_ndcg_at_1_max": 0.256647,
        "nauc_ndcg_at_1_std": 0.004342,
        "nauc_ndcg_at_1_diff1": 0.416978,
        "nauc_ndcg_at_3_max": 0.253182,
        "nauc_ndcg_at_3_std": 0.013062,
        "nauc_ndcg_at_3_diff1": 0.318122,
        "nauc_ndcg_at_5_max": 0.237781,
        "nauc_ndcg_at_5_std": 0.003778,
        "nauc_ndcg_at_5_diff1": 0.302509,
        "nauc_ndcg_at_10_max": 0.207062,
        "nauc_ndcg_at_10_std": 0.010139,
        "nauc_ndcg_at_10_diff1": 0.274687,
        "nauc_ndcg_at_20_max": 0.204928,
        "nauc_ndcg_at_20_std": 0.024365,
        "nauc_ndcg_at_20_diff1": 0.25893,
        "nauc_ndcg_at_100_max": 0.196919,
        "nauc_ndcg_at_100_std": 0.048318,
        "nauc_ndcg_at_100_diff1": 0.236183,
        "nauc_ndcg_at_1000_max": 0.203125,
        "nauc_ndcg_at_1000_std": 0.069588,
        "nauc_ndcg_at_1000_diff1": 0.228046,
        "nauc_map_at_1_max": 0.24773,
        "nauc_map_at_1_std": -0.007757,
        "nauc_map_at_1_diff1": 0.446187,
        "nauc_map_at_3_max": 0.249398,
        "nauc_map_at_3_std": 0.002905,
        "nauc_map_at_3_diff1": 0.342303,
        "nauc_map_at_5_max": 0.239644,
        "nauc_map_at_5_std": -0.002622,
        "nauc_map_at_5_diff1": 0.332343,
        "nauc_map_at_10_max": 0.225607,
        "nauc_map_at_10_std": -0.000975,
        "nauc_map_at_10_diff1": 0.318206,
        "nauc_map_at_20_max": 0.22521,
        "nauc_map_at_20_std": 0.004137,
        "nauc_map_at_20_diff1": 0.312141,
        "nauc_map_at_100_max": 0.221487,
        "nauc_map_at_100_std": 0.007787,
        "nauc_map_at_100_diff1": 0.307307,
        "nauc_map_at_1000_max": 0.22141,
        "nauc_map_at_1000_std": 0.008457,
        "nauc_map_at_1000_diff1": 0.306736,
        "nauc_recall_at_1_max": 0.24773,
        "nauc_recall_at_1_std": -0.007757,
        "nauc_recall_at_1_diff1": 0.446187,
        "nauc_recall_at_3_max": 0.258461,
        "nauc_recall_at_3_std": 0.03037,
        "nauc_recall_at_3_diff1": 0.267471,
        "nauc_recall_at_5_max": 0.226704,
        "nauc_recall_at_5_std": 0.01012,
        "nauc_recall_at_5_diff1": 0.240998,
        "nauc_recall_at_10_max": 0.158956,
        "nauc_recall_at_10_std": 0.02705,
        "nauc_recall_at_10_diff1": 0.188127,
        "nauc_recall_at_20_max": 0.158435,
        "nauc_recall_at_20_std": 0.061703,
        "nauc_recall_at_20_diff1": 0.159203,
        "nauc_recall_at_100_max": 0.152492,
        "nauc_recall_at_100_std": 0.128076,
        "nauc_recall_at_100_diff1": 0.111064,
        "nauc_recall_at_1000_max": 0.180646,
        "nauc_recall_at_1000_std": 0.240284,
        "nauc_recall_at_1000_diff1": 0.061908,
        "nauc_precision_at_1_max": 0.256647,
        "nauc_precision_at_1_std": 0.004342,
        "nauc_precision_at_1_diff1": 0.416978,
        "nauc_precision_at_3_max": 0.241633,
        "nauc_precision_at_3_std": 0.024759,
        "nauc_precision_at_3_diff1": 0.260511,
        "nauc_precision_at_5_max": 0.221145,
        "nauc_precision_at_5_std": 0.007389,
        "nauc_precision_at_5_diff1": 0.236614,
        "nauc_precision_at_10_max": 0.163193,
        "nauc_precision_at_10_std": 0.027498,
        "nauc_precision_at_10_diff1": 0.183224,
        "nauc_precision_at_20_max": 0.161123,
        "nauc_precision_at_20_std": 0.052911,
        "nauc_precision_at_20_diff1": 0.156598,
        "nauc_precision_at_100_max": 0.146141,
        "nauc_precision_at_100_std": 0.116025,
        "nauc_precision_at_100_diff1": 0.100548,
        "nauc_precision_at_1000_max": 0.162205,
        "nauc_precision_at_1000_std": 0.213988,
        "nauc_precision_at_1000_diff1": 0.042598,
        "nauc_mrr_at_1_max": 0.256647,
        "nauc_mrr_at_1_std": 0.004342,
        "nauc_mrr_at_1_diff1": 0.416978,
        "nauc_mrr_at_3_max": 0.250671,
        "nauc_mrr_at_3_std": 0.012779,
        "nauc_mrr_at_3_diff1": 0.330222,
        "nauc_mrr_at_5_max": 0.244279,
        "nauc_mrr_at_5_std": 0.008233,
        "nauc_mrr_at_5_diff1": 0.32056,
        "nauc_mrr_at_10_max": 0.230244,
        "nauc_mrr_at_10_std": 0.010987,
        "nauc_mrr_at_10_diff1": 0.309451,
        "nauc_mrr_at_20_max": 0.228912,
        "nauc_mrr_at_20_std": 0.014701,
        "nauc_mrr_at_20_diff1": 0.304383,
        "nauc_mrr_at_100_max": 0.226054,
        "nauc_mrr_at_100_std": 0.018046,
        "nauc_mrr_at_100_diff1": 0.299814,
        "nauc_mrr_at_1000_max": 0.225981,
        "nauc_mrr_at_1000_std": 0.018727,
        "nauc_mrr_at_1000_diff1": 0.29926,
        "main_score": 0.10685,
        "hf_subset": "default",
        "languages": [
          "fas-Arab"
        ]
      }
    ]
  },
  "evaluation_time": 138.45119833946228,
  "kg_co2_emissions": null
}