{
  "dataset_revision": "860d152c86fda27229270b6bf4e832ff374ac01b",
  "task_name": "CQADupstackTexRetrieval-Fa",
  "mteb_version": "1.34.14",
  "scores": {
    "test": [
      {
        "ndcg_at_1": 0.05196,
        "ndcg_at_3": 0.06268,
        "ndcg_at_5": 0.07118,
        "ndcg_at_10": 0.07986,
        "ndcg_at_20": 0.08927,
        "ndcg_at_100": 0.10895,
        "ndcg_at_1000": 0.13642,
        "map_at_1": 0.04356,
        "map_at_3": 0.05553,
        "map_at_5": 0.06064,
        "map_at_10": 0.06432,
        "map_at_20": 0.06685,
        "map_at_100": 0.06934,
        "map_at_1000": 0.07019,
        "recall_at_1": 0.04356,
        "recall_at_3": 0.0702,
        "recall_at_5": 0.09165,
        "recall_at_10": 0.11807,
        "recall_at_20": 0.15348,
        "recall_at_100": 0.2555,
        "recall_at_1000": 0.4654,
        "precision_at_1": 0.05196,
        "precision_at_3": 0.02914,
        "precision_at_5": 0.02278,
        "precision_at_10": 0.01473,
        "precision_at_20": 0.00972,
        "precision_at_100": 0.00339,
        "precision_at_1000": 0.00067,
        "mrr_at_1": 0.051961,
        "mrr_at_3": 0.065955,
        "mrr_at_5": 0.071255,
        "mrr_at_10": 0.075178,
        "mrr_at_20": 0.078077,
        "mrr_at_100": 0.08096,
        "mrr_at_1000": 0.081795,
        "nauc_ndcg_at_1_max": 0.149269,
        "nauc_ndcg_at_1_std": -0.072555,
        "nauc_ndcg_at_1_diff1": 0.360642,
        "nauc_ndcg_at_3_max": 0.11399,
        "nauc_ndcg_at_3_std": -0.082221,
        "nauc_ndcg_at_3_diff1": 0.284765,
        "nauc_ndcg_at_5_max": 0.117434,
        "nauc_ndcg_at_5_std": -0.062086,
        "nauc_ndcg_at_5_diff1": 0.255572,
        "nauc_ndcg_at_10_max": 0.107933,
        "nauc_ndcg_at_10_std": -0.056126,
        "nauc_ndcg_at_10_diff1": 0.242013,
        "nauc_ndcg_at_20_max": 0.099204,
        "nauc_ndcg_at_20_std": -0.040716,
        "nauc_ndcg_at_20_diff1": 0.225944,
        "nauc_ndcg_at_100_max": 0.081632,
        "nauc_ndcg_at_100_std": -0.023641,
        "nauc_ndcg_at_100_diff1": 0.206669,
        "nauc_ndcg_at_1000_max": 0.085496,
        "nauc_ndcg_at_1000_std": 0.007231,
        "nauc_ndcg_at_1000_diff1": 0.192966,
        "nauc_map_at_1_max": 0.161132,
        "nauc_map_at_1_std": -0.086646,
        "nauc_map_at_1_diff1": 0.417191,
        "nauc_map_at_3_max": 0.124909,
        "nauc_map_at_3_std": -0.087387,
        "nauc_map_at_3_diff1": 0.318664,
        "nauc_map_at_5_max": 0.126182,
        "nauc_map_at_5_std": -0.073364,
        "nauc_map_at_5_diff1": 0.29604,
        "nauc_map_at_10_max": 0.120387,
        "nauc_map_at_10_std": -0.069518,
        "nauc_map_at_10_diff1": 0.287502,
        "nauc_map_at_20_max": 0.117226,
        "nauc_map_at_20_std": -0.06418,
        "nauc_map_at_20_diff1": 0.281165,
        "nauc_map_at_100_max": 0.113473,
        "nauc_map_at_100_std": -0.060113,
        "nauc_map_at_100_diff1": 0.277073,
        "nauc_map_at_1000_max": 0.113678,
        "nauc_map_at_1000_std": -0.058543,
        "nauc_map_at_1000_diff1": 0.276225,
        "nauc_recall_at_1_max": 0.161132,
        "nauc_recall_at_1_std": -0.086646,
        "nauc_recall_at_1_diff1": 0.417191,
        "nauc_recall_at_3_max": 0.097764,
        "nauc_recall_at_3_std": -0.087119,
        "nauc_recall_at_3_diff1": 0.244985,
        "nauc_recall_at_5_max": 0.104174,
        "nauc_recall_at_5_std": -0.051013,
        "nauc_recall_at_5_diff1": 0.196499,
        "nauc_recall_at_10_max": 0.083658,
        "nauc_recall_at_10_std": -0.038157,
        "nauc_recall_at_10_diff1": 0.172416,
        "nauc_recall_at_20_max": 0.066589,
        "nauc_recall_at_20_std": -0.006188,
        "nauc_recall_at_20_diff1": 0.146199,
        "nauc_recall_at_100_max": 0.027633,
        "nauc_recall_at_100_std": 0.025783,
        "nauc_recall_at_100_diff1": 0.1088,
        "nauc_recall_at_1000_max": 0.039115,
        "nauc_recall_at_1000_std": 0.124396,
        "nauc_recall_at_1000_diff1": 0.063868,
        "nauc_precision_at_1_max": 0.149269,
        "nauc_precision_at_1_std": -0.072555,
        "nauc_precision_at_1_diff1": 0.360642,
        "nauc_precision_at_3_max": 0.093829,
        "nauc_precision_at_3_std": -0.074022,
        "nauc_precision_at_3_diff1": 0.212411,
        "nauc_precision_at_5_max": 0.105998,
        "nauc_precision_at_5_std": -0.032136,
        "nauc_precision_at_5_diff1": 0.174416,
        "nauc_precision_at_10_max": 0.095889,
        "nauc_precision_at_10_std": -0.020055,
        "nauc_precision_at_10_diff1": 0.159403,
        "nauc_precision_at_20_max": 0.075179,
        "nauc_precision_at_20_std": 0.015187,
        "nauc_precision_at_20_diff1": 0.130694,
        "nauc_precision_at_100_max": 0.032381,
        "nauc_precision_at_100_std": 0.046817,
        "nauc_precision_at_100_diff1": 0.096935,
        "nauc_precision_at_1000_max": 0.042826,
        "nauc_precision_at_1000_std": 0.147422,
        "nauc_precision_at_1000_diff1": 0.040271,
        "nauc_mrr_at_1_max": 0.149269,
        "nauc_mrr_at_1_std": -0.072555,
        "nauc_mrr_at_1_diff1": 0.360642,
        "nauc_mrr_at_3_max": 0.119486,
        "nauc_mrr_at_3_std": -0.067277,
        "nauc_mrr_at_3_diff1": 0.281975,
        "nauc_mrr_at_5_max": 0.12196,
        "nauc_mrr_at_5_std": -0.056105,
        "nauc_mrr_at_5_diff1": 0.266946,
        "nauc_mrr_at_10_max": 0.116445,
        "nauc_mrr_at_10_std": -0.0548,
        "nauc_mrr_at_10_diff1": 0.257464,
        "nauc_mrr_at_20_max": 0.113559,
        "nauc_mrr_at_20_std": -0.050201,
        "nauc_mrr_at_20_diff1": 0.251331,
        "nauc_mrr_at_100_max": 0.109533,
        "nauc_mrr_at_100_std": -0.046698,
        "nauc_mrr_at_100_diff1": 0.24745,
        "nauc_mrr_at_1000_max": 0.109846,
        "nauc_mrr_at_1000_std": -0.045417,
        "nauc_mrr_at_1000_diff1": 0.246982,
        "main_score": 0.07986,
        "hf_subset": "default",
        "languages": [
          "fas-Arab"
        ]
      }
    ]
  },
  "evaluation_time": 328.913206577301,
  "kg_co2_emissions": null
}