{
  "dataset_revision": "13529e6e301e9d72f86def882cfbca04791d83f9",
  "task_name": "DBPedia-Fa",
  "mteb_version": "1.34.14",
  "scores": {
    "test": [
      {
        "ndcg_at_1": 0.275,
        "ndcg_at_3": 0.23903,
        "ndcg_at_5": 0.23184,
        "ndcg_at_10": 0.21851,
        "ndcg_at_20": 0.21419,
        "ndcg_at_100": 0.24737,
        "ndcg_at_1000": 0.31325,
        "map_at_1": 0.0383,
        "map_at_3": 0.05732,
        "map_at_5": 0.06899,
        "map_at_10": 0.08195,
        "map_at_20": 0.09349,
        "map_at_100": 0.11118,
        "map_at_1000": 0.12025,
        "recall_at_1": 0.0383,
        "recall_at_3": 0.0714,
        "recall_at_5": 0.09667,
        "recall_at_10": 0.12757,
        "recall_at_20": 0.16938,
        "recall_at_100": 0.29067,
        "recall_at_1000": 0.50521,
        "precision_at_1": 0.335,
        "precision_at_3": 0.26083,
        "precision_at_5": 0.2305,
        "precision_at_10": 0.178,
        "precision_at_20": 0.13487,
        "precision_at_100": 0.05795,
        "precision_at_1000": 0.01284,
        "mrr_at_1": 0.335,
        "mrr_at_3": 0.423333,
        "mrr_at_5": 0.442208,
        "mrr_at_10": 0.449829,
        "mrr_at_20": 0.45491,
        "mrr_at_100": 0.458039,
        "mrr_at_1000": 0.458379,
        "nauc_ndcg_at_1_max": 0.394047,
        "nauc_ndcg_at_1_std": 0.210962,
        "nauc_ndcg_at_1_diff1": 0.368133,
        "nauc_ndcg_at_3_max": 0.437217,
        "nauc_ndcg_at_3_std": 0.281415,
        "nauc_ndcg_at_3_diff1": 0.274616,
        "nauc_ndcg_at_5_max": 0.47689,
        "nauc_ndcg_at_5_std": 0.295924,
        "nauc_ndcg_at_5_diff1": 0.271092,
        "nauc_ndcg_at_10_max": 0.482964,
        "nauc_ndcg_at_10_std": 0.312129,
        "nauc_ndcg_at_10_diff1": 0.270024,
        "nauc_ndcg_at_20_max": 0.484562,
        "nauc_ndcg_at_20_std": 0.305797,
        "nauc_ndcg_at_20_diff1": 0.274554,
        "nauc_ndcg_at_100_max": 0.490051,
        "nauc_ndcg_at_100_std": 0.330371,
        "nauc_ndcg_at_100_diff1": 0.267805,
        "nauc_ndcg_at_1000_max": 0.517075,
        "nauc_ndcg_at_1000_std": 0.431373,
        "nauc_ndcg_at_1000_diff1": 0.242653,
        "nauc_map_at_1_max": 0.323164,
        "nauc_map_at_1_std": -0.035169,
        "nauc_map_at_1_diff1": 0.391277,
        "nauc_map_at_3_max": 0.355032,
        "nauc_map_at_3_std": 0.007884,
        "nauc_map_at_3_diff1": 0.322573,
        "nauc_map_at_5_max": 0.38712,
        "nauc_map_at_5_std": 0.035549,
        "nauc_map_at_5_diff1": 0.332145,
        "nauc_map_at_10_max": 0.405867,
        "nauc_map_at_10_std": 0.094449,
        "nauc_map_at_10_diff1": 0.320258,
        "nauc_map_at_20_max": 0.432245,
        "nauc_map_at_20_std": 0.149044,
        "nauc_map_at_20_diff1": 0.302897,
        "nauc_map_at_100_max": 0.467328,
        "nauc_map_at_100_std": 0.231627,
        "nauc_map_at_100_diff1": 0.277291,
        "nauc_map_at_1000_max": 0.475385,
        "nauc_map_at_1000_std": 0.267411,
        "nauc_map_at_1000_diff1": 0.264246,
        "nauc_recall_at_1_max": 0.323164,
        "nauc_recall_at_1_std": -0.035169,
        "nauc_recall_at_1_diff1": 0.391277,
        "nauc_recall_at_3_max": 0.319134,
        "nauc_recall_at_3_std": 0.016754,
        "nauc_recall_at_3_diff1": 0.223016,
        "nauc_recall_at_5_max": 0.332782,
        "nauc_recall_at_5_std": 0.018638,
        "nauc_recall_at_5_diff1": 0.258943,
        "nauc_recall_at_10_max": 0.321436,
        "nauc_recall_at_10_std": 0.057102,
        "nauc_recall_at_10_diff1": 0.247883,
        "nauc_recall_at_20_max": 0.346584,
        "nauc_recall_at_20_std": 0.130211,
        "nauc_recall_at_20_diff1": 0.216893,
        "nauc_recall_at_100_max": 0.354333,
        "nauc_recall_at_100_std": 0.215585,
        "nauc_recall_at_100_diff1": 0.168247,
        "nauc_recall_at_1000_max": 0.395633,
        "nauc_recall_at_1000_std": 0.381827,
        "nauc_recall_at_1000_diff1": 0.147447,
        "nauc_precision_at_1_max": 0.419094,
        "nauc_precision_at_1_std": 0.244487,
        "nauc_precision_at_1_diff1": 0.386399,
        "nauc_precision_at_3_max": 0.417869,
        "nauc_precision_at_3_std": 0.334475,
        "nauc_precision_at_3_diff1": 0.196063,
        "nauc_precision_at_5_max": 0.470531,
        "nauc_precision_at_5_std": 0.391023,
        "nauc_precision_at_5_diff1": 0.171413,
        "nauc_precision_at_10_max": 0.445391,
        "nauc_precision_at_10_std": 0.45722,
        "nauc_precision_at_10_diff1": 0.12172,
        "nauc_precision_at_20_max": 0.421244,
        "nauc_precision_at_20_std": 0.496478,
        "nauc_precision_at_20_diff1": 0.062448,
        "nauc_precision_at_100_max": 0.316262,
        "nauc_precision_at_100_std": 0.495639,
        "nauc_precision_at_100_diff1": -0.027724,
        "nauc_precision_at_1000_max": 0.098397,
        "nauc_precision_at_1000_std": 0.371304,
        "nauc_precision_at_1000_diff1": -0.145305,
        "nauc_mrr_at_1_max": 0.419094,
        "nauc_mrr_at_1_std": 0.244487,
        "nauc_mrr_at_1_diff1": 0.386399,
        "nauc_mrr_at_3_max": 0.444773,
        "nauc_mrr_at_3_std": 0.313339,
        "nauc_mrr_at_3_diff1": 0.322577,
        "nauc_mrr_at_5_max": 0.459884,
        "nauc_mrr_at_5_std": 0.317297,
        "nauc_mrr_at_5_diff1": 0.332106,
        "nauc_mrr_at_10_max": 0.457988,
        "nauc_mrr_at_10_std": 0.316815,
        "nauc_mrr_at_10_diff1": 0.33513,
        "nauc_mrr_at_20_max": 0.457485,
        "nauc_mrr_at_20_std": 0.319588,
        "nauc_mrr_at_20_diff1": 0.334308,
        "nauc_mrr_at_100_max": 0.456038,
        "nauc_mrr_at_100_std": 0.319129,
        "nauc_mrr_at_100_diff1": 0.334102,
        "nauc_mrr_at_1000_max": 0.455922,
        "nauc_mrr_at_1000_std": 0.318875,
        "nauc_mrr_at_1000_diff1": 0.334209,
        "main_score": 0.21851,
        "hf_subset": "default",
        "languages": [
          "fas-Arab"
        ]
      }
    ]
  },
  "evaluation_time": 5970.909911155701,
  "kg_co2_emissions": null
}