{
  "dataset_revision": "7335288588f14e5a687d97fc979194c2abe6f4e7",
  "task_name": "FarsTail",
  "mteb_version": "1.34.14",
  "scores": {
    "test": [
      {
        "similarity_accuracy": 0.678328,
        "similarity_accuracy_threshold": 0.694535,
        "similarity_f1": 0.719697,
        "similarity_f1_threshold": 0.590632,
        "similarity_precision": 0.593009,
        "similarity_recall": 0.915222,
        "similarity_ap": 0.737114,
        "cosine_accuracy": 0.678328,
        "cosine_accuracy_threshold": 0.694535,
        "cosine_f1": 0.719697,
        "cosine_f1_threshold": 0.590632,
        "cosine_precision": 0.593009,
        "cosine_recall": 0.915222,
        "cosine_ap": 0.737114,
        "manhattan_accuracy": 0.671526,
        "manhattan_accuracy_threshold": 475.350403,
        "manhattan_f1": 0.71644,
        "manhattan_f1_threshold": 545.682129,
        "manhattan_precision": 0.5886,
        "manhattan_recall": 0.915222,
        "manhattan_ap": 0.731084,
        "euclidean_accuracy": 0.678328,
        "euclidean_accuracy_threshold": 21.577728,
        "euclidean_f1": 0.719697,
        "euclidean_f1_threshold": 24.979561,
        "euclidean_precision": 0.593009,
        "euclidean_recall": 0.915222,
        "euclidean_ap": 0.737105,
        "dot_accuracy": 0.678328,
        "dot_accuracy_threshold": 529.315674,
        "dot_f1": 0.719697,
        "dot_f1_threshold": 450.134888,
        "dot_precision": 0.593009,
        "dot_recall": 0.915222,
        "dot_ap": 0.737118,
        "max_accuracy": 0.678328,
        "max_f1": 0.719697,
        "max_precision": 0.593009,
        "max_recall": 0.915222,
        "max_ap": 0.737118,
        "main_score": 0.737118,
        "hf_subset": "default",
        "languages": [
          "fas-Arab"
        ]
      }
    ]
  },
  "evaluation_time": 1.0087380409240723,
  "kg_co2_emissions": null
}