{
  "dataset_revision": "main",
  "task_name": "MIRACLRetrieval",
  "mteb_version": "1.34.14",
  "scores": {
    "dev": [
      {
        "ndcg_at_1": 0.35285,
        "ndcg_at_3": 0.37275,
        "ndcg_at_5": 0.39521,
        "ndcg_at_10": 0.42997,
        "ndcg_at_20": 0.45693,
        "ndcg_at_100": 0.49316,
        "ndcg_at_1000": 0.51289,
        "map_at_1": 0.22016,
        "map_at_3": 0.30746,
        "map_at_5": 0.33255,
        "map_at_10": 0.35449,
        "map_at_20": 0.36529,
        "map_at_100": 0.37236,
        "map_at_1000": 0.37343,
        "recall_at_1": 0.22016,
        "recall_at_3": 0.37785,
        "recall_at_5": 0.44782,
        "recall_at_10": 0.53835,
        "recall_at_20": 0.62471,
        "recall_at_100": 0.78244,
        "recall_at_1000": 0.91008,
        "precision_at_1": 0.35285,
        "precision_at_3": 0.22205,
        "precision_at_5": 0.16551,
        "precision_at_10": 0.10491,
        "precision_at_20": 0.06195,
        "precision_at_100": 0.016,
        "precision_at_1000": 0.00189,
        "mrr_at_1": 0.352848,
        "mrr_at_3": 0.435654,
        "mrr_at_5": 0.44847,
        "mrr_at_10": 0.459553,
        "mrr_at_20": 0.464329,
        "mrr_at_100": 0.467489,
        "mrr_at_1000": 0.467797,
        "nauc_ndcg_at_1_max": 0.382571,
        "nauc_ndcg_at_1_std": 0.130797,
        "nauc_ndcg_at_1_diff1": 0.379344,
        "nauc_ndcg_at_3_max": 0.365291,
        "nauc_ndcg_at_3_std": 0.099796,
        "nauc_ndcg_at_3_diff1": 0.307209,
        "nauc_ndcg_at_5_max": 0.368303,
        "nauc_ndcg_at_5_std": 0.114913,
        "nauc_ndcg_at_5_diff1": 0.29942,
        "nauc_ndcg_at_10_max": 0.393755,
        "nauc_ndcg_at_10_std": 0.145402,
        "nauc_ndcg_at_10_diff1": 0.295933,
        "nauc_ndcg_at_20_max": 0.406804,
        "nauc_ndcg_at_20_std": 0.162169,
        "nauc_ndcg_at_20_diff1": 0.294698,
        "nauc_ndcg_at_100_max": 0.41342,
        "nauc_ndcg_at_100_std": 0.192235,
        "nauc_ndcg_at_100_diff1": 0.299308,
        "nauc_ndcg_at_1000_max": 0.412677,
        "nauc_ndcg_at_1000_std": 0.189026,
        "nauc_ndcg_at_1000_diff1": 0.308925,
        "nauc_map_at_1_max": 0.260629,
        "nauc_map_at_1_std": 0.017108,
        "nauc_map_at_1_diff1": 0.396755,
        "nauc_map_at_3_max": 0.326794,
        "nauc_map_at_3_std": 0.05772,
        "nauc_map_at_3_diff1": 0.335896,
        "nauc_map_at_5_max": 0.342873,
        "nauc_map_at_5_std": 0.080221,
        "nauc_map_at_5_diff1": 0.322819,
        "nauc_map_at_10_max": 0.361094,
        "nauc_map_at_10_std": 0.101859,
        "nauc_map_at_10_diff1": 0.315814,
        "nauc_map_at_20_max": 0.369648,
        "nauc_map_at_20_std": 0.111395,
        "nauc_map_at_20_diff1": 0.315465,
        "nauc_map_at_100_max": 0.373321,
        "nauc_map_at_100_std": 0.119536,
        "nauc_map_at_100_diff1": 0.315806,
        "nauc_map_at_1000_max": 0.37323,
        "nauc_map_at_1000_std": 0.119572,
        "nauc_map_at_1000_diff1": 0.316265,
        "nauc_recall_at_1_max": 0.260629,
        "nauc_recall_at_1_std": 0.017108,
        "nauc_recall_at_1_diff1": 0.396755,
        "nauc_recall_at_3_max": 0.299649,
        "nauc_recall_at_3_std": 0.05427,
        "nauc_recall_at_3_diff1": 0.255481,
        "nauc_recall_at_5_max": 0.313664,
        "nauc_recall_at_5_std": 0.100778,
        "nauc_recall_at_5_diff1": 0.219432,
        "nauc_recall_at_10_max": 0.37067,
        "nauc_recall_at_10_std": 0.181294,
        "nauc_recall_at_10_diff1": 0.200968,
        "nauc_recall_at_20_max": 0.39761,
        "nauc_recall_at_20_std": 0.223172,
        "nauc_recall_at_20_diff1": 0.186823,
        "nauc_recall_at_100_max": 0.413516,
        "nauc_recall_at_100_std": 0.406319,
        "nauc_recall_at_100_diff1": 0.171303,
        "nauc_recall_at_1000_max": 0.501545,
        "nauc_recall_at_1000_std": 0.616884,
        "nauc_recall_at_1000_diff1": 0.303462,
        "nauc_precision_at_1_max": 0.382571,
        "nauc_precision_at_1_std": 0.130797,
        "nauc_precision_at_1_diff1": 0.379344,
        "nauc_precision_at_3_max": 0.448889,
        "nauc_precision_at_3_std": 0.21172,
        "nauc_precision_at_3_diff1": 0.182362,
        "nauc_precision_at_5_max": 0.419055,
        "nauc_precision_at_5_std": 0.245976,
        "nauc_precision_at_5_diff1": 0.112023,
        "nauc_precision_at_10_max": 0.40207,
        "nauc_precision_at_10_std": 0.277076,
        "nauc_precision_at_10_diff1": 0.059571,
        "nauc_precision_at_20_max": 0.380667,
        "nauc_precision_at_20_std": 0.300578,
        "nauc_precision_at_20_diff1": 0.027275,
        "nauc_precision_at_100_max": 0.298795,
        "nauc_precision_at_100_std": 0.337888,
        "nauc_precision_at_100_diff1": -0.014301,
        "nauc_precision_at_1000_max": 0.209049,
        "nauc_precision_at_1000_std": 0.266769,
        "nauc_precision_at_1000_diff1": -0.036131,
        "nauc_mrr_at_1_max": 0.382571,
        "nauc_mrr_at_1_std": 0.130797,
        "nauc_mrr_at_1_diff1": 0.379344,
        "nauc_mrr_at_3_max": 0.40317,
        "nauc_mrr_at_3_std": 0.142378,
        "nauc_mrr_at_3_diff1": 0.334982,
        "nauc_mrr_at_5_max": 0.406716,
        "nauc_mrr_at_5_std": 0.152545,
        "nauc_mrr_at_5_diff1": 0.335185,
        "nauc_mrr_at_10_max": 0.413915,
        "nauc_mrr_at_10_std": 0.163287,
        "nauc_mrr_at_10_diff1": 0.333338,
        "nauc_mrr_at_20_max": 0.413948,
        "nauc_mrr_at_20_std": 0.164685,
        "nauc_mrr_at_20_diff1": 0.333962,
        "nauc_mrr_at_100_max": 0.4126,
        "nauc_mrr_at_100_std": 0.164982,
        "nauc_mrr_at_100_diff1": 0.334196,
        "nauc_mrr_at_1000_max": 0.412649,
        "nauc_mrr_at_1000_std": 0.164966,
        "nauc_mrr_at_1000_diff1": 0.33446,
        "main_score": 0.42997,
        "hf_subset": "fa",
        "languages": [
          "fas-Arab"
        ]
      }
    ]
  },
  "evaluation_time": 2574.2311012744904,
  "kg_co2_emissions": null
}