{
  "dataset_revision": "b3dc818368a867b30ccb55a42ff287d253512c36",
  "task_name": "PersianWebDocumentRetrieval",
  "mteb_version": "1.34.14",
  "scores": {
    "test": [
      {
        "ndcg_at_1": 0.43113,
        "ndcg_at_3": 0.39939,
        "ndcg_at_5": 0.38682,
        "ndcg_at_10": 0.37956,
        "ndcg_at_20": 0.38986,
        "ndcg_at_100": 0.46482,
        "ndcg_at_1000": 0.50855,
        "map_at_1": 0.07619,
        "map_at_3": 0.14088,
        "map_at_5": 0.17922,
        "map_at_10": 0.22951,
        "map_at_20": 0.26627,
        "map_at_100": 0.30044,
        "map_at_1000": 0.30651,
        "recall_at_1": 0.07619,
        "recall_at_3": 0.16029,
        "recall_at_5": 0.22331,
        "recall_at_10": 0.32633,
        "recall_at_20": 0.432,
        "recall_at_100": 0.62107,
        "recall_at_1000": 0.77243,
        "precision_at_1": 0.43113,
        "precision_at_3": 0.37119,
        "precision_at_5": 0.32997,
        "precision_at_10": 0.26057,
        "precision_at_20": 0.18491,
        "precision_at_100": 0.05986,
        "precision_at_1000": 0.00799,
        "mrr_at_1": 0.432177,
        "mrr_at_3": 0.506134,
        "mrr_at_5": 0.519436,
        "mrr_at_10": 0.528473,
        "mrr_at_20": 0.531853,
        "mrr_at_100": 0.533295,
        "mrr_at_1000": 0.533371,
        "nauc_ndcg_at_1_max": 0.294667,
        "nauc_ndcg_at_1_std": 0.110517,
        "nauc_ndcg_at_1_diff1": 0.251858,
        "nauc_ndcg_at_3_max": 0.286615,
        "nauc_ndcg_at_3_std": 0.123,
        "nauc_ndcg_at_3_diff1": 0.192743,
        "nauc_ndcg_at_5_max": 0.299535,
        "nauc_ndcg_at_5_std": 0.13016,
        "nauc_ndcg_at_5_diff1": 0.197866,
        "nauc_ndcg_at_10_max": 0.336026,
        "nauc_ndcg_at_10_std": 0.150753,
        "nauc_ndcg_at_10_diff1": 0.197835,
        "nauc_ndcg_at_20_max": 0.352815,
        "nauc_ndcg_at_20_std": 0.171211,
        "nauc_ndcg_at_20_diff1": 0.179509,
        "nauc_ndcg_at_100_max": 0.392557,
        "nauc_ndcg_at_100_std": 0.254817,
        "nauc_ndcg_at_100_diff1": 0.188133,
        "nauc_ndcg_at_1000_max": 0.401769,
        "nauc_ndcg_at_1000_std": 0.266907,
        "nauc_ndcg_at_1000_diff1": 0.196527,
        "nauc_map_at_1_max": 0.088708,
        "nauc_map_at_1_std": -0.051604,
        "nauc_map_at_1_diff1": 0.166101,
        "nauc_map_at_3_max": 0.162281,
        "nauc_map_at_3_std": 0.004704,
        "nauc_map_at_3_diff1": 0.134292,
        "nauc_map_at_5_max": 0.207491,
        "nauc_map_at_5_std": 0.035955,
        "nauc_map_at_5_diff1": 0.13682,
        "nauc_map_at_10_max": 0.270542,
        "nauc_map_at_10_std": 0.087893,
        "nauc_map_at_10_diff1": 0.142631,
        "nauc_map_at_20_max": 0.299685,
        "nauc_map_at_20_std": 0.124047,
        "nauc_map_at_20_diff1": 0.144813,
        "nauc_map_at_100_max": 0.327333,
        "nauc_map_at_100_std": 0.173224,
        "nauc_map_at_100_diff1": 0.153144,
        "nauc_map_at_1000_max": 0.329269,
        "nauc_map_at_1000_std": 0.177364,
        "nauc_map_at_1000_diff1": 0.154685,
        "nauc_recall_at_1_max": 0.088708,
        "nauc_recall_at_1_std": -0.051604,
        "nauc_recall_at_1_diff1": 0.166101,
        "nauc_recall_at_3_max": 0.159927,
        "nauc_recall_at_3_std": 0.008984,
        "nauc_recall_at_3_diff1": 0.113553,
        "nauc_recall_at_5_max": 0.211935,
        "nauc_recall_at_5_std": 0.04966,
        "nauc_recall_at_5_diff1": 0.122435,
        "nauc_recall_at_10_max": 0.28656,
        "nauc_recall_at_10_std": 0.118728,
        "nauc_recall_at_10_diff1": 0.145471,
        "nauc_recall_at_20_max": 0.328645,
        "nauc_recall_at_20_std": 0.169287,
        "nauc_recall_at_20_diff1": 0.143386,
        "nauc_recall_at_100_max": 0.421575,
        "nauc_recall_at_100_std": 0.351352,
        "nauc_recall_at_100_diff1": 0.152685,
        "nauc_recall_at_1000_max": 0.502934,
        "nauc_recall_at_1000_std": 0.461611,
        "nauc_recall_at_1000_diff1": 0.176998,
        "nauc_precision_at_1_max": 0.294667,
        "nauc_precision_at_1_std": 0.110517,
        "nauc_precision_at_1_diff1": 0.251858,
        "nauc_precision_at_3_max": 0.304452,
        "nauc_precision_at_3_std": 0.153076,
        "nauc_precision_at_3_diff1": 0.167169,
        "nauc_precision_at_5_max": 0.321672,
        "nauc_precision_at_5_std": 0.177885,
        "nauc_precision_at_5_diff1": 0.162224,
        "nauc_precision_at_10_max": 0.349615,
        "nauc_precision_at_10_std": 0.218404,
        "nauc_precision_at_10_diff1": 0.154755,
        "nauc_precision_at_20_max": 0.339186,
        "nauc_precision_at_20_std": 0.255532,
        "nauc_precision_at_20_diff1": 0.131718,
        "nauc_precision_at_100_max": 0.289217,
        "nauc_precision_at_100_std": 0.306739,
        "nauc_precision_at_100_diff1": 0.108523,
        "nauc_precision_at_1000_max": 0.214767,
        "nauc_precision_at_1000_std": 0.23253,
        "nauc_precision_at_1000_diff1": 0.095591,
        "nauc_mrr_at_1_max": 0.295276,
        "nauc_mrr_at_1_std": 0.110197,
        "nauc_mrr_at_1_diff1": 0.249017,
        "nauc_mrr_at_3_max": 0.324015,
        "nauc_mrr_at_3_std": 0.142551,
        "nauc_mrr_at_3_diff1": 0.230984,
        "nauc_mrr_at_5_max": 0.331843,
        "nauc_mrr_at_5_std": 0.153655,
        "nauc_mrr_at_5_diff1": 0.241173,
        "nauc_mrr_at_10_max": 0.337331,
        "nauc_mrr_at_10_std": 0.154638,
        "nauc_mrr_at_10_diff1": 0.24704,
        "nauc_mrr_at_20_max": 0.338181,
        "nauc_mrr_at_20_std": 0.154867,
        "nauc_mrr_at_20_diff1": 0.2455,
        "nauc_mrr_at_100_max": 0.337967,
        "nauc_mrr_at_100_std": 0.155508,
        "nauc_mrr_at_100_diff1": 0.244481,
        "nauc_mrr_at_1000_max": 0.337897,
        "nauc_mrr_at_1000_std": 0.155515,
        "nauc_mrr_at_1000_diff1": 0.244426,
        "main_score": 0.37956,
        "hf_subset": "default",
        "languages": [
          "fas-Arab"
        ]
      }
    ]
  },
  "evaluation_time": 196.27409839630127,
  "kg_co2_emissions": null
}