{
  "dataset_revision": "7723397096199c4d6f367b445fccaf282c518abe",
  "task_name": "SciFact-Fa",
  "mteb_version": "1.34.14",
  "scores": {
    "test": [
      {
        "ndcg_at_1": 0.40667,
        "ndcg_at_3": 0.48717,
        "ndcg_at_5": 0.51586,
        "ndcg_at_10": 0.53964,
        "ndcg_at_20": 0.55825,
        "ndcg_at_100": 0.57441,
        "ndcg_at_1000": 0.5887,
        "map_at_1": 0.38133,
        "map_at_3": 0.45696,
        "map_at_5": 0.47513,
        "map_at_10": 0.48513,
        "map_at_20": 0.49126,
        "map_at_100": 0.49368,
        "map_at_1000": 0.49421,
        "recall_at_1": 0.38133,
        "recall_at_3": 0.54867,
        "recall_at_5": 0.62117,
        "recall_at_10": 0.6915,
        "recall_at_20": 0.75911,
        "recall_at_100": 0.84422,
        "recall_at_1000": 0.95583,
        "precision_at_1": 0.40667,
        "precision_at_3": 0.19889,
        "precision_at_5": 0.13533,
        "precision_at_10": 0.07667,
        "precision_at_20": 0.043,
        "precision_at_100": 0.00957,
        "precision_at_1000": 0.00108,
        "mrr_at_1": 0.406667,
        "mrr_at_3": 0.476667,
        "mrr_at_5": 0.492,
        "mrr_at_10": 0.501697,
        "mrr_at_20": 0.506005,
        "mrr_at_100": 0.508037,
        "mrr_at_1000": 0.508488,
        "nauc_ndcg_at_1_max": 0.312076,
        "nauc_ndcg_at_1_std": -0.057093,
        "nauc_ndcg_at_1_diff1": 0.682681,
        "nauc_ndcg_at_3_max": 0.33765,
        "nauc_ndcg_at_3_std": -0.054376,
        "nauc_ndcg_at_3_diff1": 0.601813,
        "nauc_ndcg_at_5_max": 0.344102,
        "nauc_ndcg_at_5_std": -0.008053,
        "nauc_ndcg_at_5_diff1": 0.601547,
        "nauc_ndcg_at_10_max": 0.373497,
        "nauc_ndcg_at_10_std": 0.036973,
        "nauc_ndcg_at_10_diff1": 0.612271,
        "nauc_ndcg_at_20_max": 0.378155,
        "nauc_ndcg_at_20_std": 0.047809,
        "nauc_ndcg_at_20_diff1": 0.617976,
        "nauc_ndcg_at_100_max": 0.386336,
        "nauc_ndcg_at_100_std": 0.055499,
        "nauc_ndcg_at_100_diff1": 0.62488,
        "nauc_ndcg_at_1000_max": 0.374646,
        "nauc_ndcg_at_1000_std": 0.037929,
        "nauc_ndcg_at_1000_diff1": 0.62185,
        "nauc_map_at_1_max": 0.299834,
        "nauc_map_at_1_std": -0.071831,
        "nauc_map_at_1_diff1": 0.689159,
        "nauc_map_at_3_max": 0.332746,
        "nauc_map_at_3_std": -0.055223,
        "nauc_map_at_3_diff1": 0.629527,
        "nauc_map_at_5_max": 0.333704,
        "nauc_map_at_5_std": -0.029729,
        "nauc_map_at_5_diff1": 0.627148,
        "nauc_map_at_10_max": 0.344726,
        "nauc_map_at_10_std": -0.011659,
        "nauc_map_at_10_diff1": 0.630963,
        "nauc_map_at_20_max": 0.346327,
        "nauc_map_at_20_std": -0.008891,
        "nauc_map_at_20_diff1": 0.6323,
        "nauc_map_at_100_max": 0.347153,
        "nauc_map_at_100_std": -0.008263,
        "nauc_map_at_100_diff1": 0.633291,
        "nauc_map_at_1000_max": 0.346695,
        "nauc_map_at_1000_std": -0.008888,
        "nauc_map_at_1000_diff1": 0.633131,
        "nauc_recall_at_1_max": 0.299834,
        "nauc_recall_at_1_std": -0.071831,
        "nauc_recall_at_1_diff1": 0.689159,
        "nauc_recall_at_3_max": 0.349917,
        "nauc_recall_at_3_std": -0.060388,
        "nauc_recall_at_3_diff1": 0.533858,
        "nauc_recall_at_5_max": 0.366007,
        "nauc_recall_at_5_std": 0.055984,
        "nauc_recall_at_5_diff1": 0.520471,
        "nauc_recall_at_10_max": 0.477496,
        "nauc_recall_at_10_std": 0.22311,
        "nauc_recall_at_10_diff1": 0.554322,
        "nauc_recall_at_20_max": 0.524521,
        "nauc_recall_at_20_std": 0.317718,
        "nauc_recall_at_20_diff1": 0.582565,
        "nauc_recall_at_100_max": 0.674887,
        "nauc_recall_at_100_std": 0.52254,
        "nauc_recall_at_100_diff1": 0.631291,
        "nauc_recall_at_1000_max": 0.810264,
        "nauc_recall_at_1000_std": 0.748895,
        "nauc_recall_at_1000_diff1": 0.554358,
        "nauc_precision_at_1_max": 0.312076,
        "nauc_precision_at_1_std": -0.057093,
        "nauc_precision_at_1_diff1": 0.682681,
        "nauc_precision_at_3_max": 0.353686,
        "nauc_precision_at_3_std": -0.0166,
        "nauc_precision_at_3_diff1": 0.475008,
        "nauc_precision_at_5_max": 0.338574,
        "nauc_precision_at_5_std": 0.090181,
        "nauc_precision_at_5_diff1": 0.426467,
        "nauc_precision_at_10_max": 0.403231,
        "nauc_precision_at_10_std": 0.234497,
        "nauc_precision_at_10_diff1": 0.393069,
        "nauc_precision_at_20_max": 0.379142,
        "nauc_precision_at_20_std": 0.270143,
        "nauc_precision_at_20_diff1": 0.311503,
        "nauc_precision_at_100_max": 0.392856,
        "nauc_precision_at_100_std": 0.340306,
        "nauc_precision_at_100_diff1": 0.244171,
        "nauc_precision_at_1000_max": 0.21508,
        "nauc_precision_at_1000_std": 0.225949,
        "nauc_precision_at_1000_diff1": 0.021585,
        "nauc_mrr_at_1_max": 0.312076,
        "nauc_mrr_at_1_std": -0.057093,
        "nauc_mrr_at_1_diff1": 0.682681,
        "nauc_mrr_at_3_max": 0.330912,
        "nauc_mrr_at_3_std": -0.045516,
        "nauc_mrr_at_3_diff1": 0.612781,
        "nauc_mrr_at_5_max": 0.334281,
        "nauc_mrr_at_5_std": -0.023238,
        "nauc_mrr_at_5_diff1": 0.610888,
        "nauc_mrr_at_10_max": 0.345952,
        "nauc_mrr_at_10_std": -0.005033,
        "nauc_mrr_at_10_diff1": 0.615131,
        "nauc_mrr_at_20_max": 0.346618,
        "nauc_mrr_at_20_std": -0.002357,
        "nauc_mrr_at_20_diff1": 0.617949,
        "nauc_mrr_at_100_max": 0.346876,
        "nauc_mrr_at_100_std": -0.002392,
        "nauc_mrr_at_100_diff1": 0.618904,
        "nauc_mrr_at_1000_max": 0.346491,
        "nauc_mrr_at_1000_std": -0.002876,
        "nauc_mrr_at_1000_diff1": 0.618729,
        "main_score": 0.53964,
        "hf_subset": "default",
        "languages": [
          "fas-Arab"
        ]
      }
    ]
  },
  "evaluation_time": 25.112370014190674,
  "kg_co2_emissions": null
}