{
  "dataset_revision": "e85114f13f42dc1edc456d58931cc38d44d697cf",
  "task_name": "SynPerQARetrieval",
  "mteb_version": "1.34.14",
  "scores": {
    "test": [
      {
        "ndcg_at_1": 0.81731,
        "ndcg_at_3": 0.88312,
        "ndcg_at_5": 0.89184,
        "ndcg_at_10": 0.89701,
        "ndcg_at_20": 0.89915,
        "ndcg_at_100": 0.90158,
        "ndcg_at_1000": 0.90316,
        "map_at_1": 0.81731,
        "map_at_3": 0.86793,
        "map_at_5": 0.87279,
        "map_at_10": 0.87497,
        "map_at_20": 0.87557,
        "map_at_100": 0.87591,
        "map_at_1000": 0.87597,
        "recall_at_1": 0.81731,
        "recall_at_3": 0.92666,
        "recall_at_5": 0.94773,
        "recall_at_10": 0.96348,
        "recall_at_20": 0.97188,
        "recall_at_100": 0.98488,
        "recall_at_1000": 0.99747,
        "precision_at_1": 0.81731,
        "precision_at_3": 0.30889,
        "precision_at_5": 0.18955,
        "precision_at_10": 0.09635,
        "precision_at_20": 0.04859,
        "precision_at_100": 0.00985,
        "precision_at_1000": 0.001,
        "mrr_at_1": 0.817348,
        "mrr_at_3": 0.867942,
        "mrr_at_5": 0.872791,
        "mrr_at_10": 0.874975,
        "mrr_at_20": 0.875576,
        "mrr_at_100": 0.875917,
        "mrr_at_1000": 0.875972,
        "nauc_ndcg_at_1_max": 0.317725,
        "nauc_ndcg_at_1_std": -0.547143,
        "nauc_ndcg_at_1_diff1": 0.905496,
        "nauc_ndcg_at_3_max": 0.429904,
        "nauc_ndcg_at_3_std": -0.604965,
        "nauc_ndcg_at_3_diff1": 0.884259,
        "nauc_ndcg_at_5_max": 0.436489,
        "nauc_ndcg_at_5_std": -0.598797,
        "nauc_ndcg_at_5_diff1": 0.886184,
        "nauc_ndcg_at_10_max": 0.431162,
        "nauc_ndcg_at_10_std": -0.59061,
        "nauc_ndcg_at_10_diff1": 0.887947,
        "nauc_ndcg_at_20_max": 0.426207,
        "nauc_ndcg_at_20_std": -0.586032,
        "nauc_ndcg_at_20_diff1": 0.889042,
        "nauc_ndcg_at_100_max": 0.416319,
        "nauc_ndcg_at_100_std": -0.585349,
        "nauc_ndcg_at_100_diff1": 0.890147,
        "nauc_ndcg_at_1000_max": 0.410558,
        "nauc_ndcg_at_1000_std": -0.583213,
        "nauc_ndcg_at_1000_diff1": 0.890383,
        "nauc_map_at_1_max": 0.317725,
        "nauc_map_at_1_std": -0.547143,
        "nauc_map_at_1_diff1": 0.905496,
        "nauc_map_at_3_max": 0.39606,
        "nauc_map_at_3_std": -0.588636,
        "nauc_map_at_3_diff1": 0.889813,
        "nauc_map_at_5_max": 0.397813,
        "nauc_map_at_5_std": -0.585117,
        "nauc_map_at_5_diff1": 0.890946,
        "nauc_map_at_10_max": 0.395402,
        "nauc_map_at_10_std": -0.582017,
        "nauc_map_at_10_diff1": 0.891628,
        "nauc_map_at_20_max": 0.394094,
        "nauc_map_at_20_std": -0.580899,
        "nauc_map_at_20_diff1": 0.891893,
        "nauc_map_at_100_max": 0.39291,
        "nauc_map_at_100_std": -0.580802,
        "nauc_map_at_100_diff1": 0.892034,
        "nauc_map_at_1000_max": 0.392741,
        "nauc_map_at_1000_std": -0.58073,
        "nauc_map_at_1000_diff1": 0.892042,
        "nauc_recall_at_1_max": 0.317725,
        "nauc_recall_at_1_std": -0.547143,
        "nauc_recall_at_1_diff1": 0.905496,
        "nauc_recall_at_3_max": 0.59654,
        "nauc_recall_at_3_std": -0.684497,
        "nauc_recall_at_3_diff1": 0.857569,
        "nauc_recall_at_5_max": 0.695774,
        "nauc_recall_at_5_std": -0.686133,
        "nauc_recall_at_5_diff1": 0.856157,
        "nauc_recall_at_10_max": 0.760993,
        "nauc_recall_at_10_std": -0.656142,
        "nauc_recall_at_10_diff1": 0.85811,
        "nauc_recall_at_20_max": 0.792743,
        "nauc_recall_at_20_std": -0.614998,
        "nauc_recall_at_20_diff1": 0.864023,
        "nauc_recall_at_100_max": 0.775151,
        "nauc_recall_at_100_std": -0.618055,
        "nauc_recall_at_100_diff1": 0.878386,
        "nauc_recall_at_1000_max": 0.869856,
        "nauc_recall_at_1000_std": -0.19361,
        "nauc_recall_at_1000_diff1": 0.888463,
        "nauc_precision_at_1_max": 0.317725,
        "nauc_precision_at_1_std": -0.547143,
        "nauc_precision_at_1_diff1": 0.905496,
        "nauc_precision_at_3_max": 0.59654,
        "nauc_precision_at_3_std": -0.684497,
        "nauc_precision_at_3_diff1": 0.857569,
        "nauc_precision_at_5_max": 0.695774,
        "nauc_precision_at_5_std": -0.686133,
        "nauc_precision_at_5_diff1": 0.856157,
        "nauc_precision_at_10_max": 0.760993,
        "nauc_precision_at_10_std": -0.656142,
        "nauc_precision_at_10_diff1": 0.85811,
        "nauc_precision_at_20_max": 0.792743,
        "nauc_precision_at_20_std": -0.614998,
        "nauc_precision_at_20_diff1": 0.864023,
        "nauc_precision_at_100_max": 0.775151,
        "nauc_precision_at_100_std": -0.618055,
        "nauc_precision_at_100_diff1": 0.878386,
        "nauc_precision_at_1000_max": 0.869856,
        "nauc_precision_at_1000_std": -0.19361,
        "nauc_precision_at_1000_diff1": 0.888463,
        "nauc_mrr_at_1_max": 0.317231,
        "nauc_mrr_at_1_std": -0.547116,
        "nauc_mrr_at_1_diff1": 0.905451,
        "nauc_mrr_at_3_max": 0.395842,
        "nauc_mrr_at_3_std": -0.588601,
        "nauc_mrr_at_3_diff1": 0.889777,
        "nauc_mrr_at_5_max": 0.397452,
        "nauc_mrr_at_5_std": -0.585148,
        "nauc_mrr_at_5_diff1": 0.890913,
        "nauc_mrr_at_10_max": 0.395049,
        "nauc_mrr_at_10_std": -0.581989,
        "nauc_mrr_at_10_diff1": 0.891589,
        "nauc_mrr_at_20_max": 0.393738,
        "nauc_mrr_at_20_std": -0.580871,
        "nauc_mrr_at_20_diff1": 0.891854,
        "nauc_mrr_at_100_max": 0.392554,
        "nauc_mrr_at_100_std": -0.580774,
        "nauc_mrr_at_100_diff1": 0.891995,
        "nauc_mrr_at_1000_max": 0.392384,
        "nauc_mrr_at_1000_std": -0.580702,
        "nauc_mrr_at_1000_diff1": 0.892003,
        "main_score": 0.89701,
        "hf_subset": "default",
        "languages": [
          "fas-Arab"
        ]
      }
    ]
  },
  "evaluation_time": 523.497415304184,
  "kg_co2_emissions": null
}