{
  "dataset_revision": "0f464636f91641cc6ef6f6f8f249c73f4a609982",
  "task_name": "Touche2020-Fa",
  "mteb_version": "1.34.14",
  "scores": {
    "test": [
      {
        "ndcg_at_1": 0.22449,
        "ndcg_at_3": 0.20366,
        "ndcg_at_5": 0.18394,
        "ndcg_at_10": 0.18281,
        "ndcg_at_20": 0.18615,
        "ndcg_at_100": 0.27518,
        "ndcg_at_1000": 0.38231,
        "map_at_1": 0.017,
        "map_at_3": 0.03779,
        "map_at_5": 0.04915,
        "map_at_10": 0.07043,
        "map_at_20": 0.08552,
        "map_at_100": 0.10989,
        "map_at_1000": 0.12056,
        "recall_at_1": 0.017,
        "recall_at_3": 0.04804,
        "recall_at_5": 0.07057,
        "recall_at_10": 0.12425,
        "recall_at_20": 0.17531,
        "recall_at_100": 0.36363,
        "recall_at_1000": 0.68445,
        "precision_at_1": 0.2449,
        "precision_at_3": 0.21088,
        "precision_at_5": 0.18367,
        "precision_at_10": 0.16735,
        "precision_at_20": 0.12347,
        "precision_at_100": 0.05857,
        "precision_at_1000": 0.01271,
        "mrr_at_1": 0.244898,
        "mrr_at_3": 0.35034,
        "mrr_at_5": 0.368707,
        "mrr_at_10": 0.391035,
        "mrr_at_20": 0.395394,
        "mrr_at_100": 0.400197,
        "mrr_at_1000": 0.400371,
        "nauc_ndcg_at_1_max": -0.270565,
        "nauc_ndcg_at_1_std": -0.224539,
        "nauc_ndcg_at_1_diff1": 0.022397,
        "nauc_ndcg_at_3_max": -0.285889,
        "nauc_ndcg_at_3_std": -0.280201,
        "nauc_ndcg_at_3_diff1": 0.051601,
        "nauc_ndcg_at_5_max": -0.248226,
        "nauc_ndcg_at_5_std": -0.30041,
        "nauc_ndcg_at_5_diff1": 0.053325,
        "nauc_ndcg_at_10_max": -0.218434,
        "nauc_ndcg_at_10_std": -0.261272,
        "nauc_ndcg_at_10_diff1": 0.014026,
        "nauc_ndcg_at_20_max": -0.188757,
        "nauc_ndcg_at_20_std": -0.2483,
        "nauc_ndcg_at_20_diff1": 0.001529,
        "nauc_ndcg_at_100_max": -0.086821,
        "nauc_ndcg_at_100_std": -0.135512,
        "nauc_ndcg_at_100_diff1": -0.034003,
        "nauc_ndcg_at_1000_max": 0.044713,
        "nauc_ndcg_at_1000_std": 0.106227,
        "nauc_ndcg_at_1000_diff1": -0.129896,
        "nauc_map_at_1_max": -0.294142,
        "nauc_map_at_1_std": -0.229688,
        "nauc_map_at_1_diff1": 0.030569,
        "nauc_map_at_3_max": -0.263818,
        "nauc_map_at_3_std": -0.285902,
        "nauc_map_at_3_diff1": 0.015246,
        "nauc_map_at_5_max": -0.231283,
        "nauc_map_at_5_std": -0.287014,
        "nauc_map_at_5_diff1": -0.014438,
        "nauc_map_at_10_max": -0.19417,
        "nauc_map_at_10_std": -0.24966,
        "nauc_map_at_10_diff1": -0.042612,
        "nauc_map_at_20_max": -0.181273,
        "nauc_map_at_20_std": -0.249412,
        "nauc_map_at_20_diff1": -0.058671,
        "nauc_map_at_100_max": -0.109197,
        "nauc_map_at_100_std": -0.195339,
        "nauc_map_at_100_diff1": -0.077814,
        "nauc_map_at_1000_max": -0.083119,
        "nauc_map_at_1000_std": -0.159619,
        "nauc_map_at_1000_diff1": -0.091933,
        "nauc_recall_at_1_max": -0.294142,
        "nauc_recall_at_1_std": -0.229688,
        "nauc_recall_at_1_diff1": 0.030569,
        "nauc_recall_at_3_max": -0.271738,
        "nauc_recall_at_3_std": -0.311733,
        "nauc_recall_at_3_diff1": 0.016612,
        "nauc_recall_at_5_max": -0.206131,
        "nauc_recall_at_5_std": -0.299518,
        "nauc_recall_at_5_diff1": -0.019612,
        "nauc_recall_at_10_max": -0.187854,
        "nauc_recall_at_10_std": -0.256282,
        "nauc_recall_at_10_diff1": -0.022406,
        "nauc_recall_at_20_max": -0.147342,
        "nauc_recall_at_20_std": -0.225284,
        "nauc_recall_at_20_diff1": -0.037025,
        "nauc_recall_at_100_max": -0.011641,
        "nauc_recall_at_100_std": -0.077082,
        "nauc_recall_at_100_diff1": -0.072585,
        "nauc_recall_at_1000_max": 0.326841,
        "nauc_recall_at_1000_std": 0.538472,
        "nauc_recall_at_1000_diff1": -0.274606,
        "nauc_precision_at_1_max": -0.307377,
        "nauc_precision_at_1_std": -0.234639,
        "nauc_precision_at_1_diff1": 0.076572,
        "nauc_precision_at_3_max": -0.294444,
        "nauc_precision_at_3_std": -0.296883,
        "nauc_precision_at_3_diff1": 0.062521,
        "nauc_precision_at_5_max": -0.219185,
        "nauc_precision_at_5_std": -0.31184,
        "nauc_precision_at_5_diff1": 0.06264,
        "nauc_precision_at_10_max": -0.170617,
        "nauc_precision_at_10_std": -0.222307,
        "nauc_precision_at_10_diff1": 0.021139,
        "nauc_precision_at_20_max": -0.111204,
        "nauc_precision_at_20_std": -0.165448,
        "nauc_precision_at_20_diff1": -0.0086,
        "nauc_precision_at_100_max": 0.17623,
        "nauc_precision_at_100_std": 0.166454,
        "nauc_precision_at_100_diff1": -0.086084,
        "nauc_precision_at_1000_max": 0.479316,
        "nauc_precision_at_1000_std": 0.679303,
        "nauc_precision_at_1000_diff1": -0.275305,
        "nauc_mrr_at_1_max": -0.307377,
        "nauc_mrr_at_1_std": -0.234639,
        "nauc_mrr_at_1_diff1": 0.076572,
        "nauc_mrr_at_3_max": -0.384292,
        "nauc_mrr_at_3_std": -0.330543,
        "nauc_mrr_at_3_diff1": 0.115951,
        "nauc_mrr_at_5_max": -0.364544,
        "nauc_mrr_at_5_std": -0.336404,
        "nauc_mrr_at_5_diff1": 0.132258,
        "nauc_mrr_at_10_max": -0.348052,
        "nauc_mrr_at_10_std": -0.315844,
        "nauc_mrr_at_10_diff1": 0.136425,
        "nauc_mrr_at_20_max": -0.344617,
        "nauc_mrr_at_20_std": -0.303877,
        "nauc_mrr_at_20_diff1": 0.131175,
        "nauc_mrr_at_100_max": -0.34893,
        "nauc_mrr_at_100_std": -0.304503,
        "nauc_mrr_at_100_diff1": 0.128752,
        "nauc_mrr_at_1000_max": -0.348477,
        "nauc_mrr_at_1000_std": -0.305058,
        "nauc_mrr_at_1000_diff1": 0.12848,
        "main_score": 0.18281,
        "hf_subset": "default",
        "languages": [
          "fas-Arab"
        ]
      }
    ]
  },
  "evaluation_time": 1619.638505935669,
  "kg_co2_emissions": null
}