{
  "dataset_revision": "3b6ea595c94bac3448a2ad167ca2e06abd340d6e",
  "task_name": "WikipediaRetrievalMultilingual",
  "mteb_version": "1.34.14",
  "scores": {
    "test": [
      {
        "ndcg_at_1": 0.786,
        "ndcg_at_3": 0.85852,
        "ndcg_at_5": 0.87135,
        "ndcg_at_10": 0.87959,
        "ndcg_at_20": 0.88321,
        "ndcg_at_100": 0.88554,
        "ndcg_at_1000": 0.88617,
        "map_at_1": 0.786,
        "map_at_3": 0.84133,
        "map_at_5": 0.84857,
        "map_at_10": 0.852,
        "map_at_20": 0.85303,
        "map_at_100": 0.85334,
        "map_at_1000": 0.85336,
        "recall_at_1": 0.786,
        "recall_at_3": 0.908,
        "recall_at_5": 0.93867,
        "recall_at_10": 0.964,
        "recall_at_20": 0.978,
        "recall_at_100": 0.99067,
        "recall_at_1000": 0.996,
        "precision_at_1": 0.786,
        "precision_at_3": 0.30267,
        "precision_at_5": 0.18773,
        "precision_at_10": 0.0964,
        "precision_at_20": 0.0489,
        "precision_at_100": 0.00991,
        "precision_at_1000": 0.001,
        "mrr_at_1": 0.784667,
        "mrr_at_3": 0.840667,
        "mrr_at_5": 0.8479,
        "mrr_at_10": 0.851331,
        "mrr_at_20": 0.852367,
        "mrr_at_100": 0.852676,
        "mrr_at_1000": 0.852694,
        "nauc_ndcg_at_1_max": 0.418911,
        "nauc_ndcg_at_1_std": -0.204967,
        "nauc_ndcg_at_1_diff1": 0.795011,
        "nauc_ndcg_at_3_max": 0.506218,
        "nauc_ndcg_at_3_std": -0.15671,
        "nauc_ndcg_at_3_diff1": 0.770925,
        "nauc_ndcg_at_5_max": 0.495172,
        "nauc_ndcg_at_5_std": -0.150558,
        "nauc_ndcg_at_5_diff1": 0.772029,
        "nauc_ndcg_at_10_max": 0.491267,
        "nauc_ndcg_at_10_std": -0.145614,
        "nauc_ndcg_at_10_diff1": 0.771056,
        "nauc_ndcg_at_20_max": 0.489268,
        "nauc_ndcg_at_20_std": -0.15051,
        "nauc_ndcg_at_20_diff1": 0.776075,
        "nauc_ndcg_at_100_max": 0.485628,
        "nauc_ndcg_at_100_std": -0.153305,
        "nauc_ndcg_at_100_diff1": 0.778569,
        "nauc_ndcg_at_1000_max": 0.482975,
        "nauc_ndcg_at_1000_std": -0.157916,
        "nauc_ndcg_at_1000_diff1": 0.778103,
        "nauc_map_at_1_max": 0.418911,
        "nauc_map_at_1_std": -0.204967,
        "nauc_map_at_1_diff1": 0.795011,
        "nauc_map_at_3_max": 0.481538,
        "nauc_map_at_3_std": -0.170378,
        "nauc_map_at_3_diff1": 0.777691,
        "nauc_map_at_5_max": 0.474804,
        "nauc_map_at_5_std": -0.167867,
        "nauc_map_at_5_diff1": 0.778504,
        "nauc_map_at_10_max": 0.473312,
        "nauc_map_at_10_std": -0.166217,
        "nauc_map_at_10_diff1": 0.778331,
        "nauc_map_at_20_max": 0.472747,
        "nauc_map_at_20_std": -0.167441,
        "nauc_map_at_20_diff1": 0.779619,
        "nauc_map_at_100_max": 0.472264,
        "nauc_map_at_100_std": -0.167719,
        "nauc_map_at_100_diff1": 0.779837,
        "nauc_map_at_1000_max": 0.472206,
        "nauc_map_at_1000_std": -0.167813,
        "nauc_map_at_1000_diff1": 0.779822,
        "nauc_recall_at_1_max": 0.418911,
        "nauc_recall_at_1_std": -0.204967,
        "nauc_recall_at_1_diff1": 0.795011,
        "nauc_recall_at_3_max": 0.619998,
        "nauc_recall_at_3_std": -0.093679,
        "nauc_recall_at_3_diff1": 0.739766,
        "nauc_recall_at_5_max": 0.625792,
        "nauc_recall_at_5_std": -0.035166,
        "nauc_recall_at_5_diff1": 0.730047,
        "nauc_recall_at_10_max": 0.672986,
        "nauc_recall_at_10_std": 0.086039,
        "nauc_recall_at_10_diff1": 0.69122,
        "nauc_recall_at_20_max": 0.74879,
        "nauc_recall_at_20_std": 0.13693,
        "nauc_recall_at_20_diff1": 0.733285,
        "nauc_recall_at_100_max": 0.886455,
        "nauc_recall_at_100_std": 0.340903,
        "nauc_recall_at_100_diff1": 0.843771,
        "nauc_recall_at_1000_max": 0.82493,
        "nauc_recall_at_1000_std": -0.051354,
        "nauc_recall_at_1000_diff1": 0.838547,
        "nauc_precision_at_1_max": 0.418911,
        "nauc_precision_at_1_std": -0.204967,
        "nauc_precision_at_1_diff1": 0.795011,
        "nauc_precision_at_3_max": 0.619998,
        "nauc_precision_at_3_std": -0.093679,
        "nauc_precision_at_3_diff1": 0.739766,
        "nauc_precision_at_5_max": 0.625792,
        "nauc_precision_at_5_std": -0.035166,
        "nauc_precision_at_5_diff1": 0.730047,
        "nauc_precision_at_10_max": 0.672986,
        "nauc_precision_at_10_std": 0.086039,
        "nauc_precision_at_10_diff1": 0.69122,
        "nauc_precision_at_20_max": 0.74879,
        "nauc_precision_at_20_std": 0.13693,
        "nauc_precision_at_20_diff1": 0.733285,
        "nauc_precision_at_100_max": 0.886455,
        "nauc_precision_at_100_std": 0.340903,
        "nauc_precision_at_100_diff1": 0.843771,
        "nauc_precision_at_1000_max": 0.82493,
        "nauc_precision_at_1000_std": -0.051354,
        "nauc_precision_at_1000_diff1": 0.838547,
        "nauc_mrr_at_1_max": 0.420654,
        "nauc_mrr_at_1_std": -0.202941,
        "nauc_mrr_at_1_diff1": 0.797878,
        "nauc_mrr_at_3_max": 0.482487,
        "nauc_mrr_at_3_std": -0.169152,
        "nauc_mrr_at_3_diff1": 0.779637,
        "nauc_mrr_at_5_max": 0.475823,
        "nauc_mrr_at_5_std": -0.166588,
        "nauc_mrr_at_5_diff1": 0.780547,
        "nauc_mrr_at_10_max": 0.474361,
        "nauc_mrr_at_10_std": -0.164912,
        "nauc_mrr_at_10_diff1": 0.780425,
        "nauc_mrr_at_20_max": 0.473807,
        "nauc_mrr_at_20_std": -0.166122,
        "nauc_mrr_at_20_diff1": 0.781724,
        "nauc_mrr_at_100_max": 0.473328,
        "nauc_mrr_at_100_std": -0.166396,
        "nauc_mrr_at_100_diff1": 0.781946,
        "nauc_mrr_at_1000_max": 0.47327,
        "nauc_mrr_at_1000_std": -0.166489,
        "nauc_mrr_at_1000_diff1": 0.781931,
        "main_score": 0.87959,
        "hf_subset": "fa",
        "languages": [
          "fas-Arab"
        ]
      }
    ]
  },
  "evaluation_time": 23.85481572151184,
  "kg_co2_emissions": null
}