{
  "dataset_revision": "b591262de1a2498c3618a4dd386d590450e85dcd",
  "task_name": "HotpotQA-FaHardNegatives",
  "mteb_version": "1.38.33",
  "scores": {
    "test": [
      {
        "ndcg_at_1": 0.689,
        "ndcg_at_3": 0.56368,
        "ndcg_at_5": 0.59357,
        "ndcg_at_10": 0.61677,
        "ndcg_at_20": 0.63537,
        "ndcg_at_100": 0.6614,
        "ndcg_at_1000": 0.67936,
        "map_at_1": 0.3445,
        "map_at_3": 0.49208,
        "map_at_5": 0.51446,
        "map_at_10": 0.52765,
        "map_at_20": 0.53452,
        "map_at_100": 0.53995,
        "map_at_1000": 0.54094,
        "recall_at_1": 0.3445,
        "recall_at_3": 0.5375,
        "recall_at_5": 0.5965,
        "recall_at_10": 0.655,
        "recall_at_20": 0.7155,
        "recall_at_100": 0.8275,
        "recall_at_1000": 0.9445,
        "precision_at_1": 0.689,
        "precision_at_3": 0.35833,
        "precision_at_5": 0.2386,
        "precision_at_10": 0.131,
        "precision_at_20": 0.07155,
        "precision_at_100": 0.01655,
        "precision_at_1000": 0.00189,
        "mrr_at_1": 0.689,
        "mrr_at_3": 0.746167,
        "mrr_at_5": 0.755717,
        "mrr_at_10": 0.760557,
        "mrr_at_20": 0.763202,
        "mrr_at_100": 0.764772,
        "mrr_at_1000": 0.764859,
        "nauc_ndcg_at_1_max": 0.423754,
        "nauc_ndcg_at_1_std": -0.061657,
        "nauc_ndcg_at_1_diff1": 0.617218,
        "nauc_ndcg_at_3_max": 0.327132,
        "nauc_ndcg_at_3_std": -0.003278,
        "nauc_ndcg_at_3_diff1": 0.31674,
        "nauc_ndcg_at_5_max": 0.329255,
        "nauc_ndcg_at_5_std": 0.006298,
        "nauc_ndcg_at_5_diff1": 0.313795,
        "nauc_ndcg_at_10_max": 0.328848,
        "nauc_ndcg_at_10_std": 0.028471,
        "nauc_ndcg_at_10_diff1": 0.311084,
        "nauc_ndcg_at_20_max": 0.328191,
        "nauc_ndcg_at_20_std": 0.03713,
        "nauc_ndcg_at_20_diff1": 0.307421,
        "nauc_ndcg_at_100_max": 0.330581,
        "nauc_ndcg_at_100_std": 0.056097,
        "nauc_ndcg_at_100_diff1": 0.31163,
        "nauc_ndcg_at_1000_max": 0.332063,
        "nauc_ndcg_at_1000_std": 0.052512,
        "nauc_ndcg_at_1000_diff1": 0.318623,
        "nauc_map_at_1_max": 0.423754,
        "nauc_map_at_1_std": -0.061657,
        "nauc_map_at_1_diff1": 0.617218,
        "nauc_map_at_3_max": 0.290779,
        "nauc_map_at_3_std": -0.005878,
        "nauc_map_at_3_diff1": 0.264053,
        "nauc_map_at_5_max": 0.292935,
        "nauc_map_at_5_std": 0.000624,
        "nauc_map_at_5_diff1": 0.264678,
        "nauc_map_at_10_max": 0.294155,
        "nauc_map_at_10_std": 0.012546,
        "nauc_map_at_10_diff1": 0.264795,
        "nauc_map_at_20_max": 0.293992,
        "nauc_map_at_20_std": 0.016181,
        "nauc_map_at_20_diff1": 0.263808,
        "nauc_map_at_100_max": 0.294852,
        "nauc_map_at_100_std": 0.020072,
        "nauc_map_at_100_diff1": 0.264638,
        "nauc_map_at_1000_max": 0.294766,
        "nauc_map_at_1000_std": 0.02013,
        "nauc_map_at_1000_diff1": 0.264612,
        "nauc_recall_at_1_max": 0.423754,
        "nauc_recall_at_1_std": -0.061657,
        "nauc_recall_at_1_diff1": 0.617218,
        "nauc_recall_at_3_max": 0.286428,
        "nauc_recall_at_3_std": 0.020874,
        "nauc_recall_at_3_diff1": 0.204533,
        "nauc_recall_at_5_max": 0.277878,
        "nauc_recall_at_5_std": 0.042158,
        "nauc_recall_at_5_diff1": 0.184082,
        "nauc_recall_at_10_max": 0.263552,
        "nauc_recall_at_10_std": 0.099044,
        "nauc_recall_at_10_diff1": 0.162978,
        "nauc_recall_at_20_max": 0.245475,
        "nauc_recall_at_20_std": 0.134992,
        "nauc_recall_at_20_diff1": 0.125565,
        "nauc_recall_at_100_max": 0.221943,
        "nauc_recall_at_100_std": 0.291934,
        "nauc_recall_at_100_diff1": 0.07179,
        "nauc_recall_at_1000_max": 0.155776,
        "nauc_recall_at_1000_std": 0.565919,
        "nauc_recall_at_1000_diff1": -0.06118,
        "nauc_precision_at_1_max": 0.423754,
        "nauc_precision_at_1_std": -0.061657,
        "nauc_precision_at_1_diff1": 0.617218,
        "nauc_precision_at_3_max": 0.286428,
        "nauc_precision_at_3_std": 0.020874,
        "nauc_precision_at_3_diff1": 0.204533,
        "nauc_precision_at_5_max": 0.277878,
        "nauc_precision_at_5_std": 0.042158,
        "nauc_precision_at_5_diff1": 0.184082,
        "nauc_precision_at_10_max": 0.263552,
        "nauc_precision_at_10_std": 0.099044,
        "nauc_precision_at_10_diff1": 0.162978,
        "nauc_precision_at_20_max": 0.245475,
        "nauc_precision_at_20_std": 0.134992,
        "nauc_precision_at_20_diff1": 0.125565,
        "nauc_precision_at_100_max": 0.221943,
        "nauc_precision_at_100_std": 0.291934,
        "nauc_precision_at_100_diff1": 0.07179,
        "nauc_precision_at_1000_max": 0.155776,
        "nauc_precision_at_1000_std": 0.565919,
        "nauc_precision_at_1000_diff1": -0.06118,
        "nauc_mrr_at_1_max": 0.423754,
        "nauc_mrr_at_1_std": -0.061657,
        "nauc_mrr_at_1_diff1": 0.617218,
        "nauc_mrr_at_3_max": 0.463601,
        "nauc_mrr_at_3_std": -0.033709,
        "nauc_mrr_at_3_diff1": 0.602493,
        "nauc_mrr_at_5_max": 0.468527,
        "nauc_mrr_at_5_std": -0.033646,
        "nauc_mrr_at_5_diff1": 0.607866,
        "nauc_mrr_at_10_max": 0.466684,
        "nauc_mrr_at_10_std": -0.030184,
        "nauc_mrr_at_10_diff1": 0.60601,
        "nauc_mrr_at_20_max": 0.466951,
        "nauc_mrr_at_20_std": -0.031204,
        "nauc_mrr_at_20_diff1": 0.607031,
        "nauc_mrr_at_100_max": 0.465713,
        "nauc_mrr_at_100_std": -0.032078,
        "nauc_mrr_at_100_diff1": 0.607313,
        "nauc_mrr_at_1000_max": 0.465652,
        "nauc_mrr_at_1000_std": -0.032022,
        "nauc_mrr_at_1000_diff1": 0.607222,
        "main_score": 0.61677,
        "hf_subset": "default",
        "languages": [
          "fas-Arab"
        ]
      }
    ]
  },
  "evaluation_time": 1029.9122619628906,
  "kg_co2_emissions": null
}