{
  "dataset_revision": "f22eecc8ad7f25875a77b5e5e23d484b7cc74c59",
  "task_name": "MSMARCO-FaHardNegatives",
  "mteb_version": "1.38.33",
  "scores": {
    "test": [
      {
        "ndcg_at_1": 0.71318,
        "ndcg_at_3": 0.71774,
        "ndcg_at_5": 0.69516,
        "ndcg_at_10": 0.66706,
        "ndcg_at_20": 0.66809,
        "ndcg_at_100": 0.6766,
        "ndcg_at_1000": 0.802,
        "map_at_1": 0.01366,
        "map_at_3": 0.04246,
        "map_at_5": 0.06393,
        "map_at_10": 0.1136,
        "map_at_20": 0.19596,
        "map_at_100": 0.40656,
        "map_at_1000": 0.55727,
        "recall_at_1": 0.01366,
        "recall_at_3": 0.05071,
        "recall_at_5": 0.07601,
        "recall_at_10": 0.14189,
        "recall_at_20": 0.26002,
        "recall_at_100": 0.58562,
        "recall_at_1000": 0.97132,
        "precision_at_1": 0.86047,
        "precision_at_3": 0.84496,
        "precision_at_5": 0.8093,
        "precision_at_10": 0.75581,
        "precision_at_20": 0.71395,
        "precision_at_100": 0.45395,
        "precision_at_1000": 0.0927,
        "mrr_at_1": 0.860465,
        "mrr_at_3": 0.918605,
        "mrr_at_5": 0.918605,
        "mrr_at_10": 0.918605,
        "mrr_at_20": 0.918605,
        "mrr_at_100": 0.918605,
        "mrr_at_1000": 0.918605,
        "nauc_ndcg_at_1_max": 0.255855,
        "nauc_ndcg_at_1_std": 0.077051,
        "nauc_ndcg_at_1_diff1": 0.101163,
        "nauc_ndcg_at_3_max": 0.302513,
        "nauc_ndcg_at_3_std": 0.188438,
        "nauc_ndcg_at_3_diff1": -0.032785,
        "nauc_ndcg_at_5_max": 0.340581,
        "nauc_ndcg_at_5_std": 0.24264,
        "nauc_ndcg_at_5_diff1": -0.098501,
        "nauc_ndcg_at_10_max": 0.441692,
        "nauc_ndcg_at_10_std": 0.358943,
        "nauc_ndcg_at_10_diff1": -0.257826,
        "nauc_ndcg_at_20_max": 0.416365,
        "nauc_ndcg_at_20_std": 0.408661,
        "nauc_ndcg_at_20_diff1": -0.32896,
        "nauc_ndcg_at_100_max": 0.45267,
        "nauc_ndcg_at_100_std": 0.606029,
        "nauc_ndcg_at_100_diff1": -0.497328,
        "nauc_ndcg_at_1000_max": 0.514409,
        "nauc_ndcg_at_1000_std": 0.602499,
        "nauc_ndcg_at_1000_diff1": -0.357956,
        "nauc_map_at_1_max": 0.021917,
        "nauc_map_at_1_std": -0.080032,
        "nauc_map_at_1_diff1": -0.003948,
        "nauc_map_at_3_max": -0.112201,
        "nauc_map_at_3_std": -0.179794,
        "nauc_map_at_3_diff1": -0.073313,
        "nauc_map_at_5_max": -0.105065,
        "nauc_map_at_5_std": -0.130608,
        "nauc_map_at_5_diff1": -0.092722,
        "nauc_map_at_10_max": -0.028037,
        "nauc_map_at_10_std": -0.063579,
        "nauc_map_at_10_diff1": -0.226984,
        "nauc_map_at_20_max": -0.031185,
        "nauc_map_at_20_std": 0.011782,
        "nauc_map_at_20_diff1": -0.264667,
        "nauc_map_at_100_max": 0.194271,
        "nauc_map_at_100_std": 0.448164,
        "nauc_map_at_100_diff1": -0.433482,
        "nauc_map_at_1000_max": 0.467701,
        "nauc_map_at_1000_std": 0.655566,
        "nauc_map_at_1000_diff1": -0.461246,
        "nauc_recall_at_1_max": 0.021917,
        "nauc_recall_at_1_std": -0.080032,
        "nauc_recall_at_1_diff1": -0.003948,
        "nauc_recall_at_3_max": -0.264682,
        "nauc_recall_at_3_std": -0.282157,
        "nauc_recall_at_3_diff1": -0.177082,
        "nauc_recall_at_5_max": -0.245661,
        "nauc_recall_at_5_std": -0.220454,
        "nauc_recall_at_5_diff1": -0.162081,
        "nauc_recall_at_10_max": -0.19203,
        "nauc_recall_at_10_std": -0.194742,
        "nauc_recall_at_10_diff1": -0.263228,
        "nauc_recall_at_20_max": -0.214017,
        "nauc_recall_at_20_std": -0.151349,
        "nauc_recall_at_20_diff1": -0.246384,
        "nauc_recall_at_100_max": -0.03552,
        "nauc_recall_at_100_std": 0.226365,
        "nauc_recall_at_100_diff1": -0.380565,
        "nauc_recall_at_1000_max": 0.346022,
        "nauc_recall_at_1000_std": 0.726877,
        "nauc_recall_at_1000_diff1": -1.150885,
        "nauc_precision_at_1_max": 0.524904,
        "nauc_precision_at_1_std": 0.240233,
        "nauc_precision_at_1_diff1": 0.180193,
        "nauc_precision_at_3_max": 0.423895,
        "nauc_precision_at_3_std": 0.321953,
        "nauc_precision_at_3_diff1": -0.028432,
        "nauc_precision_at_5_max": 0.337644,
        "nauc_precision_at_5_std": 0.368757,
        "nauc_precision_at_5_diff1": -0.146037,
        "nauc_precision_at_10_max": 0.454256,
        "nauc_precision_at_10_std": 0.489385,
        "nauc_precision_at_10_diff1": -0.325306,
        "nauc_precision_at_20_max": 0.389677,
        "nauc_precision_at_20_std": 0.486507,
        "nauc_precision_at_20_diff1": -0.271781,
        "nauc_precision_at_100_max": 0.370891,
        "nauc_precision_at_100_std": 0.47162,
        "nauc_precision_at_100_diff1": -0.215794,
        "nauc_precision_at_1000_max": 0.326142,
        "nauc_precision_at_1000_std": 0.3049,
        "nauc_precision_at_1000_diff1": -0.105495,
        "nauc_mrr_at_1_max": 0.524904,
        "nauc_mrr_at_1_std": 0.240233,
        "nauc_mrr_at_1_diff1": 0.180193,
        "nauc_mrr_at_3_max": 0.48357,
        "nauc_mrr_at_3_std": 0.233775,
        "nauc_mrr_at_3_diff1": 0.237039,
        "nauc_mrr_at_5_max": 0.48357,
        "nauc_mrr_at_5_std": 0.233775,
        "nauc_mrr_at_5_diff1": 0.237039,
        "nauc_mrr_at_10_max": 0.48357,
        "nauc_mrr_at_10_std": 0.233775,
        "nauc_mrr_at_10_diff1": 0.237039,
        "nauc_mrr_at_20_max": 0.48357,
        "nauc_mrr_at_20_std": 0.233775,
        "nauc_mrr_at_20_diff1": 0.237039,
        "nauc_mrr_at_100_max": 0.48357,
        "nauc_mrr_at_100_std": 0.233775,
        "nauc_mrr_at_100_diff1": 0.237039,
        "nauc_mrr_at_1000_max": 0.48357,
        "nauc_mrr_at_1000_std": 0.233775,
        "nauc_mrr_at_1000_diff1": 0.237039,
        "main_score": 0.66706,
        "hf_subset": "default",
        "languages": [
          "fas-Arab"
        ]
      }
    ]
  },
  "evaluation_time": 39.63314962387085,
  "kg_co2_emissions": null
}