{
  "dataset_revision": "35dd709a0d846ae987541cf8ca978562636260f0",
  "task_name": "NeuCLIR2022RetrievalHardNegatives",
  "mteb_version": "1.38.33",
  "scores": {
    "test": [
      {
        "ndcg_at_1": 0.14815,
        "ndcg_at_3": 0.1359,
        "ndcg_at_5": 0.12831,
        "ndcg_at_10": 0.13851,
        "ndcg_at_20": 0.1471,
        "ndcg_at_100": 0.19698,
        "ndcg_at_1000": 0.32805,
        "map_at_1": 0.00836,
        "map_at_3": 0.01875,
        "map_at_5": 0.0239,
        "map_at_10": 0.0376,
        "map_at_20": 0.04595,
        "map_at_100": 0.07535,
        "map_at_1000": 0.10263,
        "recall_at_1": 0.00836,
        "recall_at_3": 0.02591,
        "recall_at_5": 0.03765,
        "recall_at_10": 0.07917,
        "recall_at_20": 0.11943,
        "recall_at_100": 0.31504,
        "recall_at_1000": 0.83599,
        "precision_at_1": 0.17778,
        "precision_at_3": 0.16296,
        "precision_at_5": 0.14667,
        "precision_at_10": 0.14444,
        "precision_at_20": 0.12556,
        "precision_at_100": 0.08333,
        "precision_at_1000": 0.02538,
        "mrr_at_1": 0.177778,
        "mrr_at_3": 0.240741,
        "mrr_at_5": 0.245185,
        "mrr_at_10": 0.262425,
        "mrr_at_20": 0.27002,
        "mrr_at_100": 0.272828,
        "mrr_at_1000": 0.273647,
        "nauc_ndcg_at_1_max": 0.235177,
        "nauc_ndcg_at_1_std": -0.168938,
        "nauc_ndcg_at_1_diff1": -0.031463,
        "nauc_ndcg_at_3_max": 0.356514,
        "nauc_ndcg_at_3_std": -0.156343,
        "nauc_ndcg_at_3_diff1": 0.015297,
        "nauc_ndcg_at_5_max": 0.437409,
        "nauc_ndcg_at_5_std": -0.146133,
        "nauc_ndcg_at_5_diff1": 0.076558,
        "nauc_ndcg_at_10_max": 0.484648,
        "nauc_ndcg_at_10_std": -0.122082,
        "nauc_ndcg_at_10_diff1": 0.022825,
        "nauc_ndcg_at_20_max": 0.515665,
        "nauc_ndcg_at_20_std": -0.072602,
        "nauc_ndcg_at_20_diff1": 0.043095,
        "nauc_ndcg_at_100_max": 0.618411,
        "nauc_ndcg_at_100_std": 0.151325,
        "nauc_ndcg_at_100_diff1": 0.002154,
        "nauc_ndcg_at_1000_max": 0.563339,
        "nauc_ndcg_at_1000_std": 0.046901,
        "nauc_ndcg_at_1000_diff1": -0.026139,
        "nauc_map_at_1_max": 0.136494,
        "nauc_map_at_1_std": -0.109001,
        "nauc_map_at_1_diff1": 0.130435,
        "nauc_map_at_3_max": 0.405106,
        "nauc_map_at_3_std": 0.006426,
        "nauc_map_at_3_diff1": 0.108684,
        "nauc_map_at_5_max": 0.467787,
        "nauc_map_at_5_std": -0.011009,
        "nauc_map_at_5_diff1": 0.158304,
        "nauc_map_at_10_max": 0.51512,
        "nauc_map_at_10_std": -0.008709,
        "nauc_map_at_10_diff1": 0.154359,
        "nauc_map_at_20_max": 0.513445,
        "nauc_map_at_20_std": 0.018864,
        "nauc_map_at_20_diff1": 0.124958,
        "nauc_map_at_100_max": 0.700405,
        "nauc_map_at_100_std": 0.267442,
        "nauc_map_at_100_diff1": 0.071334,
        "nauc_map_at_1000_max": 0.753816,
        "nauc_map_at_1000_std": 0.303015,
        "nauc_map_at_1000_diff1": 0.023907,
        "nauc_recall_at_1_max": 0.136494,
        "nauc_recall_at_1_std": -0.109001,
        "nauc_recall_at_1_diff1": 0.130435,
        "nauc_recall_at_3_max": 0.50734,
        "nauc_recall_at_3_std": 0.086498,
        "nauc_recall_at_3_diff1": 0.066649,
        "nauc_recall_at_5_max": 0.600018,
        "nauc_recall_at_5_std": 0.158469,
        "nauc_recall_at_5_diff1": 0.079074,
        "nauc_recall_at_10_max": 0.525392,
        "nauc_recall_at_10_std": 0.137356,
        "nauc_recall_at_10_diff1": -0.046339,
        "nauc_recall_at_20_max": 0.491779,
        "nauc_recall_at_20_std": 0.191339,
        "nauc_recall_at_20_diff1": -0.041662,
        "nauc_recall_at_100_max": 0.559319,
        "nauc_recall_at_100_std": 0.37142,
        "nauc_recall_at_100_diff1": -0.033177,
        "nauc_recall_at_1000_max": 0.333547,
        "nauc_recall_at_1000_std": 0.171533,
        "nauc_recall_at_1000_diff1": -0.205927,
        "nauc_precision_at_1_max": 0.278873,
        "nauc_precision_at_1_std": -0.130731,
        "nauc_precision_at_1_diff1": 0.046828,
        "nauc_precision_at_3_max": 0.449383,
        "nauc_precision_at_3_std": -0.166907,
        "nauc_precision_at_3_diff1": 0.110646,
        "nauc_precision_at_5_max": 0.535478,
        "nauc_precision_at_5_std": -0.105687,
        "nauc_precision_at_5_diff1": 0.145531,
        "nauc_precision_at_10_max": 0.526436,
        "nauc_precision_at_10_std": -0.092863,
        "nauc_precision_at_10_diff1": 0.06499,
        "nauc_precision_at_20_max": 0.5277,
        "nauc_precision_at_20_std": -0.01007,
        "nauc_precision_at_20_diff1": 0.027907,
        "nauc_precision_at_100_max": 0.690936,
        "nauc_precision_at_100_std": 0.311563,
        "nauc_precision_at_100_diff1": -0.059536,
        "nauc_precision_at_1000_max": 0.496169,
        "nauc_precision_at_1000_std": 0.025594,
        "nauc_precision_at_1000_diff1": -0.06183,
        "nauc_mrr_at_1_max": 0.278873,
        "nauc_mrr_at_1_std": -0.130731,
        "nauc_mrr_at_1_diff1": 0.046828,
        "nauc_mrr_at_3_max": 0.362588,
        "nauc_mrr_at_3_std": -0.175463,
        "nauc_mrr_at_3_diff1": 0.073376,
        "nauc_mrr_at_5_max": 0.386286,
        "nauc_mrr_at_5_std": -0.150457,
        "nauc_mrr_at_5_diff1": 0.068013,
        "nauc_mrr_at_10_max": 0.372473,
        "nauc_mrr_at_10_std": -0.166484,
        "nauc_mrr_at_10_diff1": 0.041559,
        "nauc_mrr_at_20_max": 0.378718,
        "nauc_mrr_at_20_std": -0.147966,
        "nauc_mrr_at_20_diff1": 0.043247,
        "nauc_mrr_at_100_max": 0.377079,
        "nauc_mrr_at_100_std": -0.149685,
        "nauc_mrr_at_100_diff1": 0.038496,
        "nauc_mrr_at_1000_max": 0.376563,
        "nauc_mrr_at_1000_std": -0.149625,
        "nauc_mrr_at_1000_diff1": 0.040203,
        "main_score": 0.1471,
        "hf_subset": "fas",
        "languages": [
          "fas-Arab"
        ]
      }
    ]
  },
  "evaluation_time": 128.37621212005615,
  "kg_co2_emissions": null
}