{
  "dataset_revision": "a30774c99c358b3e04948b0eb8bd21f26461ef42",
  "task_name": "FEVER-FaHardNegatives",
  "mteb_version": "1.38.33",
  "scores": {
    "test": [
      {
        "ndcg_at_1": 0.015,
        "ndcg_at_3": 0.02389,
        "ndcg_at_5": 0.02836,
        "ndcg_at_10": 0.03035,
        "ndcg_at_20": 0.03436,
        "ndcg_at_100": 0.04308,
        "ndcg_at_1000": 0.0604,
        "map_at_1": 0.0145,
        "map_at_3": 0.02103,
        "map_at_5": 0.02348,
        "map_at_10": 0.02426,
        "map_at_20": 0.02534,
        "map_at_100": 0.02649,
        "map_at_1000": 0.02697,
        "recall_at_1": 0.0145,
        "recall_at_3": 0.03133,
        "recall_at_5": 0.04233,
        "recall_at_10": 0.04833,
        "recall_at_20": 0.06433,
        "recall_at_100": 0.11028,
        "recall_at_1000": 0.2534,
        "precision_at_1": 0.015,
        "precision_at_3": 0.011,
        "precision_at_5": 0.0088,
        "precision_at_10": 0.0051,
        "precision_at_20": 0.0034,
        "precision_at_100": 0.00122,
        "precision_at_1000": 0.00028,
        "mrr_at_1": 0.015,
        "mrr_at_3": 0.022,
        "mrr_at_5": 0.02445,
        "mrr_at_10": 0.025362,
        "mrr_at_20": 0.026375,
        "mrr_at_100": 0.027644,
        "mrr_at_1000": 0.028124,
        "nauc_ndcg_at_1_max": 0.05885,
        "nauc_ndcg_at_1_std": 0.053036,
        "nauc_ndcg_at_1_diff1": 0.27824,
        "nauc_ndcg_at_3_max": 0.044262,
        "nauc_ndcg_at_3_std": 0.21652,
        "nauc_ndcg_at_3_diff1": 0.232063,
        "nauc_ndcg_at_5_max": 0.047432,
        "nauc_ndcg_at_5_std": 0.300617,
        "nauc_ndcg_at_5_diff1": 0.220789,
        "nauc_ndcg_at_10_max": 0.023933,
        "nauc_ndcg_at_10_std": 0.306336,
        "nauc_ndcg_at_10_diff1": 0.20346,
        "nauc_ndcg_at_20_max": 0.014432,
        "nauc_ndcg_at_20_std": 0.309409,
        "nauc_ndcg_at_20_diff1": 0.183857,
        "nauc_ndcg_at_100_max": 0.031499,
        "nauc_ndcg_at_100_std": 0.313979,
        "nauc_ndcg_at_100_diff1": 0.171465,
        "nauc_ndcg_at_1000_max": -0.004793,
        "nauc_ndcg_at_1000_std": 0.270374,
        "nauc_ndcg_at_1000_diff1": 0.128861,
        "nauc_map_at_1_max": 0.057484,
        "nauc_map_at_1_std": 0.03204,
        "nauc_map_at_1_diff1": 0.294931,
        "nauc_map_at_3_max": 0.045526,
        "nauc_map_at_3_std": 0.174779,
        "nauc_map_at_3_diff1": 0.241137,
        "nauc_map_at_5_max": 0.046771,
        "nauc_map_at_5_std": 0.234255,
        "nauc_map_at_5_diff1": 0.23241,
        "nauc_map_at_10_max": 0.034848,
        "nauc_map_at_10_std": 0.239928,
        "nauc_map_at_10_diff1": 0.223135,
        "nauc_map_at_20_max": 0.03133,
        "nauc_map_at_20_std": 0.244139,
        "nauc_map_at_20_diff1": 0.214874,
        "nauc_map_at_100_max": 0.034196,
        "nauc_map_at_100_std": 0.246783,
        "nauc_map_at_100_diff1": 0.20916,
        "nauc_map_at_1000_max": 0.032833,
        "nauc_map_at_1000_std": 0.245386,
        "nauc_map_at_1000_diff1": 0.206397,
        "nauc_recall_at_1_max": 0.057484,
        "nauc_recall_at_1_std": 0.03204,
        "nauc_recall_at_1_diff1": 0.294931,
        "nauc_recall_at_3_max": 0.04637,
        "nauc_recall_at_3_std": 0.282116,
        "nauc_recall_at_3_diff1": 0.218706,
        "nauc_recall_at_5_max": 0.052701,
        "nauc_recall_at_5_std": 0.404765,
        "nauc_recall_at_5_diff1": 0.204348,
        "nauc_recall_at_10_max": 0.007766,
        "nauc_recall_at_10_std": 0.405912,
        "nauc_recall_at_10_diff1": 0.174051,
        "nauc_recall_at_20_max": -0.008139,
        "nauc_recall_at_20_std": 0.387727,
        "nauc_recall_at_20_diff1": 0.140623,
        "nauc_recall_at_100_max": 0.038591,
        "nauc_recall_at_100_std": 0.36747,
        "nauc_recall_at_100_diff1": 0.134726,
        "nauc_recall_at_1000_max": -0.055194,
        "nauc_recall_at_1000_std": 0.2381,
        "nauc_recall_at_1000_diff1": 0.049145,
        "nauc_precision_at_1_max": 0.05885,
        "nauc_precision_at_1_std": 0.053036,
        "nauc_precision_at_1_diff1": 0.27824,
        "nauc_precision_at_3_max": 0.035401,
        "nauc_precision_at_3_std": 0.306421,
        "nauc_precision_at_3_diff1": 0.221626,
        "nauc_precision_at_5_max": 0.044235,
        "nauc_precision_at_5_std": 0.418348,
        "nauc_precision_at_5_diff1": 0.207082,
        "nauc_precision_at_10_max": -0.001326,
        "nauc_precision_at_10_std": 0.404494,
        "nauc_precision_at_10_diff1": 0.175145,
        "nauc_precision_at_20_max": -0.017717,
        "nauc_precision_at_20_std": 0.388923,
        "nauc_precision_at_20_diff1": 0.136831,
        "nauc_precision_at_100_max": 0.025583,
        "nauc_precision_at_100_std": 0.374261,
        "nauc_precision_at_100_diff1": 0.156356,
        "nauc_precision_at_1000_max": -0.054336,
        "nauc_precision_at_1000_std": 0.252706,
        "nauc_precision_at_1000_diff1": 0.073572,
        "nauc_mrr_at_1_max": 0.05885,
        "nauc_mrr_at_1_std": 0.053036,
        "nauc_mrr_at_1_diff1": 0.27824,
        "nauc_mrr_at_3_max": 0.041066,
        "nauc_mrr_at_3_std": 0.200149,
        "nauc_mrr_at_3_diff1": 0.233566,
        "nauc_mrr_at_5_max": 0.042708,
        "nauc_mrr_at_5_std": 0.254717,
        "nauc_mrr_at_5_diff1": 0.225945,
        "nauc_mrr_at_10_max": 0.030036,
        "nauc_mrr_at_10_std": 0.256724,
        "nauc_mrr_at_10_diff1": 0.216047,
        "nauc_mrr_at_20_max": 0.026044,
        "nauc_mrr_at_20_std": 0.258749,
        "nauc_mrr_at_20_diff1": 0.209349,
        "nauc_mrr_at_100_max": 0.029375,
        "nauc_mrr_at_100_std": 0.261241,
        "nauc_mrr_at_100_diff1": 0.203835,
        "nauc_mrr_at_1000_max": 0.028123,
        "nauc_mrr_at_1000_std": 0.259529,
        "nauc_mrr_at_1000_diff1": 0.201188,
        "main_score": 0.03035,
        "hf_subset": "default",
        "languages": [
          "fas-Arab"
        ]
      }
    ]
  },
  "evaluation_time": 191.30532264709473,
  "kg_co2_emissions": null
}