{
  "dataset_revision": "35dd709a0d846ae987541cf8ca978562636260f0",
  "task_name": "NeuCLIR2022RetrievalHardNegatives",
  "mteb_version": "1.38.33",
  "scores": {
    "test": [
      {
        "ndcg_at_1": 0.11111,
        "ndcg_at_3": 0.1133,
        "ndcg_at_5": 0.11348,
        "ndcg_at_10": 0.11573,
        "ndcg_at_20": 0.12736,
        "ndcg_at_100": 0.18403,
        "ndcg_at_1000": 0.30361,
        "map_at_1": 0.00434,
        "map_at_3": 0.00917,
        "map_at_5": 0.01329,
        "map_at_10": 0.02195,
        "map_at_20": 0.03573,
        "map_at_100": 0.07271,
        "map_at_1000": 0.10616,
        "recall_at_1": 0.00434,
        "recall_at_3": 0.01231,
        "recall_at_5": 0.02285,
        "recall_at_10": 0.04891,
        "recall_at_20": 0.08497,
        "recall_at_100": 0.29794,
        "recall_at_1000": 0.7618,
        "precision_at_1": 0.15556,
        "precision_at_3": 0.13333,
        "precision_at_5": 0.13778,
        "precision_at_10": 0.14222,
        "precision_at_20": 0.13778,
        "precision_at_100": 0.10111,
        "precision_at_1000": 0.02593,
        "mrr_at_1": 0.155556,
        "mrr_at_3": 0.196296,
        "mrr_at_5": 0.212963,
        "mrr_at_10": 0.221384,
        "mrr_at_20": 0.228834,
        "mrr_at_100": 0.237168,
        "mrr_at_1000": 0.237658,
        "nauc_ndcg_at_1_max": 0.474166,
        "nauc_ndcg_at_1_std": 0.326309,
        "nauc_ndcg_at_1_diff1": -0.256272,
        "nauc_ndcg_at_3_max": 0.419312,
        "nauc_ndcg_at_3_std": 0.300846,
        "nauc_ndcg_at_3_diff1": -0.081807,
        "nauc_ndcg_at_5_max": 0.416965,
        "nauc_ndcg_at_5_std": 0.354648,
        "nauc_ndcg_at_5_diff1": -0.069314,
        "nauc_ndcg_at_10_max": 0.460761,
        "nauc_ndcg_at_10_std": 0.390894,
        "nauc_ndcg_at_10_diff1": -0.047436,
        "nauc_ndcg_at_20_max": 0.4025,
        "nauc_ndcg_at_20_std": 0.347952,
        "nauc_ndcg_at_20_diff1": -0.033023,
        "nauc_ndcg_at_100_max": 0.327598,
        "nauc_ndcg_at_100_std": 0.355336,
        "nauc_ndcg_at_100_diff1": -0.135128,
        "nauc_ndcg_at_1000_max": 0.397025,
        "nauc_ndcg_at_1000_std": 0.351591,
        "nauc_ndcg_at_1000_diff1": -0.193575,
        "nauc_map_at_1_max": 0.028873,
        "nauc_map_at_1_std": -0.22491,
        "nauc_map_at_1_diff1": -0.388872,
        "nauc_map_at_3_max": 0.051573,
        "nauc_map_at_3_std": -0.243829,
        "nauc_map_at_3_diff1": -0.153237,
        "nauc_map_at_5_max": 0.095499,
        "nauc_map_at_5_std": -0.096001,
        "nauc_map_at_5_diff1": -0.152583,
        "nauc_map_at_10_max": 0.173952,
        "nauc_map_at_10_std": -0.049785,
        "nauc_map_at_10_diff1": -0.049424,
        "nauc_map_at_20_max": 0.073815,
        "nauc_map_at_20_std": -0.094932,
        "nauc_map_at_20_diff1": 0.091064,
        "nauc_map_at_100_max": 0.223894,
        "nauc_map_at_100_std": 0.183856,
        "nauc_map_at_100_diff1": -0.023419,
        "nauc_map_at_1000_max": 0.362775,
        "nauc_map_at_1000_std": 0.347376,
        "nauc_map_at_1000_diff1": -0.126276,
        "nauc_recall_at_1_max": 0.028873,
        "nauc_recall_at_1_std": -0.22491,
        "nauc_recall_at_1_diff1": -0.388872,
        "nauc_recall_at_3_max": 0.050983,
        "nauc_recall_at_3_std": -0.270881,
        "nauc_recall_at_3_diff1": 0.024709,
        "nauc_recall_at_5_max": 0.117443,
        "nauc_recall_at_5_std": 0.047668,
        "nauc_recall_at_5_diff1": -0.031602,
        "nauc_recall_at_10_max": 0.328859,
        "nauc_recall_at_10_std": 0.060506,
        "nauc_recall_at_10_diff1": -0.069496,
        "nauc_recall_at_20_max": 0.122765,
        "nauc_recall_at_20_std": -0.033188,
        "nauc_recall_at_20_diff1": 0.054137,
        "nauc_recall_at_100_max": 0.159185,
        "nauc_recall_at_100_std": 0.14036,
        "nauc_recall_at_100_diff1": -0.209804,
        "nauc_recall_at_1000_max": 0.45257,
        "nauc_recall_at_1000_std": 0.340876,
        "nauc_recall_at_1000_diff1": -0.580838,
        "nauc_precision_at_1_max": 0.347809,
        "nauc_precision_at_1_std": 0.211499,
        "nauc_precision_at_1_diff1": -0.261208,
        "nauc_precision_at_3_max": 0.393087,
        "nauc_precision_at_3_std": 0.29779,
        "nauc_precision_at_3_diff1": -0.090172,
        "nauc_precision_at_5_max": 0.399516,
        "nauc_precision_at_5_std": 0.382073,
        "nauc_precision_at_5_diff1": -0.063341,
        "nauc_precision_at_10_max": 0.457607,
        "nauc_precision_at_10_std": 0.40567,
        "nauc_precision_at_10_diff1": -0.022806,
        "nauc_precision_at_20_max": 0.383744,
        "nauc_precision_at_20_std": 0.3752,
        "nauc_precision_at_20_diff1": -0.008917,
        "nauc_precision_at_100_max": 0.468653,
        "nauc_precision_at_100_std": 0.531207,
        "nauc_precision_at_100_diff1": -0.169875,
        "nauc_precision_at_1000_max": 0.500574,
        "nauc_precision_at_1000_std": 0.547804,
        "nauc_precision_at_1000_diff1": -0.246347,
        "nauc_mrr_at_1_max": 0.347809,
        "nauc_mrr_at_1_std": 0.211499,
        "nauc_mrr_at_1_diff1": -0.261208,
        "nauc_mrr_at_3_max": 0.295251,
        "nauc_mrr_at_3_std": 0.143185,
        "nauc_mrr_at_3_diff1": -0.084242,
        "nauc_mrr_at_5_max": 0.294104,
        "nauc_mrr_at_5_std": 0.188748,
        "nauc_mrr_at_5_diff1": -0.077115,
        "nauc_mrr_at_10_max": 0.332983,
        "nauc_mrr_at_10_std": 0.201919,
        "nauc_mrr_at_10_diff1": -0.090211,
        "nauc_mrr_at_20_max": 0.317335,
        "nauc_mrr_at_20_std": 0.198922,
        "nauc_mrr_at_20_diff1": -0.098206,
        "nauc_mrr_at_100_max": 0.319163,
        "nauc_mrr_at_100_std": 0.197547,
        "nauc_mrr_at_100_diff1": -0.103916,
        "nauc_mrr_at_1000_max": 0.31872,
        "nauc_mrr_at_1000_std": 0.197169,
        "nauc_mrr_at_1000_diff1": -0.103176,
        "main_score": 0.12736,
        "hf_subset": "fas",
        "languages": [
          "fas-Arab"
        ]
      }
    ]
  },
  "evaluation_time": 20.86890697479248,
  "kg_co2_emissions": null
}