{
  "dataset_revision": "cf7db7133d355e1ab152c8bd5cd25ecbd4114270",
  "task_name": "NQ-FaHardNegatives",
  "mteb_version": "1.38.33",
  "scores": {
    "test": [
      {
        "ndcg_at_1": 0.018,
        "ndcg_at_3": 0.0243,
        "ndcg_at_5": 0.02714,
        "ndcg_at_10": 0.03317,
        "ndcg_at_20": 0.04025,
        "ndcg_at_100": 0.06007,
        "ndcg_at_1000": 0.0848,
        "map_at_1": 0.01483,
        "map_at_3": 0.02144,
        "map_at_5": 0.02287,
        "map_at_10": 0.02536,
        "map_at_20": 0.0273,
        "map_at_100": 0.02978,
        "map_at_1000": 0.03056,
        "recall_at_1": 0.01483,
        "recall_at_3": 0.02917,
        "recall_at_5": 0.03567,
        "recall_at_10": 0.05317,
        "recall_at_20": 0.07925,
        "recall_at_100": 0.18542,
        "recall_at_1000": 0.3825,
        "precision_at_1": 0.018,
        "precision_at_3": 0.012,
        "precision_at_5": 0.009,
        "precision_at_10": 0.0067,
        "precision_at_20": 0.00515,
        "precision_at_100": 0.00232,
        "precision_at_1000": 0.00047,
        "mrr_at_1": 0.018,
        "mrr_at_3": 0.025,
        "mrr_at_5": 0.02695,
        "mrr_at_10": 0.029697,
        "mrr_at_20": 0.031783,
        "mrr_at_100": 0.03427,
        "mrr_at_1000": 0.035013,
        "nauc_ndcg_at_1_max": 0.063396,
        "nauc_ndcg_at_1_std": 0.216394,
        "nauc_ndcg_at_1_diff1": 0.087187,
        "nauc_ndcg_at_3_max": 0.110396,
        "nauc_ndcg_at_3_std": 0.274939,
        "nauc_ndcg_at_3_diff1": 0.025682,
        "nauc_ndcg_at_5_max": 0.120698,
        "nauc_ndcg_at_5_std": 0.278442,
        "nauc_ndcg_at_5_diff1": 0.002374,
        "nauc_ndcg_at_10_max": 0.144961,
        "nauc_ndcg_at_10_std": 0.214238,
        "nauc_ndcg_at_10_diff1": -0.009799,
        "nauc_ndcg_at_20_max": 0.16948,
        "nauc_ndcg_at_20_std": 0.233677,
        "nauc_ndcg_at_20_diff1": -0.020717,
        "nauc_ndcg_at_100_max": 0.218648,
        "nauc_ndcg_at_100_std": 0.272315,
        "nauc_ndcg_at_100_diff1": -0.03075,
        "nauc_ndcg_at_1000_max": 0.231201,
        "nauc_ndcg_at_1000_std": 0.292476,
        "nauc_ndcg_at_1000_diff1": -0.007353,
        "nauc_map_at_1_max": 0.06299,
        "nauc_map_at_1_std": 0.267046,
        "nauc_map_at_1_diff1": 0.088504,
        "nauc_map_at_3_max": 0.101323,
        "nauc_map_at_3_std": 0.28573,
        "nauc_map_at_3_diff1": 0.027034,
        "nauc_map_at_5_max": 0.106357,
        "nauc_map_at_5_std": 0.289401,
        "nauc_map_at_5_diff1": 0.012343,
        "nauc_map_at_10_max": 0.123413,
        "nauc_map_at_10_std": 0.25023,
        "nauc_map_at_10_diff1": 0.002697,
        "nauc_map_at_20_max": 0.137964,
        "nauc_map_at_20_std": 0.25382,
        "nauc_map_at_20_diff1": -0.004411,
        "nauc_map_at_100_max": 0.15294,
        "nauc_map_at_100_std": 0.259622,
        "nauc_map_at_100_diff1": -0.007111,
        "nauc_map_at_1000_max": 0.154386,
        "nauc_map_at_1000_std": 0.261186,
        "nauc_map_at_1000_diff1": -0.005745,
        "nauc_recall_at_1_max": 0.06299,
        "nauc_recall_at_1_std": 0.267046,
        "nauc_recall_at_1_diff1": 0.088504,
        "nauc_recall_at_3_max": 0.139706,
        "nauc_recall_at_3_std": 0.279246,
        "nauc_recall_at_3_diff1": -0.009432,
        "nauc_recall_at_5_max": 0.148147,
        "nauc_recall_at_5_std": 0.282049,
        "nauc_recall_at_5_diff1": -0.046117,
        "nauc_recall_at_10_max": 0.183393,
        "nauc_recall_at_10_std": 0.16908,
        "nauc_recall_at_10_diff1": -0.041737,
        "nauc_recall_at_20_max": 0.209088,
        "nauc_recall_at_20_std": 0.221828,
        "nauc_recall_at_20_diff1": -0.054061,
        "nauc_recall_at_100_max": 0.276029,
        "nauc_recall_at_100_std": 0.305098,
        "nauc_recall_at_100_diff1": -0.055557,
        "nauc_recall_at_1000_max": 0.285266,
        "nauc_recall_at_1000_std": 0.346204,
        "nauc_recall_at_1000_diff1": 0.007522,
        "nauc_precision_at_1_max": 0.063396,
        "nauc_precision_at_1_std": 0.216394,
        "nauc_precision_at_1_diff1": 0.087187,
        "nauc_precision_at_3_max": 0.112214,
        "nauc_precision_at_3_std": 0.271517,
        "nauc_precision_at_3_diff1": 0.009033,
        "nauc_precision_at_5_max": 0.145026,
        "nauc_precision_at_5_std": 0.269302,
        "nauc_precision_at_5_diff1": -0.024887,
        "nauc_precision_at_10_max": 0.18039,
        "nauc_precision_at_10_std": 0.161364,
        "nauc_precision_at_10_diff1": -0.043695,
        "nauc_precision_at_20_max": 0.223746,
        "nauc_precision_at_20_std": 0.212269,
        "nauc_precision_at_20_diff1": -0.044139,
        "nauc_precision_at_100_max": 0.280406,
        "nauc_precision_at_100_std": 0.287662,
        "nauc_precision_at_100_diff1": -0.051746,
        "nauc_precision_at_1000_max": 0.29152,
        "nauc_precision_at_1000_std": 0.301314,
        "nauc_precision_at_1000_diff1": -0.001002,
        "nauc_mrr_at_1_max": 0.063396,
        "nauc_mrr_at_1_std": 0.216394,
        "nauc_mrr_at_1_diff1": 0.087187,
        "nauc_mrr_at_3_max": 0.09311,
        "nauc_mrr_at_3_std": 0.243635,
        "nauc_mrr_at_3_diff1": 0.066414,
        "nauc_mrr_at_5_max": 0.105289,
        "nauc_mrr_at_5_std": 0.24834,
        "nauc_mrr_at_5_diff1": 0.049549,
        "nauc_mrr_at_10_max": 0.114521,
        "nauc_mrr_at_10_std": 0.219307,
        "nauc_mrr_at_10_diff1": 0.034642,
        "nauc_mrr_at_20_max": 0.125347,
        "nauc_mrr_at_20_std": 0.22886,
        "nauc_mrr_at_20_diff1": 0.031135,
        "nauc_mrr_at_100_max": 0.137778,
        "nauc_mrr_at_100_std": 0.234419,
        "nauc_mrr_at_100_diff1": 0.025062,
        "nauc_mrr_at_1000_max": 0.139294,
        "nauc_mrr_at_1000_std": 0.235801,
        "nauc_mrr_at_1000_diff1": 0.025592,
        "main_score": 0.03317,
        "hf_subset": "default",
        "languages": [
          "fas-Arab"
        ]
      }
    ]
  },
  "evaluation_time": 237.37904691696167,
  "kg_co2_emissions": null
}