{
  "dataset_revision": "b591262de1a2498c3618a4dd386d590450e85dcd",
  "task_name": "HotpotQA-FaHardNegatives",
  "mteb_version": "1.38.33",
  "scores": {
    "test": [
      {
        "ndcg_at_1": 0.637,
        "ndcg_at_3": 0.47113,
        "ndcg_at_5": 0.49474,
        "ndcg_at_10": 0.51611,
        "ndcg_at_20": 0.53228,
        "ndcg_at_100": 0.55843,
        "ndcg_at_1000": 0.58027,
        "map_at_1": 0.3185,
        "map_at_3": 0.39192,
        "map_at_5": 0.40792,
        "map_at_10": 0.41917,
        "map_at_20": 0.42521,
        "map_at_100": 0.43007,
        "map_at_1000": 0.43122,
        "recall_at_1": 0.3185,
        "recall_at_3": 0.4305,
        "recall_at_5": 0.4775,
        "recall_at_10": 0.532,
        "recall_at_20": 0.584,
        "recall_at_100": 0.7,
        "recall_at_1000": 0.843,
        "precision_at_1": 0.637,
        "precision_at_3": 0.287,
        "precision_at_5": 0.191,
        "precision_at_10": 0.1064,
        "precision_at_20": 0.0584,
        "precision_at_100": 0.014,
        "precision_at_1000": 0.00169,
        "mrr_at_1": 0.637,
        "mrr_at_3": 0.688833,
        "mrr_at_5": 0.699333,
        "mrr_at_10": 0.705135,
        "mrr_at_20": 0.707623,
        "mrr_at_100": 0.709417,
        "mrr_at_1000": 0.709615,
        "nauc_ndcg_at_1_max": 0.579289,
        "nauc_ndcg_at_1_std": 0.034846,
        "nauc_ndcg_at_1_diff1": 0.700804,
        "nauc_ndcg_at_3_max": 0.468826,
        "nauc_ndcg_at_3_std": 0.027361,
        "nauc_ndcg_at_3_diff1": 0.504223,
        "nauc_ndcg_at_5_max": 0.431591,
        "nauc_ndcg_at_5_std": 0.032642,
        "nauc_ndcg_at_5_diff1": 0.470305,
        "nauc_ndcg_at_10_max": 0.413307,
        "nauc_ndcg_at_10_std": 0.054761,
        "nauc_ndcg_at_10_diff1": 0.438681,
        "nauc_ndcg_at_20_max": 0.409828,
        "nauc_ndcg_at_20_std": 0.073251,
        "nauc_ndcg_at_20_diff1": 0.429167,
        "nauc_ndcg_at_100_max": 0.411611,
        "nauc_ndcg_at_100_std": 0.10906,
        "nauc_ndcg_at_100_diff1": 0.417919,
        "nauc_ndcg_at_1000_max": 0.41135,
        "nauc_ndcg_at_1000_std": 0.10688,
        "nauc_ndcg_at_1000_diff1": 0.420254,
        "nauc_map_at_1_max": 0.579289,
        "nauc_map_at_1_std": 0.034846,
        "nauc_map_at_1_diff1": 0.700804,
        "nauc_map_at_3_max": 0.438582,
        "nauc_map_at_3_std": 0.025924,
        "nauc_map_at_3_diff1": 0.466411,
        "nauc_map_at_5_max": 0.411067,
        "nauc_map_at_5_std": 0.028371,
        "nauc_map_at_5_diff1": 0.442455,
        "nauc_map_at_10_max": 0.401448,
        "nauc_map_at_10_std": 0.041087,
        "nauc_map_at_10_diff1": 0.424742,
        "nauc_map_at_20_max": 0.399845,
        "nauc_map_at_20_std": 0.047156,
        "nauc_map_at_20_diff1": 0.421075,
        "nauc_map_at_100_max": 0.400572,
        "nauc_map_at_100_std": 0.054039,
        "nauc_map_at_100_diff1": 0.41895,
        "nauc_map_at_1000_max": 0.400612,
        "nauc_map_at_1000_std": 0.054296,
        "nauc_map_at_1000_diff1": 0.418847,
        "nauc_recall_at_1_max": 0.579289,
        "nauc_recall_at_1_std": 0.034846,
        "nauc_recall_at_1_diff1": 0.700804,
        "nauc_recall_at_3_max": 0.396815,
        "nauc_recall_at_3_std": 0.020886,
        "nauc_recall_at_3_diff1": 0.388591,
        "nauc_recall_at_5_max": 0.304135,
        "nauc_recall_at_5_std": 0.030452,
        "nauc_recall_at_5_diff1": 0.302591,
        "nauc_recall_at_10_max": 0.243704,
        "nauc_recall_at_10_std": 0.083033,
        "nauc_recall_at_10_diff1": 0.209375,
        "nauc_recall_at_20_max": 0.217383,
        "nauc_recall_at_20_std": 0.138229,
        "nauc_recall_at_20_diff1": 0.164437,
        "nauc_recall_at_100_max": 0.167967,
        "nauc_recall_at_100_std": 0.299471,
        "nauc_recall_at_100_diff1": 0.049404,
        "nauc_recall_at_1000_max": 0.057467,
        "nauc_recall_at_1000_std": 0.365284,
        "nauc_recall_at_1000_diff1": -0.088369,
        "nauc_precision_at_1_max": 0.579289,
        "nauc_precision_at_1_std": 0.034846,
        "nauc_precision_at_1_diff1": 0.700804,
        "nauc_precision_at_3_max": 0.396815,
        "nauc_precision_at_3_std": 0.020886,
        "nauc_precision_at_3_diff1": 0.388591,
        "nauc_precision_at_5_max": 0.304135,
        "nauc_precision_at_5_std": 0.030452,
        "nauc_precision_at_5_diff1": 0.302591,
        "nauc_precision_at_10_max": 0.243704,
        "nauc_precision_at_10_std": 0.083033,
        "nauc_precision_at_10_diff1": 0.209375,
        "nauc_precision_at_20_max": 0.217383,
        "nauc_precision_at_20_std": 0.138229,
        "nauc_precision_at_20_diff1": 0.164437,
        "nauc_precision_at_100_max": 0.167967,
        "nauc_precision_at_100_std": 0.299471,
        "nauc_precision_at_100_diff1": 0.049404,
        "nauc_precision_at_1000_max": 0.057467,
        "nauc_precision_at_1000_std": 0.365284,
        "nauc_precision_at_1000_diff1": -0.088369,
        "nauc_mrr_at_1_max": 0.579289,
        "nauc_mrr_at_1_std": 0.034846,
        "nauc_mrr_at_1_diff1": 0.700804,
        "nauc_mrr_at_3_max": 0.579937,
        "nauc_mrr_at_3_std": 0.035529,
        "nauc_mrr_at_3_diff1": 0.673272,
        "nauc_mrr_at_5_max": 0.573767,
        "nauc_mrr_at_5_std": 0.040104,
        "nauc_mrr_at_5_diff1": 0.668749,
        "nauc_mrr_at_10_max": 0.573009,
        "nauc_mrr_at_10_std": 0.044361,
        "nauc_mrr_at_10_diff1": 0.667784,
        "nauc_mrr_at_20_max": 0.574652,
        "nauc_mrr_at_20_std": 0.046961,
        "nauc_mrr_at_20_diff1": 0.669137,
        "nauc_mrr_at_100_max": 0.57536,
        "nauc_mrr_at_100_std": 0.047974,
        "nauc_mrr_at_100_diff1": 0.669974,
        "nauc_mrr_at_1000_max": 0.575314,
        "nauc_mrr_at_1000_std": 0.047734,
        "nauc_mrr_at_1000_diff1": 0.669993,
        "main_score": 0.51611,
        "hf_subset": "default",
        "languages": [
          "fas-Arab"
        ]
      }
    ]
  },
  "evaluation_time": 420.72649359703064,
  "kg_co2_emissions": null
}