{
  "dataset_revision": "95c8db7d4a6e9c1d8a60601afd63d553ae20a2eb",
  "task_name": "MIRACLRetrievalHardNegatives",
  "mteb_version": "1.38.33",
  "scores": {
    "dev": [
      {
        "ndcg_at_1": 0.45095,
        "ndcg_at_3": 0.47583,
        "ndcg_at_5": 0.50406,
        "ndcg_at_10": 0.54886,
        "ndcg_at_20": 0.57927,
        "ndcg_at_100": 0.61651,
        "ndcg_at_1000": 0.62534,
        "map_at_1": 0.28726,
        "map_at_3": 0.40164,
        "map_at_5": 0.43279,
        "map_at_10": 0.46102,
        "map_at_20": 0.47395,
        "map_at_100": 0.48274,
        "map_at_1000": 0.48339,
        "recall_at_1": 0.28726,
        "recall_at_3": 0.4827,
        "recall_at_5": 0.56627,
        "recall_at_10": 0.68417,
        "recall_at_20": 0.77789,
        "recall_at_100": 0.93292,
        "recall_at_1000": 0.98879,
        "precision_at_1": 0.45095,
        "precision_at_3": 0.2827,
        "precision_at_5": 0.20791,
        "precision_at_10": 0.13212,
        "precision_at_20": 0.07777,
        "precision_at_100": 0.01943,
        "precision_at_1000": 0.00206,
        "mrr_at_1": 0.450949,
        "mrr_at_3": 0.54615,
        "mrr_at_5": 0.562447,
        "mrr_at_10": 0.574096,
        "mrr_at_20": 0.578335,
        "mrr_at_100": 0.580504,
        "mrr_at_1000": 0.58065,
        "nauc_ndcg_at_1_max": 0.328962,
        "nauc_ndcg_at_1_std": -0.005901,
        "nauc_ndcg_at_1_diff1": 0.290462,
        "nauc_ndcg_at_3_max": 0.305446,
        "nauc_ndcg_at_3_std": -0.043005,
        "nauc_ndcg_at_3_diff1": 0.246271,
        "nauc_ndcg_at_5_max": 0.316529,
        "nauc_ndcg_at_5_std": -0.026274,
        "nauc_ndcg_at_5_diff1": 0.248035,
        "nauc_ndcg_at_10_max": 0.326934,
        "nauc_ndcg_at_10_std": -0.022628,
        "nauc_ndcg_at_10_diff1": 0.232966,
        "nauc_ndcg_at_20_max": 0.33951,
        "nauc_ndcg_at_20_std": -0.004859,
        "nauc_ndcg_at_20_diff1": 0.213389,
        "nauc_ndcg_at_100_max": 0.339965,
        "nauc_ndcg_at_100_std": 0.019479,
        "nauc_ndcg_at_100_diff1": 0.221422,
        "nauc_ndcg_at_1000_max": 0.337076,
        "nauc_ndcg_at_1000_std": 0.014583,
        "nauc_ndcg_at_1000_diff1": 0.227245,
        "nauc_map_at_1_max": 0.186177,
        "nauc_map_at_1_std": -0.099371,
        "nauc_map_at_1_diff1": 0.331588,
        "nauc_map_at_3_max": 0.263194,
        "nauc_map_at_3_std": -0.080047,
        "nauc_map_at_3_diff1": 0.277793,
        "nauc_map_at_5_max": 0.285568,
        "nauc_map_at_5_std": -0.059955,
        "nauc_map_at_5_diff1": 0.26929,
        "nauc_map_at_10_max": 0.299647,
        "nauc_map_at_10_std": -0.052445,
        "nauc_map_at_10_diff1": 0.258056,
        "nauc_map_at_20_max": 0.305055,
        "nauc_map_at_20_std": -0.045219,
        "nauc_map_at_20_diff1": 0.249821,
        "nauc_map_at_100_max": 0.306395,
        "nauc_map_at_100_std": -0.037978,
        "nauc_map_at_100_diff1": 0.250194,
        "nauc_map_at_1000_max": 0.306138,
        "nauc_map_at_1000_std": -0.037824,
        "nauc_map_at_1000_diff1": 0.250328,
        "nauc_recall_at_1_max": 0.186177,
        "nauc_recall_at_1_std": -0.099371,
        "nauc_recall_at_1_diff1": 0.331588,
        "nauc_recall_at_3_max": 0.25011,
        "nauc_recall_at_3_std": -0.081795,
        "nauc_recall_at_3_diff1": 0.221593,
        "nauc_recall_at_5_max": 0.278893,
        "nauc_recall_at_5_std": -0.038453,
        "nauc_recall_at_5_diff1": 0.199123,
        "nauc_recall_at_10_max": 0.298494,
        "nauc_recall_at_10_std": -0.025479,
        "nauc_recall_at_10_diff1": 0.147097,
        "nauc_recall_at_20_max": 0.348433,
        "nauc_recall_at_20_std": 0.026765,
        "nauc_recall_at_20_diff1": 0.049144,
        "nauc_recall_at_100_max": 0.421428,
        "nauc_recall_at_100_std": 0.317987,
        "nauc_recall_at_100_diff1": 0.000224,
        "nauc_recall_at_1000_max": 0.830321,
        "nauc_recall_at_1000_std": 0.883591,
        "nauc_recall_at_1000_diff1": 0.155869,
        "nauc_precision_at_1_max": 0.328962,
        "nauc_precision_at_1_std": -0.005901,
        "nauc_precision_at_1_diff1": 0.290462,
        "nauc_precision_at_3_max": 0.349444,
        "nauc_precision_at_3_std": 0.076467,
        "nauc_precision_at_3_diff1": 0.065017,
        "nauc_precision_at_5_max": 0.336845,
        "nauc_precision_at_5_std": 0.14351,
        "nauc_precision_at_5_diff1": 0.007001,
        "nauc_precision_at_10_max": 0.27499,
        "nauc_precision_at_10_std": 0.15853,
        "nauc_precision_at_10_diff1": -0.066884,
        "nauc_precision_at_20_max": 0.235626,
        "nauc_precision_at_20_std": 0.209916,
        "nauc_precision_at_20_diff1": -0.128444,
        "nauc_precision_at_100_max": 0.137661,
        "nauc_precision_at_100_std": 0.269204,
        "nauc_precision_at_100_diff1": -0.15423,
        "nauc_precision_at_1000_max": 0.091925,
        "nauc_precision_at_1000_std": 0.24438,
        "nauc_precision_at_1000_diff1": -0.15868,
        "nauc_mrr_at_1_max": 0.328962,
        "nauc_mrr_at_1_std": -0.005901,
        "nauc_mrr_at_1_diff1": 0.290462,
        "nauc_mrr_at_3_max": 0.350647,
        "nauc_mrr_at_3_std": 0.011004,
        "nauc_mrr_at_3_diff1": 0.248,
        "nauc_mrr_at_5_max": 0.352609,
        "nauc_mrr_at_5_std": 0.020013,
        "nauc_mrr_at_5_diff1": 0.246704,
        "nauc_mrr_at_10_max": 0.3516,
        "nauc_mrr_at_10_std": 0.022298,
        "nauc_mrr_at_10_diff1": 0.242844,
        "nauc_mrr_at_20_max": 0.353014,
        "nauc_mrr_at_20_std": 0.023774,
        "nauc_mrr_at_20_diff1": 0.240347,
        "nauc_mrr_at_100_max": 0.352844,
        "nauc_mrr_at_100_std": 0.023602,
        "nauc_mrr_at_100_diff1": 0.242064,
        "nauc_mrr_at_1000_max": 0.352836,
        "nauc_mrr_at_1000_std": 0.023429,
        "nauc_mrr_at_1000_diff1": 0.242261,
        "main_score": 0.54886,
        "hf_subset": "fa",
        "languages": [
          "fas-Arab"
        ]
      }
    ]
  },
  "evaluation_time": 375.2460000514984,
  "kg_co2_emissions": null
}