{
  "dataset_revision": "5d47e924e632c333d3f087d945642af93b008d2b",
  "task_name": "NeuCLIR2023RetrievalHardNegatives",
  "mteb_version": "1.38.33",
  "scores": {
    "test": [
      {
        "ndcg_at_1": 0.62162,
        "ndcg_at_3": 0.59056,
        "ndcg_at_5": 0.5901,
        "ndcg_at_10": 0.58244,
        "ndcg_at_20": 0.58088,
        "ndcg_at_100": 0.64648,
        "ndcg_at_1000": 0.75398,
        "map_at_1": 0.0658,
        "map_at_3": 0.11524,
        "map_at_5": 0.1504,
        "map_at_10": 0.20268,
        "map_at_20": 0.2579,
        "map_at_100": 0.41951,
        "map_at_1000": 0.52423,
        "recall_at_1": 0.0658,
        "recall_at_3": 0.12011,
        "recall_at_5": 0.16746,
        "recall_at_10": 0.24061,
        "recall_at_20": 0.33508,
        "recall_at_100": 0.64361,
        "recall_at_1000": 0.94282,
        "precision_at_1": 0.81081,
        "precision_at_3": 0.7027,
        "precision_at_5": 0.68378,
        "precision_at_10": 0.61081,
        "precision_at_20": 0.52095,
        "precision_at_100": 0.34865,
        "precision_at_1000": 0.06482,
        "mrr_at_1": 0.810811,
        "mrr_at_3": 0.855856,
        "mrr_at_5": 0.868018,
        "mrr_at_10": 0.87027,
        "mrr_at_20": 0.871021,
        "mrr_at_100": 0.87116,
        "mrr_at_1000": 0.87116,
        "nauc_ndcg_at_1_max": 0.292355,
        "nauc_ndcg_at_1_std": -0.045864,
        "nauc_ndcg_at_1_diff1": 0.11003,
        "nauc_ndcg_at_3_max": 0.339003,
        "nauc_ndcg_at_3_std": 0.019932,
        "nauc_ndcg_at_3_diff1": -0.026658,
        "nauc_ndcg_at_5_max": 0.310105,
        "nauc_ndcg_at_5_std": 0.022711,
        "nauc_ndcg_at_5_diff1": -0.107544,
        "nauc_ndcg_at_10_max": 0.308551,
        "nauc_ndcg_at_10_std": 0.070613,
        "nauc_ndcg_at_10_diff1": -0.093462,
        "nauc_ndcg_at_20_max": 0.334903,
        "nauc_ndcg_at_20_std": 0.068701,
        "nauc_ndcg_at_20_diff1": -0.040872,
        "nauc_ndcg_at_100_max": 0.397063,
        "nauc_ndcg_at_100_std": 0.131635,
        "nauc_ndcg_at_100_diff1": -0.062864,
        "nauc_ndcg_at_1000_max": 0.364627,
        "nauc_ndcg_at_1000_std": 0.322886,
        "nauc_ndcg_at_1000_diff1": -0.219276,
        "nauc_map_at_1_max": -0.084837,
        "nauc_map_at_1_std": -0.396255,
        "nauc_map_at_1_diff1": 0.165218,
        "nauc_map_at_3_max": 0.069722,
        "nauc_map_at_3_std": -0.381598,
        "nauc_map_at_3_diff1": 0.209647,
        "nauc_map_at_5_max": 0.133115,
        "nauc_map_at_5_std": -0.382599,
        "nauc_map_at_5_diff1": 0.192765,
        "nauc_map_at_10_max": 0.212248,
        "nauc_map_at_10_std": -0.32552,
        "nauc_map_at_10_diff1": 0.214143,
        "nauc_map_at_20_max": 0.231635,
        "nauc_map_at_20_std": -0.297241,
        "nauc_map_at_20_diff1": 0.207571,
        "nauc_map_at_100_max": 0.23192,
        "nauc_map_at_100_std": -0.025553,
        "nauc_map_at_100_diff1": -0.037647,
        "nauc_map_at_1000_max": 0.213999,
        "nauc_map_at_1000_std": 0.253072,
        "nauc_map_at_1000_diff1": -0.232269,
        "nauc_recall_at_1_max": -0.084837,
        "nauc_recall_at_1_std": -0.396255,
        "nauc_recall_at_1_diff1": 0.165218,
        "nauc_recall_at_3_max": 0.081425,
        "nauc_recall_at_3_std": -0.375328,
        "nauc_recall_at_3_diff1": 0.232443,
        "nauc_recall_at_5_max": 0.097294,
        "nauc_recall_at_5_std": -0.408838,
        "nauc_recall_at_5_diff1": 0.236002,
        "nauc_recall_at_10_max": 0.205153,
        "nauc_recall_at_10_std": -0.338141,
        "nauc_recall_at_10_diff1": 0.289598,
        "nauc_recall_at_20_max": 0.200859,
        "nauc_recall_at_20_std": -0.349427,
        "nauc_recall_at_20_diff1": 0.299388,
        "nauc_recall_at_100_max": 0.250287,
        "nauc_recall_at_100_std": -0.123381,
        "nauc_recall_at_100_diff1": 0.173195,
        "nauc_recall_at_1000_max": 0.289898,
        "nauc_recall_at_1000_std": 0.592049,
        "nauc_recall_at_1000_diff1": -0.265938,
        "nauc_precision_at_1_max": 0.329118,
        "nauc_precision_at_1_std": -0.006654,
        "nauc_precision_at_1_diff1": 0.006396,
        "nauc_precision_at_3_max": 0.344675,
        "nauc_precision_at_3_std": 0.221579,
        "nauc_precision_at_3_diff1": -0.183129,
        "nauc_precision_at_5_max": 0.295791,
        "nauc_precision_at_5_std": 0.262445,
        "nauc_precision_at_5_diff1": -0.289716,
        "nauc_precision_at_10_max": 0.232712,
        "nauc_precision_at_10_std": 0.428677,
        "nauc_precision_at_10_diff1": -0.286622,
        "nauc_precision_at_20_max": 0.126446,
        "nauc_precision_at_20_std": 0.457486,
        "nauc_precision_at_20_diff1": -0.322334,
        "nauc_precision_at_100_max": -0.020958,
        "nauc_precision_at_100_std": 0.485126,
        "nauc_precision_at_100_diff1": -0.389341,
        "nauc_precision_at_1000_max": -0.024406,
        "nauc_precision_at_1000_std": 0.438605,
        "nauc_precision_at_1000_diff1": -0.346609,
        "nauc_mrr_at_1_max": 0.329118,
        "nauc_mrr_at_1_std": -0.006654,
        "nauc_mrr_at_1_diff1": 0.006396,
        "nauc_mrr_at_3_max": 0.426661,
        "nauc_mrr_at_3_std": 0.175688,
        "nauc_mrr_at_3_diff1": -0.027491,
        "nauc_mrr_at_5_max": 0.425473,
        "nauc_mrr_at_5_std": 0.16551,
        "nauc_mrr_at_5_diff1": -0.020781,
        "nauc_mrr_at_10_max": 0.414977,
        "nauc_mrr_at_10_std": 0.150266,
        "nauc_mrr_at_10_diff1": -0.027686,
        "nauc_mrr_at_20_max": 0.412189,
        "nauc_mrr_at_20_std": 0.14676,
        "nauc_mrr_at_20_diff1": -0.0244,
        "nauc_mrr_at_100_max": 0.41152,
        "nauc_mrr_at_100_std": 0.146105,
        "nauc_mrr_at_100_diff1": -0.02506,
        "nauc_mrr_at_1000_max": 0.41152,
        "nauc_mrr_at_1000_std": 0.146105,
        "nauc_mrr_at_1000_diff1": -0.02506,
        "main_score": 0.58088,
        "hf_subset": "fas",
        "languages": [
          "fas-Arab"
        ]
      }
    ]
  },
  "evaluation_time": 240.01730704307556,
  "kg_co2_emissions": null
}