{
  "dataset_revision": "506f29f8ce59648efe99afee736b0b158eced516",
  "task_name": "CQADupstackWebmastersRetrieval-Fa",
  "mteb_version": "1.34.14",
  "scores": {
    "test": [
      {
        "ndcg_at_1": 0.07312,
        "ndcg_at_3": 0.08388,
        "ndcg_at_5": 0.09172,
        "ndcg_at_10": 0.09615,
        "ndcg_at_20": 0.10607,
        "ndcg_at_100": 0.12678,
        "ndcg_at_1000": 0.17181,
        "map_at_1": 0.05173,
        "map_at_3": 0.06861,
        "map_at_5": 0.07467,
        "map_at_10": 0.07718,
        "map_at_20": 0.08027,
        "map_at_100": 0.08326,
        "map_at_1000": 0.08494,
        "recall_at_1": 0.05173,
        "recall_at_3": 0.09018,
        "recall_at_5": 0.11472,
        "recall_at_10": 0.13001,
        "recall_at_20": 0.17079,
        "recall_at_100": 0.27361,
        "recall_at_1000": 0.60052,
        "precision_at_1": 0.07312,
        "precision_at_3": 0.04414,
        "precision_at_5": 0.03241,
        "precision_at_10": 0.01957,
        "precision_at_20": 0.01265,
        "precision_at_100": 0.00468,
        "precision_at_1000": 0.00122,
        "mrr_at_1": 0.073123,
        "mrr_at_3": 0.089262,
        "mrr_at_5": 0.095784,
        "mrr_at_10": 0.098213,
        "mrr_at_20": 0.101215,
        "mrr_at_100": 0.104395,
        "mrr_at_1000": 0.105741,
        "nauc_ndcg_at_1_max": -0.005012,
        "nauc_ndcg_at_1_std": -0.303574,
        "nauc_ndcg_at_1_diff1": 0.377882,
        "nauc_ndcg_at_3_max": -0.023739,
        "nauc_ndcg_at_3_std": -0.286183,
        "nauc_ndcg_at_3_diff1": 0.290355,
        "nauc_ndcg_at_5_max": -0.025125,
        "nauc_ndcg_at_5_std": -0.303693,
        "nauc_ndcg_at_5_diff1": 0.294729,
        "nauc_ndcg_at_10_max": -0.033751,
        "nauc_ndcg_at_10_std": -0.31264,
        "nauc_ndcg_at_10_diff1": 0.277536,
        "nauc_ndcg_at_20_max": -0.046784,
        "nauc_ndcg_at_20_std": -0.325022,
        "nauc_ndcg_at_20_diff1": 0.242019,
        "nauc_ndcg_at_100_max": -0.0377,
        "nauc_ndcg_at_100_std": -0.330228,
        "nauc_ndcg_at_100_diff1": 0.232324,
        "nauc_ndcg_at_1000_max": -0.055471,
        "nauc_ndcg_at_1000_std": -0.325225,
        "nauc_ndcg_at_1000_diff1": 0.221869,
        "nauc_map_at_1_max": 0.012839,
        "nauc_map_at_1_std": -0.328802,
        "nauc_map_at_1_diff1": 0.395704,
        "nauc_map_at_3_max": -0.018377,
        "nauc_map_at_3_std": -0.314934,
        "nauc_map_at_3_diff1": 0.329591,
        "nauc_map_at_5_max": -0.0211,
        "nauc_map_at_5_std": -0.320012,
        "nauc_map_at_5_diff1": 0.327792,
        "nauc_map_at_10_max": -0.025305,
        "nauc_map_at_10_std": -0.320412,
        "nauc_map_at_10_diff1": 0.317269,
        "nauc_map_at_20_max": -0.02996,
        "nauc_map_at_20_std": -0.322267,
        "nauc_map_at_20_diff1": 0.303199,
        "nauc_map_at_100_max": -0.029717,
        "nauc_map_at_100_std": -0.323191,
        "nauc_map_at_100_diff1": 0.300463,
        "nauc_map_at_1000_max": -0.030145,
        "nauc_map_at_1000_std": -0.321905,
        "nauc_map_at_1000_diff1": 0.299025,
        "nauc_recall_at_1_max": 0.012839,
        "nauc_recall_at_1_std": -0.328802,
        "nauc_recall_at_1_diff1": 0.395704,
        "nauc_recall_at_3_max": -0.037132,
        "nauc_recall_at_3_std": -0.312197,
        "nauc_recall_at_3_diff1": 0.246012,
        "nauc_recall_at_5_max": -0.032831,
        "nauc_recall_at_5_std": -0.315185,
        "nauc_recall_at_5_diff1": 0.251893,
        "nauc_recall_at_10_max": -0.049801,
        "nauc_recall_at_10_std": -0.323475,
        "nauc_recall_at_10_diff1": 0.215474,
        "nauc_recall_at_20_max": -0.077524,
        "nauc_recall_at_20_std": -0.340573,
        "nauc_recall_at_20_diff1": 0.124934,
        "nauc_recall_at_100_max": -0.048317,
        "nauc_recall_at_100_std": -0.329921,
        "nauc_recall_at_100_diff1": 0.109159,
        "nauc_recall_at_1000_max": -0.135705,
        "nauc_recall_at_1000_std": -0.314385,
        "nauc_recall_at_1000_diff1": 0.057895,
        "nauc_precision_at_1_max": -0.005012,
        "nauc_precision_at_1_std": -0.303574,
        "nauc_precision_at_1_diff1": 0.377882,
        "nauc_precision_at_3_max": -0.039391,
        "nauc_precision_at_3_std": -0.248538,
        "nauc_precision_at_3_diff1": 0.244198,
        "nauc_precision_at_5_max": -0.039683,
        "nauc_precision_at_5_std": -0.271618,
        "nauc_precision_at_5_diff1": 0.244166,
        "nauc_precision_at_10_max": -0.052499,
        "nauc_precision_at_10_std": -0.259042,
        "nauc_precision_at_10_diff1": 0.196348,
        "nauc_precision_at_20_max": -0.075898,
        "nauc_precision_at_20_std": -0.284257,
        "nauc_precision_at_20_diff1": 0.13983,
        "nauc_precision_at_100_max": 0.00508,
        "nauc_precision_at_100_std": -0.222883,
        "nauc_precision_at_100_diff1": 0.110211,
        "nauc_precision_at_1000_max": 0.020162,
        "nauc_precision_at_1000_std": -0.028942,
        "nauc_precision_at_1000_diff1": 0.021755,
        "nauc_mrr_at_1_max": -0.005012,
        "nauc_mrr_at_1_std": -0.303574,
        "nauc_mrr_at_1_diff1": 0.377882,
        "nauc_mrr_at_3_max": -0.016331,
        "nauc_mrr_at_3_std": -0.298344,
        "nauc_mrr_at_3_diff1": 0.315737,
        "nauc_mrr_at_5_max": -0.017091,
        "nauc_mrr_at_5_std": -0.303108,
        "nauc_mrr_at_5_diff1": 0.313357,
        "nauc_mrr_at_10_max": -0.02002,
        "nauc_mrr_at_10_std": -0.304811,
        "nauc_mrr_at_10_diff1": 0.304878,
        "nauc_mrr_at_20_max": -0.025175,
        "nauc_mrr_at_20_std": -0.308065,
        "nauc_mrr_at_20_diff1": 0.292753,
        "nauc_mrr_at_100_max": -0.023595,
        "nauc_mrr_at_100_std": -0.307854,
        "nauc_mrr_at_100_diff1": 0.291033,
        "nauc_mrr_at_1000_max": -0.024226,
        "nauc_mrr_at_1000_std": -0.306908,
        "nauc_mrr_at_1000_diff1": 0.290859,
        "main_score": 0.09615,
        "hf_subset": "default",
        "languages": [
          "fas-Arab"
        ]
      }
    ]
  },
  "evaluation_time": 60.96087670326233,
  "kg_co2_emissions": null
}