{
  "dataset_revision": "e907c4144dc27bc8a035d78d69e15f39c56623a9",
  "task_name": "CQADupstackGisRetrieval-Fa",
  "mteb_version": "1.34.14",
  "scores": {
    "test": [
      {
        "ndcg_at_1": 0.07119,
        "ndcg_at_3": 0.07956,
        "ndcg_at_5": 0.08425,
        "ndcg_at_10": 0.09352,
        "ndcg_at_20": 0.10211,
        "ndcg_at_100": 0.12473,
        "ndcg_at_1000": 0.15585,
        "map_at_1": 0.06591,
        "map_at_3": 0.07524,
        "map_at_5": 0.07776,
        "map_at_10": 0.08158,
        "map_at_20": 0.08391,
        "map_at_100": 0.08695,
        "map_at_1000": 0.08787,
        "recall_at_1": 0.06591,
        "recall_at_3": 0.08682,
        "recall_at_5": 0.09793,
        "recall_at_10": 0.1249,
        "recall_at_20": 0.15648,
        "recall_at_100": 0.27583,
        "recall_at_1000": 0.52445,
        "precision_at_1": 0.07119,
        "precision_at_3": 0.03164,
        "precision_at_5": 0.02169,
        "precision_at_10": 0.01412,
        "precision_at_20": 0.0091,
        "precision_at_100": 0.00328,
        "precision_at_1000": 0.00064,
        "mrr_at_1": 0.071186,
        "mrr_at_3": 0.081168,
        "mrr_at_5": 0.083879,
        "mrr_at_10": 0.088267,
        "mrr_at_20": 0.091095,
        "mrr_at_100": 0.094054,
        "mrr_at_1000": 0.094956,
        "nauc_ndcg_at_1_max": 0.179439,
        "nauc_ndcg_at_1_std": -0.250782,
        "nauc_ndcg_at_1_diff1": 0.420397,
        "nauc_ndcg_at_3_max": 0.154081,
        "nauc_ndcg_at_3_std": -0.22217,
        "nauc_ndcg_at_3_diff1": 0.376138,
        "nauc_ndcg_at_5_max": 0.142104,
        "nauc_ndcg_at_5_std": -0.215198,
        "nauc_ndcg_at_5_diff1": 0.364857,
        "nauc_ndcg_at_10_max": 0.124923,
        "nauc_ndcg_at_10_std": -0.207621,
        "nauc_ndcg_at_10_diff1": 0.331226,
        "nauc_ndcg_at_20_max": 0.126272,
        "nauc_ndcg_at_20_std": -0.197449,
        "nauc_ndcg_at_20_diff1": 0.315919,
        "nauc_ndcg_at_100_max": 0.111493,
        "nauc_ndcg_at_100_std": -0.202558,
        "nauc_ndcg_at_100_diff1": 0.268616,
        "nauc_ndcg_at_1000_max": 0.101083,
        "nauc_ndcg_at_1000_std": -0.203436,
        "nauc_ndcg_at_1000_diff1": 0.275488,
        "nauc_map_at_1_max": 0.161713,
        "nauc_map_at_1_std": -0.242518,
        "nauc_map_at_1_diff1": 0.431216,
        "nauc_map_at_3_max": 0.151535,
        "nauc_map_at_3_std": -0.228328,
        "nauc_map_at_3_diff1": 0.389679,
        "nauc_map_at_5_max": 0.144632,
        "nauc_map_at_5_std": -0.223295,
        "nauc_map_at_5_diff1": 0.38229,
        "nauc_map_at_10_max": 0.136523,
        "nauc_map_at_10_std": -0.219839,
        "nauc_map_at_10_diff1": 0.366702,
        "nauc_map_at_20_max": 0.137183,
        "nauc_map_at_20_std": -0.215892,
        "nauc_map_at_20_diff1": 0.361133,
        "nauc_map_at_100_max": 0.134882,
        "nauc_map_at_100_std": -0.216192,
        "nauc_map_at_100_diff1": 0.352757,
        "nauc_map_at_1000_max": 0.134574,
        "nauc_map_at_1000_std": -0.216011,
        "nauc_map_at_1000_diff1": 0.353231,
        "nauc_recall_at_1_max": 0.161713,
        "nauc_recall_at_1_std": -0.242518,
        "nauc_recall_at_1_diff1": 0.431216,
        "nauc_recall_at_3_max": 0.145708,
        "nauc_recall_at_3_std": -0.206297,
        "nauc_recall_at_3_diff1": 0.350908,
        "nauc_recall_at_5_max": 0.119312,
        "nauc_recall_at_5_std": -0.192045,
        "nauc_recall_at_5_diff1": 0.326531,
        "nauc_recall_at_10_max": 0.081589,
        "nauc_recall_at_10_std": -0.174311,
        "nauc_recall_at_10_diff1": 0.251045,
        "nauc_recall_at_20_max": 0.091718,
        "nauc_recall_at_20_std": -0.150144,
        "nauc_recall_at_20_diff1": 0.226294,
        "nauc_recall_at_100_max": 0.050756,
        "nauc_recall_at_100_std": -0.175811,
        "nauc_recall_at_100_diff1": 0.104038,
        "nauc_recall_at_1000_max": -0.006311,
        "nauc_recall_at_1000_std": -0.174055,
        "nauc_recall_at_1000_diff1": 0.123711,
        "nauc_precision_at_1_max": 0.179439,
        "nauc_precision_at_1_std": -0.250782,
        "nauc_precision_at_1_diff1": 0.420397,
        "nauc_precision_at_3_max": 0.166846,
        "nauc_precision_at_3_std": -0.206267,
        "nauc_precision_at_3_diff1": 0.348811,
        "nauc_precision_at_5_max": 0.144354,
        "nauc_precision_at_5_std": -0.19893,
        "nauc_precision_at_5_diff1": 0.336117,
        "nauc_precision_at_10_max": 0.104001,
        "nauc_precision_at_10_std": -0.185783,
        "nauc_precision_at_10_diff1": 0.262399,
        "nauc_precision_at_20_max": 0.102507,
        "nauc_precision_at_20_std": -0.167575,
        "nauc_precision_at_20_diff1": 0.22637,
        "nauc_precision_at_100_max": 0.065407,
        "nauc_precision_at_100_std": -0.195205,
        "nauc_precision_at_100_diff1": 0.107418,
        "nauc_precision_at_1000_max": 0.036376,
        "nauc_precision_at_1000_std": -0.201182,
        "nauc_precision_at_1000_diff1": 0.118462,
        "nauc_mrr_at_1_max": 0.179439,
        "nauc_mrr_at_1_std": -0.250782,
        "nauc_mrr_at_1_diff1": 0.420397,
        "nauc_mrr_at_3_max": 0.170101,
        "nauc_mrr_at_3_std": -0.229902,
        "nauc_mrr_at_3_diff1": 0.378702,
        "nauc_mrr_at_5_max": 0.163285,
        "nauc_mrr_at_5_std": -0.226763,
        "nauc_mrr_at_5_diff1": 0.372794,
        "nauc_mrr_at_10_max": 0.154503,
        "nauc_mrr_at_10_std": -0.223382,
        "nauc_mrr_at_10_diff1": 0.355408,
        "nauc_mrr_at_20_max": 0.154364,
        "nauc_mrr_at_20_std": -0.221414,
        "nauc_mrr_at_20_diff1": 0.348721,
        "nauc_mrr_at_100_max": 0.152321,
        "nauc_mrr_at_100_std": -0.221316,
        "nauc_mrr_at_100_diff1": 0.341745,
        "nauc_mrr_at_1000_max": 0.152006,
        "nauc_mrr_at_1000_std": -0.221083,
        "nauc_mrr_at_1000_diff1": 0.342355,
        "main_score": 0.09352,
        "hf_subset": "default",
        "languages": [
          "fas-Arab"
        ]
      }
    ]
  },
  "evaluation_time": 149.61202931404114,
  "kg_co2_emissions": null
}