{
  "dataset_revision": "b92e24fab42ab599535a19ee744de5485ec92f64",
  "task_name": "CQADupstackMathematicaRetrieval-Fa",
  "mteb_version": "1.34.14",
  "scores": {
    "test": [
      {
        "ndcg_at_1": 0.02736,
        "ndcg_at_3": 0.02857,
        "ndcg_at_5": 0.02963,
        "ndcg_at_10": 0.03301,
        "ndcg_at_20": 0.03834,
        "ndcg_at_100": 0.05563,
        "ndcg_at_1000": 0.10063,
        "map_at_1": 0.01919,
        "map_at_3": 0.0242,
        "map_at_5": 0.02508,
        "map_at_10": 0.02655,
        "map_at_20": 0.02796,
        "map_at_100": 0.03014,
        "map_at_1000": 0.03144,
        "recall_at_1": 0.01919,
        "recall_at_3": 0.03059,
        "recall_at_5": 0.03463,
        "recall_at_10": 0.04437,
        "recall_at_20": 0.064,
        "recall_at_100": 0.15382,
        "recall_at_1000": 0.49789,
        "precision_at_1": 0.02736,
        "precision_at_3": 0.0141,
        "precision_at_5": 0.00945,
        "precision_at_10": 0.00647,
        "precision_at_20": 0.00473,
        "precision_at_100": 0.00215,
        "precision_at_1000": 0.00075,
        "mrr_at_1": 0.027363,
        "mrr_at_3": 0.033167,
        "mrr_at_5": 0.034287,
        "mrr_at_10": 0.036321,
        "mrr_at_20": 0.037824,
        "mrr_at_100": 0.040287,
        "mrr_at_1000": 0.041669,
        "nauc_ndcg_at_1_max": 0.116433,
        "nauc_ndcg_at_1_std": -0.376685,
        "nauc_ndcg_at_1_diff1": 0.296723,
        "nauc_ndcg_at_3_max": 0.070234,
        "nauc_ndcg_at_3_std": -0.400317,
        "nauc_ndcg_at_3_diff1": 0.332757,
        "nauc_ndcg_at_5_max": 0.058831,
        "nauc_ndcg_at_5_std": -0.393837,
        "nauc_ndcg_at_5_diff1": 0.339922,
        "nauc_ndcg_at_10_max": 0.055382,
        "nauc_ndcg_at_10_std": -0.394637,
        "nauc_ndcg_at_10_diff1": 0.322535,
        "nauc_ndcg_at_20_max": 0.024327,
        "nauc_ndcg_at_20_std": -0.39081,
        "nauc_ndcg_at_20_diff1": 0.252996,
        "nauc_ndcg_at_100_max": -0.033748,
        "nauc_ndcg_at_100_std": -0.377475,
        "nauc_ndcg_at_100_diff1": 0.204941,
        "nauc_ndcg_at_1000_max": -0.045142,
        "nauc_ndcg_at_1000_std": -0.332288,
        "nauc_ndcg_at_1000_diff1": 0.176316,
        "nauc_map_at_1_max": 0.126698,
        "nauc_map_at_1_std": -0.372971,
        "nauc_map_at_1_diff1": 0.353301,
        "nauc_map_at_3_max": 0.091325,
        "nauc_map_at_3_std": -0.398224,
        "nauc_map_at_3_diff1": 0.364635,
        "nauc_map_at_5_max": 0.08059,
        "nauc_map_at_5_std": -0.39166,
        "nauc_map_at_5_diff1": 0.359832,
        "nauc_map_at_10_max": 0.080864,
        "nauc_map_at_10_std": -0.393868,
        "nauc_map_at_10_diff1": 0.350902,
        "nauc_map_at_20_max": 0.069316,
        "nauc_map_at_20_std": -0.393496,
        "nauc_map_at_20_diff1": 0.327274,
        "nauc_map_at_100_max": 0.051848,
        "nauc_map_at_100_std": -0.391727,
        "nauc_map_at_100_diff1": 0.313033,
        "nauc_map_at_1000_max": 0.049138,
        "nauc_map_at_1000_std": -0.387884,
        "nauc_map_at_1000_diff1": 0.310228,
        "nauc_recall_at_1_max": 0.126698,
        "nauc_recall_at_1_std": -0.372971,
        "nauc_recall_at_1_diff1": 0.353301,
        "nauc_recall_at_3_max": 0.05373,
        "nauc_recall_at_3_std": -0.41287,
        "nauc_recall_at_3_diff1": 0.338892,
        "nauc_recall_at_5_max": 0.022826,
        "nauc_recall_at_5_std": -0.390515,
        "nauc_recall_at_5_diff1": 0.326983,
        "nauc_recall_at_10_max": 0.017811,
        "nauc_recall_at_10_std": -0.395996,
        "nauc_recall_at_10_diff1": 0.27732,
        "nauc_recall_at_20_max": -0.039885,
        "nauc_recall_at_20_std": -0.387532,
        "nauc_recall_at_20_diff1": 0.132289,
        "nauc_recall_at_100_max": -0.113986,
        "nauc_recall_at_100_std": -0.347972,
        "nauc_recall_at_100_diff1": 0.09455,
        "nauc_recall_at_1000_max": -0.107501,
        "nauc_recall_at_1000_std": -0.251545,
        "nauc_recall_at_1000_diff1": 0.05292,
        "nauc_precision_at_1_max": 0.116433,
        "nauc_precision_at_1_std": -0.376685,
        "nauc_precision_at_1_diff1": 0.296723,
        "nauc_precision_at_3_max": 0.062411,
        "nauc_precision_at_3_std": -0.413309,
        "nauc_precision_at_3_diff1": 0.317503,
        "nauc_precision_at_5_max": 0.031514,
        "nauc_precision_at_5_std": -0.395013,
        "nauc_precision_at_5_diff1": 0.324077,
        "nauc_precision_at_10_max": 0.026771,
        "nauc_precision_at_10_std": -0.396263,
        "nauc_precision_at_10_diff1": 0.289883,
        "nauc_precision_at_20_max": -0.032544,
        "nauc_precision_at_20_std": -0.383579,
        "nauc_precision_at_20_diff1": 0.148936,
        "nauc_precision_at_100_max": -0.103832,
        "nauc_precision_at_100_std": -0.359139,
        "nauc_precision_at_100_diff1": 0.098048,
        "nauc_precision_at_1000_max": -0.083759,
        "nauc_precision_at_1000_std": -0.175413,
        "nauc_precision_at_1000_diff1": 0.027685,
        "nauc_mrr_at_1_max": 0.116433,
        "nauc_mrr_at_1_std": -0.376685,
        "nauc_mrr_at_1_diff1": 0.296723,
        "nauc_mrr_at_3_max": 0.070436,
        "nauc_mrr_at_3_std": -0.397183,
        "nauc_mrr_at_3_diff1": 0.30601,
        "nauc_mrr_at_5_max": 0.06048,
        "nauc_mrr_at_5_std": -0.391871,
        "nauc_mrr_at_5_diff1": 0.308732,
        "nauc_mrr_at_10_max": 0.054972,
        "nauc_mrr_at_10_std": -0.390181,
        "nauc_mrr_at_10_diff1": 0.303975,
        "nauc_mrr_at_20_max": 0.044553,
        "nauc_mrr_at_20_std": -0.387983,
        "nauc_mrr_at_20_diff1": 0.280323,
        "nauc_mrr_at_100_max": 0.030417,
        "nauc_mrr_at_100_std": -0.386469,
        "nauc_mrr_at_100_diff1": 0.268782,
        "nauc_mrr_at_1000_max": 0.029577,
        "nauc_mrr_at_1000_std": -0.383258,
        "nauc_mrr_at_1000_diff1": 0.267107,
        "main_score": 0.03301,
        "hf_subset": "default",
        "languages": [
          "fas-Arab"
        ]
      }
    ]
  },
  "evaluation_time": 80.03181910514832,
  "kg_co2_emissions": null
}