{
  "dataset_revision": "860d152c86fda27229270b6bf4e832ff374ac01b",
  "task_name": "CQADupstackTexRetrieval-Fa",
  "mteb_version": "1.34.14",
  "scores": {
    "test": [
      {
        "ndcg_at_1": 0.02719,
        "ndcg_at_3": 0.03174,
        "ndcg_at_5": 0.0344,
        "ndcg_at_10": 0.0384,
        "ndcg_at_20": 0.04273,
        "ndcg_at_100": 0.05608,
        "ndcg_at_1000": 0.08456,
        "map_at_1": 0.01954,
        "map_at_3": 0.02649,
        "map_at_5": 0.02834,
        "map_at_10": 0.03007,
        "map_at_20": 0.03125,
        "map_at_100": 0.03296,
        "map_at_1000": 0.03379,
        "recall_at_1": 0.01954,
        "recall_at_3": 0.03491,
        "recall_at_5": 0.04246,
        "recall_at_10": 0.05476,
        "recall_at_20": 0.07113,
        "recall_at_100": 0.13985,
        "recall_at_1000": 0.36054,
        "precision_at_1": 0.02719,
        "precision_at_3": 0.01652,
        "precision_at_5": 0.01198,
        "precision_at_10": 0.00774,
        "precision_at_20": 0.00516,
        "precision_at_100": 0.00209,
        "precision_at_1000": 0.00056,
        "mrr_at_1": 0.027185,
        "mrr_at_3": 0.035903,
        "mrr_at_5": 0.03783,
        "mrr_at_10": 0.039615,
        "mrr_at_20": 0.040935,
        "mrr_at_100": 0.042904,
        "mrr_at_1000": 0.043762,
        "nauc_ndcg_at_1_max": 0.131695,
        "nauc_ndcg_at_1_std": -0.301094,
        "nauc_ndcg_at_1_diff1": 0.441393,
        "nauc_ndcg_at_3_max": 0.081784,
        "nauc_ndcg_at_3_std": -0.308238,
        "nauc_ndcg_at_3_diff1": 0.356327,
        "nauc_ndcg_at_5_max": 0.065057,
        "nauc_ndcg_at_5_std": -0.299605,
        "nauc_ndcg_at_5_diff1": 0.325776,
        "nauc_ndcg_at_10_max": 0.041263,
        "nauc_ndcg_at_10_std": -0.29253,
        "nauc_ndcg_at_10_diff1": 0.301616,
        "nauc_ndcg_at_20_max": 0.025076,
        "nauc_ndcg_at_20_std": -0.287299,
        "nauc_ndcg_at_20_diff1": 0.26092,
        "nauc_ndcg_at_100_max": 0.00975,
        "nauc_ndcg_at_100_std": -0.273325,
        "nauc_ndcg_at_100_diff1": 0.198844,
        "nauc_ndcg_at_1000_max": -0.002171,
        "nauc_ndcg_at_1000_std": -0.263334,
        "nauc_ndcg_at_1000_diff1": 0.169926,
        "nauc_map_at_1_max": 0.124912,
        "nauc_map_at_1_std": -0.280479,
        "nauc_map_at_1_diff1": 0.481833,
        "nauc_map_at_3_max": 0.085043,
        "nauc_map_at_3_std": -0.299811,
        "nauc_map_at_3_diff1": 0.392439,
        "nauc_map_at_5_max": 0.077262,
        "nauc_map_at_5_std": -0.295529,
        "nauc_map_at_5_diff1": 0.367394,
        "nauc_map_at_10_max": 0.064978,
        "nauc_map_at_10_std": -0.292682,
        "nauc_map_at_10_diff1": 0.352725,
        "nauc_map_at_20_max": 0.058024,
        "nauc_map_at_20_std": -0.291074,
        "nauc_map_at_20_diff1": 0.336246,
        "nauc_map_at_100_max": 0.054368,
        "nauc_map_at_100_std": -0.287265,
        "nauc_map_at_100_diff1": 0.320392,
        "nauc_map_at_1000_max": 0.053351,
        "nauc_map_at_1000_std": -0.286401,
        "nauc_map_at_1000_diff1": 0.317434,
        "nauc_recall_at_1_max": 0.124912,
        "nauc_recall_at_1_std": -0.280479,
        "nauc_recall_at_1_diff1": 0.481833,
        "nauc_recall_at_3_max": 0.057319,
        "nauc_recall_at_3_std": -0.310898,
        "nauc_recall_at_3_diff1": 0.335355,
        "nauc_recall_at_5_max": 0.034386,
        "nauc_recall_at_5_std": -0.297085,
        "nauc_recall_at_5_diff1": 0.271463,
        "nauc_recall_at_10_max": -0.009193,
        "nauc_recall_at_10_std": -0.284286,
        "nauc_recall_at_10_diff1": 0.232373,
        "nauc_recall_at_20_max": -0.034638,
        "nauc_recall_at_20_std": -0.274922,
        "nauc_recall_at_20_diff1": 0.155742,
        "nauc_recall_at_100_max": -0.044642,
        "nauc_recall_at_100_std": -0.240028,
        "nauc_recall_at_100_diff1": 0.057762,
        "nauc_recall_at_1000_max": -0.058953,
        "nauc_recall_at_1000_std": -0.221294,
        "nauc_recall_at_1000_diff1": 0.034016,
        "nauc_precision_at_1_max": 0.131695,
        "nauc_precision_at_1_std": -0.301094,
        "nauc_precision_at_1_diff1": 0.441393,
        "nauc_precision_at_3_max": 0.055973,
        "nauc_precision_at_3_std": -0.322446,
        "nauc_precision_at_3_diff1": 0.275648,
        "nauc_precision_at_5_max": 0.043188,
        "nauc_precision_at_5_std": -0.30962,
        "nauc_precision_at_5_diff1": 0.236166,
        "nauc_precision_at_10_max": 0.012138,
        "nauc_precision_at_10_std": -0.295105,
        "nauc_precision_at_10_diff1": 0.202049,
        "nauc_precision_at_20_max": -0.007281,
        "nauc_precision_at_20_std": -0.283762,
        "nauc_precision_at_20_diff1": 0.132457,
        "nauc_precision_at_100_max": -0.016689,
        "nauc_precision_at_100_std": -0.267924,
        "nauc_precision_at_100_diff1": 0.053132,
        "nauc_precision_at_1000_max": 0.008182,
        "nauc_precision_at_1000_std": -0.229656,
        "nauc_precision_at_1000_diff1": 0.013631,
        "nauc_mrr_at_1_max": 0.131695,
        "nauc_mrr_at_1_std": -0.301094,
        "nauc_mrr_at_1_diff1": 0.441393,
        "nauc_mrr_at_3_max": 0.091483,
        "nauc_mrr_at_3_std": -0.313604,
        "nauc_mrr_at_3_diff1": 0.354554,
        "nauc_mrr_at_5_max": 0.080692,
        "nauc_mrr_at_5_std": -0.308034,
        "nauc_mrr_at_5_diff1": 0.3338,
        "nauc_mrr_at_10_max": 0.070768,
        "nauc_mrr_at_10_std": -0.304327,
        "nauc_mrr_at_10_diff1": 0.320649,
        "nauc_mrr_at_20_max": 0.064729,
        "nauc_mrr_at_20_std": -0.301814,
        "nauc_mrr_at_20_diff1": 0.306721,
        "nauc_mrr_at_100_max": 0.061955,
        "nauc_mrr_at_100_std": -0.29903,
        "nauc_mrr_at_100_diff1": 0.294157,
        "nauc_mrr_at_1000_max": 0.061058,
        "nauc_mrr_at_1000_std": -0.298055,
        "nauc_mrr_at_1000_diff1": 0.292401,
        "main_score": 0.0384,
        "hf_subset": "default",
        "languages": [
          "fas-Arab"
        ]
      }
    ]
  },
  "evaluation_time": 316.794869184494,
  "kg_co2_emissions": null
}