{
  "dataset_revision": "be6460df57ab7c1b2c9fe295a31660dbd077ecf0",
  "task_name": "CQADupstackProgrammersRetrieval-Fa",
  "mteb_version": "1.34.14",
  "scores": {
    "test": [
      {
        "ndcg_at_1": 0.05251,
        "ndcg_at_3": 0.05949,
        "ndcg_at_5": 0.06498,
        "ndcg_at_10": 0.07174,
        "ndcg_at_20": 0.07808,
        "ndcg_at_100": 0.09206,
        "ndcg_at_1000": 0.13826,
        "map_at_1": 0.04073,
        "map_at_3": 0.05141,
        "map_at_5": 0.05514,
        "map_at_10": 0.05821,
        "map_at_20": 0.05993,
        "map_at_100": 0.06175,
        "map_at_1000": 0.06319,
        "recall_at_1": 0.04073,
        "recall_at_3": 0.06474,
        "recall_at_5": 0.08025,
        "recall_at_10": 0.10188,
        "recall_at_20": 0.12502,
        "recall_at_100": 0.19409,
        "recall_at_1000": 0.54321,
        "precision_at_1": 0.05251,
        "precision_at_3": 0.02854,
        "precision_at_5": 0.021,
        "precision_at_10": 0.01347,
        "precision_at_20": 0.0085,
        "precision_at_100": 0.00285,
        "precision_at_1000": 0.00087,
        "mrr_at_1": 0.052511,
        "mrr_at_3": 0.064498,
        "mrr_at_5": 0.068721,
        "mrr_at_10": 0.072058,
        "mrr_at_20": 0.074038,
        "mrr_at_100": 0.076219,
        "mrr_at_1000": 0.077526,
        "nauc_ndcg_at_1_max": 0.11545,
        "nauc_ndcg_at_1_std": -0.214587,
        "nauc_ndcg_at_1_diff1": 0.454852,
        "nauc_ndcg_at_3_max": 0.055494,
        "nauc_ndcg_at_3_std": -0.250115,
        "nauc_ndcg_at_3_diff1": 0.372163,
        "nauc_ndcg_at_5_max": 0.051006,
        "nauc_ndcg_at_5_std": -0.235319,
        "nauc_ndcg_at_5_diff1": 0.33374,
        "nauc_ndcg_at_10_max": 0.015561,
        "nauc_ndcg_at_10_std": -0.236144,
        "nauc_ndcg_at_10_diff1": 0.297384,
        "nauc_ndcg_at_20_max": 0.009149,
        "nauc_ndcg_at_20_std": -0.241105,
        "nauc_ndcg_at_20_diff1": 0.280193,
        "nauc_ndcg_at_100_max": 0.014066,
        "nauc_ndcg_at_100_std": -0.23983,
        "nauc_ndcg_at_100_diff1": 0.260996,
        "nauc_ndcg_at_1000_max": 0.012457,
        "nauc_ndcg_at_1000_std": -0.247207,
        "nauc_ndcg_at_1000_diff1": 0.24407,
        "nauc_map_at_1_max": 0.099755,
        "nauc_map_at_1_std": -0.254239,
        "nauc_map_at_1_diff1": 0.475039,
        "nauc_map_at_3_max": 0.064105,
        "nauc_map_at_3_std": -0.262113,
        "nauc_map_at_3_diff1": 0.396579,
        "nauc_map_at_5_max": 0.060876,
        "nauc_map_at_5_std": -0.249299,
        "nauc_map_at_5_diff1": 0.370251,
        "nauc_map_at_10_max": 0.044301,
        "nauc_map_at_10_std": -0.248989,
        "nauc_map_at_10_diff1": 0.351162,
        "nauc_map_at_20_max": 0.041691,
        "nauc_map_at_20_std": -0.24983,
        "nauc_map_at_20_diff1": 0.344255,
        "nauc_map_at_100_max": 0.040889,
        "nauc_map_at_100_std": -0.249804,
        "nauc_map_at_100_diff1": 0.338476,
        "nauc_map_at_1000_max": 0.041451,
        "nauc_map_at_1000_std": -0.25071,
        "nauc_map_at_1000_diff1": 0.338179,
        "nauc_recall_at_1_max": 0.099755,
        "nauc_recall_at_1_std": -0.254239,
        "nauc_recall_at_1_diff1": 0.475039,
        "nauc_recall_at_3_max": 0.023803,
        "nauc_recall_at_3_std": -0.271802,
        "nauc_recall_at_3_diff1": 0.330959,
        "nauc_recall_at_5_max": 0.022583,
        "nauc_recall_at_5_std": -0.232875,
        "nauc_recall_at_5_diff1": 0.265468,
        "nauc_recall_at_10_max": -0.044364,
        "nauc_recall_at_10_std": -0.22729,
        "nauc_recall_at_10_diff1": 0.192556,
        "nauc_recall_at_20_max": -0.053332,
        "nauc_recall_at_20_std": -0.239631,
        "nauc_recall_at_20_diff1": 0.162249,
        "nauc_recall_at_100_max": -0.019583,
        "nauc_recall_at_100_std": -0.231147,
        "nauc_recall_at_100_diff1": 0.142285,
        "nauc_recall_at_1000_max": -0.0404,
        "nauc_recall_at_1000_std": -0.239223,
        "nauc_recall_at_1000_diff1": 0.080129,
        "nauc_precision_at_1_max": 0.11545,
        "nauc_precision_at_1_std": -0.214587,
        "nauc_precision_at_1_diff1": 0.454852,
        "nauc_precision_at_3_max": 0.050859,
        "nauc_precision_at_3_std": -0.232727,
        "nauc_precision_at_3_diff1": 0.310444,
        "nauc_precision_at_5_max": 0.047567,
        "nauc_precision_at_5_std": -0.205678,
        "nauc_precision_at_5_diff1": 0.261367,
        "nauc_precision_at_10_max": 0.00195,
        "nauc_precision_at_10_std": -0.206313,
        "nauc_precision_at_10_diff1": 0.221546,
        "nauc_precision_at_20_max": -0.000472,
        "nauc_precision_at_20_std": -0.219739,
        "nauc_precision_at_20_diff1": 0.197481,
        "nauc_precision_at_100_max": 0.038771,
        "nauc_precision_at_100_std": -0.228102,
        "nauc_precision_at_100_diff1": 0.202852,
        "nauc_precision_at_1000_max": 0.038698,
        "nauc_precision_at_1000_std": -0.205221,
        "nauc_precision_at_1000_diff1": 0.137395,
        "nauc_mrr_at_1_max": 0.11545,
        "nauc_mrr_at_1_std": -0.214587,
        "nauc_mrr_at_1_diff1": 0.454852,
        "nauc_mrr_at_3_max": 0.064675,
        "nauc_mrr_at_3_std": -0.222348,
        "nauc_mrr_at_3_diff1": 0.383651,
        "nauc_mrr_at_5_max": 0.061802,
        "nauc_mrr_at_5_std": -0.211869,
        "nauc_mrr_at_5_diff1": 0.357996,
        "nauc_mrr_at_10_max": 0.047368,
        "nauc_mrr_at_10_std": -0.213424,
        "nauc_mrr_at_10_diff1": 0.342769,
        "nauc_mrr_at_20_max": 0.045241,
        "nauc_mrr_at_20_std": -0.215644,
        "nauc_mrr_at_20_diff1": 0.337271,
        "nauc_mrr_at_100_max": 0.044315,
        "nauc_mrr_at_100_std": -0.215786,
        "nauc_mrr_at_100_diff1": 0.331102,
        "nauc_mrr_at_1000_max": 0.044644,
        "nauc_mrr_at_1000_std": -0.216299,
        "nauc_mrr_at_1000_diff1": 0.330931,
        "main_score": 0.07174,
        "hf_subset": "default",
        "languages": [
          "fas-Arab"
        ]
      }
    ]
  },
  "evaluation_time": 131.17892622947693,
  "kg_co2_emissions": null
}