{
  "dataset_revision": "88f90b0b04f91778ba5341095b0a9f1d7799ce10",
  "task_name": "MSMARCO-Fa",
  "mteb_version": "1.34.14",
  "scores": {
    "dev": [
      {
        "ndcg_at_1": 0.0308,
        "ndcg_at_3": 0.04903,
        "ndcg_at_5": 0.05674,
        "ndcg_at_10": 0.0663,
        "ndcg_at_20": 0.0755,
        "ndcg_at_100": 0.09204,
        "ndcg_at_1000": 0.10586,
        "map_at_1": 0.03004,
        "map_at_3": 0.04403,
        "map_at_5": 0.04824,
        "map_at_10": 0.05207,
        "map_at_20": 0.05462,
        "map_at_100": 0.0568,
        "map_at_1000": 0.05726,
        "recall_at_1": 0.03004,
        "recall_at_3": 0.06246,
        "recall_at_5": 0.08111,
        "recall_at_10": 0.11091,
        "recall_at_20": 0.1468,
        "recall_at_100": 0.2364,
        "recall_at_1000": 0.34684,
        "precision_at_1": 0.0308,
        "precision_at_3": 0.02135,
        "precision_at_5": 0.01676,
        "precision_at_10": 0.01149,
        "precision_at_20": 0.00762,
        "precision_at_100": 0.00248,
        "precision_at_1000": 0.00037,
        "mrr_at_1": 0.030659,
        "mrr_at_3": 0.045081,
        "mrr_at_5": 0.049429,
        "mrr_at_10": 0.053391,
        "mrr_at_20": 0.055953,
        "mrr_at_100": 0.058139,
        "mrr_at_1000": 0.058592,
        "nauc_ndcg_at_1_max": 0.031559,
        "nauc_ndcg_at_1_std": 0.113807,
        "nauc_ndcg_at_1_diff1": 0.317155,
        "nauc_ndcg_at_3_max": 0.07572,
        "nauc_ndcg_at_3_std": 0.125074,
        "nauc_ndcg_at_3_diff1": 0.250631,
        "nauc_ndcg_at_5_max": 0.074272,
        "nauc_ndcg_at_5_std": 0.134365,
        "nauc_ndcg_at_5_diff1": 0.229645,
        "nauc_ndcg_at_10_max": 0.078565,
        "nauc_ndcg_at_10_std": 0.141659,
        "nauc_ndcg_at_10_diff1": 0.220335,
        "nauc_ndcg_at_20_max": 0.084942,
        "nauc_ndcg_at_20_std": 0.15688,
        "nauc_ndcg_at_20_diff1": 0.213535,
        "nauc_ndcg_at_100_max": 0.098263,
        "nauc_ndcg_at_100_std": 0.207347,
        "nauc_ndcg_at_100_diff1": 0.198463,
        "nauc_ndcg_at_1000_max": 0.114078,
        "nauc_ndcg_at_1000_std": 0.277677,
        "nauc_ndcg_at_1000_diff1": 0.193701,
        "nauc_map_at_1_max": 0.038902,
        "nauc_map_at_1_std": 0.111324,
        "nauc_map_at_1_diff1": 0.321866,
        "nauc_map_at_3_max": 0.070854,
        "nauc_map_at_3_std": 0.122469,
        "nauc_map_at_3_diff1": 0.264155,
        "nauc_map_at_5_max": 0.070039,
        "nauc_map_at_5_std": 0.12821,
        "nauc_map_at_5_diff1": 0.249807,
        "nauc_map_at_10_max": 0.072584,
        "nauc_map_at_10_std": 0.131973,
        "nauc_map_at_10_diff1": 0.2443,
        "nauc_map_at_20_max": 0.075336,
        "nauc_map_at_20_std": 0.138088,
        "nauc_map_at_20_diff1": 0.241323,
        "nauc_map_at_100_max": 0.078046,
        "nauc_map_at_100_std": 0.148104,
        "nauc_map_at_100_diff1": 0.237827,
        "nauc_map_at_1000_max": 0.078944,
        "nauc_map_at_1000_std": 0.151585,
        "nauc_map_at_1000_diff1": 0.237576,
        "nauc_recall_at_1_max": 0.038902,
        "nauc_recall_at_1_std": 0.111324,
        "nauc_recall_at_1_diff1": 0.321866,
        "nauc_recall_at_3_max": 0.089561,
        "nauc_recall_at_3_std": 0.127895,
        "nauc_recall_at_3_diff1": 0.225801,
        "nauc_recall_at_5_max": 0.082815,
        "nauc_recall_at_5_std": 0.143485,
        "nauc_recall_at_5_diff1": 0.193698,
        "nauc_recall_at_10_max": 0.088831,
        "nauc_recall_at_10_std": 0.155337,
        "nauc_recall_at_10_diff1": 0.182463,
        "nauc_recall_at_20_max": 0.099624,
        "nauc_recall_at_20_std": 0.184098,
        "nauc_recall_at_20_diff1": 0.174014,
        "nauc_recall_at_100_max": 0.128192,
        "nauc_recall_at_100_std": 0.300003,
        "nauc_recall_at_100_diff1": 0.146918,
        "nauc_recall_at_1000_max": 0.173165,
        "nauc_recall_at_1000_std": 0.519868,
        "nauc_recall_at_1000_diff1": 0.13561,
        "nauc_precision_at_1_max": 0.031559,
        "nauc_precision_at_1_std": 0.113807,
        "nauc_precision_at_1_diff1": 0.317155,
        "nauc_precision_at_3_max": 0.084261,
        "nauc_precision_at_3_std": 0.13135,
        "nauc_precision_at_3_diff1": 0.221787,
        "nauc_precision_at_5_max": 0.081596,
        "nauc_precision_at_5_std": 0.148282,
        "nauc_precision_at_5_diff1": 0.193461,
        "nauc_precision_at_10_max": 0.087921,
        "nauc_precision_at_10_std": 0.160232,
        "nauc_precision_at_10_diff1": 0.183911,
        "nauc_precision_at_20_max": 0.100853,
        "nauc_precision_at_20_std": 0.191895,
        "nauc_precision_at_20_diff1": 0.176388,
        "nauc_precision_at_100_max": 0.130145,
        "nauc_precision_at_100_std": 0.309471,
        "nauc_precision_at_100_diff1": 0.150582,
        "nauc_precision_at_1000_max": 0.182635,
        "nauc_precision_at_1000_std": 0.532846,
        "nauc_precision_at_1000_diff1": 0.138746,
        "nauc_mrr_at_1_max": 0.030193,
        "nauc_mrr_at_1_std": 0.115827,
        "nauc_mrr_at_1_diff1": 0.321323,
        "nauc_mrr_at_3_max": 0.064334,
        "nauc_mrr_at_3_std": 0.126527,
        "nauc_mrr_at_3_diff1": 0.261021,
        "nauc_mrr_at_5_max": 0.065734,
        "nauc_mrr_at_5_std": 0.131991,
        "nauc_mrr_at_5_diff1": 0.24844,
        "nauc_mrr_at_10_max": 0.068108,
        "nauc_mrr_at_10_std": 0.135574,
        "nauc_mrr_at_10_diff1": 0.242409,
        "nauc_mrr_at_20_max": 0.070852,
        "nauc_mrr_at_20_std": 0.141414,
        "nauc_mrr_at_20_diff1": 0.239551,
        "nauc_mrr_at_100_max": 0.073532,
        "nauc_mrr_at_100_std": 0.150937,
        "nauc_mrr_at_100_diff1": 0.235946,
        "nauc_mrr_at_1000_max": 0.074414,
        "nauc_mrr_at_1000_std": 0.154241,
        "nauc_mrr_at_1000_diff1": 0.235719,
        "main_score": 0.0663,
        "hf_subset": "default",
        "languages": [
          "fas-Arab"
        ]
      }
    ]
  },
  "evaluation_time": 15270.78092956543,
  "kg_co2_emissions": null
}