{
  "dataset_revision": "1a43f4f5dcd71e6b14b275ae82c3237cdd4fd5fd",
  "task_name": "QuoraRetrieval-Fa",
  "mteb_version": "1.34.14",
  "scores": {
    "test": [
      {
        "ndcg_at_1": 0.6696,
        "ndcg_at_3": 0.7202,
        "ndcg_at_5": 0.74033,
        "ndcg_at_10": 0.75763,
        "ndcg_at_20": 0.76976,
        "ndcg_at_100": 0.78332,
        "ndcg_at_1000": 0.78835,
        "map_at_1": 0.58058,
        "map_at_3": 0.67942,
        "map_at_5": 0.69809,
        "map_at_10": 0.70939,
        "map_at_20": 0.71459,
        "map_at_100": 0.7178,
        "map_at_1000": 0.71818,
        "recall_at_1": 0.58058,
        "recall_at_3": 0.74899,
        "recall_at_5": 0.80312,
        "recall_at_10": 0.85392,
        "recall_at_20": 0.89603,
        "recall_at_100": 0.95502,
        "recall_at_1000": 0.98584,
        "precision_at_1": 0.6696,
        "precision_at_3": 0.3156,
        "precision_at_5": 0.21024,
        "precision_at_10": 0.11648,
        "precision_at_20": 0.06318,
        "precision_at_100": 0.01426,
        "precision_at_1000": 0.00153,
        "mrr_at_1": 0.6696,
        "mrr_at_3": 0.734517,
        "mrr_at_5": 0.744512,
        "mrr_at_10": 0.749834,
        "mrr_at_20": 0.752195,
        "mrr_at_100": 0.753275,
        "mrr_at_1000": 0.753375,
        "nauc_ndcg_at_1_max": 0.387295,
        "nauc_ndcg_at_1_std": -0.092677,
        "nauc_ndcg_at_1_diff1": 0.714554,
        "nauc_ndcg_at_3_max": 0.370549,
        "nauc_ndcg_at_3_std": -0.099316,
        "nauc_ndcg_at_3_diff1": 0.673722,
        "nauc_ndcg_at_5_max": 0.375708,
        "nauc_ndcg_at_5_std": -0.09811,
        "nauc_ndcg_at_5_diff1": 0.673506,
        "nauc_ndcg_at_10_max": 0.387591,
        "nauc_ndcg_at_10_std": -0.084755,
        "nauc_ndcg_at_10_diff1": 0.673353,
        "nauc_ndcg_at_20_max": 0.391987,
        "nauc_ndcg_at_20_std": -0.077804,
        "nauc_ndcg_at_20_diff1": 0.674128,
        "nauc_ndcg_at_100_max": 0.397752,
        "nauc_ndcg_at_100_std": -0.066752,
        "nauc_ndcg_at_100_diff1": 0.675924,
        "nauc_ndcg_at_1000_max": 0.396947,
        "nauc_ndcg_at_1000_std": -0.068108,
        "nauc_ndcg_at_1000_diff1": 0.677304,
        "nauc_map_at_1_max": 0.29571,
        "nauc_map_at_1_std": -0.139232,
        "nauc_map_at_1_diff1": 0.713966,
        "nauc_map_at_3_max": 0.344467,
        "nauc_map_at_3_std": -0.127977,
        "nauc_map_at_3_diff1": 0.68411,
        "nauc_map_at_5_max": 0.355914,
        "nauc_map_at_5_std": -0.120923,
        "nauc_map_at_5_diff1": 0.681892,
        "nauc_map_at_10_max": 0.366243,
        "nauc_map_at_10_std": -0.110188,
        "nauc_map_at_10_diff1": 0.680975,
        "nauc_map_at_20_max": 0.36988,
        "nauc_map_at_20_std": -0.1047,
        "nauc_map_at_20_diff1": 0.680804,
        "nauc_map_at_100_max": 0.372076,
        "nauc_map_at_100_std": -0.100713,
        "nauc_map_at_100_diff1": 0.68093,
        "nauc_map_at_1000_max": 0.372175,
        "nauc_map_at_1000_std": -0.100428,
        "nauc_map_at_1000_diff1": 0.680953,
        "nauc_recall_at_1_max": 0.29571,
        "nauc_recall_at_1_std": -0.139232,
        "nauc_recall_at_1_diff1": 0.713966,
        "nauc_recall_at_3_max": 0.329658,
        "nauc_recall_at_3_std": -0.118073,
        "nauc_recall_at_3_diff1": 0.633436,
        "nauc_recall_at_5_max": 0.34797,
        "nauc_recall_at_5_std": -0.105086,
        "nauc_recall_at_5_diff1": 0.616677,
        "nauc_recall_at_10_max": 0.389781,
        "nauc_recall_at_10_std": -0.051691,
        "nauc_recall_at_10_diff1": 0.596594,
        "nauc_recall_at_20_max": 0.413956,
        "nauc_recall_at_20_std": -0.002634,
        "nauc_recall_at_20_diff1": 0.578527,
        "nauc_recall_at_100_max": 0.509636,
        "nauc_recall_at_100_std": 0.212792,
        "nauc_recall_at_100_diff1": 0.54166,
        "nauc_recall_at_1000_max": 0.652191,
        "nauc_recall_at_1000_std": 0.501132,
        "nauc_recall_at_1000_diff1": 0.514144,
        "nauc_precision_at_1_max": 0.387295,
        "nauc_precision_at_1_std": -0.092677,
        "nauc_precision_at_1_diff1": 0.714554,
        "nauc_precision_at_3_max": 0.257035,
        "nauc_precision_at_3_std": 0.040905,
        "nauc_precision_at_3_diff1": 0.156405,
        "nauc_precision_at_5_max": 0.211269,
        "nauc_precision_at_5_std": 0.093481,
        "nauc_precision_at_5_diff1": 0.014393,
        "nauc_precision_at_10_max": 0.174387,
        "nauc_precision_at_10_std": 0.160548,
        "nauc_precision_at_10_diff1": -0.103924,
        "nauc_precision_at_20_max": 0.134625,
        "nauc_precision_at_20_std": 0.202074,
        "nauc_precision_at_20_diff1": -0.184924,
        "nauc_precision_at_100_max": 0.077058,
        "nauc_precision_at_100_std": 0.25104,
        "nauc_precision_at_100_diff1": -0.272618,
        "nauc_precision_at_1000_max": 0.034117,
        "nauc_precision_at_1000_std": 0.25001,
        "nauc_precision_at_1000_diff1": -0.308227,
        "nauc_mrr_at_1_max": 0.387253,
        "nauc_mrr_at_1_std": -0.093113,
        "nauc_mrr_at_1_diff1": 0.714554,
        "nauc_mrr_at_3_max": 0.403214,
        "nauc_mrr_at_3_std": -0.072559,
        "nauc_mrr_at_3_diff1": 0.692443,
        "nauc_mrr_at_5_max": 0.405273,
        "nauc_mrr_at_5_std": -0.070823,
        "nauc_mrr_at_5_diff1": 0.692345,
        "nauc_mrr_at_10_max": 0.406331,
        "nauc_mrr_at_10_std": -0.06853,
        "nauc_mrr_at_10_diff1": 0.692291,
        "nauc_mrr_at_20_max": 0.406419,
        "nauc_mrr_at_20_std": -0.068133,
        "nauc_mrr_at_20_diff1": 0.692784,
        "nauc_mrr_at_100_max": 0.40627,
        "nauc_mrr_at_100_std": -0.068051,
        "nauc_mrr_at_100_diff1": 0.693023,
        "nauc_mrr_at_1000_max": 0.406206,
        "nauc_mrr_at_1000_std": -0.068169,
        "nauc_mrr_at_1000_diff1": 0.693065,
        "main_score": 0.75763,
        "hf_subset": "default",
        "languages": [
          "fas-Arab"
        ]
      }
    ]
  },
  "evaluation_time": 407.63269805908203,
  "kg_co2_emissions": null
}