{
  "dataset_revision": "6611ebf4b4c1aaf8b021e4728440db2188291b8b",
  "task_name": "SCIDOCS-Fa",
  "mteb_version": "1.34.14",
  "scores": {
    "test": [
      {
        "ndcg_at_1": 0.016,
        "ndcg_at_3": 0.01369,
        "ndcg_at_5": 0.01222,
        "ndcg_at_10": 0.01486,
        "ndcg_at_20": 0.01692,
        "ndcg_at_100": 0.02428,
        "ndcg_at_1000": 0.07902,
        "map_at_1": 0.0032,
        "map_at_3": 0.00528,
        "map_at_5": 0.0061,
        "map_at_10": 0.0068,
        "map_at_20": 0.00728,
        "map_at_100": 0.00806,
        "map_at_1000": 0.00926,
        "recall_at_1": 0.0032,
        "recall_at_3": 0.00805,
        "recall_at_5": 0.01135,
        "recall_at_10": 0.0162,
        "recall_at_20": 0.0211,
        "recall_at_100": 0.04627,
        "recall_at_1000": 0.33753,
        "precision_at_1": 0.016,
        "precision_at_3": 0.01333,
        "precision_at_5": 0.0112,
        "precision_at_10": 0.008,
        "precision_at_20": 0.0052,
        "precision_at_100": 0.00227,
        "precision_at_1000": 0.00166,
        "mrr_at_1": 0.016,
        "mrr_at_3": 0.024333,
        "mrr_at_5": 0.027833,
        "mrr_at_10": 0.030863,
        "mrr_at_20": 0.031772,
        "mrr_at_100": 0.03331,
        "mrr_at_1000": 0.034898,
        "nauc_ndcg_at_1_max": 0.424353,
        "nauc_ndcg_at_1_std": -0.219999,
        "nauc_ndcg_at_1_diff1": 0.600433,
        "nauc_ndcg_at_3_max": 0.28742,
        "nauc_ndcg_at_3_std": -0.223855,
        "nauc_ndcg_at_3_diff1": 0.475505,
        "nauc_ndcg_at_5_max": 0.216292,
        "nauc_ndcg_at_5_std": -0.234205,
        "nauc_ndcg_at_5_diff1": 0.488458,
        "nauc_ndcg_at_10_max": 0.143277,
        "nauc_ndcg_at_10_std": -0.25373,
        "nauc_ndcg_at_10_diff1": 0.413325,
        "nauc_ndcg_at_20_max": 0.108253,
        "nauc_ndcg_at_20_std": -0.270389,
        "nauc_ndcg_at_20_diff1": 0.399946,
        "nauc_ndcg_at_100_max": 0.051335,
        "nauc_ndcg_at_100_std": -0.269142,
        "nauc_ndcg_at_100_diff1": 0.32206,
        "nauc_ndcg_at_1000_max": 0.01043,
        "nauc_ndcg_at_1000_std": -0.290894,
        "nauc_ndcg_at_1000_diff1": 0.299749,
        "nauc_map_at_1_max": 0.424353,
        "nauc_map_at_1_std": -0.219999,
        "nauc_map_at_1_diff1": 0.600433,
        "nauc_map_at_3_max": 0.308627,
        "nauc_map_at_3_std": -0.227671,
        "nauc_map_at_3_diff1": 0.481392,
        "nauc_map_at_5_max": 0.264297,
        "nauc_map_at_5_std": -0.230988,
        "nauc_map_at_5_diff1": 0.492663,
        "nauc_map_at_10_max": 0.21602,
        "nauc_map_at_10_std": -0.243994,
        "nauc_map_at_10_diff1": 0.452115,
        "nauc_map_at_20_max": 0.19063,
        "nauc_map_at_20_std": -0.255143,
        "nauc_map_at_20_diff1": 0.447128,
        "nauc_map_at_100_max": 0.161879,
        "nauc_map_at_100_std": -0.261535,
        "nauc_map_at_100_diff1": 0.419731,
        "nauc_map_at_1000_max": 0.145371,
        "nauc_map_at_1000_std": -0.269336,
        "nauc_map_at_1000_diff1": 0.413501,
        "nauc_recall_at_1_max": 0.424353,
        "nauc_recall_at_1_std": -0.219999,
        "nauc_recall_at_1_diff1": 0.600433,
        "nauc_recall_at_3_max": 0.241331,
        "nauc_recall_at_3_std": -0.215413,
        "nauc_recall_at_3_diff1": 0.44797,
        "nauc_recall_at_5_max": 0.147292,
        "nauc_recall_at_5_std": -0.233854,
        "nauc_recall_at_5_diff1": 0.474704,
        "nauc_recall_at_10_max": 0.044174,
        "nauc_recall_at_10_std": -0.268035,
        "nauc_recall_at_10_diff1": 0.352074,
        "nauc_recall_at_20_max": 0.001752,
        "nauc_recall_at_20_std": -0.295146,
        "nauc_recall_at_20_diff1": 0.33698,
        "nauc_recall_at_100_max": -0.053297,
        "nauc_recall_at_100_std": -0.27914,
        "nauc_recall_at_100_diff1": 0.225869,
        "nauc_recall_at_1000_max": -0.045032,
        "nauc_recall_at_1000_std": -0.275444,
        "nauc_recall_at_1000_diff1": 0.224675,
        "nauc_precision_at_1_max": 0.424353,
        "nauc_precision_at_1_std": -0.219999,
        "nauc_precision_at_1_diff1": 0.600433,
        "nauc_precision_at_3_max": 0.246431,
        "nauc_precision_at_3_std": -0.213637,
        "nauc_precision_at_3_diff1": 0.446633,
        "nauc_precision_at_5_max": 0.155913,
        "nauc_precision_at_5_std": -0.231271,
        "nauc_precision_at_5_diff1": 0.476221,
        "nauc_precision_at_10_max": 0.050023,
        "nauc_precision_at_10_std": -0.265824,
        "nauc_precision_at_10_diff1": 0.354384,
        "nauc_precision_at_20_max": 0.005642,
        "nauc_precision_at_20_std": -0.294702,
        "nauc_precision_at_20_diff1": 0.337862,
        "nauc_precision_at_100_max": -0.051462,
        "nauc_precision_at_100_std": -0.27882,
        "nauc_precision_at_100_diff1": 0.22306,
        "nauc_precision_at_1000_max": -0.041143,
        "nauc_precision_at_1000_std": -0.272633,
        "nauc_precision_at_1000_diff1": 0.225569,
        "nauc_mrr_at_1_max": 0.424353,
        "nauc_mrr_at_1_std": -0.219999,
        "nauc_mrr_at_1_diff1": 0.600433,
        "nauc_mrr_at_3_max": 0.312635,
        "nauc_mrr_at_3_std": -0.23819,
        "nauc_mrr_at_3_diff1": 0.508652,
        "nauc_mrr_at_5_max": 0.25386,
        "nauc_mrr_at_5_std": -0.245778,
        "nauc_mrr_at_5_diff1": 0.509237,
        "nauc_mrr_at_10_max": 0.212482,
        "nauc_mrr_at_10_std": -0.250127,
        "nauc_mrr_at_10_diff1": 0.461943,
        "nauc_mrr_at_20_max": 0.204914,
        "nauc_mrr_at_20_std": -0.253048,
        "nauc_mrr_at_20_diff1": 0.456914,
        "nauc_mrr_at_100_max": 0.197522,
        "nauc_mrr_at_100_std": -0.249853,
        "nauc_mrr_at_100_diff1": 0.442193,
        "nauc_mrr_at_1000_max": 0.19582,
        "nauc_mrr_at_1000_std": -0.25071,
        "nauc_mrr_at_1000_diff1": 0.440864,
        "main_score": 0.01486,
        "hf_subset": "default",
        "languages": [
          "fas-Arab"
        ]
      }
    ]
  },
  "evaluation_time": 102.03801202774048,
  "kg_co2_emissions": null
}