{
  "dataset_revision": "da8f36a723da155738f5e3d8d84d543589bd5083",
  "task_name": "SynPerChatbotRAGTopicsRetrieval",
  "mteb_version": "1.34.14",
  "scores": {
    "test": [
      {
        "ndcg_at_1": 0.25299,
        "ndcg_at_3": 0.18404,
        "ndcg_at_5": 0.20494,
        "ndcg_at_10": 0.23843,
        "ndcg_at_20": 0.26942,
        "ndcg_at_100": 0.34243,
        "ndcg_at_1000": 0.40075,
        "map_at_1": 0.08109,
        "map_at_3": 0.12189,
        "map_at_5": 0.13597,
        "map_at_10": 0.15146,
        "map_at_20": 0.1618,
        "map_at_100": 0.17527,
        "map_at_1000": 0.1791,
        "recall_at_1": 0.08109,
        "recall_at_3": 0.1563,
        "recall_at_5": 0.20296,
        "recall_at_10": 0.27458,
        "recall_at_20": 0.3596,
        "recall_at_100": 0.63772,
        "recall_at_1000": 0.95868,
        "precision_at_1": 0.25299,
        "precision_at_3": 0.16253,
        "precision_at_5": 0.12695,
        "precision_at_10": 0.08648,
        "precision_at_20": 0.05695,
        "precision_at_100": 0.02046,
        "precision_at_1000": 0.00309,
        "mrr_at_1": 0.25115,
        "mrr_at_3": 0.329347,
        "mrr_at_5": 0.351058,
        "mrr_at_10": 0.365573,
        "mrr_at_20": 0.373106,
        "mrr_at_100": 0.378781,
        "mrr_at_1000": 0.379085,
        "nauc_ndcg_at_1_max": 0.15283,
        "nauc_ndcg_at_1_std": -0.069254,
        "nauc_ndcg_at_1_diff1": 0.361674,
        "nauc_ndcg_at_3_max": 0.172399,
        "nauc_ndcg_at_3_std": -0.058455,
        "nauc_ndcg_at_3_diff1": 0.313787,
        "nauc_ndcg_at_5_max": 0.202979,
        "nauc_ndcg_at_5_std": -0.057302,
        "nauc_ndcg_at_5_diff1": 0.308071,
        "nauc_ndcg_at_10_max": 0.207214,
        "nauc_ndcg_at_10_std": -0.048135,
        "nauc_ndcg_at_10_diff1": 0.308809,
        "nauc_ndcg_at_20_max": 0.212168,
        "nauc_ndcg_at_20_std": -0.028242,
        "nauc_ndcg_at_20_diff1": 0.318923,
        "nauc_ndcg_at_100_max": 0.170809,
        "nauc_ndcg_at_100_std": -0.026672,
        "nauc_ndcg_at_100_diff1": 0.307197,
        "nauc_ndcg_at_1000_max": 0.160847,
        "nauc_ndcg_at_1000_std": -0.029497,
        "nauc_ndcg_at_1000_diff1": 0.319048,
        "nauc_map_at_1_max": 0.189153,
        "nauc_map_at_1_std": -0.07113,
        "nauc_map_at_1_diff1": 0.350096,
        "nauc_map_at_3_max": 0.188897,
        "nauc_map_at_3_std": -0.065824,
        "nauc_map_at_3_diff1": 0.318466,
        "nauc_map_at_5_max": 0.193262,
        "nauc_map_at_5_std": -0.068021,
        "nauc_map_at_5_diff1": 0.315613,
        "nauc_map_at_10_max": 0.191504,
        "nauc_map_at_10_std": -0.065611,
        "nauc_map_at_10_diff1": 0.31508,
        "nauc_map_at_20_max": 0.191505,
        "nauc_map_at_20_std": -0.058318,
        "nauc_map_at_20_diff1": 0.319502,
        "nauc_map_at_100_max": 0.184693,
        "nauc_map_at_100_std": -0.055312,
        "nauc_map_at_100_diff1": 0.31745,
        "nauc_map_at_1000_max": 0.182608,
        "nauc_map_at_1000_std": -0.055161,
        "nauc_map_at_1000_diff1": 0.318178,
        "nauc_recall_at_1_max": 0.189153,
        "nauc_recall_at_1_std": -0.07113,
        "nauc_recall_at_1_diff1": 0.350096,
        "nauc_recall_at_3_max": 0.208455,
        "nauc_recall_at_3_std": -0.050278,
        "nauc_recall_at_3_diff1": 0.279845,
        "nauc_recall_at_5_max": 0.220016,
        "nauc_recall_at_5_std": -0.046696,
        "nauc_recall_at_5_diff1": 0.26295,
        "nauc_recall_at_10_max": 0.218295,
        "nauc_recall_at_10_std": -0.025321,
        "nauc_recall_at_10_diff1": 0.247556,
        "nauc_recall_at_20_max": 0.217298,
        "nauc_recall_at_20_std": 0.024765,
        "nauc_recall_at_20_diff1": 0.247601,
        "nauc_recall_at_100_max": 0.057448,
        "nauc_recall_at_100_std": 0.034146,
        "nauc_recall_at_100_diff1": 0.14557,
        "nauc_recall_at_1000_max": -0.208167,
        "nauc_recall_at_1000_std": 0.162682,
        "nauc_recall_at_1000_diff1": 0.229697,
        "nauc_precision_at_1_max": 0.15283,
        "nauc_precision_at_1_std": -0.069254,
        "nauc_precision_at_1_diff1": 0.361674,
        "nauc_precision_at_3_max": 0.166784,
        "nauc_precision_at_3_std": -0.049509,
        "nauc_precision_at_3_diff1": 0.286885,
        "nauc_precision_at_5_max": 0.170291,
        "nauc_precision_at_5_std": -0.043799,
        "nauc_precision_at_5_diff1": 0.26856,
        "nauc_precision_at_10_max": 0.151015,
        "nauc_precision_at_10_std": -0.020185,
        "nauc_precision_at_10_diff1": 0.247765,
        "nauc_precision_at_20_max": 0.135316,
        "nauc_precision_at_20_std": 0.035219,
        "nauc_precision_at_20_diff1": 0.246133,
        "nauc_precision_at_100_max": -0.084403,
        "nauc_precision_at_100_std": 0.044685,
        "nauc_precision_at_100_diff1": 0.119414,
        "nauc_precision_at_1000_max": -0.383337,
        "nauc_precision_at_1000_std": 0.081431,
        "nauc_precision_at_1000_diff1": 0.006868,
        "nauc_mrr_at_1_max": 0.148651,
        "nauc_mrr_at_1_std": -0.066611,
        "nauc_mrr_at_1_diff1": 0.368638,
        "nauc_mrr_at_3_max": 0.173524,
        "nauc_mrr_at_3_std": -0.055013,
        "nauc_mrr_at_3_diff1": 0.328272,
        "nauc_mrr_at_5_max": 0.186224,
        "nauc_mrr_at_5_std": -0.050472,
        "nauc_mrr_at_5_diff1": 0.328332,
        "nauc_mrr_at_10_max": 0.192935,
        "nauc_mrr_at_10_std": -0.043909,
        "nauc_mrr_at_10_diff1": 0.329558,
        "nauc_mrr_at_20_max": 0.193398,
        "nauc_mrr_at_20_std": -0.0414,
        "nauc_mrr_at_20_diff1": 0.332323,
        "nauc_mrr_at_100_max": 0.189049,
        "nauc_mrr_at_100_std": -0.043648,
        "nauc_mrr_at_100_diff1": 0.331707,
        "nauc_mrr_at_1000_max": 0.189072,
        "nauc_mrr_at_1000_std": -0.043836,
        "nauc_mrr_at_1000_diff1": 0.331777,
        "main_score": 0.23843,
        "hf_subset": "default",
        "languages": [
          "fas-Arab"
        ]
      }
    ]
  },
  "evaluation_time": 7.831031799316406,
  "kg_co2_emissions": null
}