{
  "dataset_revision": "0f464636f91641cc6ef6f6f8f249c73f4a609982",
  "task_name": "Touche2020-Fa",
  "mteb_version": "1.34.14",
  "scores": {
    "test": [
      {
        "ndcg_at_1": 0.02041,
        "ndcg_at_3": 0.03614,
        "ndcg_at_5": 0.04562,
        "ndcg_at_10": 0.04235,
        "ndcg_at_20": 0.04056,
        "ndcg_at_100": 0.06044,
        "ndcg_at_1000": 0.11404,
        "map_at_1": 0.00097,
        "map_at_3": 0.00534,
        "map_at_5": 0.00824,
        "map_at_10": 0.01167,
        "map_at_20": 0.01274,
        "map_at_100": 0.01551,
        "map_at_1000": 0.01815,
        "recall_at_1": 0.00097,
        "recall_at_3": 0.00935,
        "recall_at_5": 0.01874,
        "recall_at_10": 0.03333,
        "recall_at_20": 0.04626,
        "recall_at_100": 0.09936,
        "recall_at_1000": 0.27751,
        "precision_at_1": 0.02041,
        "precision_at_3": 0.04762,
        "precision_at_5": 0.06122,
        "precision_at_10": 0.05102,
        "precision_at_20": 0.03469,
        "precision_at_100": 0.01551,
        "precision_at_1000": 0.00522,
        "mrr_at_1": 0.020408,
        "mrr_at_3": 0.071429,
        "mrr_at_5": 0.092857,
        "mrr_at_10": 0.101701,
        "mrr_at_20": 0.110387,
        "mrr_at_100": 0.11584,
        "mrr_at_1000": 0.11688,
        "nauc_ndcg_at_1_max": 0.661545,
        "nauc_ndcg_at_1_std": 0.32309,
        "nauc_ndcg_at_1_diff1": -0.323865,
        "nauc_ndcg_at_3_max": -0.020085,
        "nauc_ndcg_at_3_std": -0.144873,
        "nauc_ndcg_at_3_diff1": -0.073784,
        "nauc_ndcg_at_5_max": 0.099233,
        "nauc_ndcg_at_5_std": -0.01138,
        "nauc_ndcg_at_5_diff1": -0.149633,
        "nauc_ndcg_at_10_max": 0.044889,
        "nauc_ndcg_at_10_std": -0.05969,
        "nauc_ndcg_at_10_diff1": -0.165649,
        "nauc_ndcg_at_20_max": -0.024334,
        "nauc_ndcg_at_20_std": -0.12169,
        "nauc_ndcg_at_20_diff1": -0.128807,
        "nauc_ndcg_at_100_max": -0.008212,
        "nauc_ndcg_at_100_std": -0.086321,
        "nauc_ndcg_at_100_diff1": -0.004244,
        "nauc_ndcg_at_1000_max": 0.145818,
        "nauc_ndcg_at_1000_std": 0.351618,
        "nauc_ndcg_at_1000_diff1": -0.087077,
        "nauc_map_at_1_max": 0.661545,
        "nauc_map_at_1_std": 0.32309,
        "nauc_map_at_1_diff1": -0.323865,
        "nauc_map_at_3_max": -0.171539,
        "nauc_map_at_3_std": -0.252232,
        "nauc_map_at_3_diff1": 0.015919,
        "nauc_map_at_5_max": -0.036869,
        "nauc_map_at_5_std": -0.124025,
        "nauc_map_at_5_diff1": -0.098994,
        "nauc_map_at_10_max": -0.05381,
        "nauc_map_at_10_std": -0.137805,
        "nauc_map_at_10_diff1": -0.156619,
        "nauc_map_at_20_max": -0.070255,
        "nauc_map_at_20_std": -0.153416,
        "nauc_map_at_20_diff1": -0.1446,
        "nauc_map_at_100_max": -0.063268,
        "nauc_map_at_100_std": -0.145641,
        "nauc_map_at_100_diff1": -0.072099,
        "nauc_map_at_1000_max": -0.032767,
        "nauc_map_at_1000_std": -0.064146,
        "nauc_map_at_1000_diff1": -0.078431,
        "nauc_recall_at_1_max": 0.661545,
        "nauc_recall_at_1_std": 0.32309,
        "nauc_recall_at_1_diff1": -0.323865,
        "nauc_recall_at_3_max": -0.254636,
        "nauc_recall_at_3_std": -0.307018,
        "nauc_recall_at_3_diff1": 0.013484,
        "nauc_recall_at_5_max": -0.078622,
        "nauc_recall_at_5_std": -0.134494,
        "nauc_recall_at_5_diff1": -0.142584,
        "nauc_recall_at_10_max": -0.14675,
        "nauc_recall_at_10_std": -0.195455,
        "nauc_recall_at_10_diff1": -0.169674,
        "nauc_recall_at_20_max": -0.200716,
        "nauc_recall_at_20_std": -0.249621,
        "nauc_recall_at_20_diff1": -0.054501,
        "nauc_recall_at_100_max": -0.121764,
        "nauc_recall_at_100_std": -0.14949,
        "nauc_recall_at_100_diff1": 0.201923,
        "nauc_recall_at_1000_max": 0.154661,
        "nauc_recall_at_1000_std": 0.517235,
        "nauc_recall_at_1000_diff1": -0.010631,
        "nauc_precision_at_1_max": 0.661545,
        "nauc_precision_at_1_std": 0.32309,
        "nauc_precision_at_1_diff1": -0.323865,
        "nauc_precision_at_3_max": -0.167571,
        "nauc_precision_at_3_std": -0.263217,
        "nauc_precision_at_3_diff1": 0.105448,
        "nauc_precision_at_5_max": 0.006682,
        "nauc_precision_at_5_std": -0.072782,
        "nauc_precision_at_5_diff1": -0.101851,
        "nauc_precision_at_10_max": -0.014082,
        "nauc_precision_at_10_std": -0.093019,
        "nauc_precision_at_10_diff1": -0.137006,
        "nauc_precision_at_20_max": -0.066722,
        "nauc_precision_at_20_std": -0.157053,
        "nauc_precision_at_20_diff1": -0.066032,
        "nauc_precision_at_100_max": 0.075014,
        "nauc_precision_at_100_std": 0.041541,
        "nauc_precision_at_100_diff1": 0.039547,
        "nauc_precision_at_1000_max": 0.441656,
        "nauc_precision_at_1000_std": 0.743009,
        "nauc_precision_at_1000_diff1": -0.023899,
        "nauc_mrr_at_1_max": 0.661545,
        "nauc_mrr_at_1_std": 0.32309,
        "nauc_mrr_at_1_diff1": -0.323865,
        "nauc_mrr_at_3_max": -0.019645,
        "nauc_mrr_at_3_std": -0.151156,
        "nauc_mrr_at_3_diff1": -0.093285,
        "nauc_mrr_at_5_max": -0.008169,
        "nauc_mrr_at_5_std": -0.101453,
        "nauc_mrr_at_5_diff1": -0.125793,
        "nauc_mrr_at_10_max": -0.009502,
        "nauc_mrr_at_10_std": -0.10828,
        "nauc_mrr_at_10_diff1": -0.108338,
        "nauc_mrr_at_20_max": -0.020946,
        "nauc_mrr_at_20_std": -0.124613,
        "nauc_mrr_at_20_diff1": -0.083188,
        "nauc_mrr_at_100_max": -0.015114,
        "nauc_mrr_at_100_std": -0.114742,
        "nauc_mrr_at_100_diff1": -0.078079,
        "nauc_mrr_at_1000_max": -0.012951,
        "nauc_mrr_at_1000_std": -0.111941,
        "nauc_mrr_at_1000_diff1": -0.082561,
        "main_score": 0.04235,
        "hf_subset": "default",
        "languages": [
          "fas-Arab"
        ]
      }
    ]
  },
  "evaluation_time": 1391.0240523815155,
  "kg_co2_emissions": null
}