{
  "dataset_revision": "68a0ff474739367a36c8066ee04802a65aefc117",
  "task_name": "CExaPPC",
  "mteb_version": "1.34.14",
  "scores": {
    "test": [
      {
        "similarity_accuracy": 0.962456,
        "similarity_accuracy_threshold": 0.463582,
        "similarity_f1": 0.952736,
        "similarity_f1_threshold": 0.463582,
        "similarity_precision": 0.945421,
        "similarity_recall": 0.960165,
        "similarity_ap": 0.988825,
        "cosine_accuracy": 0.962456,
        "cosine_accuracy_threshold": 0.463582,
        "cosine_f1": 0.952736,
        "cosine_f1_threshold": 0.463582,
        "cosine_precision": 0.945421,
        "cosine_recall": 0.960165,
        "cosine_ap": 0.988825,
        "manhattan_accuracy": 0.960604,
        "manhattan_accuracy_threshold": 616.229126,
        "manhattan_f1": 0.95036,
        "manhattan_f1_threshold": 625.662109,
        "manhattan_precision": 0.933648,
        "manhattan_recall": 0.967681,
        "manhattan_ap": 0.988166,
        "euclidean_accuracy": 0.962382,
        "euclidean_accuracy_threshold": 28.295195,
        "euclidean_f1": 0.952647,
        "euclidean_f1_threshold": 28.602993,
        "euclidean_precision": 0.945246,
        "euclidean_recall": 0.960165,
        "euclidean_ap": 0.988825,
        "dot_accuracy": 0.962456,
        "dot_accuracy_threshold": 353.316223,
        "dot_f1": 0.952736,
        "dot_f1_threshold": 353.316223,
        "dot_precision": 0.945421,
        "dot_recall": 0.960165,
        "dot_ap": 0.988825,
        "max_accuracy": 0.962456,
        "max_f1": 0.952736,
        "max_precision": 0.945421,
        "max_recall": 0.967681,
        "max_ap": 0.988825,
        "main_score": 0.988825,
        "hf_subset": "default",
        "languages": [
          "fas-Arab"
        ]
      }
    ]
  },
  "evaluation_time": 10.981506586074829,
  "kg_co2_emissions": null
}