{
  "dataset_revision": "45d9176b6fcba33abc58494ee82f18ee7e8ddbae",
  "task_name": "ClimateFEVER-Fa",
  "mteb_version": "1.34.14",
  "scores": {
    "test": [
      {
        "ndcg_at_1": 0.13355,
        "ndcg_at_3": 0.11921,
        "ndcg_at_5": 0.12553,
        "ndcg_at_10": 0.13938,
        "ndcg_at_20": 0.15196,
        "ndcg_at_100": 0.17897,
        "ndcg_at_1000": 0.21211,
        "map_at_1": 0.06029,
        "map_at_3": 0.08586,
        "map_at_5": 0.09158,
        "map_at_10": 0.09686,
        "map_at_20": 0.10032,
        "map_at_100": 0.10399,
        "map_at_1000": 0.1053,
        "recall_at_1": 0.06029,
        "recall_at_3": 0.11506,
        "recall_at_5": 0.13472,
        "recall_at_10": 0.16518,
        "recall_at_20": 0.20143,
        "recall_at_100": 0.30933,
        "recall_at_1000": 0.50482,
        "precision_at_1": 0.13355,
        "precision_at_3": 0.08447,
        "precision_at_5": 0.06215,
        "precision_at_10": 0.04039,
        "precision_at_20": 0.02547,
        "precision_at_100": 0.0083,
        "precision_at_1000": 0.00143,
        "mrr_at_1": 0.13355,
        "mrr_at_3": 0.180673,
        "mrr_at_5": 0.190185,
        "mrr_at_10": 0.199017,
        "mrr_at_20": 0.20358,
        "mrr_at_100": 0.207819,
        "mrr_at_1000": 0.208612,
        "nauc_ndcg_at_1_max": 0.444106,
        "nauc_ndcg_at_1_std": 0.23568,
        "nauc_ndcg_at_1_diff1": 0.332287,
        "nauc_ndcg_at_3_max": 0.412902,
        "nauc_ndcg_at_3_std": 0.198773,
        "nauc_ndcg_at_3_diff1": 0.292251,
        "nauc_ndcg_at_5_max": 0.39811,
        "nauc_ndcg_at_5_std": 0.20138,
        "nauc_ndcg_at_5_diff1": 0.286385,
        "nauc_ndcg_at_10_max": 0.403395,
        "nauc_ndcg_at_10_std": 0.219425,
        "nauc_ndcg_at_10_diff1": 0.279985,
        "nauc_ndcg_at_20_max": 0.401761,
        "nauc_ndcg_at_20_std": 0.22487,
        "nauc_ndcg_at_20_diff1": 0.271906,
        "nauc_ndcg_at_100_max": 0.403379,
        "nauc_ndcg_at_100_std": 0.242692,
        "nauc_ndcg_at_100_diff1": 0.261397,
        "nauc_ndcg_at_1000_max": 0.418326,
        "nauc_ndcg_at_1000_std": 0.269357,
        "nauc_ndcg_at_1000_diff1": 0.265051,
        "nauc_map_at_1_max": 0.485724,
        "nauc_map_at_1_std": 0.21358,
        "nauc_map_at_1_diff1": 0.395139,
        "nauc_map_at_3_max": 0.425432,
        "nauc_map_at_3_std": 0.179191,
        "nauc_map_at_3_diff1": 0.32046,
        "nauc_map_at_5_max": 0.416304,
        "nauc_map_at_5_std": 0.183944,
        "nauc_map_at_5_diff1": 0.312283,
        "nauc_map_at_10_max": 0.419246,
        "nauc_map_at_10_std": 0.194486,
        "nauc_map_at_10_diff1": 0.310174,
        "nauc_map_at_20_max": 0.419347,
        "nauc_map_at_20_std": 0.197835,
        "nauc_map_at_20_diff1": 0.307092,
        "nauc_map_at_100_max": 0.420132,
        "nauc_map_at_100_std": 0.20268,
        "nauc_map_at_100_diff1": 0.304116,
        "nauc_map_at_1000_max": 0.421063,
        "nauc_map_at_1000_std": 0.204659,
        "nauc_map_at_1000_diff1": 0.303889,
        "nauc_recall_at_1_max": 0.485724,
        "nauc_recall_at_1_std": 0.21358,
        "nauc_recall_at_1_diff1": 0.395139,
        "nauc_recall_at_3_max": 0.367704,
        "nauc_recall_at_3_std": 0.157726,
        "nauc_recall_at_3_diff1": 0.258716,
        "nauc_recall_at_5_max": 0.341592,
        "nauc_recall_at_5_std": 0.169768,
        "nauc_recall_at_5_diff1": 0.237126,
        "nauc_recall_at_10_max": 0.350024,
        "nauc_recall_at_10_std": 0.202496,
        "nauc_recall_at_10_diff1": 0.221831,
        "nauc_recall_at_20_max": 0.336763,
        "nauc_recall_at_20_std": 0.206403,
        "nauc_recall_at_20_diff1": 0.197765,
        "nauc_recall_at_100_max": 0.307576,
        "nauc_recall_at_100_std": 0.230862,
        "nauc_recall_at_100_diff1": 0.152107,
        "nauc_recall_at_1000_max": 0.340631,
        "nauc_recall_at_1000_std": 0.31003,
        "nauc_recall_at_1000_diff1": 0.162884,
        "nauc_precision_at_1_max": 0.444106,
        "nauc_precision_at_1_std": 0.23568,
        "nauc_precision_at_1_diff1": 0.332287,
        "nauc_precision_at_3_max": 0.388927,
        "nauc_precision_at_3_std": 0.220526,
        "nauc_precision_at_3_diff1": 0.252357,
        "nauc_precision_at_5_max": 0.356002,
        "nauc_precision_at_5_std": 0.238721,
        "nauc_precision_at_5_diff1": 0.223186,
        "nauc_precision_at_10_max": 0.363847,
        "nauc_precision_at_10_std": 0.279018,
        "nauc_precision_at_10_diff1": 0.206542,
        "nauc_precision_at_20_max": 0.336929,
        "nauc_precision_at_20_std": 0.274248,
        "nauc_precision_at_20_diff1": 0.174111,
        "nauc_precision_at_100_max": 0.285681,
        "nauc_precision_at_100_std": 0.284822,
        "nauc_precision_at_100_diff1": 0.109339,
        "nauc_precision_at_1000_max": 0.266983,
        "nauc_precision_at_1000_std": 0.325879,
        "nauc_precision_at_1000_diff1": 0.089088,
        "nauc_mrr_at_1_max": 0.444106,
        "nauc_mrr_at_1_std": 0.23568,
        "nauc_mrr_at_1_diff1": 0.332287,
        "nauc_mrr_at_3_max": 0.415559,
        "nauc_mrr_at_3_std": 0.230591,
        "nauc_mrr_at_3_diff1": 0.295584,
        "nauc_mrr_at_5_max": 0.405845,
        "nauc_mrr_at_5_std": 0.235504,
        "nauc_mrr_at_5_diff1": 0.28727,
        "nauc_mrr_at_10_max": 0.406182,
        "nauc_mrr_at_10_std": 0.240927,
        "nauc_mrr_at_10_diff1": 0.283219,
        "nauc_mrr_at_20_max": 0.404483,
        "nauc_mrr_at_20_std": 0.241227,
        "nauc_mrr_at_20_diff1": 0.281335,
        "nauc_mrr_at_100_max": 0.405153,
        "nauc_mrr_at_100_std": 0.242718,
        "nauc_mrr_at_100_diff1": 0.281875,
        "nauc_mrr_at_1000_max": 0.405422,
        "nauc_mrr_at_1000_std": 0.242958,
        "nauc_mrr_at_1000_diff1": 0.281831,
        "main_score": 0.13938,
        "hf_subset": "default",
        "languages": [
          "fas-Arab"
        ]
      }
    ]
  },
  "evaluation_time": 11967.400742769241,
  "kg_co2_emissions": null
}