{
  "dataset_revision": "be6460df57ab7c1b2c9fe295a31660dbd077ecf0",
  "task_name": "CQADupstackProgrammersRetrieval-Fa",
  "mteb_version": "1.34.14",
  "scores": {
    "test": [
      {
        "ndcg_at_1": 0.21005,
        "ndcg_at_3": 0.23608,
        "ndcg_at_5": 0.25096,
        "ndcg_at_10": 0.26909,
        "ndcg_at_20": 0.28411,
        "ndcg_at_100": 0.30917,
        "ndcg_at_1000": 0.33637,
        "map_at_1": 0.17078,
        "map_at_3": 0.21142,
        "map_at_5": 0.22248,
        "map_at_10": 0.23075,
        "map_at_20": 0.23521,
        "map_at_100": 0.2391,
        "map_at_1000": 0.24012,
        "recall_at_1": 0.17078,
        "recall_at_3": 0.25288,
        "recall_at_5": 0.29316,
        "recall_at_10": 0.3485,
        "recall_at_20": 0.40434,
        "recall_at_100": 0.52657,
        "recall_at_1000": 0.7191,
        "precision_at_1": 0.21005,
        "precision_at_3": 0.11187,
        "precision_at_5": 0.07922,
        "precision_at_10": 0.04806,
        "precision_at_20": 0.02814,
        "precision_at_100": 0.00767,
        "precision_at_1000": 0.00116,
        "mrr_at_1": 0.210046,
        "mrr_at_3": 0.250571,
        "mrr_at_5": 0.260331,
        "mrr_at_10": 0.268448,
        "mrr_at_20": 0.272661,
        "mrr_at_100": 0.276092,
        "mrr_at_1000": 0.27686,
        "nauc_ndcg_at_1_max": 0.398619,
        "nauc_ndcg_at_1_std": 0.073304,
        "nauc_ndcg_at_1_diff1": 0.470366,
        "nauc_ndcg_at_3_max": 0.376925,
        "nauc_ndcg_at_3_std": 0.096409,
        "nauc_ndcg_at_3_diff1": 0.441381,
        "nauc_ndcg_at_5_max": 0.384787,
        "nauc_ndcg_at_5_std": 0.107622,
        "nauc_ndcg_at_5_diff1": 0.431177,
        "nauc_ndcg_at_10_max": 0.37176,
        "nauc_ndcg_at_10_std": 0.118869,
        "nauc_ndcg_at_10_diff1": 0.414086,
        "nauc_ndcg_at_20_max": 0.366104,
        "nauc_ndcg_at_20_std": 0.127204,
        "nauc_ndcg_at_20_diff1": 0.406538,
        "nauc_ndcg_at_100_max": 0.367057,
        "nauc_ndcg_at_100_std": 0.138895,
        "nauc_ndcg_at_100_diff1": 0.410006,
        "nauc_ndcg_at_1000_max": 0.380489,
        "nauc_ndcg_at_1000_std": 0.151968,
        "nauc_ndcg_at_1000_diff1": 0.407432,
        "nauc_map_at_1_max": 0.381023,
        "nauc_map_at_1_std": 0.044351,
        "nauc_map_at_1_diff1": 0.496108,
        "nauc_map_at_3_max": 0.382642,
        "nauc_map_at_3_std": 0.081247,
        "nauc_map_at_3_diff1": 0.454076,
        "nauc_map_at_5_max": 0.387507,
        "nauc_map_at_5_std": 0.091269,
        "nauc_map_at_5_diff1": 0.445498,
        "nauc_map_at_10_max": 0.381035,
        "nauc_map_at_10_std": 0.095832,
        "nauc_map_at_10_diff1": 0.438367,
        "nauc_map_at_20_max": 0.379091,
        "nauc_map_at_20_std": 0.098417,
        "nauc_map_at_20_diff1": 0.436256,
        "nauc_map_at_100_max": 0.379819,
        "nauc_map_at_100_std": 0.10102,
        "nauc_map_at_100_diff1": 0.437171,
        "nauc_map_at_1000_max": 0.380666,
        "nauc_map_at_1000_std": 0.102011,
        "nauc_map_at_1000_diff1": 0.437158,
        "nauc_recall_at_1_max": 0.381023,
        "nauc_recall_at_1_std": 0.044351,
        "nauc_recall_at_1_diff1": 0.496108,
        "nauc_recall_at_3_max": 0.343294,
        "nauc_recall_at_3_std": 0.098108,
        "nauc_recall_at_3_diff1": 0.400061,
        "nauc_recall_at_5_max": 0.358742,
        "nauc_recall_at_5_std": 0.126752,
        "nauc_recall_at_5_diff1": 0.37555,
        "nauc_recall_at_10_max": 0.320302,
        "nauc_recall_at_10_std": 0.155929,
        "nauc_recall_at_10_diff1": 0.330042,
        "nauc_recall_at_20_max": 0.297868,
        "nauc_recall_at_20_std": 0.180112,
        "nauc_recall_at_20_diff1": 0.304735,
        "nauc_recall_at_100_max": 0.287247,
        "nauc_recall_at_100_std": 0.228009,
        "nauc_recall_at_100_diff1": 0.313779,
        "nauc_recall_at_1000_max": 0.352264,
        "nauc_recall_at_1000_std": 0.34618,
        "nauc_recall_at_1000_diff1": 0.255585,
        "nauc_precision_at_1_max": 0.398619,
        "nauc_precision_at_1_std": 0.073304,
        "nauc_precision_at_1_diff1": 0.470366,
        "nauc_precision_at_3_max": 0.375565,
        "nauc_precision_at_3_std": 0.153197,
        "nauc_precision_at_3_diff1": 0.371457,
        "nauc_precision_at_5_max": 0.382097,
        "nauc_precision_at_5_std": 0.180523,
        "nauc_precision_at_5_diff1": 0.342637,
        "nauc_precision_at_10_max": 0.333095,
        "nauc_precision_at_10_std": 0.201405,
        "nauc_precision_at_10_diff1": 0.285836,
        "nauc_precision_at_20_max": 0.314996,
        "nauc_precision_at_20_std": 0.223767,
        "nauc_precision_at_20_diff1": 0.258072,
        "nauc_precision_at_100_max": 0.291944,
        "nauc_precision_at_100_std": 0.265134,
        "nauc_precision_at_100_diff1": 0.246564,
        "nauc_precision_at_1000_max": 0.235398,
        "nauc_precision_at_1000_std": 0.2785,
        "nauc_precision_at_1000_diff1": 0.136183,
        "nauc_mrr_at_1_max": 0.398619,
        "nauc_mrr_at_1_std": 0.073304,
        "nauc_mrr_at_1_diff1": 0.470366,
        "nauc_mrr_at_3_max": 0.382971,
        "nauc_mrr_at_3_std": 0.095346,
        "nauc_mrr_at_3_diff1": 0.438603,
        "nauc_mrr_at_5_max": 0.388933,
        "nauc_mrr_at_5_std": 0.102991,
        "nauc_mrr_at_5_diff1": 0.436821,
        "nauc_mrr_at_10_max": 0.38406,
        "nauc_mrr_at_10_std": 0.108656,
        "nauc_mrr_at_10_diff1": 0.428668,
        "nauc_mrr_at_20_max": 0.383167,
        "nauc_mrr_at_20_std": 0.111238,
        "nauc_mrr_at_20_diff1": 0.427527,
        "nauc_mrr_at_100_max": 0.383105,
        "nauc_mrr_at_100_std": 0.112115,
        "nauc_mrr_at_100_diff1": 0.428071,
        "nauc_mrr_at_1000_max": 0.383447,
        "nauc_mrr_at_1000_std": 0.11237,
        "nauc_mrr_at_1000_diff1": 0.428007,
        "main_score": 0.26909,
        "hf_subset": "default",
        "languages": [
          "fas-Arab"
        ]
      }
    ]
  },
  "evaluation_time": 132.35424900054932,
  "kg_co2_emissions": null
}