{
  "dataset_revision": "029a2e69e7d9e68b6bdc471073606104417a5be7",
  "task_name": "CQADupstackEnglishRetrieval-Fa",
  "mteb_version": "1.34.14",
  "scores": {
    "test": [
      {
        "ndcg_at_1": 0.20064,
        "ndcg_at_3": 0.2164,
        "ndcg_at_5": 0.22785,
        "ndcg_at_10": 0.24008,
        "ndcg_at_20": 0.25132,
        "ndcg_at_100": 0.2736,
        "ndcg_at_1000": 0.30239,
        "map_at_1": 0.16047,
        "map_at_3": 0.19184,
        "map_at_5": 0.20034,
        "map_at_10": 0.20675,
        "map_at_20": 0.21053,
        "map_at_100": 0.21399,
        "map_at_1000": 0.21511,
        "recall_at_1": 0.16047,
        "recall_at_3": 0.22445,
        "recall_at_5": 0.25741,
        "recall_at_10": 0.29609,
        "recall_at_20": 0.33903,
        "recall_at_100": 0.44778,
        "recall_at_1000": 0.64842,
        "precision_at_1": 0.20064,
        "precision_at_3": 0.10042,
        "precision_at_5": 0.07172,
        "precision_at_10": 0.04376,
        "precision_at_20": 0.02611,
        "precision_at_100": 0.00755,
        "precision_at_1000": 0.00125,
        "mrr_at_1": 0.200637,
        "mrr_at_3": 0.233439,
        "mrr_at_5": 0.243153,
        "mrr_at_10": 0.249665,
        "mrr_at_20": 0.252962,
        "mrr_at_100": 0.255791,
        "mrr_at_1000": 0.256581,
        "nauc_ndcg_at_1_max": 0.340886,
        "nauc_ndcg_at_1_std": 0.084282,
        "nauc_ndcg_at_1_diff1": 0.484897,
        "nauc_ndcg_at_3_max": 0.298702,
        "nauc_ndcg_at_3_std": 0.074135,
        "nauc_ndcg_at_3_diff1": 0.427058,
        "nauc_ndcg_at_5_max": 0.288349,
        "nauc_ndcg_at_5_std": 0.081454,
        "nauc_ndcg_at_5_diff1": 0.415709,
        "nauc_ndcg_at_10_max": 0.289588,
        "nauc_ndcg_at_10_std": 0.083064,
        "nauc_ndcg_at_10_diff1": 0.413105,
        "nauc_ndcg_at_20_max": 0.283187,
        "nauc_ndcg_at_20_std": 0.083251,
        "nauc_ndcg_at_20_diff1": 0.409985,
        "nauc_ndcg_at_100_max": 0.284687,
        "nauc_ndcg_at_100_std": 0.104792,
        "nauc_ndcg_at_100_diff1": 0.406086,
        "nauc_ndcg_at_1000_max": 0.290258,
        "nauc_ndcg_at_1000_std": 0.11497,
        "nauc_ndcg_at_1000_diff1": 0.40593,
        "nauc_map_at_1_max": 0.330934,
        "nauc_map_at_1_std": 0.047973,
        "nauc_map_at_1_diff1": 0.510502,
        "nauc_map_at_3_max": 0.303023,
        "nauc_map_at_3_std": 0.054288,
        "nauc_map_at_3_diff1": 0.45256,
        "nauc_map_at_5_max": 0.299306,
        "nauc_map_at_5_std": 0.063081,
        "nauc_map_at_5_diff1": 0.444484,
        "nauc_map_at_10_max": 0.302226,
        "nauc_map_at_10_std": 0.068167,
        "nauc_map_at_10_diff1": 0.442774,
        "nauc_map_at_20_max": 0.300559,
        "nauc_map_at_20_std": 0.069975,
        "nauc_map_at_20_diff1": 0.441683,
        "nauc_map_at_100_max": 0.301215,
        "nauc_map_at_100_std": 0.07451,
        "nauc_map_at_100_diff1": 0.440728,
        "nauc_map_at_1000_max": 0.301455,
        "nauc_map_at_1000_std": 0.07535,
        "nauc_map_at_1000_diff1": 0.440317,
        "nauc_recall_at_1_max": 0.330934,
        "nauc_recall_at_1_std": 0.047973,
        "nauc_recall_at_1_diff1": 0.510502,
        "nauc_recall_at_3_max": 0.259474,
        "nauc_recall_at_3_std": 0.052461,
        "nauc_recall_at_3_diff1": 0.38504,
        "nauc_recall_at_5_max": 0.234686,
        "nauc_recall_at_5_std": 0.068789,
        "nauc_recall_at_5_diff1": 0.356506,
        "nauc_recall_at_10_max": 0.23746,
        "nauc_recall_at_10_std": 0.077772,
        "nauc_recall_at_10_diff1": 0.341981,
        "nauc_recall_at_20_max": 0.214561,
        "nauc_recall_at_20_std": 0.080859,
        "nauc_recall_at_20_diff1": 0.328702,
        "nauc_recall_at_100_max": 0.207851,
        "nauc_recall_at_100_std": 0.162927,
        "nauc_recall_at_100_diff1": 0.304652,
        "nauc_recall_at_1000_max": 0.224225,
        "nauc_recall_at_1000_std": 0.232928,
        "nauc_recall_at_1000_diff1": 0.303037,
        "nauc_precision_at_1_max": 0.340886,
        "nauc_precision_at_1_std": 0.084282,
        "nauc_precision_at_1_diff1": 0.484897,
        "nauc_precision_at_3_max": 0.282198,
        "nauc_precision_at_3_std": 0.117884,
        "nauc_precision_at_3_diff1": 0.344025,
        "nauc_precision_at_5_max": 0.275594,
        "nauc_precision_at_5_std": 0.171488,
        "nauc_precision_at_5_diff1": 0.29842,
        "nauc_precision_at_10_max": 0.270751,
        "nauc_precision_at_10_std": 0.192914,
        "nauc_precision_at_10_diff1": 0.270459,
        "nauc_precision_at_20_max": 0.22986,
        "nauc_precision_at_20_std": 0.198494,
        "nauc_precision_at_20_diff1": 0.218508,
        "nauc_precision_at_100_max": 0.201428,
        "nauc_precision_at_100_std": 0.267766,
        "nauc_precision_at_100_diff1": 0.133781,
        "nauc_precision_at_1000_max": 0.155739,
        "nauc_precision_at_1000_std": 0.250534,
        "nauc_precision_at_1000_diff1": -0.001729,
        "nauc_mrr_at_1_max": 0.340886,
        "nauc_mrr_at_1_std": 0.084282,
        "nauc_mrr_at_1_diff1": 0.484897,
        "nauc_mrr_at_3_max": 0.309988,
        "nauc_mrr_at_3_std": 0.087089,
        "nauc_mrr_at_3_diff1": 0.436382,
        "nauc_mrr_at_5_max": 0.304496,
        "nauc_mrr_at_5_std": 0.094285,
        "nauc_mrr_at_5_diff1": 0.422578,
        "nauc_mrr_at_10_max": 0.304788,
        "nauc_mrr_at_10_std": 0.094776,
        "nauc_mrr_at_10_diff1": 0.419821,
        "nauc_mrr_at_20_max": 0.30259,
        "nauc_mrr_at_20_std": 0.094114,
        "nauc_mrr_at_20_diff1": 0.418329,
        "nauc_mrr_at_100_max": 0.302634,
        "nauc_mrr_at_100_std": 0.09597,
        "nauc_mrr_at_100_diff1": 0.418155,
        "nauc_mrr_at_1000_max": 0.302715,
        "nauc_mrr_at_1000_std": 0.096079,
        "nauc_mrr_at_1000_diff1": 0.418162,
        "main_score": 0.24008,
        "hf_subset": "default",
        "languages": [
          "fas-Arab"
        ]
      }
    ]
  },
  "evaluation_time": 90.12416243553162,
  "kg_co2_emissions": null
}