{
  "dataset_revision": "816ad7473d6813f77a0ca5e72b1ff7a52752d370",
  "task_name": "CQADupstackPhysicsRetrieval-Fa",
  "mteb_version": "1.34.14",
  "scores": {
    "test": [
      {
        "ndcg_at_1": 0.24158,
        "ndcg_at_3": 0.26522,
        "ndcg_at_5": 0.27595,
        "ndcg_at_10": 0.29496,
        "ndcg_at_20": 0.31261,
        "ndcg_at_100": 0.33787,
        "ndcg_at_1000": 0.36476,
        "map_at_1": 0.20014,
        "map_at_3": 0.24039,
        "map_at_5": 0.24793,
        "map_at_10": 0.25674,
        "map_at_20": 0.26206,
        "map_at_100": 0.26594,
        "map_at_1000": 0.26693,
        "recall_at_1": 0.20014,
        "recall_at_3": 0.28206,
        "recall_at_5": 0.31224,
        "recall_at_10": 0.36817,
        "recall_at_20": 0.42998,
        "recall_at_100": 0.55006,
        "recall_at_1000": 0.74166,
        "precision_at_1": 0.24158,
        "precision_at_3": 0.12095,
        "precision_at_5": 0.08104,
        "precision_at_10": 0.04986,
        "precision_at_20": 0.03027,
        "precision_at_100": 0.00822,
        "precision_at_1000": 0.00122,
        "mrr_at_1": 0.241578,
        "mrr_at_3": 0.28521,
        "mrr_at_5": 0.29315,
        "mrr_at_10": 0.301544,
        "mrr_at_20": 0.306629,
        "mrr_at_100": 0.309943,
        "mrr_at_1000": 0.310581,
        "nauc_ndcg_at_1_max": 0.400425,
        "nauc_ndcg_at_1_std": 0.077027,
        "nauc_ndcg_at_1_diff1": 0.546198,
        "nauc_ndcg_at_3_max": 0.371025,
        "nauc_ndcg_at_3_std": 0.077251,
        "nauc_ndcg_at_3_diff1": 0.505099,
        "nauc_ndcg_at_5_max": 0.369587,
        "nauc_ndcg_at_5_std": 0.089877,
        "nauc_ndcg_at_5_diff1": 0.499501,
        "nauc_ndcg_at_10_max": 0.357554,
        "nauc_ndcg_at_10_std": 0.090675,
        "nauc_ndcg_at_10_diff1": 0.479055,
        "nauc_ndcg_at_20_max": 0.368877,
        "nauc_ndcg_at_20_std": 0.106394,
        "nauc_ndcg_at_20_diff1": 0.478631,
        "nauc_ndcg_at_100_max": 0.371346,
        "nauc_ndcg_at_100_std": 0.125325,
        "nauc_ndcg_at_100_diff1": 0.476521,
        "nauc_ndcg_at_1000_max": 0.371356,
        "nauc_ndcg_at_1000_std": 0.130117,
        "nauc_ndcg_at_1000_diff1": 0.475598,
        "nauc_map_at_1_max": 0.388064,
        "nauc_map_at_1_std": 0.050426,
        "nauc_map_at_1_diff1": 0.551899,
        "nauc_map_at_3_max": 0.369568,
        "nauc_map_at_3_std": 0.061308,
        "nauc_map_at_3_diff1": 0.517913,
        "nauc_map_at_5_max": 0.370682,
        "nauc_map_at_5_std": 0.07064,
        "nauc_map_at_5_diff1": 0.514169,
        "nauc_map_at_10_max": 0.367332,
        "nauc_map_at_10_std": 0.073753,
        "nauc_map_at_10_diff1": 0.505152,
        "nauc_map_at_20_max": 0.371378,
        "nauc_map_at_20_std": 0.079591,
        "nauc_map_at_20_diff1": 0.505043,
        "nauc_map_at_100_max": 0.37182,
        "nauc_map_at_100_std": 0.08274,
        "nauc_map_at_100_diff1": 0.50451,
        "nauc_map_at_1000_max": 0.372144,
        "nauc_map_at_1000_std": 0.083253,
        "nauc_map_at_1000_diff1": 0.50449,
        "nauc_recall_at_1_max": 0.388064,
        "nauc_recall_at_1_std": 0.050426,
        "nauc_recall_at_1_diff1": 0.551899,
        "nauc_recall_at_3_max": 0.331346,
        "nauc_recall_at_3_std": 0.061999,
        "nauc_recall_at_3_diff1": 0.474117,
        "nauc_recall_at_5_max": 0.333467,
        "nauc_recall_at_5_std": 0.09741,
        "nauc_recall_at_5_diff1": 0.455342,
        "nauc_recall_at_10_max": 0.298723,
        "nauc_recall_at_10_std": 0.102312,
        "nauc_recall_at_10_diff1": 0.393974,
        "nauc_recall_at_20_max": 0.330439,
        "nauc_recall_at_20_std": 0.14604,
        "nauc_recall_at_20_diff1": 0.389872,
        "nauc_recall_at_100_max": 0.323244,
        "nauc_recall_at_100_std": 0.228344,
        "nauc_recall_at_100_diff1": 0.361882,
        "nauc_recall_at_1000_max": 0.282672,
        "nauc_recall_at_1000_std": 0.285379,
        "nauc_recall_at_1000_diff1": 0.316839,
        "nauc_precision_at_1_max": 0.400425,
        "nauc_precision_at_1_std": 0.077027,
        "nauc_precision_at_1_diff1": 0.546198,
        "nauc_precision_at_3_max": 0.371892,
        "nauc_precision_at_3_std": 0.132259,
        "nauc_precision_at_3_diff1": 0.439154,
        "nauc_precision_at_5_max": 0.371396,
        "nauc_precision_at_5_std": 0.171397,
        "nauc_precision_at_5_diff1": 0.413462,
        "nauc_precision_at_10_max": 0.329206,
        "nauc_precision_at_10_std": 0.182322,
        "nauc_precision_at_10_diff1": 0.334421,
        "nauc_precision_at_20_max": 0.337663,
        "nauc_precision_at_20_std": 0.24529,
        "nauc_precision_at_20_diff1": 0.29469,
        "nauc_precision_at_100_max": 0.281374,
        "nauc_precision_at_100_std": 0.29809,
        "nauc_precision_at_100_diff1": 0.193485,
        "nauc_precision_at_1000_max": 0.15166,
        "nauc_precision_at_1000_std": 0.269116,
        "nauc_precision_at_1000_diff1": 0.030498,
        "nauc_mrr_at_1_max": 0.400425,
        "nauc_mrr_at_1_std": 0.077027,
        "nauc_mrr_at_1_diff1": 0.546198,
        "nauc_mrr_at_3_max": 0.387602,
        "nauc_mrr_at_3_std": 0.094683,
        "nauc_mrr_at_3_diff1": 0.513327,
        "nauc_mrr_at_5_max": 0.387948,
        "nauc_mrr_at_5_std": 0.104773,
        "nauc_mrr_at_5_diff1": 0.506865,
        "nauc_mrr_at_10_max": 0.38023,
        "nauc_mrr_at_10_std": 0.101459,
        "nauc_mrr_at_10_diff1": 0.498191,
        "nauc_mrr_at_20_max": 0.383385,
        "nauc_mrr_at_20_std": 0.105221,
        "nauc_mrr_at_20_diff1": 0.498141,
        "nauc_mrr_at_100_max": 0.383513,
        "nauc_mrr_at_100_std": 0.106881,
        "nauc_mrr_at_100_diff1": 0.498313,
        "nauc_mrr_at_1000_max": 0.383461,
        "nauc_mrr_at_1000_std": 0.106692,
        "nauc_mrr_at_1000_diff1": 0.498251,
        "main_score": 0.29496,
        "hf_subset": "default",
        "languages": [
          "fas-Arab"
        ]
      }
    ]
  },
  "evaluation_time": 147.83018136024475,
  "kg_co2_emissions": null
}