{
  "dataset_revision": "7f755e88647b4023df52da04d4e3d31a7de5fcb0",
  "task_name": "CQADupstackWordpressRetrieval-Fa",
  "mteb_version": "1.34.14",
  "scores": {
    "test": [
      {
        "ndcg_at_1": 0.15527,
        "ndcg_at_3": 0.18997,
        "ndcg_at_5": 0.20355,
        "ndcg_at_10": 0.21559,
        "ndcg_at_20": 0.22532,
        "ndcg_at_100": 0.24965,
        "ndcg_at_1000": 0.27537,
        "map_at_1": 0.1406,
        "map_at_3": 0.17543,
        "map_at_5": 0.18328,
        "map_at_10": 0.18845,
        "map_at_20": 0.19131,
        "map_at_100": 0.19465,
        "map_at_1000": 0.19548,
        "recall_at_1": 0.1406,
        "recall_at_3": 0.2158,
        "recall_at_5": 0.24766,
        "recall_at_10": 0.28272,
        "recall_at_20": 0.31919,
        "recall_at_100": 0.44722,
        "recall_at_1000": 0.64756,
        "precision_at_1": 0.15527,
        "precision_at_3": 0.0801,
        "precision_at_5": 0.05656,
        "precision_at_10": 0.03309,
        "precision_at_20": 0.01895,
        "precision_at_100": 0.00545,
        "precision_at_1000": 0.00085,
        "mrr_at_1": 0.155268,
        "mrr_at_3": 0.190696,
        "mrr_at_5": 0.199291,
        "mrr_at_10": 0.204288,
        "mrr_at_20": 0.207043,
        "mrr_at_100": 0.210186,
        "mrr_at_1000": 0.210902,
        "nauc_ndcg_at_1_max": 0.282309,
        "nauc_ndcg_at_1_std": 0.003811,
        "nauc_ndcg_at_1_diff1": 0.524126,
        "nauc_ndcg_at_3_max": 0.239538,
        "nauc_ndcg_at_3_std": 0.006924,
        "nauc_ndcg_at_3_diff1": 0.41497,
        "nauc_ndcg_at_5_max": 0.224314,
        "nauc_ndcg_at_5_std": 0.019937,
        "nauc_ndcg_at_5_diff1": 0.387985,
        "nauc_ndcg_at_10_max": 0.205569,
        "nauc_ndcg_at_10_std": 0.01801,
        "nauc_ndcg_at_10_diff1": 0.373521,
        "nauc_ndcg_at_20_max": 0.207137,
        "nauc_ndcg_at_20_std": 0.019687,
        "nauc_ndcg_at_20_diff1": 0.366284,
        "nauc_ndcg_at_100_max": 0.222752,
        "nauc_ndcg_at_100_std": 0.042688,
        "nauc_ndcg_at_100_diff1": 0.359378,
        "nauc_ndcg_at_1000_max": 0.227997,
        "nauc_ndcg_at_1000_std": 0.063813,
        "nauc_ndcg_at_1000_diff1": 0.356614,
        "nauc_map_at_1_max": 0.280612,
        "nauc_map_at_1_std": -0.006793,
        "nauc_map_at_1_diff1": 0.518342,
        "nauc_map_at_3_max": 0.243677,
        "nauc_map_at_3_std": -0.002672,
        "nauc_map_at_3_diff1": 0.436004,
        "nauc_map_at_5_max": 0.236319,
        "nauc_map_at_5_std": 0.00778,
        "nauc_map_at_5_diff1": 0.42004,
        "nauc_map_at_10_max": 0.226509,
        "nauc_map_at_10_std": 0.007141,
        "nauc_map_at_10_diff1": 0.412249,
        "nauc_map_at_20_max": 0.227259,
        "nauc_map_at_20_std": 0.008368,
        "nauc_map_at_20_diff1": 0.409278,
        "nauc_map_at_100_max": 0.2296,
        "nauc_map_at_100_std": 0.012092,
        "nauc_map_at_100_diff1": 0.407938,
        "nauc_map_at_1000_max": 0.230133,
        "nauc_map_at_1000_std": 0.01316,
        "nauc_map_at_1000_diff1": 0.407803,
        "nauc_recall_at_1_max": 0.280612,
        "nauc_recall_at_1_std": -0.006793,
        "nauc_recall_at_1_diff1": 0.518342,
        "nauc_recall_at_3_max": 0.207326,
        "nauc_recall_at_3_std": 0.009622,
        "nauc_recall_at_3_diff1": 0.35628,
        "nauc_recall_at_5_max": 0.181417,
        "nauc_recall_at_5_std": 0.039566,
        "nauc_recall_at_5_diff1": 0.30518,
        "nauc_recall_at_10_max": 0.134354,
        "nauc_recall_at_10_std": 0.031725,
        "nauc_recall_at_10_diff1": 0.273686,
        "nauc_recall_at_20_max": 0.136042,
        "nauc_recall_at_20_std": 0.036441,
        "nauc_recall_at_20_diff1": 0.251978,
        "nauc_recall_at_100_max": 0.200071,
        "nauc_recall_at_100_std": 0.131288,
        "nauc_recall_at_100_diff1": 0.221108,
        "nauc_recall_at_1000_max": 0.217951,
        "nauc_recall_at_1000_std": 0.286775,
        "nauc_recall_at_1000_diff1": 0.172612,
        "nauc_precision_at_1_max": 0.282309,
        "nauc_precision_at_1_std": 0.003811,
        "nauc_precision_at_1_diff1": 0.524126,
        "nauc_precision_at_3_max": 0.23041,
        "nauc_precision_at_3_std": 0.029741,
        "nauc_precision_at_3_diff1": 0.362852,
        "nauc_precision_at_5_max": 0.202184,
        "nauc_precision_at_5_std": 0.078772,
        "nauc_precision_at_5_diff1": 0.289201,
        "nauc_precision_at_10_max": 0.161904,
        "nauc_precision_at_10_std": 0.081678,
        "nauc_precision_at_10_diff1": 0.24919,
        "nauc_precision_at_20_max": 0.174277,
        "nauc_precision_at_20_std": 0.097083,
        "nauc_precision_at_20_diff1": 0.216105,
        "nauc_precision_at_100_max": 0.247575,
        "nauc_precision_at_100_std": 0.204781,
        "nauc_precision_at_100_diff1": 0.167475,
        "nauc_precision_at_1000_max": 0.313827,
        "nauc_precision_at_1000_std": 0.390214,
        "nauc_precision_at_1000_diff1": -0.003911,
        "nauc_mrr_at_1_max": 0.282309,
        "nauc_mrr_at_1_std": 0.003811,
        "nauc_mrr_at_1_diff1": 0.524126,
        "nauc_mrr_at_3_max": 0.256163,
        "nauc_mrr_at_3_std": 0.010958,
        "nauc_mrr_at_3_diff1": 0.442137,
        "nauc_mrr_at_5_max": 0.244462,
        "nauc_mrr_at_5_std": 0.017482,
        "nauc_mrr_at_5_diff1": 0.421151,
        "nauc_mrr_at_10_max": 0.23958,
        "nauc_mrr_at_10_std": 0.016921,
        "nauc_mrr_at_10_diff1": 0.415776,
        "nauc_mrr_at_20_max": 0.240778,
        "nauc_mrr_at_20_std": 0.016077,
        "nauc_mrr_at_20_diff1": 0.413705,
        "nauc_mrr_at_100_max": 0.242694,
        "nauc_mrr_at_100_std": 0.019306,
        "nauc_mrr_at_100_diff1": 0.412703,
        "nauc_mrr_at_1000_max": 0.2428,
        "nauc_mrr_at_1000_std": 0.019863,
        "nauc_mrr_at_1000_diff1": 0.412856,
        "main_score": 0.21559,
        "hf_subset": "default",
        "languages": [
          "fas-Arab"
        ]
      }
    ]
  },
  "evaluation_time": 211.22306275367737,
  "kg_co2_emissions": null
}