{
  "dataset_revision": "main",
  "task_name": "MIRACLRetrieval",
  "mteb_version": "1.34.14",
  "scores": {
    "dev": [
      {
        "ndcg_at_1": 0.35127,
        "ndcg_at_3": 0.37489,
        "ndcg_at_5": 0.39109,
        "ndcg_at_10": 0.42485,
        "ndcg_at_20": 0.45304,
        "ndcg_at_100": 0.48736,
        "ndcg_at_1000": 0.50984,
        "map_at_1": 0.22025,
        "map_at_3": 0.31149,
        "map_at_5": 0.33254,
        "map_at_10": 0.35389,
        "map_at_20": 0.36439,
        "map_at_100": 0.37087,
        "map_at_1000": 0.37211,
        "recall_at_1": 0.22025,
        "recall_at_3": 0.38474,
        "recall_at_5": 0.44049,
        "recall_at_10": 0.52957,
        "recall_at_20": 0.61848,
        "recall_at_100": 0.76994,
        "recall_at_1000": 0.91419,
        "precision_at_1": 0.35127,
        "precision_at_3": 0.22099,
        "precision_at_5": 0.16013,
        "precision_at_10": 0.1019,
        "precision_at_20": 0.061,
        "precision_at_100": 0.01552,
        "precision_at_1000": 0.00189,
        "mrr_at_1": 0.351266,
        "mrr_at_3": 0.431435,
        "mrr_at_5": 0.442827,
        "mrr_at_10": 0.453214,
        "mrr_at_20": 0.458817,
        "mrr_at_100": 0.462117,
        "mrr_at_1000": 0.462483,
        "nauc_ndcg_at_1_max": 0.319545,
        "nauc_ndcg_at_1_std": 0.05077,
        "nauc_ndcg_at_1_diff1": 0.336755,
        "nauc_ndcg_at_3_max": 0.340849,
        "nauc_ndcg_at_3_std": 0.03601,
        "nauc_ndcg_at_3_diff1": 0.314138,
        "nauc_ndcg_at_5_max": 0.349478,
        "nauc_ndcg_at_5_std": 0.047923,
        "nauc_ndcg_at_5_diff1": 0.326488,
        "nauc_ndcg_at_10_max": 0.363902,
        "nauc_ndcg_at_10_std": 0.067896,
        "nauc_ndcg_at_10_diff1": 0.320347,
        "nauc_ndcg_at_20_max": 0.372699,
        "nauc_ndcg_at_20_std": 0.085147,
        "nauc_ndcg_at_20_diff1": 0.330658,
        "nauc_ndcg_at_100_max": 0.386711,
        "nauc_ndcg_at_100_std": 0.118362,
        "nauc_ndcg_at_100_diff1": 0.321344,
        "nauc_ndcg_at_1000_max": 0.379494,
        "nauc_ndcg_at_1000_std": 0.113869,
        "nauc_ndcg_at_1000_diff1": 0.321222,
        "nauc_map_at_1_max": 0.238056,
        "nauc_map_at_1_std": -0.074554,
        "nauc_map_at_1_diff1": 0.377581,
        "nauc_map_at_3_max": 0.309051,
        "nauc_map_at_3_std": -0.024632,
        "nauc_map_at_3_diff1": 0.339036,
        "nauc_map_at_5_max": 0.325521,
        "nauc_map_at_5_std": 0.001846,
        "nauc_map_at_5_diff1": 0.338327,
        "nauc_map_at_10_max": 0.339492,
        "nauc_map_at_10_std": 0.021188,
        "nauc_map_at_10_diff1": 0.329568,
        "nauc_map_at_20_max": 0.344046,
        "nauc_map_at_20_std": 0.02968,
        "nauc_map_at_20_diff1": 0.333698,
        "nauc_map_at_100_max": 0.348523,
        "nauc_map_at_100_std": 0.039246,
        "nauc_map_at_100_diff1": 0.331182,
        "nauc_map_at_1000_max": 0.348064,
        "nauc_map_at_1000_std": 0.039197,
        "nauc_map_at_1000_diff1": 0.330873,
        "nauc_recall_at_1_max": 0.238056,
        "nauc_recall_at_1_std": -0.074554,
        "nauc_recall_at_1_diff1": 0.377581,
        "nauc_recall_at_3_max": 0.30661,
        "nauc_recall_at_3_std": -0.004189,
        "nauc_recall_at_3_diff1": 0.29844,
        "nauc_recall_at_5_max": 0.326288,
        "nauc_recall_at_5_std": 0.044981,
        "nauc_recall_at_5_diff1": 0.295697,
        "nauc_recall_at_10_max": 0.351337,
        "nauc_recall_at_10_std": 0.093742,
        "nauc_recall_at_10_diff1": 0.273711,
        "nauc_recall_at_20_max": 0.379421,
        "nauc_recall_at_20_std": 0.142104,
        "nauc_recall_at_20_diff1": 0.311179,
        "nauc_recall_at_100_max": 0.45771,
        "nauc_recall_at_100_std": 0.339583,
        "nauc_recall_at_100_diff1": 0.265836,
        "nauc_recall_at_1000_max": 0.513558,
        "nauc_recall_at_1000_std": 0.552071,
        "nauc_recall_at_1000_diff1": 0.314691,
        "nauc_precision_at_1_max": 0.319545,
        "nauc_precision_at_1_std": 0.05077,
        "nauc_precision_at_1_diff1": 0.336755,
        "nauc_precision_at_3_max": 0.400265,
        "nauc_precision_at_3_std": 0.173628,
        "nauc_precision_at_3_diff1": 0.207728,
        "nauc_precision_at_5_max": 0.389902,
        "nauc_precision_at_5_std": 0.233619,
        "nauc_precision_at_5_diff1": 0.167047,
        "nauc_precision_at_10_max": 0.361049,
        "nauc_precision_at_10_std": 0.274138,
        "nauc_precision_at_10_diff1": 0.094532,
        "nauc_precision_at_20_max": 0.326404,
        "nauc_precision_at_20_std": 0.302355,
        "nauc_precision_at_20_diff1": 0.077581,
        "nauc_precision_at_100_max": 0.282201,
        "nauc_precision_at_100_std": 0.381722,
        "nauc_precision_at_100_diff1": -0.02497,
        "nauc_precision_at_1000_max": 0.153457,
        "nauc_precision_at_1000_std": 0.307975,
        "nauc_precision_at_1000_diff1": -0.094222,
        "nauc_mrr_at_1_max": 0.319545,
        "nauc_mrr_at_1_std": 0.05077,
        "nauc_mrr_at_1_diff1": 0.336755,
        "nauc_mrr_at_3_max": 0.3522,
        "nauc_mrr_at_3_std": 0.08829,
        "nauc_mrr_at_3_diff1": 0.317089,
        "nauc_mrr_at_5_max": 0.35652,
        "nauc_mrr_at_5_std": 0.099263,
        "nauc_mrr_at_5_diff1": 0.317521,
        "nauc_mrr_at_10_max": 0.360986,
        "nauc_mrr_at_10_std": 0.105946,
        "nauc_mrr_at_10_diff1": 0.317669,
        "nauc_mrr_at_20_max": 0.36053,
        "nauc_mrr_at_20_std": 0.106805,
        "nauc_mrr_at_20_diff1": 0.318956,
        "nauc_mrr_at_100_max": 0.360267,
        "nauc_mrr_at_100_std": 0.10703,
        "nauc_mrr_at_100_diff1": 0.3184,
        "nauc_mrr_at_1000_max": 0.360195,
        "nauc_mrr_at_1000_std": 0.106937,
        "nauc_mrr_at_1000_diff1": 0.318514,
        "main_score": 0.42485,
        "hf_subset": "fa",
        "languages": [
          "fas-Arab"
        ]
      }
    ]
  },
  "evaluation_time": 3411.2911353111267,
  "kg_co2_emissions": null
}