{
  "dataset_revision": "086995ca4cea33f37a407c2fa5282f74913740ee",
  "task_name": "SynPerChatbotTopicsRetrieval",
  "mteb_version": "1.34.14",
  "scores": {
    "test": [
      {
        "ndcg_at_1": 0.3702,
        "ndcg_at_3": 0.28148,
        "ndcg_at_5": 0.31082,
        "ndcg_at_10": 0.36861,
        "ndcg_at_20": 0.41008,
        "ndcg_at_100": 0.47524,
        "ndcg_at_1000": 0.506,
        "map_at_1": 0.1183,
        "map_at_3": 0.18263,
        "map_at_5": 0.20552,
        "map_at_10": 0.23474,
        "map_at_20": 0.25177,
        "map_at_100": 0.26763,
        "map_at_1000": 0.26992,
        "recall_at_1": 0.1183,
        "recall_at_3": 0.24118,
        "recall_at_5": 0.30881,
        "recall_at_10": 0.43388,
        "recall_at_20": 0.54846,
        "recall_at_100": 0.79161,
        "recall_at_1000": 0.96043,
        "precision_at_1": 0.3702,
        "precision_at_3": 0.25483,
        "precision_at_5": 0.19545,
        "precision_at_10": 0.13774,
        "precision_at_20": 0.08705,
        "precision_at_100": 0.02522,
        "precision_at_1000": 0.00307,
        "mrr_at_1": 0.370852,
        "mrr_at_3": 0.505313,
        "mrr_at_5": 0.531533,
        "mrr_at_10": 0.549217,
        "mrr_at_20": 0.55258,
        "mrr_at_100": 0.553555,
        "mrr_at_1000": 0.553575,
        "nauc_ndcg_at_1_max": 0.140954,
        "nauc_ndcg_at_1_std": -0.072698,
        "nauc_ndcg_at_1_diff1": 0.252507,
        "nauc_ndcg_at_3_max": 0.132948,
        "nauc_ndcg_at_3_std": -0.081902,
        "nauc_ndcg_at_3_diff1": 0.202705,
        "nauc_ndcg_at_5_max": 0.134198,
        "nauc_ndcg_at_5_std": -0.073687,
        "nauc_ndcg_at_5_diff1": 0.201873,
        "nauc_ndcg_at_10_max": 0.138088,
        "nauc_ndcg_at_10_std": -0.090644,
        "nauc_ndcg_at_10_diff1": 0.213588,
        "nauc_ndcg_at_20_max": 0.120314,
        "nauc_ndcg_at_20_std": -0.099489,
        "nauc_ndcg_at_20_diff1": 0.205732,
        "nauc_ndcg_at_100_max": 0.118009,
        "nauc_ndcg_at_100_std": -0.074022,
        "nauc_ndcg_at_100_diff1": 0.198319,
        "nauc_ndcg_at_1000_max": 0.128302,
        "nauc_ndcg_at_1000_std": -0.076058,
        "nauc_ndcg_at_1000_diff1": 0.209326,
        "nauc_map_at_1_max": 0.141985,
        "nauc_map_at_1_std": -0.064747,
        "nauc_map_at_1_diff1": 0.244721,
        "nauc_map_at_3_max": 0.115275,
        "nauc_map_at_3_std": -0.067698,
        "nauc_map_at_3_diff1": 0.20068,
        "nauc_map_at_5_max": 0.109846,
        "nauc_map_at_5_std": -0.066332,
        "nauc_map_at_5_diff1": 0.196814,
        "nauc_map_at_10_max": 0.112654,
        "nauc_map_at_10_std": -0.079922,
        "nauc_map_at_10_diff1": 0.202532,
        "nauc_map_at_20_max": 0.103985,
        "nauc_map_at_20_std": -0.085661,
        "nauc_map_at_20_diff1": 0.19903,
        "nauc_map_at_100_max": 0.103431,
        "nauc_map_at_100_std": -0.081623,
        "nauc_map_at_100_diff1": 0.197476,
        "nauc_map_at_1000_max": 0.103941,
        "nauc_map_at_1000_std": -0.081069,
        "nauc_map_at_1000_diff1": 0.197765,
        "nauc_recall_at_1_max": 0.141985,
        "nauc_recall_at_1_std": -0.064747,
        "nauc_recall_at_1_diff1": 0.244721,
        "nauc_recall_at_3_max": 0.132645,
        "nauc_recall_at_3_std": -0.078951,
        "nauc_recall_at_3_diff1": 0.165307,
        "nauc_recall_at_5_max": 0.108506,
        "nauc_recall_at_5_std": -0.069141,
        "nauc_recall_at_5_diff1": 0.14455,
        "nauc_recall_at_10_max": 0.093482,
        "nauc_recall_at_10_std": -0.091234,
        "nauc_recall_at_10_diff1": 0.138784,
        "nauc_recall_at_20_max": 0.038972,
        "nauc_recall_at_20_std": -0.099462,
        "nauc_recall_at_20_diff1": 0.096789,
        "nauc_recall_at_100_max": 0.010645,
        "nauc_recall_at_100_std": 0.019857,
        "nauc_recall_at_100_diff1": 0.029871,
        "nauc_recall_at_1000_max": 0.085227,
        "nauc_recall_at_1000_std": 0.112425,
        "nauc_recall_at_1000_diff1": 0.067107,
        "nauc_precision_at_1_max": 0.140954,
        "nauc_precision_at_1_std": -0.072698,
        "nauc_precision_at_1_diff1": 0.252507,
        "nauc_precision_at_3_max": 0.124812,
        "nauc_precision_at_3_std": -0.091623,
        "nauc_precision_at_3_diff1": 0.167501,
        "nauc_precision_at_5_max": 0.101773,
        "nauc_precision_at_5_std": -0.076823,
        "nauc_precision_at_5_diff1": 0.144896,
        "nauc_precision_at_10_max": 0.084563,
        "nauc_precision_at_10_std": -0.099377,
        "nauc_precision_at_10_diff1": 0.130505,
        "nauc_precision_at_20_max": 0.018438,
        "nauc_precision_at_20_std": -0.111127,
        "nauc_precision_at_20_diff1": 0.083845,
        "nauc_precision_at_100_max": -0.018751,
        "nauc_precision_at_100_std": -0.006335,
        "nauc_precision_at_100_diff1": 0.005801,
        "nauc_precision_at_1000_max": -0.01764,
        "nauc_precision_at_1000_std": -0.012759,
        "nauc_precision_at_1000_diff1": -0.000621,
        "nauc_mrr_at_1_max": 0.141221,
        "nauc_mrr_at_1_std": -0.073326,
        "nauc_mrr_at_1_diff1": 0.250609,
        "nauc_mrr_at_3_max": 0.171078,
        "nauc_mrr_at_3_std": -0.077261,
        "nauc_mrr_at_3_diff1": 0.233629,
        "nauc_mrr_at_5_max": 0.173838,
        "nauc_mrr_at_5_std": -0.078252,
        "nauc_mrr_at_5_diff1": 0.236811,
        "nauc_mrr_at_10_max": 0.172858,
        "nauc_mrr_at_10_std": -0.076592,
        "nauc_mrr_at_10_diff1": 0.2392,
        "nauc_mrr_at_20_max": 0.170805,
        "nauc_mrr_at_20_std": -0.075662,
        "nauc_mrr_at_20_diff1": 0.239318,
        "nauc_mrr_at_100_max": 0.169866,
        "nauc_mrr_at_100_std": -0.075248,
        "nauc_mrr_at_100_diff1": 0.238891,
        "nauc_mrr_at_1000_max": 0.169837,
        "nauc_mrr_at_1000_std": -0.075298,
        "nauc_mrr_at_1000_diff1": 0.238853,
        "main_score": 0.36861,
        "hf_subset": "default",
        "languages": [
          "fas-Arab"
        ]
      }
    ]
  },
  "evaluation_time": 13.454197645187378,
  "kg_co2_emissions": null
}