{
  "dataset_revision": "9d32af6540970e2845028cbfffe6b0d0e8f52428",
  "task_name": "SynPerChatbotRAGFAQRetrieval",
  "mteb_version": "1.34.14",
  "scores": {
    "test": [
      {
        "ndcg_at_1": 0.42594,
        "ndcg_at_3": 0.51778,
        "ndcg_at_5": 0.54375,
        "ndcg_at_10": 0.56959,
        "ndcg_at_20": 0.5869,
        "ndcg_at_100": 0.6097,
        "ndcg_at_1000": 0.61802,
        "map_at_1": 0.42594,
        "map_at_3": 0.49433,
        "map_at_5": 0.50863,
        "map_at_10": 0.51927,
        "map_at_20": 0.52408,
        "map_at_100": 0.52726,
        "map_at_1000": 0.52758,
        "recall_at_1": 0.42594,
        "recall_at_3": 0.58602,
        "recall_at_5": 0.64949,
        "recall_at_10": 0.72953,
        "recall_at_20": 0.79761,
        "recall_at_100": 0.91996,
        "recall_at_1000": 0.98528,
        "precision_at_1": 0.42594,
        "precision_at_3": 0.19534,
        "precision_at_5": 0.1299,
        "precision_at_10": 0.07295,
        "precision_at_20": 0.03988,
        "precision_at_100": 0.0092,
        "precision_at_1000": 0.00099,
        "mrr_at_1": 0.425943,
        "mrr_at_3": 0.494327,
        "mrr_at_5": 0.508632,
        "mrr_at_10": 0.519272,
        "mrr_at_20": 0.524079,
        "mrr_at_100": 0.527256,
        "mrr_at_1000": 0.527579,
        "nauc_ndcg_at_1_max": 0.322455,
        "nauc_ndcg_at_1_std": -0.043885,
        "nauc_ndcg_at_1_diff1": 0.709008,
        "nauc_ndcg_at_3_max": 0.364462,
        "nauc_ndcg_at_3_std": 0.002724,
        "nauc_ndcg_at_3_diff1": 0.636077,
        "nauc_ndcg_at_5_max": 0.364825,
        "nauc_ndcg_at_5_std": 0.019358,
        "nauc_ndcg_at_5_diff1": 0.613688,
        "nauc_ndcg_at_10_max": 0.37725,
        "nauc_ndcg_at_10_std": 0.024251,
        "nauc_ndcg_at_10_diff1": 0.6163,
        "nauc_ndcg_at_20_max": 0.378592,
        "nauc_ndcg_at_20_std": 0.029793,
        "nauc_ndcg_at_20_diff1": 0.621623,
        "nauc_ndcg_at_100_max": 0.374794,
        "nauc_ndcg_at_100_std": 0.030807,
        "nauc_ndcg_at_100_diff1": 0.629368,
        "nauc_ndcg_at_1000_max": 0.369004,
        "nauc_ndcg_at_1000_std": 0.021197,
        "nauc_ndcg_at_1000_diff1": 0.634089,
        "nauc_map_at_1_max": 0.322455,
        "nauc_map_at_1_std": -0.043885,
        "nauc_map_at_1_diff1": 0.709008,
        "nauc_map_at_3_max": 0.354661,
        "nauc_map_at_3_std": -0.008436,
        "nauc_map_at_3_diff1": 0.655153,
        "nauc_map_at_5_max": 0.354765,
        "nauc_map_at_5_std": 8.1e-05,
        "nauc_map_at_5_diff1": 0.643679,
        "nauc_map_at_10_max": 0.359092,
        "nauc_map_at_10_std": 0.001255,
        "nauc_map_at_10_diff1": 0.645444,
        "nauc_map_at_20_max": 0.359207,
        "nauc_map_at_20_std": 0.002362,
        "nauc_map_at_20_diff1": 0.647206,
        "nauc_map_at_100_max": 0.358965,
        "nauc_map_at_100_std": 0.002324,
        "nauc_map_at_100_diff1": 0.648326,
        "nauc_map_at_1000_max": 0.358781,
        "nauc_map_at_1000_std": 0.002062,
        "nauc_map_at_1000_diff1": 0.648464,
        "nauc_recall_at_1_max": 0.322455,
        "nauc_recall_at_1_std": -0.043885,
        "nauc_recall_at_1_diff1": 0.709008,
        "nauc_recall_at_3_max": 0.394533,
        "nauc_recall_at_3_std": 0.037103,
        "nauc_recall_at_3_diff1": 0.576565,
        "nauc_recall_at_5_max": 0.398338,
        "nauc_recall_at_5_std": 0.087299,
        "nauc_recall_at_5_diff1": 0.507968,
        "nauc_recall_at_10_max": 0.457227,
        "nauc_recall_at_10_std": 0.123442,
        "nauc_recall_at_10_diff1": 0.495271,
        "nauc_recall_at_20_max": 0.486694,
        "nauc_recall_at_20_std": 0.183917,
        "nauc_recall_at_20_diff1": 0.495239,
        "nauc_recall_at_100_max": 0.543485,
        "nauc_recall_at_100_std": 0.4103,
        "nauc_recall_at_100_diff1": 0.468316,
        "nauc_recall_at_1000_max": 0.438785,
        "nauc_recall_at_1000_std": 0.619932,
        "nauc_recall_at_1000_diff1": 0.46423,
        "nauc_precision_at_1_max": 0.322455,
        "nauc_precision_at_1_std": -0.043885,
        "nauc_precision_at_1_diff1": 0.709008,
        "nauc_precision_at_3_max": 0.394533,
        "nauc_precision_at_3_std": 0.037103,
        "nauc_precision_at_3_diff1": 0.576565,
        "nauc_precision_at_5_max": 0.398338,
        "nauc_precision_at_5_std": 0.087299,
        "nauc_precision_at_5_diff1": 0.507968,
        "nauc_precision_at_10_max": 0.457227,
        "nauc_precision_at_10_std": 0.123442,
        "nauc_precision_at_10_diff1": 0.495271,
        "nauc_precision_at_20_max": 0.486694,
        "nauc_precision_at_20_std": 0.183917,
        "nauc_precision_at_20_diff1": 0.495239,
        "nauc_precision_at_100_max": 0.543485,
        "nauc_precision_at_100_std": 0.4103,
        "nauc_precision_at_100_diff1": 0.468316,
        "nauc_precision_at_1000_max": 0.438785,
        "nauc_precision_at_1000_std": 0.619932,
        "nauc_precision_at_1000_diff1": 0.46423,
        "nauc_mrr_at_1_max": 0.322455,
        "nauc_mrr_at_1_std": -0.043885,
        "nauc_mrr_at_1_diff1": 0.709008,
        "nauc_mrr_at_3_max": 0.354661,
        "nauc_mrr_at_3_std": -0.008436,
        "nauc_mrr_at_3_diff1": 0.655153,
        "nauc_mrr_at_5_max": 0.354765,
        "nauc_mrr_at_5_std": 8.1e-05,
        "nauc_mrr_at_5_diff1": 0.643679,
        "nauc_mrr_at_10_max": 0.359092,
        "nauc_mrr_at_10_std": 0.001255,
        "nauc_mrr_at_10_diff1": 0.645444,
        "nauc_mrr_at_20_max": 0.359207,
        "nauc_mrr_at_20_std": 0.002362,
        "nauc_mrr_at_20_diff1": 0.647206,
        "nauc_mrr_at_100_max": 0.358965,
        "nauc_mrr_at_100_std": 0.002324,
        "nauc_mrr_at_100_diff1": 0.648326,
        "nauc_mrr_at_1000_max": 0.358781,
        "nauc_mrr_at_1000_std": 0.002062,
        "nauc_mrr_at_1000_diff1": 0.648464,
        "main_score": 0.56959,
        "hf_subset": "default",
        "languages": [
          "fas-Arab"
        ]
      }
    ]
  },
  "evaluation_time": 16.240094423294067,
  "kg_co2_emissions": null
}