{
  "dataset_revision": "45d9176b6fcba33abc58494ee82f18ee7e8ddbae",
  "task_name": "ClimateFEVER-Fa",
  "mteb_version": "1.34.14",
  "scores": {
    "test": [
      {
        "ndcg_at_1": 0.13029,
        "ndcg_at_3": 0.11338,
        "ndcg_at_5": 0.12443,
        "ndcg_at_10": 0.14101,
        "ndcg_at_20": 0.16108,
        "ndcg_at_100": 0.20158,
        "ndcg_at_1000": 0.23817,
        "map_at_1": 0.0627,
        "map_at_3": 0.08273,
        "map_at_5": 0.09032,
        "map_at_10": 0.0968,
        "map_at_20": 0.10217,
        "map_at_100": 0.1081,
        "map_at_1000": 0.10984,
        "recall_at_1": 0.0627,
        "recall_at_3": 0.10534,
        "recall_at_5": 0.13246,
        "recall_at_10": 0.1695,
        "recall_at_20": 0.22902,
        "recall_at_100": 0.39168,
        "recall_at_1000": 0.60111,
        "precision_at_1": 0.13029,
        "precision_at_3": 0.0797,
        "precision_at_5": 0.06384,
        "precision_at_10": 0.04306,
        "precision_at_20": 0.02971,
        "precision_at_100": 0.01072,
        "precision_at_1000": 0.00173,
        "mrr_at_1": 0.130293,
        "mrr_at_3": 0.174267,
        "mrr_at_5": 0.189023,
        "mrr_at_10": 0.198603,
        "mrr_at_20": 0.205804,
        "mrr_at_100": 0.211108,
        "mrr_at_1000": 0.211847,
        "nauc_ndcg_at_1_max": 0.295543,
        "nauc_ndcg_at_1_std": 0.150327,
        "nauc_ndcg_at_1_diff1": 0.307825,
        "nauc_ndcg_at_3_max": 0.310239,
        "nauc_ndcg_at_3_std": 0.136028,
        "nauc_ndcg_at_3_diff1": 0.25826,
        "nauc_ndcg_at_5_max": 0.307987,
        "nauc_ndcg_at_5_std": 0.141124,
        "nauc_ndcg_at_5_diff1": 0.245622,
        "nauc_ndcg_at_10_max": 0.307363,
        "nauc_ndcg_at_10_std": 0.155001,
        "nauc_ndcg_at_10_diff1": 0.23425,
        "nauc_ndcg_at_20_max": 0.323593,
        "nauc_ndcg_at_20_std": 0.17878,
        "nauc_ndcg_at_20_diff1": 0.224341,
        "nauc_ndcg_at_100_max": 0.344644,
        "nauc_ndcg_at_100_std": 0.213104,
        "nauc_ndcg_at_100_diff1": 0.225833,
        "nauc_ndcg_at_1000_max": 0.342259,
        "nauc_ndcg_at_1000_std": 0.231266,
        "nauc_ndcg_at_1000_diff1": 0.220535,
        "nauc_map_at_1_max": 0.302062,
        "nauc_map_at_1_std": 0.120468,
        "nauc_map_at_1_diff1": 0.319912,
        "nauc_map_at_3_max": 0.303217,
        "nauc_map_at_3_std": 0.118316,
        "nauc_map_at_3_diff1": 0.270587,
        "nauc_map_at_5_max": 0.300092,
        "nauc_map_at_5_std": 0.123488,
        "nauc_map_at_5_diff1": 0.258873,
        "nauc_map_at_10_max": 0.301769,
        "nauc_map_at_10_std": 0.131317,
        "nauc_map_at_10_diff1": 0.253803,
        "nauc_map_at_20_max": 0.308228,
        "nauc_map_at_20_std": 0.141476,
        "nauc_map_at_20_diff1": 0.248997,
        "nauc_map_at_100_max": 0.314115,
        "nauc_map_at_100_std": 0.150859,
        "nauc_map_at_100_diff1": 0.248474,
        "nauc_map_at_1000_max": 0.314395,
        "nauc_map_at_1000_std": 0.152666,
        "nauc_map_at_1000_diff1": 0.248222,
        "nauc_recall_at_1_max": 0.302062,
        "nauc_recall_at_1_std": 0.120468,
        "nauc_recall_at_1_diff1": 0.319912,
        "nauc_recall_at_3_max": 0.298375,
        "nauc_recall_at_3_std": 0.112628,
        "nauc_recall_at_3_diff1": 0.233885,
        "nauc_recall_at_5_max": 0.289383,
        "nauc_recall_at_5_std": 0.127989,
        "nauc_recall_at_5_diff1": 0.207674,
        "nauc_recall_at_10_max": 0.277915,
        "nauc_recall_at_10_std": 0.149715,
        "nauc_recall_at_10_diff1": 0.184472,
        "nauc_recall_at_20_max": 0.293484,
        "nauc_recall_at_20_std": 0.189597,
        "nauc_recall_at_20_diff1": 0.154631,
        "nauc_recall_at_100_max": 0.305654,
        "nauc_recall_at_100_std": 0.250071,
        "nauc_recall_at_100_diff1": 0.141782,
        "nauc_recall_at_1000_max": 0.270067,
        "nauc_recall_at_1000_std": 0.301447,
        "nauc_recall_at_1000_diff1": 0.105034,
        "nauc_precision_at_1_max": 0.295543,
        "nauc_precision_at_1_std": 0.150327,
        "nauc_precision_at_1_diff1": 0.307825,
        "nauc_precision_at_3_max": 0.320587,
        "nauc_precision_at_3_std": 0.15563,
        "nauc_precision_at_3_diff1": 0.227673,
        "nauc_precision_at_5_max": 0.315772,
        "nauc_precision_at_5_std": 0.177815,
        "nauc_precision_at_5_diff1": 0.192749,
        "nauc_precision_at_10_max": 0.307067,
        "nauc_precision_at_10_std": 0.212002,
        "nauc_precision_at_10_diff1": 0.156594,
        "nauc_precision_at_20_max": 0.338255,
        "nauc_precision_at_20_std": 0.262055,
        "nauc_precision_at_20_diff1": 0.124082,
        "nauc_precision_at_100_max": 0.334014,
        "nauc_precision_at_100_std": 0.310666,
        "nauc_precision_at_100_diff1": 0.102988,
        "nauc_precision_at_1000_max": 0.243417,
        "nauc_precision_at_1000_std": 0.314377,
        "nauc_precision_at_1000_diff1": 0.041669,
        "nauc_mrr_at_1_max": 0.295543,
        "nauc_mrr_at_1_std": 0.150327,
        "nauc_mrr_at_1_diff1": 0.307825,
        "nauc_mrr_at_3_max": 0.311706,
        "nauc_mrr_at_3_std": 0.156544,
        "nauc_mrr_at_3_diff1": 0.267162,
        "nauc_mrr_at_5_max": 0.316208,
        "nauc_mrr_at_5_std": 0.165856,
        "nauc_mrr_at_5_diff1": 0.258898,
        "nauc_mrr_at_10_max": 0.314316,
        "nauc_mrr_at_10_std": 0.170375,
        "nauc_mrr_at_10_diff1": 0.253597,
        "nauc_mrr_at_20_max": 0.319137,
        "nauc_mrr_at_20_std": 0.175899,
        "nauc_mrr_at_20_diff1": 0.25268,
        "nauc_mrr_at_100_max": 0.320216,
        "nauc_mrr_at_100_std": 0.177634,
        "nauc_mrr_at_100_diff1": 0.254149,
        "nauc_mrr_at_1000_max": 0.319965,
        "nauc_mrr_at_1000_std": 0.177739,
        "nauc_mrr_at_1000_diff1": 0.254047,
        "main_score": 0.14101,
        "hf_subset": "default",
        "languages": [
          "fas-Arab"
        ]
      }
    ]
  },
  "evaluation_time": 11591.443939447403,
  "kg_co2_emissions": null
}