{
  "dataset_revision": "bcdaf4e30477eea9b9b17ecbb153ca403e5c3ebd",
  "task_name": "CQADupstackAndroidRetrieval-Fa",
  "mteb_version": "1.34.14",
  "scores": {
    "test": [
      {
        "ndcg_at_1": 0.10873,
        "ndcg_at_3": 0.11701,
        "ndcg_at_5": 0.13262,
        "ndcg_at_10": 0.14673,
        "ndcg_at_20": 0.16379,
        "ndcg_at_100": 0.19607,
        "ndcg_at_1000": 0.23613,
        "map_at_1": 0.08351,
        "map_at_3": 0.1007,
        "map_at_5": 0.11051,
        "map_at_10": 0.11719,
        "map_at_20": 0.12246,
        "map_at_100": 0.12697,
        "map_at_1000": 0.12844,
        "recall_at_1": 0.08351,
        "recall_at_3": 0.12311,
        "recall_at_5": 0.16226,
        "recall_at_10": 0.20484,
        "recall_at_20": 0.26589,
        "recall_at_100": 0.42893,
        "recall_at_1000": 0.72049,
        "precision_at_1": 0.10873,
        "precision_at_3": 0.05675,
        "precision_at_5": 0.04635,
        "precision_at_10": 0.03033,
        "precision_at_20": 0.02074,
        "precision_at_100": 0.0069,
        "precision_at_1000": 0.00128,
        "mrr_at_1": 0.108727,
        "mrr_at_3": 0.13114,
        "mrr_at_5": 0.141941,
        "mrr_at_10": 0.148454,
        "mrr_at_20": 0.154013,
        "mrr_at_100": 0.158227,
        "mrr_at_1000": 0.159353,
        "nauc_ndcg_at_1_max": 0.011041,
        "nauc_ndcg_at_1_std": -0.107404,
        "nauc_ndcg_at_1_diff1": 0.42881,
        "nauc_ndcg_at_3_max": 0.024568,
        "nauc_ndcg_at_3_std": -0.080858,
        "nauc_ndcg_at_3_diff1": 0.372802,
        "nauc_ndcg_at_5_max": 0.057293,
        "nauc_ndcg_at_5_std": -0.048831,
        "nauc_ndcg_at_5_diff1": 0.372434,
        "nauc_ndcg_at_10_max": 0.049779,
        "nauc_ndcg_at_10_std": -0.045314,
        "nauc_ndcg_at_10_diff1": 0.365861,
        "nauc_ndcg_at_20_max": 0.037908,
        "nauc_ndcg_at_20_std": -0.041824,
        "nauc_ndcg_at_20_diff1": 0.346849,
        "nauc_ndcg_at_100_max": 0.044532,
        "nauc_ndcg_at_100_std": -0.021284,
        "nauc_ndcg_at_100_diff1": 0.312416,
        "nauc_ndcg_at_1000_max": 0.043999,
        "nauc_ndcg_at_1000_std": -0.005894,
        "nauc_ndcg_at_1000_diff1": 0.315798,
        "nauc_map_at_1_max": 0.023032,
        "nauc_map_at_1_std": -0.120273,
        "nauc_map_at_1_diff1": 0.455481,
        "nauc_map_at_3_max": 0.027121,
        "nauc_map_at_3_std": -0.099879,
        "nauc_map_at_3_diff1": 0.399962,
        "nauc_map_at_5_max": 0.045668,
        "nauc_map_at_5_std": -0.077408,
        "nauc_map_at_5_diff1": 0.396835,
        "nauc_map_at_10_max": 0.041752,
        "nauc_map_at_10_std": -0.070317,
        "nauc_map_at_10_diff1": 0.392542,
        "nauc_map_at_20_max": 0.037412,
        "nauc_map_at_20_std": -0.06613,
        "nauc_map_at_20_diff1": 0.384574,
        "nauc_map_at_100_max": 0.039284,
        "nauc_map_at_100_std": -0.06031,
        "nauc_map_at_100_diff1": 0.378233,
        "nauc_map_at_1000_max": 0.039487,
        "nauc_map_at_1000_std": -0.059124,
        "nauc_map_at_1000_diff1": 0.378246,
        "nauc_recall_at_1_max": 0.023032,
        "nauc_recall_at_1_std": -0.120273,
        "nauc_recall_at_1_diff1": 0.455481,
        "nauc_recall_at_3_max": 0.032003,
        "nauc_recall_at_3_std": -0.069834,
        "nauc_recall_at_3_diff1": 0.320676,
        "nauc_recall_at_5_max": 0.091986,
        "nauc_recall_at_5_std": -0.01213,
        "nauc_recall_at_5_diff1": 0.330657,
        "nauc_recall_at_10_max": 0.065385,
        "nauc_recall_at_10_std": -0.005035,
        "nauc_recall_at_10_diff1": 0.308659,
        "nauc_recall_at_20_max": 0.030738,
        "nauc_recall_at_20_std": -0.008592,
        "nauc_recall_at_20_diff1": 0.25875,
        "nauc_recall_at_100_max": 0.048432,
        "nauc_recall_at_100_std": 0.047731,
        "nauc_recall_at_100_diff1": 0.138044,
        "nauc_recall_at_1000_max": 0.046319,
        "nauc_recall_at_1000_std": 0.159457,
        "nauc_recall_at_1000_diff1": 0.091492,
        "nauc_precision_at_1_max": 0.011041,
        "nauc_precision_at_1_std": -0.107404,
        "nauc_precision_at_1_diff1": 0.42881,
        "nauc_precision_at_3_max": 0.013559,
        "nauc_precision_at_3_std": -0.057604,
        "nauc_precision_at_3_diff1": 0.311397,
        "nauc_precision_at_5_max": 0.064794,
        "nauc_precision_at_5_std": 0.01511,
        "nauc_precision_at_5_diff1": 0.312234,
        "nauc_precision_at_10_max": 0.047601,
        "nauc_precision_at_10_std": 0.056329,
        "nauc_precision_at_10_diff1": 0.287453,
        "nauc_precision_at_20_max": 0.019287,
        "nauc_precision_at_20_std": 0.086162,
        "nauc_precision_at_20_diff1": 0.244886,
        "nauc_precision_at_100_max": 0.020571,
        "nauc_precision_at_100_std": 0.123726,
        "nauc_precision_at_100_diff1": 0.149701,
        "nauc_precision_at_1000_max": -0.039949,
        "nauc_precision_at_1000_std": 0.15576,
        "nauc_precision_at_1000_diff1": 0.071541,
        "nauc_mrr_at_1_max": 0.011041,
        "nauc_mrr_at_1_std": -0.107404,
        "nauc_mrr_at_1_diff1": 0.42881,
        "nauc_mrr_at_3_max": 0.018058,
        "nauc_mrr_at_3_std": -0.083547,
        "nauc_mrr_at_3_diff1": 0.375501,
        "nauc_mrr_at_5_max": 0.036319,
        "nauc_mrr_at_5_std": -0.067023,
        "nauc_mrr_at_5_diff1": 0.373349,
        "nauc_mrr_at_10_max": 0.034171,
        "nauc_mrr_at_10_std": -0.063394,
        "nauc_mrr_at_10_diff1": 0.369485,
        "nauc_mrr_at_20_max": 0.031535,
        "nauc_mrr_at_20_std": -0.061167,
        "nauc_mrr_at_20_diff1": 0.364933,
        "nauc_mrr_at_100_max": 0.033384,
        "nauc_mrr_at_100_std": -0.058207,
        "nauc_mrr_at_100_diff1": 0.36161,
        "nauc_mrr_at_1000_max": 0.033217,
        "nauc_mrr_at_1000_std": -0.057813,
        "nauc_mrr_at_1000_diff1": 0.361698,
        "main_score": 0.14673,
        "hf_subset": "default",
        "languages": [
          "fas-Arab"
        ]
      }
    ]
  },
  "evaluation_time": 63.86681079864502,
  "kg_co2_emissions": null
}