{
  "dataset_revision": "860d152c86fda27229270b6bf4e832ff374ac01b",
  "task_name": "CQADupstackTexRetrieval-Fa",
  "mteb_version": "1.34.14",
  "scores": {
    "test": [
      {
        "ndcg_at_1": 0.0671,
        "ndcg_at_3": 0.08091,
        "ndcg_at_5": 0.08852,
        "ndcg_at_10": 0.09782,
        "ndcg_at_20": 0.1077,
        "ndcg_at_100": 0.12882,
        "ndcg_at_1000": 0.15784,
        "map_at_1": 0.05498,
        "map_at_3": 0.07121,
        "map_at_5": 0.07584,
        "map_at_10": 0.07984,
        "map_at_20": 0.08251,
        "map_at_100": 0.08525,
        "map_at_1000": 0.08616,
        "recall_at_1": 0.05498,
        "recall_at_3": 0.09093,
        "recall_at_5": 0.11049,
        "recall_at_10": 0.1386,
        "recall_at_20": 0.17606,
        "recall_at_100": 0.28509,
        "recall_at_1000": 0.50492,
        "precision_at_1": 0.0671,
        "precision_at_3": 0.03808,
        "precision_at_5": 0.02808,
        "precision_at_10": 0.01789,
        "precision_at_20": 0.01151,
        "precision_at_100": 0.00387,
        "precision_at_1000": 0.00075,
        "mrr_at_1": 0.067103,
        "mrr_at_3": 0.085169,
        "mrr_at_5": 0.090485,
        "mrr_at_10": 0.094893,
        "mrr_at_20": 0.097879,
        "mrr_at_100": 0.100886,
        "mrr_at_1000": 0.10175,
        "nauc_ndcg_at_1_max": 0.123564,
        "nauc_ndcg_at_1_std": -0.087898,
        "nauc_ndcg_at_1_diff1": 0.425687,
        "nauc_ndcg_at_3_max": 0.099089,
        "nauc_ndcg_at_3_std": -0.06392,
        "nauc_ndcg_at_3_diff1": 0.335166,
        "nauc_ndcg_at_5_max": 0.096821,
        "nauc_ndcg_at_5_std": -0.056625,
        "nauc_ndcg_at_5_diff1": 0.307828,
        "nauc_ndcg_at_10_max": 0.100489,
        "nauc_ndcg_at_10_std": -0.044916,
        "nauc_ndcg_at_10_diff1": 0.288383,
        "nauc_ndcg_at_20_max": 0.089012,
        "nauc_ndcg_at_20_std": -0.037431,
        "nauc_ndcg_at_20_diff1": 0.263002,
        "nauc_ndcg_at_100_max": 0.090551,
        "nauc_ndcg_at_100_std": -0.012782,
        "nauc_ndcg_at_100_diff1": 0.245759,
        "nauc_ndcg_at_1000_max": 0.098151,
        "nauc_ndcg_at_1000_std": 0.012721,
        "nauc_ndcg_at_1000_diff1": 0.234767,
        "nauc_map_at_1_max": 0.122727,
        "nauc_map_at_1_std": -0.109423,
        "nauc_map_at_1_diff1": 0.44777,
        "nauc_map_at_3_max": 0.103628,
        "nauc_map_at_3_std": -0.074034,
        "nauc_map_at_3_diff1": 0.354109,
        "nauc_map_at_5_max": 0.102541,
        "nauc_map_at_5_std": -0.068988,
        "nauc_map_at_5_diff1": 0.33796,
        "nauc_map_at_10_max": 0.10412,
        "nauc_map_at_10_std": -0.063318,
        "nauc_map_at_10_diff1": 0.328265,
        "nauc_map_at_20_max": 0.100337,
        "nauc_map_at_20_std": -0.060692,
        "nauc_map_at_20_diff1": 0.318589,
        "nauc_map_at_100_max": 0.101005,
        "nauc_map_at_100_std": -0.0559,
        "nauc_map_at_100_diff1": 0.315155,
        "nauc_map_at_1000_max": 0.10123,
        "nauc_map_at_1000_std": -0.054483,
        "nauc_map_at_1000_diff1": 0.314463,
        "nauc_recall_at_1_max": 0.122727,
        "nauc_recall_at_1_std": -0.109423,
        "nauc_recall_at_1_diff1": 0.44777,
        "nauc_recall_at_3_max": 0.080722,
        "nauc_recall_at_3_std": -0.050959,
        "nauc_recall_at_3_diff1": 0.278457,
        "nauc_recall_at_5_max": 0.077036,
        "nauc_recall_at_5_std": -0.038039,
        "nauc_recall_at_5_diff1": 0.231829,
        "nauc_recall_at_10_max": 0.089688,
        "nauc_recall_at_10_std": -0.015873,
        "nauc_recall_at_10_diff1": 0.205497,
        "nauc_recall_at_20_max": 0.065471,
        "nauc_recall_at_20_std": -0.001587,
        "nauc_recall_at_20_diff1": 0.158136,
        "nauc_recall_at_100_max": 0.071171,
        "nauc_recall_at_100_std": 0.058036,
        "nauc_recall_at_100_diff1": 0.124102,
        "nauc_recall_at_1000_max": 0.095661,
        "nauc_recall_at_1000_std": 0.153542,
        "nauc_recall_at_1000_diff1": 0.07784,
        "nauc_precision_at_1_max": 0.123564,
        "nauc_precision_at_1_std": -0.087898,
        "nauc_precision_at_1_diff1": 0.425687,
        "nauc_precision_at_3_max": 0.099558,
        "nauc_precision_at_3_std": -0.041862,
        "nauc_precision_at_3_diff1": 0.290012,
        "nauc_precision_at_5_max": 0.094713,
        "nauc_precision_at_5_std": -0.029901,
        "nauc_precision_at_5_diff1": 0.248028,
        "nauc_precision_at_10_max": 0.105945,
        "nauc_precision_at_10_std": -0.006634,
        "nauc_precision_at_10_diff1": 0.220631,
        "nauc_precision_at_20_max": 0.078171,
        "nauc_precision_at_20_std": 0.003822,
        "nauc_precision_at_20_diff1": 0.176497,
        "nauc_precision_at_100_max": 0.08106,
        "nauc_precision_at_100_std": 0.064331,
        "nauc_precision_at_100_diff1": 0.147391,
        "nauc_precision_at_1000_max": 0.109992,
        "nauc_precision_at_1000_std": 0.121501,
        "nauc_precision_at_1000_diff1": 0.084692,
        "nauc_mrr_at_1_max": 0.123564,
        "nauc_mrr_at_1_std": -0.087898,
        "nauc_mrr_at_1_diff1": 0.425687,
        "nauc_mrr_at_3_max": 0.10293,
        "nauc_mrr_at_3_std": -0.056506,
        "nauc_mrr_at_3_diff1": 0.346547,
        "nauc_mrr_at_5_max": 0.10003,
        "nauc_mrr_at_5_std": -0.053317,
        "nauc_mrr_at_5_diff1": 0.328441,
        "nauc_mrr_at_10_max": 0.101317,
        "nauc_mrr_at_10_std": -0.04651,
        "nauc_mrr_at_10_diff1": 0.318758,
        "nauc_mrr_at_20_max": 0.09807,
        "nauc_mrr_at_20_std": -0.044367,
        "nauc_mrr_at_20_diff1": 0.310409,
        "nauc_mrr_at_100_max": 0.098581,
        "nauc_mrr_at_100_std": -0.040818,
        "nauc_mrr_at_100_diff1": 0.307089,
        "nauc_mrr_at_1000_max": 0.098812,
        "nauc_mrr_at_1000_std": -0.039913,
        "nauc_mrr_at_1000_diff1": 0.306626,
        "main_score": 0.09782,
        "hf_subset": "default",
        "languages": [
          "fas-Arab"
        ]
      }
    ]
  },
  "evaluation_time": 323.4432497024536,
  "kg_co2_emissions": null
}