{
  "dataset_revision": "029a2e69e7d9e68b6bdc471073606104417a5be7",
  "task_name": "CQADupstackEnglishRetrieval-Fa",
  "mteb_version": "1.34.14",
  "scores": {
    "test": [
      {
        "ndcg_at_1": 0.10764,
        "ndcg_at_3": 0.12397,
        "ndcg_at_5": 0.13472,
        "ndcg_at_10": 0.14563,
        "ndcg_at_20": 0.15716,
        "ndcg_at_100": 0.18084,
        "ndcg_at_1000": 0.21115,
        "map_at_1": 0.08544,
        "map_at_3": 0.10831,
        "map_at_5": 0.11527,
        "map_at_10": 0.12047,
        "map_at_20": 0.12378,
        "map_at_100": 0.12707,
        "map_at_1000": 0.12819,
        "recall_at_1": 0.08544,
        "recall_at_3": 0.13455,
        "recall_at_5": 0.16194,
        "recall_at_10": 0.19502,
        "recall_at_20": 0.23816,
        "recall_at_100": 0.35303,
        "recall_at_1000": 0.57072,
        "precision_at_1": 0.10764,
        "precision_at_3": 0.05902,
        "precision_at_5": 0.04446,
        "precision_at_10": 0.02783,
        "precision_at_20": 0.01748,
        "precision_at_100": 0.00593,
        "precision_at_1000": 0.00107,
        "mrr_at_1": 0.107643,
        "mrr_at_3": 0.13397,
        "mrr_at_5": 0.141773,
        "mrr_at_10": 0.147405,
        "mrr_at_20": 0.151113,
        "mrr_at_100": 0.154366,
        "mrr_at_1000": 0.155219,
        "nauc_ndcg_at_1_max": 0.229532,
        "nauc_ndcg_at_1_std": 0.067194,
        "nauc_ndcg_at_1_diff1": 0.432148,
        "nauc_ndcg_at_3_max": 0.204918,
        "nauc_ndcg_at_3_std": 0.045329,
        "nauc_ndcg_at_3_diff1": 0.361823,
        "nauc_ndcg_at_5_max": 0.190854,
        "nauc_ndcg_at_5_std": 0.04853,
        "nauc_ndcg_at_5_diff1": 0.352762,
        "nauc_ndcg_at_10_max": 0.191609,
        "nauc_ndcg_at_10_std": 0.065088,
        "nauc_ndcg_at_10_diff1": 0.328819,
        "nauc_ndcg_at_20_max": 0.194556,
        "nauc_ndcg_at_20_std": 0.071836,
        "nauc_ndcg_at_20_diff1": 0.321949,
        "nauc_ndcg_at_100_max": 0.187859,
        "nauc_ndcg_at_100_std": 0.079302,
        "nauc_ndcg_at_100_diff1": 0.302588,
        "nauc_ndcg_at_1000_max": 0.194215,
        "nauc_ndcg_at_1000_std": 0.092132,
        "nauc_ndcg_at_1000_diff1": 0.30126,
        "nauc_map_at_1_max": 0.228854,
        "nauc_map_at_1_std": 0.018629,
        "nauc_map_at_1_diff1": 0.468362,
        "nauc_map_at_3_max": 0.208558,
        "nauc_map_at_3_std": 0.024584,
        "nauc_map_at_3_diff1": 0.393534,
        "nauc_map_at_5_max": 0.201028,
        "nauc_map_at_5_std": 0.031404,
        "nauc_map_at_5_diff1": 0.383464,
        "nauc_map_at_10_max": 0.201764,
        "nauc_map_at_10_std": 0.043201,
        "nauc_map_at_10_diff1": 0.370184,
        "nauc_map_at_20_max": 0.203495,
        "nauc_map_at_20_std": 0.04593,
        "nauc_map_at_20_diff1": 0.36778,
        "nauc_map_at_100_max": 0.203064,
        "nauc_map_at_100_std": 0.048252,
        "nauc_map_at_100_diff1": 0.363833,
        "nauc_map_at_1000_max": 0.203727,
        "nauc_map_at_1000_std": 0.049507,
        "nauc_map_at_1000_diff1": 0.363634,
        "nauc_recall_at_1_max": 0.228854,
        "nauc_recall_at_1_std": 0.018629,
        "nauc_recall_at_1_diff1": 0.468362,
        "nauc_recall_at_3_max": 0.181894,
        "nauc_recall_at_3_std": 0.03298,
        "nauc_recall_at_3_diff1": 0.321331,
        "nauc_recall_at_5_max": 0.160602,
        "nauc_recall_at_5_std": 0.043941,
        "nauc_recall_at_5_diff1": 0.304187,
        "nauc_recall_at_10_max": 0.159505,
        "nauc_recall_at_10_std": 0.08237,
        "nauc_recall_at_10_diff1": 0.244039,
        "nauc_recall_at_20_max": 0.164389,
        "nauc_recall_at_20_std": 0.095747,
        "nauc_recall_at_20_diff1": 0.225616,
        "nauc_recall_at_100_max": 0.133672,
        "nauc_recall_at_100_std": 0.107253,
        "nauc_recall_at_100_diff1": 0.169969,
        "nauc_recall_at_1000_max": 0.139848,
        "nauc_recall_at_1000_std": 0.150998,
        "nauc_recall_at_1000_diff1": 0.148361,
        "nauc_precision_at_1_max": 0.229532,
        "nauc_precision_at_1_std": 0.067194,
        "nauc_precision_at_1_diff1": 0.432148,
        "nauc_precision_at_3_max": 0.194146,
        "nauc_precision_at_3_std": 0.082697,
        "nauc_precision_at_3_diff1": 0.290158,
        "nauc_precision_at_5_max": 0.163266,
        "nauc_precision_at_5_std": 0.113513,
        "nauc_precision_at_5_diff1": 0.265398,
        "nauc_precision_at_10_max": 0.180381,
        "nauc_precision_at_10_std": 0.1568,
        "nauc_precision_at_10_diff1": 0.214352,
        "nauc_precision_at_20_max": 0.188805,
        "nauc_precision_at_20_std": 0.175701,
        "nauc_precision_at_20_diff1": 0.199267,
        "nauc_precision_at_100_max": 0.172207,
        "nauc_precision_at_100_std": 0.205222,
        "nauc_precision_at_100_diff1": 0.124559,
        "nauc_precision_at_1000_max": 0.165814,
        "nauc_precision_at_1000_std": 0.23069,
        "nauc_precision_at_1000_diff1": 0.079438,
        "nauc_mrr_at_1_max": 0.229532,
        "nauc_mrr_at_1_std": 0.067194,
        "nauc_mrr_at_1_diff1": 0.432148,
        "nauc_mrr_at_3_max": 0.212762,
        "nauc_mrr_at_3_std": 0.068599,
        "nauc_mrr_at_3_diff1": 0.366448,
        "nauc_mrr_at_5_max": 0.203131,
        "nauc_mrr_at_5_std": 0.06985,
        "nauc_mrr_at_5_diff1": 0.358784,
        "nauc_mrr_at_10_max": 0.20379,
        "nauc_mrr_at_10_std": 0.075685,
        "nauc_mrr_at_10_diff1": 0.347306,
        "nauc_mrr_at_20_max": 0.20468,
        "nauc_mrr_at_20_std": 0.078974,
        "nauc_mrr_at_20_diff1": 0.34496,
        "nauc_mrr_at_100_max": 0.202624,
        "nauc_mrr_at_100_std": 0.07865,
        "nauc_mrr_at_100_diff1": 0.341197,
        "nauc_mrr_at_1000_max": 0.202759,
        "nauc_mrr_at_1000_std": 0.078882,
        "nauc_mrr_at_1000_diff1": 0.341242,
        "main_score": 0.14563,
        "hf_subset": "default",
        "languages": [
          "fas-Arab"
        ]
      }
    ]
  },
  "evaluation_time": 88.4060525894165,
  "kg_co2_emissions": null
}