{
  "dataset_revision": "e9c7ad03f29a55ab14eae730146961b8cdc14227",
  "task_name": "CQADupstackGamingRetrieval-Fa",
  "mteb_version": "1.34.14",
  "scores": {
    "test": [
      {
        "ndcg_at_1": 0.13292,
        "ndcg_at_3": 0.16098,
        "ndcg_at_5": 0.17556,
        "ndcg_at_10": 0.19171,
        "ndcg_at_20": 0.20769,
        "ndcg_at_100": 0.23824,
        "ndcg_at_1000": 0.26727,
        "map_at_1": 0.11561,
        "map_at_3": 0.14594,
        "map_at_5": 0.15448,
        "map_at_10": 0.16136,
        "map_at_20": 0.16588,
        "map_at_100": 0.16994,
        "map_at_1000": 0.17097,
        "recall_at_1": 0.11561,
        "recall_at_3": 0.18099,
        "recall_at_5": 0.21704,
        "recall_at_10": 0.26573,
        "recall_at_20": 0.32688,
        "recall_at_100": 0.48432,
        "recall_at_1000": 0.70343,
        "precision_at_1": 0.13292,
        "precision_at_3": 0.07168,
        "precision_at_5": 0.05229,
        "precision_at_10": 0.03266,
        "precision_at_20": 0.02047,
        "precision_at_100": 0.00628,
        "precision_at_1000": 0.00096,
        "mrr_at_1": 0.132915,
        "mrr_at_3": 0.164577,
        "mrr_at_5": 0.173887,
        "mrr_at_10": 0.181337,
        "mrr_at_20": 0.18587,
        "mrr_at_100": 0.189894,
        "mrr_at_1000": 0.190705,
        "nauc_ndcg_at_1_max": 0.084895,
        "nauc_ndcg_at_1_std": -0.066218,
        "nauc_ndcg_at_1_diff1": 0.395703,
        "nauc_ndcg_at_3_max": 0.094864,
        "nauc_ndcg_at_3_std": -0.054679,
        "nauc_ndcg_at_3_diff1": 0.317193,
        "nauc_ndcg_at_5_max": 0.096809,
        "nauc_ndcg_at_5_std": -0.046337,
        "nauc_ndcg_at_5_diff1": 0.3013,
        "nauc_ndcg_at_10_max": 0.091213,
        "nauc_ndcg_at_10_std": -0.044264,
        "nauc_ndcg_at_10_diff1": 0.284631,
        "nauc_ndcg_at_20_max": 0.096571,
        "nauc_ndcg_at_20_std": -0.036404,
        "nauc_ndcg_at_20_diff1": 0.276049,
        "nauc_ndcg_at_100_max": 0.107902,
        "nauc_ndcg_at_100_std": -0.008157,
        "nauc_ndcg_at_100_diff1": 0.268234,
        "nauc_ndcg_at_1000_max": 0.113075,
        "nauc_ndcg_at_1000_std": -0.005363,
        "nauc_ndcg_at_1000_diff1": 0.277068,
        "nauc_map_at_1_max": 0.057416,
        "nauc_map_at_1_std": -0.088202,
        "nauc_map_at_1_diff1": 0.388704,
        "nauc_map_at_3_max": 0.081604,
        "nauc_map_at_3_std": -0.070678,
        "nauc_map_at_3_diff1": 0.333835,
        "nauc_map_at_5_max": 0.08424,
        "nauc_map_at_5_std": -0.064711,
        "nauc_map_at_5_diff1": 0.323555,
        "nauc_map_at_10_max": 0.081899,
        "nauc_map_at_10_std": -0.062821,
        "nauc_map_at_10_diff1": 0.31535,
        "nauc_map_at_20_max": 0.084716,
        "nauc_map_at_20_std": -0.059042,
        "nauc_map_at_20_diff1": 0.312617,
        "nauc_map_at_100_max": 0.086242,
        "nauc_map_at_100_std": -0.055166,
        "nauc_map_at_100_diff1": 0.310896,
        "nauc_map_at_1000_max": 0.086575,
        "nauc_map_at_1000_std": -0.054796,
        "nauc_map_at_1000_diff1": 0.311347,
        "nauc_recall_at_1_max": 0.057416,
        "nauc_recall_at_1_std": -0.088202,
        "nauc_recall_at_1_diff1": 0.388704,
        "nauc_recall_at_3_max": 0.099203,
        "nauc_recall_at_3_std": -0.051251,
        "nauc_recall_at_3_diff1": 0.284305,
        "nauc_recall_at_5_max": 0.099915,
        "nauc_recall_at_5_std": -0.031168,
        "nauc_recall_at_5_diff1": 0.242142,
        "nauc_recall_at_10_max": 0.087149,
        "nauc_recall_at_10_std": -0.023553,
        "nauc_recall_at_10_diff1": 0.205322,
        "nauc_recall_at_20_max": 0.09936,
        "nauc_recall_at_20_std": -0.000634,
        "nauc_recall_at_20_diff1": 0.178191,
        "nauc_recall_at_100_max": 0.138505,
        "nauc_recall_at_100_std": 0.108682,
        "nauc_recall_at_100_diff1": 0.145774,
        "nauc_recall_at_1000_max": 0.179722,
        "nauc_recall_at_1000_std": 0.15024,
        "nauc_recall_at_1000_diff1": 0.167633,
        "nauc_precision_at_1_max": 0.084895,
        "nauc_precision_at_1_std": -0.066218,
        "nauc_precision_at_1_diff1": 0.395703,
        "nauc_precision_at_3_max": 0.117446,
        "nauc_precision_at_3_std": -0.023785,
        "nauc_precision_at_3_diff1": 0.275998,
        "nauc_precision_at_5_max": 0.128763,
        "nauc_precision_at_5_std": 0.003119,
        "nauc_precision_at_5_diff1": 0.248613,
        "nauc_precision_at_10_max": 0.122681,
        "nauc_precision_at_10_std": 0.024676,
        "nauc_precision_at_10_diff1": 0.210289,
        "nauc_precision_at_20_max": 0.153839,
        "nauc_precision_at_20_std": 0.071407,
        "nauc_precision_at_20_diff1": 0.180494,
        "nauc_precision_at_100_max": 0.209103,
        "nauc_precision_at_100_std": 0.206891,
        "nauc_precision_at_100_diff1": 0.129622,
        "nauc_precision_at_1000_max": 0.231639,
        "nauc_precision_at_1000_std": 0.253257,
        "nauc_precision_at_1000_diff1": 0.113826,
        "nauc_mrr_at_1_max": 0.084895,
        "nauc_mrr_at_1_std": -0.066218,
        "nauc_mrr_at_1_diff1": 0.395703,
        "nauc_mrr_at_3_max": 0.104019,
        "nauc_mrr_at_3_std": -0.047986,
        "nauc_mrr_at_3_diff1": 0.333027,
        "nauc_mrr_at_5_max": 0.107574,
        "nauc_mrr_at_5_std": -0.041331,
        "nauc_mrr_at_5_diff1": 0.323836,
        "nauc_mrr_at_10_max": 0.106757,
        "nauc_mrr_at_10_std": -0.039929,
        "nauc_mrr_at_10_diff1": 0.316292,
        "nauc_mrr_at_20_max": 0.107296,
        "nauc_mrr_at_20_std": -0.038031,
        "nauc_mrr_at_20_diff1": 0.313669,
        "nauc_mrr_at_100_max": 0.108556,
        "nauc_mrr_at_100_std": -0.03466,
        "nauc_mrr_at_100_diff1": 0.312929,
        "nauc_mrr_at_1000_max": 0.108489,
        "nauc_mrr_at_1000_std": -0.034815,
        "nauc_mrr_at_1000_diff1": 0.313143,
        "main_score": 0.19171,
        "hf_subset": "default",
        "languages": [
          "fas-Arab"
        ]
      }
    ]
  },
  "evaluation_time": 103.21337628364563,
  "kg_co2_emissions": null
}