{
  "dataset_revision": "c2a326387954aad66ff00d324a9278067b1e3bb6",
  "task_name": "CQADupstackUnixRetrieval-Fa",
  "mteb_version": "1.34.14",
  "scores": {
    "test": [
      {
        "ndcg_at_1": 0.09515,
        "ndcg_at_3": 0.1128,
        "ndcg_at_5": 0.12433,
        "ndcg_at_10": 0.13885,
        "ndcg_at_20": 0.15278,
        "ndcg_at_100": 0.1793,
        "ndcg_at_1000": 0.20945,
        "map_at_1": 0.0834,
        "map_at_3": 0.10293,
        "map_at_5": 0.10944,
        "map_at_10": 0.11535,
        "map_at_20": 0.11906,
        "map_at_100": 0.12251,
        "map_at_1000": 0.12352,
        "recall_at_1": 0.0834,
        "recall_at_3": 0.12676,
        "recall_at_5": 0.15485,
        "recall_at_10": 0.19855,
        "recall_at_20": 0.25062,
        "recall_at_100": 0.38681,
        "recall_at_1000": 0.61249,
        "precision_at_1": 0.09515,
        "precision_at_3": 0.04944,
        "precision_at_5": 0.03657,
        "precision_at_10": 0.02369,
        "precision_at_20": 0.01539,
        "precision_at_100": 0.00495,
        "precision_at_1000": 0.00085,
        "mrr_at_1": 0.095149,
        "mrr_at_3": 0.116138,
        "mrr_at_5": 0.124114,
        "mrr_at_10": 0.130674,
        "mrr_at_20": 0.134979,
        "mrr_at_100": 0.138652,
        "mrr_at_1000": 0.13952,
        "nauc_ndcg_at_1_max": 0.248002,
        "nauc_ndcg_at_1_std": 0.007929,
        "nauc_ndcg_at_1_diff1": 0.460424,
        "nauc_ndcg_at_3_max": 0.196765,
        "nauc_ndcg_at_3_std": 0.026002,
        "nauc_ndcg_at_3_diff1": 0.363094,
        "nauc_ndcg_at_5_max": 0.189404,
        "nauc_ndcg_at_5_std": 0.037047,
        "nauc_ndcg_at_5_diff1": 0.335855,
        "nauc_ndcg_at_10_max": 0.176549,
        "nauc_ndcg_at_10_std": 0.040106,
        "nauc_ndcg_at_10_diff1": 0.321637,
        "nauc_ndcg_at_20_max": 0.168622,
        "nauc_ndcg_at_20_std": 0.048965,
        "nauc_ndcg_at_20_diff1": 0.304685,
        "nauc_ndcg_at_100_max": 0.169337,
        "nauc_ndcg_at_100_std": 0.077528,
        "nauc_ndcg_at_100_diff1": 0.289628,
        "nauc_ndcg_at_1000_max": 0.185748,
        "nauc_ndcg_at_1000_std": 0.086228,
        "nauc_ndcg_at_1000_diff1": 0.290752,
        "nauc_map_at_1_max": 0.229081,
        "nauc_map_at_1_std": 0.025468,
        "nauc_map_at_1_diff1": 0.464417,
        "nauc_map_at_3_max": 0.198754,
        "nauc_map_at_3_std": 0.028645,
        "nauc_map_at_3_diff1": 0.382633,
        "nauc_map_at_5_max": 0.194351,
        "nauc_map_at_5_std": 0.034404,
        "nauc_map_at_5_diff1": 0.364795,
        "nauc_map_at_10_max": 0.188353,
        "nauc_map_at_10_std": 0.035566,
        "nauc_map_at_10_diff1": 0.358268,
        "nauc_map_at_20_max": 0.185325,
        "nauc_map_at_20_std": 0.037775,
        "nauc_map_at_20_diff1": 0.352496,
        "nauc_map_at_100_max": 0.185796,
        "nauc_map_at_100_std": 0.043103,
        "nauc_map_at_100_diff1": 0.349748,
        "nauc_map_at_1000_max": 0.186531,
        "nauc_map_at_1000_std": 0.043749,
        "nauc_map_at_1000_diff1": 0.349594,
        "nauc_recall_at_1_max": 0.229081,
        "nauc_recall_at_1_std": 0.025468,
        "nauc_recall_at_1_diff1": 0.464417,
        "nauc_recall_at_3_max": 0.166998,
        "nauc_recall_at_3_std": 0.029405,
        "nauc_recall_at_3_diff1": 0.311609,
        "nauc_recall_at_5_max": 0.159361,
        "nauc_recall_at_5_std": 0.046976,
        "nauc_recall_at_5_diff1": 0.263926,
        "nauc_recall_at_10_max": 0.128687,
        "nauc_recall_at_10_std": 0.050247,
        "nauc_recall_at_10_diff1": 0.237484,
        "nauc_recall_at_20_max": 0.114864,
        "nauc_recall_at_20_std": 0.077609,
        "nauc_recall_at_20_diff1": 0.199394,
        "nauc_recall_at_100_max": 0.111156,
        "nauc_recall_at_100_std": 0.160835,
        "nauc_recall_at_100_diff1": 0.153893,
        "nauc_recall_at_1000_max": 0.184465,
        "nauc_recall_at_1000_std": 0.199543,
        "nauc_recall_at_1000_diff1": 0.139315,
        "nauc_precision_at_1_max": 0.248002,
        "nauc_precision_at_1_std": 0.007929,
        "nauc_precision_at_1_diff1": 0.460424,
        "nauc_precision_at_3_max": 0.190545,
        "nauc_precision_at_3_std": 0.012088,
        "nauc_precision_at_3_diff1": 0.311383,
        "nauc_precision_at_5_max": 0.19117,
        "nauc_precision_at_5_std": 0.044681,
        "nauc_precision_at_5_diff1": 0.272566,
        "nauc_precision_at_10_max": 0.177156,
        "nauc_precision_at_10_std": 0.062767,
        "nauc_precision_at_10_diff1": 0.251138,
        "nauc_precision_at_20_max": 0.145108,
        "nauc_precision_at_20_std": 0.075572,
        "nauc_precision_at_20_diff1": 0.204109,
        "nauc_precision_at_100_max": 0.155287,
        "nauc_precision_at_100_std": 0.169708,
        "nauc_precision_at_100_diff1": 0.145516,
        "nauc_precision_at_1000_max": 0.19734,
        "nauc_precision_at_1000_std": 0.206073,
        "nauc_precision_at_1000_diff1": 0.082704,
        "nauc_mrr_at_1_max": 0.248002,
        "nauc_mrr_at_1_std": 0.007929,
        "nauc_mrr_at_1_diff1": 0.460424,
        "nauc_mrr_at_3_max": 0.215795,
        "nauc_mrr_at_3_std": 0.013578,
        "nauc_mrr_at_3_diff1": 0.379857,
        "nauc_mrr_at_5_max": 0.213589,
        "nauc_mrr_at_5_std": 0.024014,
        "nauc_mrr_at_5_diff1": 0.364434,
        "nauc_mrr_at_10_max": 0.209052,
        "nauc_mrr_at_10_std": 0.026838,
        "nauc_mrr_at_10_diff1": 0.357232,
        "nauc_mrr_at_20_max": 0.205326,
        "nauc_mrr_at_20_std": 0.028417,
        "nauc_mrr_at_20_diff1": 0.351352,
        "nauc_mrr_at_100_max": 0.206052,
        "nauc_mrr_at_100_std": 0.032736,
        "nauc_mrr_at_100_diff1": 0.349197,
        "nauc_mrr_at_1000_max": 0.206248,
        "nauc_mrr_at_1000_std": 0.033038,
        "nauc_mrr_at_1000_diff1": 0.34923,
        "main_score": 0.13885,
        "hf_subset": "default",
        "languages": [
          "fas-Arab"
        ]
      }
    ]
  },
  "evaluation_time": 190.1356384754181,
  "kg_co2_emissions": null
}