{
  "dataset_revision": "506f29f8ce59648efe99afee736b0b158eced516",
  "task_name": "CQADupstackWebmastersRetrieval-Fa",
  "mteb_version": "1.34.14",
  "scores": {
    "test": [
      {
        "ndcg_at_1": 0.08696,
        "ndcg_at_3": 0.11407,
        "ndcg_at_5": 0.12067,
        "ndcg_at_10": 0.1361,
        "ndcg_at_20": 0.14948,
        "ndcg_at_100": 0.17406,
        "ndcg_at_1000": 0.2184,
        "map_at_1": 0.06327,
        "map_at_3": 0.09215,
        "map_at_5": 0.09747,
        "map_at_10": 0.10496,
        "map_at_20": 0.10921,
        "map_at_100": 0.11307,
        "map_at_1000": 0.11491,
        "recall_at_1": 0.06327,
        "recall_at_3": 0.12729,
        "recall_at_5": 0.14927,
        "recall_at_10": 0.199,
        "recall_at_20": 0.24935,
        "recall_at_100": 0.37665,
        "recall_at_1000": 0.69265,
        "precision_at_1": 0.08696,
        "precision_at_3": 0.05995,
        "precision_at_5": 0.04348,
        "precision_at_10": 0.02964,
        "precision_at_20": 0.01986,
        "precision_at_100": 0.0069,
        "precision_at_1000": 0.0016,
        "mrr_at_1": 0.086957,
        "mrr_at_3": 0.120553,
        "mrr_at_5": 0.125988,
        "mrr_at_10": 0.133178,
        "mrr_at_20": 0.137527,
        "mrr_at_100": 0.140745,
        "mrr_at_1000": 0.141919,
        "nauc_ndcg_at_1_max": 0.08634,
        "nauc_ndcg_at_1_std": 0.032933,
        "nauc_ndcg_at_1_diff1": 0.337109,
        "nauc_ndcg_at_3_max": 0.088753,
        "nauc_ndcg_at_3_std": 0.028514,
        "nauc_ndcg_at_3_diff1": 0.26469,
        "nauc_ndcg_at_5_max": 0.070124,
        "nauc_ndcg_at_5_std": 0.013316,
        "nauc_ndcg_at_5_diff1": 0.26643,
        "nauc_ndcg_at_10_max": 0.051912,
        "nauc_ndcg_at_10_std": -0.002411,
        "nauc_ndcg_at_10_diff1": 0.240361,
        "nauc_ndcg_at_20_max": 0.052871,
        "nauc_ndcg_at_20_std": -0.005763,
        "nauc_ndcg_at_20_diff1": 0.228912,
        "nauc_ndcg_at_100_max": 0.08132,
        "nauc_ndcg_at_100_std": 0.001585,
        "nauc_ndcg_at_100_diff1": 0.211298,
        "nauc_ndcg_at_1000_max": 0.092969,
        "nauc_ndcg_at_1000_std": 0.026712,
        "nauc_ndcg_at_1000_diff1": 0.209141,
        "nauc_map_at_1_max": 0.100485,
        "nauc_map_at_1_std": -0.038414,
        "nauc_map_at_1_diff1": 0.442444,
        "nauc_map_at_3_max": 0.088722,
        "nauc_map_at_3_std": -0.010595,
        "nauc_map_at_3_diff1": 0.323515,
        "nauc_map_at_5_max": 0.080349,
        "nauc_map_at_5_std": -0.016471,
        "nauc_map_at_5_diff1": 0.3202,
        "nauc_map_at_10_max": 0.071809,
        "nauc_map_at_10_std": -0.018442,
        "nauc_map_at_10_diff1": 0.299297,
        "nauc_map_at_20_max": 0.07173,
        "nauc_map_at_20_std": -0.018769,
        "nauc_map_at_20_diff1": 0.292576,
        "nauc_map_at_100_max": 0.079229,
        "nauc_map_at_100_std": -0.014096,
        "nauc_map_at_100_diff1": 0.285919,
        "nauc_map_at_1000_max": 0.079576,
        "nauc_map_at_1000_std": -0.010904,
        "nauc_map_at_1000_diff1": 0.284241,
        "nauc_recall_at_1_max": 0.100485,
        "nauc_recall_at_1_std": -0.038414,
        "nauc_recall_at_1_diff1": 0.442444,
        "nauc_recall_at_3_max": 0.077512,
        "nauc_recall_at_3_std": 0.012988,
        "nauc_recall_at_3_diff1": 0.248669,
        "nauc_recall_at_5_max": 0.040349,
        "nauc_recall_at_5_std": -0.015107,
        "nauc_recall_at_5_diff1": 0.235257,
        "nauc_recall_at_10_max": 0.009254,
        "nauc_recall_at_10_std": -0.030896,
        "nauc_recall_at_10_diff1": 0.156641,
        "nauc_recall_at_20_max": 0.015366,
        "nauc_recall_at_20_std": -0.032979,
        "nauc_recall_at_20_diff1": 0.128182,
        "nauc_recall_at_100_max": 0.0921,
        "nauc_recall_at_100_std": -0.010063,
        "nauc_recall_at_100_diff1": 0.077594,
        "nauc_recall_at_1000_max": 0.178715,
        "nauc_recall_at_1000_std": 0.082178,
        "nauc_recall_at_1000_diff1": 0.060647,
        "nauc_precision_at_1_max": 0.08634,
        "nauc_precision_at_1_std": 0.032933,
        "nauc_precision_at_1_diff1": 0.337109,
        "nauc_precision_at_3_max": 0.068071,
        "nauc_precision_at_3_std": 0.073954,
        "nauc_precision_at_3_diff1": 0.188342,
        "nauc_precision_at_5_max": 0.062391,
        "nauc_precision_at_5_std": 0.077122,
        "nauc_precision_at_5_diff1": 0.191037,
        "nauc_precision_at_10_max": 0.037652,
        "nauc_precision_at_10_std": 0.075695,
        "nauc_precision_at_10_diff1": 0.12318,
        "nauc_precision_at_20_max": 0.050561,
        "nauc_precision_at_20_std": 0.123604,
        "nauc_precision_at_20_diff1": 0.049811,
        "nauc_precision_at_100_max": 0.109783,
        "nauc_precision_at_100_std": 0.225087,
        "nauc_precision_at_100_diff1": -0.070964,
        "nauc_precision_at_1000_max": 0.01132,
        "nauc_precision_at_1000_std": 0.306045,
        "nauc_precision_at_1000_diff1": -0.110639,
        "nauc_mrr_at_1_max": 0.08634,
        "nauc_mrr_at_1_std": 0.032933,
        "nauc_mrr_at_1_diff1": 0.337109,
        "nauc_mrr_at_3_max": 0.081248,
        "nauc_mrr_at_3_std": 0.039713,
        "nauc_mrr_at_3_diff1": 0.269939,
        "nauc_mrr_at_5_max": 0.0707,
        "nauc_mrr_at_5_std": 0.034458,
        "nauc_mrr_at_5_diff1": 0.261798,
        "nauc_mrr_at_10_max": 0.064357,
        "nauc_mrr_at_10_std": 0.031719,
        "nauc_mrr_at_10_diff1": 0.249887,
        "nauc_mrr_at_20_max": 0.064271,
        "nauc_mrr_at_20_std": 0.031825,
        "nauc_mrr_at_20_diff1": 0.24512,
        "nauc_mrr_at_100_max": 0.067551,
        "nauc_mrr_at_100_std": 0.032922,
        "nauc_mrr_at_100_diff1": 0.242848,
        "nauc_mrr_at_1000_max": 0.067985,
        "nauc_mrr_at_1000_std": 0.033072,
        "nauc_mrr_at_1000_diff1": 0.242822,
        "main_score": 0.1361,
        "hf_subset": "default",
        "languages": [
          "fas-Arab"
        ]
      }
    ]
  },
  "evaluation_time": 61.321762561798096,
  "kg_co2_emissions": null
}