{
  "dataset_revision": "be6460df57ab7c1b2c9fe295a31660dbd077ecf0",
  "task_name": "CQADupstackProgrammersRetrieval-Fa",
  "mteb_version": "1.34.14",
  "scores": {
    "test": [
      {
        "ndcg_at_1": 0.10388,
        "ndcg_at_3": 0.13945,
        "ndcg_at_5": 0.15207,
        "ndcg_at_10": 0.16862,
        "ndcg_at_20": 0.18279,
        "ndcg_at_100": 0.21295,
        "ndcg_at_1000": 0.24569,
        "map_at_1": 0.08608,
        "map_at_3": 0.12085,
        "map_at_5": 0.12923,
        "map_at_10": 0.13611,
        "map_at_20": 0.14016,
        "map_at_100": 0.14467,
        "map_at_1000": 0.14581,
        "recall_at_1": 0.08608,
        "recall_at_3": 0.15962,
        "recall_at_5": 0.19203,
        "recall_at_10": 0.24154,
        "recall_at_20": 0.29323,
        "recall_at_100": 0.44224,
        "recall_at_1000": 0.68105,
        "precision_at_1": 0.10388,
        "precision_at_3": 0.07002,
        "precision_at_5": 0.0516,
        "precision_at_10": 0.03265,
        "precision_at_20": 0.02043,
        "precision_at_100": 0.00647,
        "precision_at_1000": 0.00109,
        "mrr_at_1": 0.103881,
        "mrr_at_3": 0.145167,
        "mrr_at_5": 0.1539,
        "mrr_at_10": 0.161728,
        "mrr_at_20": 0.165767,
        "mrr_at_100": 0.169803,
        "mrr_at_1000": 0.170732,
        "nauc_ndcg_at_1_max": 0.184244,
        "nauc_ndcg_at_1_std": -0.004779,
        "nauc_ndcg_at_1_diff1": 0.453807,
        "nauc_ndcg_at_3_max": 0.146278,
        "nauc_ndcg_at_3_std": -0.022235,
        "nauc_ndcg_at_3_diff1": 0.285442,
        "nauc_ndcg_at_5_max": 0.136613,
        "nauc_ndcg_at_5_std": -0.019101,
        "nauc_ndcg_at_5_diff1": 0.270943,
        "nauc_ndcg_at_10_max": 0.139743,
        "nauc_ndcg_at_10_std": 0.002285,
        "nauc_ndcg_at_10_diff1": 0.268825,
        "nauc_ndcg_at_20_max": 0.136541,
        "nauc_ndcg_at_20_std": 0.014413,
        "nauc_ndcg_at_20_diff1": 0.258161,
        "nauc_ndcg_at_100_max": 0.151518,
        "nauc_ndcg_at_100_std": 0.054889,
        "nauc_ndcg_at_100_diff1": 0.24405,
        "nauc_ndcg_at_1000_max": 0.159621,
        "nauc_ndcg_at_1000_std": 0.063874,
        "nauc_ndcg_at_1000_diff1": 0.251057,
        "nauc_map_at_1_max": 0.166463,
        "nauc_map_at_1_std": -0.039141,
        "nauc_map_at_1_diff1": 0.49101,
        "nauc_map_at_3_max": 0.14941,
        "nauc_map_at_3_std": -0.033374,
        "nauc_map_at_3_diff1": 0.334698,
        "nauc_map_at_5_max": 0.141715,
        "nauc_map_at_5_std": -0.026974,
        "nauc_map_at_5_diff1": 0.320291,
        "nauc_map_at_10_max": 0.143976,
        "nauc_map_at_10_std": -0.017485,
        "nauc_map_at_10_diff1": 0.317664,
        "nauc_map_at_20_max": 0.142389,
        "nauc_map_at_20_std": -0.013269,
        "nauc_map_at_20_diff1": 0.31333,
        "nauc_map_at_100_max": 0.145298,
        "nauc_map_at_100_std": -0.004498,
        "nauc_map_at_100_diff1": 0.309917,
        "nauc_map_at_1000_max": 0.145771,
        "nauc_map_at_1000_std": -0.003656,
        "nauc_map_at_1000_diff1": 0.310024,
        "nauc_recall_at_1_max": 0.166463,
        "nauc_recall_at_1_std": -0.039141,
        "nauc_recall_at_1_diff1": 0.49101,
        "nauc_recall_at_3_max": 0.135454,
        "nauc_recall_at_3_std": -0.0322,
        "nauc_recall_at_3_diff1": 0.216463,
        "nauc_recall_at_5_max": 0.110882,
        "nauc_recall_at_5_std": -0.02185,
        "nauc_recall_at_5_diff1": 0.186275,
        "nauc_recall_at_10_max": 0.116692,
        "nauc_recall_at_10_std": 0.027432,
        "nauc_recall_at_10_diff1": 0.188763,
        "nauc_recall_at_20_max": 0.111117,
        "nauc_recall_at_20_std": 0.054975,
        "nauc_recall_at_20_diff1": 0.161701,
        "nauc_recall_at_100_max": 0.152104,
        "nauc_recall_at_100_std": 0.180206,
        "nauc_recall_at_100_diff1": 0.114017,
        "nauc_recall_at_1000_max": 0.198414,
        "nauc_recall_at_1000_std": 0.254604,
        "nauc_recall_at_1000_diff1": 0.136963,
        "nauc_precision_at_1_max": 0.184244,
        "nauc_precision_at_1_std": -0.004779,
        "nauc_precision_at_1_diff1": 0.453807,
        "nauc_precision_at_3_max": 0.151663,
        "nauc_precision_at_3_std": 0.014888,
        "nauc_precision_at_3_diff1": 0.186288,
        "nauc_precision_at_5_max": 0.134789,
        "nauc_precision_at_5_std": 0.032917,
        "nauc_precision_at_5_diff1": 0.157569,
        "nauc_precision_at_10_max": 0.140307,
        "nauc_precision_at_10_std": 0.077303,
        "nauc_precision_at_10_diff1": 0.141685,
        "nauc_precision_at_20_max": 0.126263,
        "nauc_precision_at_20_std": 0.112784,
        "nauc_precision_at_20_diff1": 0.102384,
        "nauc_precision_at_100_max": 0.157151,
        "nauc_precision_at_100_std": 0.208999,
        "nauc_precision_at_100_diff1": 0.0238,
        "nauc_precision_at_1000_max": 0.133872,
        "nauc_precision_at_1000_std": 0.19526,
        "nauc_precision_at_1000_diff1": -0.040697,
        "nauc_mrr_at_1_max": 0.184244,
        "nauc_mrr_at_1_std": -0.004779,
        "nauc_mrr_at_1_diff1": 0.453807,
        "nauc_mrr_at_3_max": 0.158946,
        "nauc_mrr_at_3_std": -0.008521,
        "nauc_mrr_at_3_diff1": 0.299257,
        "nauc_mrr_at_5_max": 0.155287,
        "nauc_mrr_at_5_std": -0.006389,
        "nauc_mrr_at_5_diff1": 0.289705,
        "nauc_mrr_at_10_max": 0.156124,
        "nauc_mrr_at_10_std": 0.005214,
        "nauc_mrr_at_10_diff1": 0.285151,
        "nauc_mrr_at_20_max": 0.154936,
        "nauc_mrr_at_20_std": 0.008635,
        "nauc_mrr_at_20_diff1": 0.283049,
        "nauc_mrr_at_100_max": 0.157547,
        "nauc_mrr_at_100_std": 0.014853,
        "nauc_mrr_at_100_diff1": 0.280909,
        "nauc_mrr_at_1000_max": 0.157859,
        "nauc_mrr_at_1000_std": 0.01516,
        "nauc_mrr_at_1000_diff1": 0.281313,
        "main_score": 0.16862,
        "hf_subset": "default",
        "languages": [
          "fas-Arab"
        ]
      }
    ]
  },
  "evaluation_time": 132.10418510437012,
  "kg_co2_emissions": null
}