{
  "dataset_revision": "13529e6e301e9d72f86def882cfbca04791d83f9",
  "task_name": "DBPedia-Fa",
  "mteb_version": "1.34.14",
  "scores": {
    "test": [
      {
        "ndcg_at_1": 0.3475,
        "ndcg_at_3": 0.29734,
        "ndcg_at_5": 0.27749,
        "ndcg_at_10": 0.25287,
        "ndcg_at_20": 0.24563,
        "ndcg_at_100": 0.28533,
        "ndcg_at_1000": 0.35024,
        "map_at_1": 0.04303,
        "map_at_3": 0.06862,
        "map_at_5": 0.0808,
        "map_at_10": 0.0934,
        "map_at_20": 0.10636,
        "map_at_100": 0.13041,
        "map_at_1000": 0.14124,
        "recall_at_1": 0.04303,
        "recall_at_3": 0.08329,
        "recall_at_5": 0.11078,
        "recall_at_10": 0.14172,
        "recall_at_20": 0.18855,
        "recall_at_100": 0.32961,
        "recall_at_1000": 0.5466,
        "precision_at_1": 0.4275,
        "precision_at_3": 0.32667,
        "precision_at_5": 0.275,
        "precision_at_10": 0.20225,
        "precision_at_20": 0.1545,
        "precision_at_100": 0.07115,
        "precision_at_1000": 0.01514,
        "mrr_at_1": 0.4275,
        "mrr_at_3": 0.512917,
        "mrr_at_5": 0.525792,
        "mrr_at_10": 0.533752,
        "mrr_at_20": 0.539127,
        "mrr_at_100": 0.540696,
        "mrr_at_1000": 0.541057,
        "nauc_ndcg_at_1_max": 0.258418,
        "nauc_ndcg_at_1_std": 0.232657,
        "nauc_ndcg_at_1_diff1": 0.258015,
        "nauc_ndcg_at_3_max": 0.338919,
        "nauc_ndcg_at_3_std": 0.319914,
        "nauc_ndcg_at_3_diff1": 0.211026,
        "nauc_ndcg_at_5_max": 0.338896,
        "nauc_ndcg_at_5_std": 0.344822,
        "nauc_ndcg_at_5_diff1": 0.220928,
        "nauc_ndcg_at_10_max": 0.335522,
        "nauc_ndcg_at_10_std": 0.353139,
        "nauc_ndcg_at_10_diff1": 0.222956,
        "nauc_ndcg_at_20_max": 0.331577,
        "nauc_ndcg_at_20_std": 0.339409,
        "nauc_ndcg_at_20_diff1": 0.23616,
        "nauc_ndcg_at_100_max": 0.3586,
        "nauc_ndcg_at_100_std": 0.392377,
        "nauc_ndcg_at_100_diff1": 0.229506,
        "nauc_ndcg_at_1000_max": 0.418063,
        "nauc_ndcg_at_1000_std": 0.478745,
        "nauc_ndcg_at_1000_diff1": 0.210521,
        "nauc_map_at_1_max": 0.076019,
        "nauc_map_at_1_std": -0.105251,
        "nauc_map_at_1_diff1": 0.410965,
        "nauc_map_at_3_max": 0.147154,
        "nauc_map_at_3_std": -0.001419,
        "nauc_map_at_3_diff1": 0.298068,
        "nauc_map_at_5_max": 0.176266,
        "nauc_map_at_5_std": 0.046388,
        "nauc_map_at_5_diff1": 0.297675,
        "nauc_map_at_10_max": 0.20739,
        "nauc_map_at_10_std": 0.105372,
        "nauc_map_at_10_diff1": 0.292376,
        "nauc_map_at_20_max": 0.233154,
        "nauc_map_at_20_std": 0.15719,
        "nauc_map_at_20_diff1": 0.27621,
        "nauc_map_at_100_max": 0.275405,
        "nauc_map_at_100_std": 0.263501,
        "nauc_map_at_100_diff1": 0.260609,
        "nauc_map_at_1000_max": 0.297321,
        "nauc_map_at_1000_std": 0.314122,
        "nauc_map_at_1000_diff1": 0.246573,
        "nauc_recall_at_1_max": 0.076019,
        "nauc_recall_at_1_std": -0.105251,
        "nauc_recall_at_1_diff1": 0.410965,
        "nauc_recall_at_3_max": 0.126873,
        "nauc_recall_at_3_std": -0.007786,
        "nauc_recall_at_3_diff1": 0.204058,
        "nauc_recall_at_5_max": 0.144087,
        "nauc_recall_at_5_std": 0.040201,
        "nauc_recall_at_5_diff1": 0.205135,
        "nauc_recall_at_10_max": 0.168007,
        "nauc_recall_at_10_std": 0.118129,
        "nauc_recall_at_10_diff1": 0.190582,
        "nauc_recall_at_20_max": 0.186696,
        "nauc_recall_at_20_std": 0.162827,
        "nauc_recall_at_20_diff1": 0.162856,
        "nauc_recall_at_100_max": 0.27047,
        "nauc_recall_at_100_std": 0.335002,
        "nauc_recall_at_100_diff1": 0.136537,
        "nauc_recall_at_1000_max": 0.360333,
        "nauc_recall_at_1000_std": 0.467782,
        "nauc_recall_at_1000_diff1": 0.098128,
        "nauc_precision_at_1_max": 0.333596,
        "nauc_precision_at_1_std": 0.30664,
        "nauc_precision_at_1_diff1": 0.309843,
        "nauc_precision_at_3_max": 0.407004,
        "nauc_precision_at_3_std": 0.407016,
        "nauc_precision_at_3_diff1": 0.15506,
        "nauc_precision_at_5_max": 0.375585,
        "nauc_precision_at_5_std": 0.44402,
        "nauc_precision_at_5_diff1": 0.144309,
        "nauc_precision_at_10_max": 0.357845,
        "nauc_precision_at_10_std": 0.483424,
        "nauc_precision_at_10_diff1": 0.11635,
        "nauc_precision_at_20_max": 0.340698,
        "nauc_precision_at_20_std": 0.498124,
        "nauc_precision_at_20_diff1": 0.073906,
        "nauc_precision_at_100_max": 0.267343,
        "nauc_precision_at_100_std": 0.522244,
        "nauc_precision_at_100_diff1": -0.020944,
        "nauc_precision_at_1000_max": 0.142907,
        "nauc_precision_at_1000_std": 0.470756,
        "nauc_precision_at_1000_diff1": -0.132555,
        "nauc_mrr_at_1_max": 0.333596,
        "nauc_mrr_at_1_std": 0.30664,
        "nauc_mrr_at_1_diff1": 0.309843,
        "nauc_mrr_at_3_max": 0.392648,
        "nauc_mrr_at_3_std": 0.372645,
        "nauc_mrr_at_3_diff1": 0.283838,
        "nauc_mrr_at_5_max": 0.392992,
        "nauc_mrr_at_5_std": 0.381192,
        "nauc_mrr_at_5_diff1": 0.287166,
        "nauc_mrr_at_10_max": 0.396504,
        "nauc_mrr_at_10_std": 0.385116,
        "nauc_mrr_at_10_diff1": 0.285262,
        "nauc_mrr_at_20_max": 0.397261,
        "nauc_mrr_at_20_std": 0.385716,
        "nauc_mrr_at_20_diff1": 0.287062,
        "nauc_mrr_at_100_max": 0.396686,
        "nauc_mrr_at_100_std": 0.384894,
        "nauc_mrr_at_100_diff1": 0.287918,
        "nauc_mrr_at_1000_max": 0.396466,
        "nauc_mrr_at_1000_std": 0.384685,
        "nauc_mrr_at_1000_diff1": 0.287992,
        "main_score": 0.25287,
        "hf_subset": "default",
        "languages": [
          "fas-Arab"
        ]
      }
    ]
  },
  "evaluation_time": 6754.04967880249,
  "kg_co2_emissions": null
}