{
  "dataset_revision": "e683ce7ecd0b47edc3e29fda7cfd75335be4a997",
  "task_name": "FiQA2018-Fa",
  "mteb_version": "1.34.14",
  "scores": {
    "test": [
      {
        "ndcg_at_1": 0.00772,
        "ndcg_at_3": 0.01084,
        "ndcg_at_5": 0.01114,
        "ndcg_at_10": 0.01414,
        "ndcg_at_20": 0.01981,
        "ndcg_at_100": 0.04059,
        "ndcg_at_1000": 0.11007,
        "map_at_1": 0.00219,
        "map_at_3": 0.00592,
        "map_at_5": 0.00671,
        "map_at_10": 0.00811,
        "map_at_20": 0.00937,
        "map_at_100": 0.01171,
        "map_at_1000": 0.014,
        "recall_at_1": 0.00219,
        "recall_at_3": 0.01172,
        "recall_at_5": 0.01448,
        "recall_at_10": 0.02451,
        "recall_at_20": 0.0423,
        "recall_at_100": 0.13586,
        "recall_at_1000": 0.59352,
        "precision_at_1": 0.00772,
        "precision_at_3": 0.00874,
        "precision_at_5": 0.00648,
        "precision_at_10": 0.00463,
        "precision_at_20": 0.0044,
        "precision_at_100": 0.00318,
        "precision_at_1000": 0.00147,
        "mrr_at_1": 0.007716,
        "mrr_at_3": 0.015432,
        "mrr_at_5": 0.016358,
        "mrr_at_10": 0.018051,
        "mrr_at_20": 0.020673,
        "mrr_at_100": 0.024109,
        "mrr_at_1000": 0.026136,
        "nauc_ndcg_at_1_max": -0.202781,
        "nauc_ndcg_at_1_std": -0.344181,
        "nauc_ndcg_at_1_diff1": 0.266573,
        "nauc_ndcg_at_3_max": -0.17554,
        "nauc_ndcg_at_3_std": -0.284533,
        "nauc_ndcg_at_3_diff1": 0.219174,
        "nauc_ndcg_at_5_max": -0.204281,
        "nauc_ndcg_at_5_std": -0.307541,
        "nauc_ndcg_at_5_diff1": 0.144978,
        "nauc_ndcg_at_10_max": -0.205826,
        "nauc_ndcg_at_10_std": -0.333718,
        "nauc_ndcg_at_10_diff1": 0.144634,
        "nauc_ndcg_at_20_max": -0.153335,
        "nauc_ndcg_at_20_std": -0.27624,
        "nauc_ndcg_at_20_diff1": 0.090126,
        "nauc_ndcg_at_100_max": -0.090447,
        "nauc_ndcg_at_100_std": -0.23332,
        "nauc_ndcg_at_100_diff1": 0.087485,
        "nauc_ndcg_at_1000_max": -0.081065,
        "nauc_ndcg_at_1000_std": -0.211484,
        "nauc_ndcg_at_1000_diff1": 0.036745,
        "nauc_map_at_1_max": -0.374713,
        "nauc_map_at_1_std": -0.473509,
        "nauc_map_at_1_diff1": 0.043269,
        "nauc_map_at_3_max": -0.230882,
        "nauc_map_at_3_std": -0.312708,
        "nauc_map_at_3_diff1": 0.18372,
        "nauc_map_at_5_max": -0.253033,
        "nauc_map_at_5_std": -0.330945,
        "nauc_map_at_5_diff1": 0.118651,
        "nauc_map_at_10_max": -0.243035,
        "nauc_map_at_10_std": -0.342773,
        "nauc_map_at_10_diff1": 0.131884,
        "nauc_map_at_20_max": -0.212056,
        "nauc_map_at_20_std": -0.313494,
        "nauc_map_at_20_diff1": 0.109567,
        "nauc_map_at_100_max": -0.175449,
        "nauc_map_at_100_std": -0.29433,
        "nauc_map_at_100_diff1": 0.108336,
        "nauc_map_at_1000_max": -0.165797,
        "nauc_map_at_1000_std": -0.291363,
        "nauc_map_at_1000_diff1": 0.104782,
        "nauc_recall_at_1_max": -0.374713,
        "nauc_recall_at_1_std": -0.473509,
        "nauc_recall_at_1_diff1": 0.043269,
        "nauc_recall_at_3_max": -0.237342,
        "nauc_recall_at_3_std": -0.250793,
        "nauc_recall_at_3_diff1": 0.190193,
        "nauc_recall_at_5_max": -0.272643,
        "nauc_recall_at_5_std": -0.283832,
        "nauc_recall_at_5_diff1": 0.078447,
        "nauc_recall_at_10_max": -0.231909,
        "nauc_recall_at_10_std": -0.332126,
        "nauc_recall_at_10_diff1": 0.136327,
        "nauc_recall_at_20_max": -0.14189,
        "nauc_recall_at_20_std": -0.25146,
        "nauc_recall_at_20_diff1": 0.062502,
        "nauc_recall_at_100_max": -0.060479,
        "nauc_recall_at_100_std": -0.190055,
        "nauc_recall_at_100_diff1": 0.06514,
        "nauc_recall_at_1000_max": -0.085509,
        "nauc_recall_at_1000_std": -0.154951,
        "nauc_recall_at_1000_diff1": -0.041195,
        "nauc_precision_at_1_max": -0.202781,
        "nauc_precision_at_1_std": -0.344181,
        "nauc_precision_at_1_diff1": 0.266573,
        "nauc_precision_at_3_max": -0.145179,
        "nauc_precision_at_3_std": -0.267816,
        "nauc_precision_at_3_diff1": 0.172292,
        "nauc_precision_at_5_max": -0.132298,
        "nauc_precision_at_5_std": -0.310639,
        "nauc_precision_at_5_diff1": 0.129305,
        "nauc_precision_at_10_max": -0.127003,
        "nauc_precision_at_10_std": -0.347253,
        "nauc_precision_at_10_diff1": 0.15538,
        "nauc_precision_at_20_max": -0.086849,
        "nauc_precision_at_20_std": -0.247211,
        "nauc_precision_at_20_diff1": 0.049415,
        "nauc_precision_at_100_max": -0.023715,
        "nauc_precision_at_100_std": -0.215398,
        "nauc_precision_at_100_diff1": 0.111538,
        "nauc_precision_at_1000_max": 0.040223,
        "nauc_precision_at_1000_std": -0.089132,
        "nauc_precision_at_1000_diff1": 0.05845,
        "nauc_mrr_at_1_max": -0.202781,
        "nauc_mrr_at_1_std": -0.344181,
        "nauc_mrr_at_1_diff1": 0.266573,
        "nauc_mrr_at_3_max": -0.13864,
        "nauc_mrr_at_3_std": -0.296199,
        "nauc_mrr_at_3_diff1": 0.218131,
        "nauc_mrr_at_5_max": -0.128803,
        "nauc_mrr_at_5_std": -0.305753,
        "nauc_mrr_at_5_diff1": 0.207773,
        "nauc_mrr_at_10_max": -0.122757,
        "nauc_mrr_at_10_std": -0.315144,
        "nauc_mrr_at_10_diff1": 0.213522,
        "nauc_mrr_at_20_max": -0.108021,
        "nauc_mrr_at_20_std": -0.286673,
        "nauc_mrr_at_20_diff1": 0.180948,
        "nauc_mrr_at_100_max": -0.096178,
        "nauc_mrr_at_100_std": -0.271798,
        "nauc_mrr_at_100_diff1": 0.162712,
        "nauc_mrr_at_1000_max": -0.097562,
        "nauc_mrr_at_1000_std": -0.272683,
        "nauc_mrr_at_1000_diff1": 0.158534,
        "main_score": 0.01414,
        "hf_subset": "default",
        "languages": [
          "fas-Arab"
        ]
      }
    ]
  },
  "evaluation_time": 188.23076176643372,
  "kg_co2_emissions": null
}