{
  "dataset_revision": "1cafde1306aa56b5dfdce0b14633ae9ee1a63ddb",
  "task_name": "HotpotQA-Fa",
  "mteb_version": "1.34.14",
  "scores": {
    "test": [
      {
        "ndcg_at_1": 0.51978,
        "ndcg_at_3": 0.42123,
        "ndcg_at_5": 0.44645,
        "ndcg_at_10": 0.46929,
        "ndcg_at_20": 0.48579,
        "ndcg_at_100": 0.51064,
        "ndcg_at_1000": 0.53145,
        "map_at_1": 0.25989,
        "map_at_3": 0.35988,
        "map_at_5": 0.37727,
        "map_at_10": 0.38917,
        "map_at_20": 0.39485,
        "map_at_100": 0.39925,
        "map_at_1000": 0.40019,
        "recall_at_1": 0.25989,
        "recall_at_3": 0.40149,
        "recall_at_5": 0.45145,
        "recall_at_10": 0.50885,
        "recall_at_20": 0.56212,
        "recall_at_100": 0.67245,
        "recall_at_1000": 0.81087,
        "precision_at_1": 0.51978,
        "precision_at_3": 0.26766,
        "precision_at_5": 0.18058,
        "precision_at_10": 0.10177,
        "precision_at_20": 0.05621,
        "precision_at_100": 0.01345,
        "precision_at_1000": 0.00162,
        "mrr_at_1": 0.519784,
        "mrr_at_3": 0.573824,
        "mrr_at_5": 0.584668,
        "mrr_at_10": 0.591746,
        "mrr_at_20": 0.595124,
        "mrr_at_100": 0.597254,
        "mrr_at_1000": 0.597595,
        "nauc_ndcg_at_1_max": 0.197958,
        "nauc_ndcg_at_1_std": 0.102339,
        "nauc_ndcg_at_1_diff1": 0.684855,
        "nauc_ndcg_at_3_max": 0.13672,
        "nauc_ndcg_at_3_std": 0.130268,
        "nauc_ndcg_at_3_diff1": 0.521085,
        "nauc_ndcg_at_5_max": 0.124687,
        "nauc_ndcg_at_5_std": 0.138788,
        "nauc_ndcg_at_5_diff1": 0.504738,
        "nauc_ndcg_at_10_max": 0.122515,
        "nauc_ndcg_at_10_std": 0.156978,
        "nauc_ndcg_at_10_diff1": 0.502175,
        "nauc_ndcg_at_20_max": 0.117929,
        "nauc_ndcg_at_20_std": 0.165427,
        "nauc_ndcg_at_20_diff1": 0.499641,
        "nauc_ndcg_at_100_max": 0.116324,
        "nauc_ndcg_at_100_std": 0.176864,
        "nauc_ndcg_at_100_diff1": 0.503335,
        "nauc_ndcg_at_1000_max": 0.120813,
        "nauc_ndcg_at_1000_std": 0.183484,
        "nauc_ndcg_at_1000_diff1": 0.505918,
        "nauc_map_at_1_max": 0.197958,
        "nauc_map_at_1_std": 0.102339,
        "nauc_map_at_1_diff1": 0.684855,
        "nauc_map_at_3_max": 0.125933,
        "nauc_map_at_3_std": 0.124452,
        "nauc_map_at_3_diff1": 0.485371,
        "nauc_map_at_5_max": 0.117495,
        "nauc_map_at_5_std": 0.12955,
        "nauc_map_at_5_diff1": 0.475743,
        "nauc_map_at_10_max": 0.116435,
        "nauc_map_at_10_std": 0.140392,
        "nauc_map_at_10_diff1": 0.475863,
        "nauc_map_at_20_max": 0.115038,
        "nauc_map_at_20_std": 0.143775,
        "nauc_map_at_20_diff1": 0.475752,
        "nauc_map_at_100_max": 0.114781,
        "nauc_map_at_100_std": 0.146025,
        "nauc_map_at_100_diff1": 0.476813,
        "nauc_map_at_1000_max": 0.11496,
        "nauc_map_at_1000_std": 0.146368,
        "nauc_map_at_1000_diff1": 0.476888,
        "nauc_recall_at_1_max": 0.197958,
        "nauc_recall_at_1_std": 0.102339,
        "nauc_recall_at_1_diff1": 0.684855,
        "nauc_recall_at_3_max": 0.106368,
        "nauc_recall_at_3_std": 0.140975,
        "nauc_recall_at_3_diff1": 0.443698,
        "nauc_recall_at_5_max": 0.080837,
        "nauc_recall_at_5_std": 0.155247,
        "nauc_recall_at_5_diff1": 0.404732,
        "nauc_recall_at_10_max": 0.07094,
        "nauc_recall_at_10_std": 0.195653,
        "nauc_recall_at_10_diff1": 0.380781,
        "nauc_recall_at_20_max": 0.052589,
        "nauc_recall_at_20_std": 0.221363,
        "nauc_recall_at_20_diff1": 0.358976,
        "nauc_recall_at_100_max": 0.032535,
        "nauc_recall_at_100_std": 0.279279,
        "nauc_recall_at_100_diff1": 0.335493,
        "nauc_recall_at_1000_max": 0.039902,
        "nauc_recall_at_1000_std": 0.392184,
        "nauc_recall_at_1000_diff1": 0.28117,
        "nauc_precision_at_1_max": 0.197958,
        "nauc_precision_at_1_std": 0.102339,
        "nauc_precision_at_1_diff1": 0.684855,
        "nauc_precision_at_3_max": 0.106368,
        "nauc_precision_at_3_std": 0.140975,
        "nauc_precision_at_3_diff1": 0.443698,
        "nauc_precision_at_5_max": 0.080837,
        "nauc_precision_at_5_std": 0.155247,
        "nauc_precision_at_5_diff1": 0.404732,
        "nauc_precision_at_10_max": 0.07094,
        "nauc_precision_at_10_std": 0.195653,
        "nauc_precision_at_10_diff1": 0.380781,
        "nauc_precision_at_20_max": 0.052589,
        "nauc_precision_at_20_std": 0.221363,
        "nauc_precision_at_20_diff1": 0.358976,
        "nauc_precision_at_100_max": 0.032535,
        "nauc_precision_at_100_std": 0.279279,
        "nauc_precision_at_100_diff1": 0.335493,
        "nauc_precision_at_1000_max": 0.039902,
        "nauc_precision_at_1000_std": 0.392184,
        "nauc_precision_at_1000_diff1": 0.28117,
        "nauc_mrr_at_1_max": 0.197958,
        "nauc_mrr_at_1_std": 0.102339,
        "nauc_mrr_at_1_diff1": 0.684855,
        "nauc_mrr_at_3_max": 0.187106,
        "nauc_mrr_at_3_std": 0.124962,
        "nauc_mrr_at_3_diff1": 0.660656,
        "nauc_mrr_at_5_max": 0.184153,
        "nauc_mrr_at_5_std": 0.129938,
        "nauc_mrr_at_5_diff1": 0.65559,
        "nauc_mrr_at_10_max": 0.184502,
        "nauc_mrr_at_10_std": 0.132866,
        "nauc_mrr_at_10_diff1": 0.654924,
        "nauc_mrr_at_20_max": 0.183635,
        "nauc_mrr_at_20_std": 0.133351,
        "nauc_mrr_at_20_diff1": 0.654558,
        "nauc_mrr_at_100_max": 0.183373,
        "nauc_mrr_at_100_std": 0.133179,
        "nauc_mrr_at_100_diff1": 0.65488,
        "nauc_mrr_at_1000_max": 0.183437,
        "nauc_mrr_at_1000_std": 0.133129,
        "nauc_mrr_at_1000_diff1": 0.654946,
        "main_score": 0.46929,
        "hf_subset": "default",
        "languages": [
          "fas-Arab"
        ]
      }
    ]
  },
  "evaluation_time": 7674.935600757599,
  "kg_co2_emissions": null
}