{
  "dataset_revision": "main",
  "task_name": "MIRACLRetrieval",
  "mteb_version": "1.34.14",
  "scores": {
    "dev": [
      {
        "ndcg_at_1": 0.35759,
        "ndcg_at_3": 0.38279,
        "ndcg_at_5": 0.41534,
        "ndcg_at_10": 0.45506,
        "ndcg_at_20": 0.48181,
        "ndcg_at_100": 0.51591,
        "ndcg_at_1000": 0.53532,
        "map_at_1": 0.22868,
        "map_at_3": 0.31888,
        "map_at_5": 0.34947,
        "map_at_10": 0.37379,
        "map_at_20": 0.38412,
        "map_at_100": 0.39131,
        "map_at_1000": 0.39241,
        "recall_at_1": 0.22868,
        "recall_at_3": 0.3943,
        "recall_at_5": 0.4841,
        "recall_at_10": 0.58847,
        "recall_at_20": 0.67517,
        "recall_at_100": 0.81784,
        "recall_at_1000": 0.94128,
        "precision_at_1": 0.35759,
        "precision_at_3": 0.22627,
        "precision_at_5": 0.17563,
        "precision_at_10": 0.11297,
        "precision_at_20": 0.06559,
        "precision_at_100": 0.01663,
        "precision_at_1000": 0.00195,
        "mrr_at_1": 0.357595,
        "mrr_at_3": 0.440137,
        "mrr_at_5": 0.460153,
        "mrr_at_10": 0.471584,
        "mrr_at_20": 0.476407,
        "mrr_at_100": 0.479173,
        "mrr_at_1000": 0.47953,
        "nauc_ndcg_at_1_max": 0.310832,
        "nauc_ndcg_at_1_std": 0.024705,
        "nauc_ndcg_at_1_diff1": 0.413068,
        "nauc_ndcg_at_3_max": 0.317827,
        "nauc_ndcg_at_3_std": 0.019156,
        "nauc_ndcg_at_3_diff1": 0.420876,
        "nauc_ndcg_at_5_max": 0.326784,
        "nauc_ndcg_at_5_std": 0.01598,
        "nauc_ndcg_at_5_diff1": 0.405729,
        "nauc_ndcg_at_10_max": 0.365377,
        "nauc_ndcg_at_10_std": 0.042308,
        "nauc_ndcg_at_10_diff1": 0.405054,
        "nauc_ndcg_at_20_max": 0.370307,
        "nauc_ndcg_at_20_std": 0.064399,
        "nauc_ndcg_at_20_diff1": 0.399951,
        "nauc_ndcg_at_100_max": 0.374803,
        "nauc_ndcg_at_100_std": 0.085347,
        "nauc_ndcg_at_100_diff1": 0.388083,
        "nauc_ndcg_at_1000_max": 0.368752,
        "nauc_ndcg_at_1000_std": 0.083134,
        "nauc_ndcg_at_1000_diff1": 0.390494,
        "nauc_map_at_1_max": 0.193123,
        "nauc_map_at_1_std": -0.046764,
        "nauc_map_at_1_diff1": 0.443727,
        "nauc_map_at_3_max": 0.274154,
        "nauc_map_at_3_std": -0.010379,
        "nauc_map_at_3_diff1": 0.438205,
        "nauc_map_at_5_max": 0.294229,
        "nauc_map_at_5_std": -0.005608,
        "nauc_map_at_5_diff1": 0.422737,
        "nauc_map_at_10_max": 0.326411,
        "nauc_map_at_10_std": 0.015426,
        "nauc_map_at_10_diff1": 0.419366,
        "nauc_map_at_20_max": 0.332394,
        "nauc_map_at_20_std": 0.027175,
        "nauc_map_at_20_diff1": 0.417001,
        "nauc_map_at_100_max": 0.334344,
        "nauc_map_at_100_std": 0.032286,
        "nauc_map_at_100_diff1": 0.414074,
        "nauc_map_at_1000_max": 0.334099,
        "nauc_map_at_1000_std": 0.032289,
        "nauc_map_at_1000_diff1": 0.414188,
        "nauc_recall_at_1_max": 0.193123,
        "nauc_recall_at_1_std": -0.046764,
        "nauc_recall_at_1_diff1": 0.443727,
        "nauc_recall_at_3_max": 0.267819,
        "nauc_recall_at_3_std": -0.000906,
        "nauc_recall_at_3_diff1": 0.411171,
        "nauc_recall_at_5_max": 0.287862,
        "nauc_recall_at_5_std": 0.00292,
        "nauc_recall_at_5_diff1": 0.354367,
        "nauc_recall_at_10_max": 0.376724,
        "nauc_recall_at_10_std": 0.060965,
        "nauc_recall_at_10_diff1": 0.342966,
        "nauc_recall_at_20_max": 0.383725,
        "nauc_recall_at_20_std": 0.132087,
        "nauc_recall_at_20_diff1": 0.320585,
        "nauc_recall_at_100_max": 0.435425,
        "nauc_recall_at_100_std": 0.292271,
        "nauc_recall_at_100_diff1": 0.225482,
        "nauc_recall_at_1000_max": 0.470371,
        "nauc_recall_at_1000_std": 0.64001,
        "nauc_recall_at_1000_diff1": 0.097242,
        "nauc_precision_at_1_max": 0.310832,
        "nauc_precision_at_1_std": 0.024705,
        "nauc_precision_at_1_diff1": 0.413068,
        "nauc_precision_at_3_max": 0.415999,
        "nauc_precision_at_3_std": 0.114189,
        "nauc_precision_at_3_diff1": 0.282571,
        "nauc_precision_at_5_max": 0.412229,
        "nauc_precision_at_5_std": 0.131129,
        "nauc_precision_at_5_diff1": 0.178304,
        "nauc_precision_at_10_max": 0.414803,
        "nauc_precision_at_10_std": 0.204296,
        "nauc_precision_at_10_diff1": 0.099164,
        "nauc_precision_at_20_max": 0.386354,
        "nauc_precision_at_20_std": 0.252452,
        "nauc_precision_at_20_diff1": 0.047593,
        "nauc_precision_at_100_max": 0.27904,
        "nauc_precision_at_100_std": 0.280003,
        "nauc_precision_at_100_diff1": -0.068887,
        "nauc_precision_at_1000_max": 0.161922,
        "nauc_precision_at_1000_std": 0.222228,
        "nauc_precision_at_1000_diff1": -0.126531,
        "nauc_mrr_at_1_max": 0.310832,
        "nauc_mrr_at_1_std": 0.024705,
        "nauc_mrr_at_1_diff1": 0.413068,
        "nauc_mrr_at_3_max": 0.345655,
        "nauc_mrr_at_3_std": 0.03439,
        "nauc_mrr_at_3_diff1": 0.405213,
        "nauc_mrr_at_5_max": 0.356415,
        "nauc_mrr_at_5_std": 0.043061,
        "nauc_mrr_at_5_diff1": 0.395642,
        "nauc_mrr_at_10_max": 0.35942,
        "nauc_mrr_at_10_std": 0.04738,
        "nauc_mrr_at_10_diff1": 0.396462,
        "nauc_mrr_at_20_max": 0.355146,
        "nauc_mrr_at_20_std": 0.047403,
        "nauc_mrr_at_20_diff1": 0.396171,
        "nauc_mrr_at_100_max": 0.354995,
        "nauc_mrr_at_100_std": 0.048062,
        "nauc_mrr_at_100_diff1": 0.395726,
        "nauc_mrr_at_1000_max": 0.354995,
        "nauc_mrr_at_1000_std": 0.048007,
        "nauc_mrr_at_1000_diff1": 0.395872,
        "main_score": 0.45506,
        "hf_subset": "fa",
        "languages": [
          "fas-Arab"
        ]
      }
    ]
  },
  "evaluation_time": 2872.422550201416,
  "kg_co2_emissions": null
}