{
  "dataset_revision": "88f90b0b04f91778ba5341095b0a9f1d7799ce10",
  "task_name": "MSMARCO-Fa",
  "mteb_version": "1.34.14",
  "scores": {
    "dev": [
      {
        "ndcg_at_1": 0.05845,
        "ndcg_at_3": 0.08921,
        "ndcg_at_5": 0.10226,
        "ndcg_at_10": 0.11707,
        "ndcg_at_20": 0.13093,
        "ndcg_at_100": 0.15605,
        "ndcg_at_1000": 0.17922,
        "map_at_1": 0.05666,
        "map_at_3": 0.08079,
        "map_at_5": 0.088,
        "map_at_10": 0.09409,
        "map_at_20": 0.09787,
        "map_at_100": 0.10127,
        "map_at_1000": 0.10202,
        "recall_at_1": 0.05666,
        "recall_at_3": 0.11165,
        "recall_at_5": 0.14287,
        "recall_at_10": 0.1886,
        "recall_at_20": 0.24266,
        "recall_at_100": 0.37767,
        "recall_at_1000": 0.56539,
        "precision_at_1": 0.05845,
        "precision_at_3": 0.03859,
        "precision_at_5": 0.02971,
        "precision_at_10": 0.01957,
        "precision_at_20": 0.01264,
        "precision_at_100": 0.00396,
        "precision_at_1000": 0.0006,
        "mrr_at_1": 0.058453,
        "mrr_at_3": 0.082832,
        "mrr_at_5": 0.090282,
        "mrr_at_10": 0.096392,
        "mrr_at_20": 0.10033,
        "mrr_at_100": 0.103726,
        "mrr_at_1000": 0.104452,
        "nauc_ndcg_at_1_max": 0.089535,
        "nauc_ndcg_at_1_std": -0.017463,
        "nauc_ndcg_at_1_diff1": 0.31748,
        "nauc_ndcg_at_3_max": 0.089099,
        "nauc_ndcg_at_3_std": 0.001715,
        "nauc_ndcg_at_3_diff1": 0.245448,
        "nauc_ndcg_at_5_max": 0.095843,
        "nauc_ndcg_at_5_std": 0.010433,
        "nauc_ndcg_at_5_diff1": 0.2342,
        "nauc_ndcg_at_10_max": 0.107282,
        "nauc_ndcg_at_10_std": 0.033492,
        "nauc_ndcg_at_10_diff1": 0.219778,
        "nauc_ndcg_at_20_max": 0.114617,
        "nauc_ndcg_at_20_std": 0.051884,
        "nauc_ndcg_at_20_diff1": 0.216821,
        "nauc_ndcg_at_100_max": 0.142388,
        "nauc_ndcg_at_100_std": 0.098077,
        "nauc_ndcg_at_100_diff1": 0.213772,
        "nauc_ndcg_at_1000_max": 0.156562,
        "nauc_ndcg_at_1000_std": 0.119819,
        "nauc_ndcg_at_1000_diff1": 0.212956,
        "nauc_map_at_1_max": 0.087666,
        "nauc_map_at_1_std": -0.023081,
        "nauc_map_at_1_diff1": 0.31546,
        "nauc_map_at_3_max": 0.086754,
        "nauc_map_at_3_std": -0.004817,
        "nauc_map_at_3_diff1": 0.256828,
        "nauc_map_at_5_max": 0.090851,
        "nauc_map_at_5_std": 0.000773,
        "nauc_map_at_5_diff1": 0.249422,
        "nauc_map_at_10_max": 0.09702,
        "nauc_map_at_10_std": 0.012926,
        "nauc_map_at_10_diff1": 0.241984,
        "nauc_map_at_20_max": 0.099664,
        "nauc_map_at_20_std": 0.019377,
        "nauc_map_at_20_diff1": 0.240636,
        "nauc_map_at_100_max": 0.104581,
        "nauc_map_at_100_std": 0.027464,
        "nauc_map_at_100_diff1": 0.239982,
        "nauc_map_at_1000_max": 0.105352,
        "nauc_map_at_1000_std": 0.028547,
        "nauc_map_at_1000_diff1": 0.239968,
        "nauc_recall_at_1_max": 0.087666,
        "nauc_recall_at_1_std": -0.023081,
        "nauc_recall_at_1_diff1": 0.31546,
        "nauc_recall_at_3_max": 0.091995,
        "nauc_recall_at_3_std": 0.013061,
        "nauc_recall_at_3_diff1": 0.218554,
        "nauc_recall_at_5_max": 0.103963,
        "nauc_recall_at_5_std": 0.026374,
        "nauc_recall_at_5_diff1": 0.202536,
        "nauc_recall_at_10_max": 0.124655,
        "nauc_recall_at_10_std": 0.069207,
        "nauc_recall_at_10_diff1": 0.177484,
        "nauc_recall_at_20_max": 0.13967,
        "nauc_recall_at_20_std": 0.109582,
        "nauc_recall_at_20_diff1": 0.173946,
        "nauc_recall_at_100_max": 0.2195,
        "nauc_recall_at_100_std": 0.24126,
        "nauc_recall_at_100_diff1": 0.168992,
        "nauc_recall_at_1000_max": 0.289092,
        "nauc_recall_at_1000_std": 0.354098,
        "nauc_recall_at_1000_diff1": 0.159936,
        "nauc_precision_at_1_max": 0.089535,
        "nauc_precision_at_1_std": -0.017463,
        "nauc_precision_at_1_diff1": 0.31748,
        "nauc_precision_at_3_max": 0.094861,
        "nauc_precision_at_3_std": 0.015388,
        "nauc_precision_at_3_diff1": 0.224479,
        "nauc_precision_at_5_max": 0.107081,
        "nauc_precision_at_5_std": 0.031146,
        "nauc_precision_at_5_diff1": 0.205449,
        "nauc_precision_at_10_max": 0.127733,
        "nauc_precision_at_10_std": 0.073209,
        "nauc_precision_at_10_diff1": 0.180393,
        "nauc_precision_at_20_max": 0.143149,
        "nauc_precision_at_20_std": 0.1133,
        "nauc_precision_at_20_diff1": 0.177942,
        "nauc_precision_at_100_max": 0.224489,
        "nauc_precision_at_100_std": 0.250447,
        "nauc_precision_at_100_diff1": 0.170855,
        "nauc_precision_at_1000_max": 0.289267,
        "nauc_precision_at_1000_std": 0.36082,
        "nauc_precision_at_1000_diff1": 0.156278,
        "nauc_mrr_at_1_max": 0.089535,
        "nauc_mrr_at_1_std": -0.017463,
        "nauc_mrr_at_1_diff1": 0.31748,
        "nauc_mrr_at_3_max": 0.089175,
        "nauc_mrr_at_3_std": -0.000499,
        "nauc_mrr_at_3_diff1": 0.258779,
        "nauc_mrr_at_5_max": 0.093772,
        "nauc_mrr_at_5_std": 0.006015,
        "nauc_mrr_at_5_diff1": 0.250981,
        "nauc_mrr_at_10_max": 0.099832,
        "nauc_mrr_at_10_std": 0.017891,
        "nauc_mrr_at_10_diff1": 0.244068,
        "nauc_mrr_at_20_max": 0.102416,
        "nauc_mrr_at_20_std": 0.024233,
        "nauc_mrr_at_20_diff1": 0.242632,
        "nauc_mrr_at_100_max": 0.107176,
        "nauc_mrr_at_100_std": 0.0322,
        "nauc_mrr_at_100_diff1": 0.241902,
        "nauc_mrr_at_1000_max": 0.10785,
        "nauc_mrr_at_1000_std": 0.033093,
        "nauc_mrr_at_1000_diff1": 0.241901,
        "main_score": 0.11707,
        "hf_subset": "default",
        "languages": [
          "fas-Arab"
        ]
      }
    ]
  },
  "evaluation_time": 15279.534732580185,
  "kg_co2_emissions": null
}