{
  "dataset_revision": "6611ebf4b4c1aaf8b021e4728440db2188291b8b",
  "task_name": "SCIDOCS-Fa",
  "mteb_version": "1.34.14",
  "scores": {
    "test": [
      {
        "ndcg_at_1": 0.137,
        "ndcg_at_3": 0.10402,
        "ndcg_at_5": 0.09053,
        "ndcg_at_10": 0.1088,
        "ndcg_at_20": 0.12396,
        "ndcg_at_100": 0.15455,
        "ndcg_at_1000": 0.19594,
        "map_at_1": 0.02785,
        "map_at_3": 0.04496,
        "map_at_5": 0.05271,
        "map_at_10": 0.06004,
        "map_at_20": 0.06451,
        "map_at_100": 0.06915,
        "map_at_1000": 0.07096,
        "recall_at_1": 0.02785,
        "recall_at_3": 0.0574,
        "recall_at_5": 0.0785,
        "recall_at_10": 0.1119,
        "recall_at_20": 0.14737,
        "recall_at_100": 0.2483,
        "recall_at_1000": 0.45207,
        "precision_at_1": 0.137,
        "precision_at_3": 0.09433,
        "precision_at_5": 0.0772,
        "precision_at_10": 0.0551,
        "precision_at_20": 0.03625,
        "precision_at_100": 0.01222,
        "precision_at_1000": 0.00223,
        "mrr_at_1": 0.137,
        "mrr_at_3": 0.181167,
        "mrr_at_5": 0.195067,
        "mrr_at_10": 0.207149,
        "mrr_at_20": 0.213325,
        "mrr_at_100": 0.217228,
        "mrr_at_1000": 0.218185,
        "nauc_ndcg_at_1_max": 0.192744,
        "nauc_ndcg_at_1_std": 0.074372,
        "nauc_ndcg_at_1_diff1": 0.206626,
        "nauc_ndcg_at_3_max": 0.207718,
        "nauc_ndcg_at_3_std": 0.120314,
        "nauc_ndcg_at_3_diff1": 0.183831,
        "nauc_ndcg_at_5_max": 0.213387,
        "nauc_ndcg_at_5_std": 0.158063,
        "nauc_ndcg_at_5_diff1": 0.170593,
        "nauc_ndcg_at_10_max": 0.225402,
        "nauc_ndcg_at_10_std": 0.184164,
        "nauc_ndcg_at_10_diff1": 0.169072,
        "nauc_ndcg_at_20_max": 0.231839,
        "nauc_ndcg_at_20_std": 0.210272,
        "nauc_ndcg_at_20_diff1": 0.172151,
        "nauc_ndcg_at_100_max": 0.239562,
        "nauc_ndcg_at_100_std": 0.253558,
        "nauc_ndcg_at_100_diff1": 0.173208,
        "nauc_ndcg_at_1000_max": 0.259002,
        "nauc_ndcg_at_1000_std": 0.285797,
        "nauc_ndcg_at_1000_diff1": 0.178466,
        "nauc_map_at_1_max": 0.191122,
        "nauc_map_at_1_std": 0.076397,
        "nauc_map_at_1_diff1": 0.203533,
        "nauc_map_at_3_max": 0.211228,
        "nauc_map_at_3_std": 0.111406,
        "nauc_map_at_3_diff1": 0.187259,
        "nauc_map_at_5_max": 0.223141,
        "nauc_map_at_5_std": 0.144098,
        "nauc_map_at_5_diff1": 0.178359,
        "nauc_map_at_10_max": 0.235365,
        "nauc_map_at_10_std": 0.167657,
        "nauc_map_at_10_diff1": 0.174678,
        "nauc_map_at_20_max": 0.242704,
        "nauc_map_at_20_std": 0.184652,
        "nauc_map_at_20_diff1": 0.176891,
        "nauc_map_at_100_max": 0.246116,
        "nauc_map_at_100_std": 0.198212,
        "nauc_map_at_100_diff1": 0.180162,
        "nauc_map_at_1000_max": 0.247632,
        "nauc_map_at_1000_std": 0.201846,
        "nauc_map_at_1000_diff1": 0.180516,
        "nauc_recall_at_1_max": 0.191122,
        "nauc_recall_at_1_std": 0.076397,
        "nauc_recall_at_1_diff1": 0.203533,
        "nauc_recall_at_3_max": 0.213049,
        "nauc_recall_at_3_std": 0.134168,
        "nauc_recall_at_3_diff1": 0.174134,
        "nauc_recall_at_5_max": 0.2189,
        "nauc_recall_at_5_std": 0.191783,
        "nauc_recall_at_5_diff1": 0.151518,
        "nauc_recall_at_10_max": 0.235505,
        "nauc_recall_at_10_std": 0.229757,
        "nauc_recall_at_10_diff1": 0.146531,
        "nauc_recall_at_20_max": 0.238773,
        "nauc_recall_at_20_std": 0.27106,
        "nauc_recall_at_20_diff1": 0.148578,
        "nauc_recall_at_100_max": 0.234533,
        "nauc_recall_at_100_std": 0.342924,
        "nauc_recall_at_100_diff1": 0.140502,
        "nauc_recall_at_1000_max": 0.265606,
        "nauc_recall_at_1000_std": 0.397445,
        "nauc_recall_at_1000_diff1": 0.139939,
        "nauc_precision_at_1_max": 0.192744,
        "nauc_precision_at_1_std": 0.074372,
        "nauc_precision_at_1_diff1": 0.206626,
        "nauc_precision_at_3_max": 0.214918,
        "nauc_precision_at_3_std": 0.133387,
        "nauc_precision_at_3_diff1": 0.175952,
        "nauc_precision_at_5_max": 0.219831,
        "nauc_precision_at_5_std": 0.191199,
        "nauc_precision_at_5_diff1": 0.155422,
        "nauc_precision_at_10_max": 0.235919,
        "nauc_precision_at_10_std": 0.230795,
        "nauc_precision_at_10_diff1": 0.150019,
        "nauc_precision_at_20_max": 0.239224,
        "nauc_precision_at_20_std": 0.274563,
        "nauc_precision_at_20_diff1": 0.153231,
        "nauc_precision_at_100_max": 0.232013,
        "nauc_precision_at_100_std": 0.344904,
        "nauc_precision_at_100_diff1": 0.142038,
        "nauc_precision_at_1000_max": 0.258893,
        "nauc_precision_at_1000_std": 0.397148,
        "nauc_precision_at_1000_diff1": 0.138161,
        "nauc_mrr_at_1_max": 0.192744,
        "nauc_mrr_at_1_std": 0.074372,
        "nauc_mrr_at_1_diff1": 0.206626,
        "nauc_mrr_at_3_max": 0.192123,
        "nauc_mrr_at_3_std": 0.114588,
        "nauc_mrr_at_3_diff1": 0.182041,
        "nauc_mrr_at_5_max": 0.186876,
        "nauc_mrr_at_5_std": 0.127412,
        "nauc_mrr_at_5_diff1": 0.176276,
        "nauc_mrr_at_10_max": 0.186354,
        "nauc_mrr_at_10_std": 0.133564,
        "nauc_mrr_at_10_diff1": 0.175454,
        "nauc_mrr_at_20_max": 0.185354,
        "nauc_mrr_at_20_std": 0.1381,
        "nauc_mrr_at_20_diff1": 0.175826,
        "nauc_mrr_at_100_max": 0.185361,
        "nauc_mrr_at_100_std": 0.140452,
        "nauc_mrr_at_100_diff1": 0.174624,
        "nauc_mrr_at_1000_max": 0.185894,
        "nauc_mrr_at_1000_std": 0.140543,
        "nauc_mrr_at_1000_diff1": 0.174864,
        "main_score": 0.1088,
        "hf_subset": "default",
        "languages": [
          "fas-Arab"
        ]
      }
    ]
  },
  "evaluation_time": 102.85998153686523,
  "kg_co2_emissions": null
}