{
  "dataset_revision": "7723397096199c4d6f367b445fccaf282c518abe",
  "task_name": "SciFact-Fa",
  "mteb_version": "1.34.14",
  "scores": {
    "test": [
      {
        "ndcg_at_1": 0.36667,
        "ndcg_at_3": 0.45024,
        "ndcg_at_5": 0.47519,
        "ndcg_at_10": 0.498,
        "ndcg_at_20": 0.51772,
        "ndcg_at_100": 0.54058,
        "ndcg_at_1000": 0.55551,
        "map_at_1": 0.34917,
        "map_at_3": 0.42269,
        "map_at_5": 0.43723,
        "map_at_10": 0.44712,
        "map_at_20": 0.45318,
        "map_at_100": 0.45678,
        "map_at_1000": 0.45733,
        "recall_at_1": 0.34917,
        "recall_at_3": 0.508,
        "recall_at_5": 0.57089,
        "recall_at_10": 0.63894,
        "recall_at_20": 0.7125,
        "recall_at_100": 0.8295,
        "recall_at_1000": 0.94767,
        "precision_at_1": 0.36667,
        "precision_at_3": 0.18333,
        "precision_at_5": 0.12467,
        "precision_at_10": 0.07033,
        "precision_at_20": 0.03983,
        "precision_at_100": 0.0094,
        "precision_at_1000": 0.00107,
        "mrr_at_1": 0.366667,
        "mrr_at_3": 0.439444,
        "mrr_at_5": 0.454278,
        "mrr_at_10": 0.463255,
        "mrr_at_20": 0.468084,
        "mrr_at_100": 0.4709,
        "mrr_at_1000": 0.471361,
        "nauc_ndcg_at_1_max": 0.311117,
        "nauc_ndcg_at_1_std": 0.053015,
        "nauc_ndcg_at_1_diff1": 0.672329,
        "nauc_ndcg_at_3_max": 0.289744,
        "nauc_ndcg_at_3_std": 0.048847,
        "nauc_ndcg_at_3_diff1": 0.610603,
        "nauc_ndcg_at_5_max": 0.314142,
        "nauc_ndcg_at_5_std": 0.047522,
        "nauc_ndcg_at_5_diff1": 0.590239,
        "nauc_ndcg_at_10_max": 0.322085,
        "nauc_ndcg_at_10_std": 0.045842,
        "nauc_ndcg_at_10_diff1": 0.593247,
        "nauc_ndcg_at_20_max": 0.316299,
        "nauc_ndcg_at_20_std": 0.037913,
        "nauc_ndcg_at_20_diff1": 0.586559,
        "nauc_ndcg_at_100_max": 0.322043,
        "nauc_ndcg_at_100_std": 0.044022,
        "nauc_ndcg_at_100_diff1": 0.590546,
        "nauc_ndcg_at_1000_max": 0.315412,
        "nauc_ndcg_at_1000_std": 0.04998,
        "nauc_ndcg_at_1000_diff1": 0.592558,
        "nauc_map_at_1_max": 0.285169,
        "nauc_map_at_1_std": 0.030275,
        "nauc_map_at_1_diff1": 0.675319,
        "nauc_map_at_3_max": 0.285104,
        "nauc_map_at_3_std": 0.040598,
        "nauc_map_at_3_diff1": 0.626872,
        "nauc_map_at_5_max": 0.299304,
        "nauc_map_at_5_std": 0.040431,
        "nauc_map_at_5_diff1": 0.615982,
        "nauc_map_at_10_max": 0.304778,
        "nauc_map_at_10_std": 0.040078,
        "nauc_map_at_10_diff1": 0.616846,
        "nauc_map_at_20_max": 0.304224,
        "nauc_map_at_20_std": 0.038898,
        "nauc_map_at_20_diff1": 0.614392,
        "nauc_map_at_100_max": 0.305028,
        "nauc_map_at_100_std": 0.040419,
        "nauc_map_at_100_diff1": 0.614362,
        "nauc_map_at_1000_max": 0.304784,
        "nauc_map_at_1000_std": 0.040738,
        "nauc_map_at_1000_diff1": 0.614328,
        "nauc_recall_at_1_max": 0.285169,
        "nauc_recall_at_1_std": 0.030275,
        "nauc_recall_at_1_diff1": 0.675319,
        "nauc_recall_at_3_max": 0.273308,
        "nauc_recall_at_3_std": 0.056942,
        "nauc_recall_at_3_diff1": 0.568978,
        "nauc_recall_at_5_max": 0.333161,
        "nauc_recall_at_5_std": 0.051059,
        "nauc_recall_at_5_diff1": 0.512392,
        "nauc_recall_at_10_max": 0.348176,
        "nauc_recall_at_10_std": 0.041201,
        "nauc_recall_at_10_diff1": 0.50705,
        "nauc_recall_at_20_max": 0.319836,
        "nauc_recall_at_20_std": -0.003511,
        "nauc_recall_at_20_diff1": 0.468763,
        "nauc_recall_at_100_max": 0.376488,
        "nauc_recall_at_100_std": 0.015503,
        "nauc_recall_at_100_diff1": 0.479018,
        "nauc_recall_at_1000_max": 0.200839,
        "nauc_recall_at_1000_std": 0.163277,
        "nauc_recall_at_1000_diff1": 0.395365,
        "nauc_precision_at_1_max": 0.311117,
        "nauc_precision_at_1_std": 0.053015,
        "nauc_precision_at_1_diff1": 0.672329,
        "nauc_precision_at_3_max": 0.300446,
        "nauc_precision_at_3_std": 0.115012,
        "nauc_precision_at_3_diff1": 0.504129,
        "nauc_precision_at_5_max": 0.374329,
        "nauc_precision_at_5_std": 0.133803,
        "nauc_precision_at_5_diff1": 0.428333,
        "nauc_precision_at_10_max": 0.411518,
        "nauc_precision_at_10_std": 0.152012,
        "nauc_precision_at_10_diff1": 0.384867,
        "nauc_precision_at_20_max": 0.350126,
        "nauc_precision_at_20_std": 0.123849,
        "nauc_precision_at_20_diff1": 0.26445,
        "nauc_precision_at_100_max": 0.321473,
        "nauc_precision_at_100_std": 0.150338,
        "nauc_precision_at_100_diff1": 0.137353,
        "nauc_precision_at_1000_max": 0.234742,
        "nauc_precision_at_1000_std": 0.231212,
        "nauc_precision_at_1000_diff1": -0.052627,
        "nauc_mrr_at_1_max": 0.311117,
        "nauc_mrr_at_1_std": 0.053015,
        "nauc_mrr_at_1_diff1": 0.672329,
        "nauc_mrr_at_3_max": 0.302764,
        "nauc_mrr_at_3_std": 0.050933,
        "nauc_mrr_at_3_diff1": 0.619705,
        "nauc_mrr_at_5_max": 0.320245,
        "nauc_mrr_at_5_std": 0.049513,
        "nauc_mrr_at_5_diff1": 0.607397,
        "nauc_mrr_at_10_max": 0.3211,
        "nauc_mrr_at_10_std": 0.048671,
        "nauc_mrr_at_10_diff1": 0.611465,
        "nauc_mrr_at_20_max": 0.319424,
        "nauc_mrr_at_20_std": 0.046221,
        "nauc_mrr_at_20_diff1": 0.610172,
        "nauc_mrr_at_100_max": 0.319823,
        "nauc_mrr_at_100_std": 0.047284,
        "nauc_mrr_at_100_diff1": 0.610161,
        "nauc_mrr_at_1000_max": 0.319579,
        "nauc_mrr_at_1000_std": 0.047556,
        "nauc_mrr_at_1000_diff1": 0.610131,
        "main_score": 0.498,
        "hf_subset": "default",
        "languages": [
          "fas-Arab"
        ]
      }
    ]
  },
  "evaluation_time": 26.405598163604736,
  "kg_co2_emissions": null
}