{
  "dataset_revision": "9d32af6540970e2845028cbfffe6b0d0e8f52428",
  "task_name": "SynPerChatbotRAGFAQRetrieval",
  "mteb_version": "1.34.14",
  "scores": {
    "test": [
      {
        "ndcg_at_1": 0.3965,
        "ndcg_at_3": 0.48549,
        "ndcg_at_5": 0.52515,
        "ndcg_at_10": 0.55545,
        "ndcg_at_20": 0.57471,
        "ndcg_at_100": 0.59694,
        "ndcg_at_1000": 0.60422,
        "map_at_1": 0.3965,
        "map_at_3": 0.4632,
        "map_at_5": 0.48514,
        "map_at_10": 0.49762,
        "map_at_20": 0.50301,
        "map_at_100": 0.50617,
        "map_at_1000": 0.50647,
        "recall_at_1": 0.3965,
        "recall_at_3": 0.55014,
        "recall_at_5": 0.64673,
        "recall_at_10": 0.74057,
        "recall_at_20": 0.81601,
        "recall_at_100": 0.93468,
        "recall_at_1000": 0.9908,
        "precision_at_1": 0.3965,
        "precision_at_3": 0.18338,
        "precision_at_5": 0.12935,
        "precision_at_10": 0.07406,
        "precision_at_20": 0.0408,
        "precision_at_100": 0.00935,
        "precision_at_1000": 0.00099,
        "mrr_at_1": 0.396504,
        "mrr_at_3": 0.463201,
        "mrr_at_5": 0.485143,
        "mrr_at_10": 0.497625,
        "mrr_at_20": 0.50301,
        "mrr_at_100": 0.506169,
        "mrr_at_1000": 0.50647,
        "nauc_ndcg_at_1_max": 0.232623,
        "nauc_ndcg_at_1_std": -0.015979,
        "nauc_ndcg_at_1_diff1": 0.669461,
        "nauc_ndcg_at_3_max": 0.228597,
        "nauc_ndcg_at_3_std": -0.016827,
        "nauc_ndcg_at_3_diff1": 0.613619,
        "nauc_ndcg_at_5_max": 0.252343,
        "nauc_ndcg_at_5_std": 0.015387,
        "nauc_ndcg_at_5_diff1": 0.605172,
        "nauc_ndcg_at_10_max": 0.263287,
        "nauc_ndcg_at_10_std": 0.021575,
        "nauc_ndcg_at_10_diff1": 0.602779,
        "nauc_ndcg_at_20_max": 0.264543,
        "nauc_ndcg_at_20_std": 0.027072,
        "nauc_ndcg_at_20_diff1": 0.596591,
        "nauc_ndcg_at_100_max": 0.261649,
        "nauc_ndcg_at_100_std": 0.023874,
        "nauc_ndcg_at_100_diff1": 0.603285,
        "nauc_ndcg_at_1000_max": 0.254563,
        "nauc_ndcg_at_1000_std": 0.016747,
        "nauc_ndcg_at_1000_diff1": 0.608647,
        "nauc_map_at_1_max": 0.232623,
        "nauc_map_at_1_std": -0.015979,
        "nauc_map_at_1_diff1": 0.669461,
        "nauc_map_at_3_max": 0.2291,
        "nauc_map_at_3_std": -0.016134,
        "nauc_map_at_3_diff1": 0.627843,
        "nauc_map_at_5_max": 0.241445,
        "nauc_map_at_5_std": 0.000903,
        "nauc_map_at_5_diff1": 0.623339,
        "nauc_map_at_10_max": 0.245419,
        "nauc_map_at_10_std": 0.002948,
        "nauc_map_at_10_diff1": 0.622835,
        "nauc_map_at_20_max": 0.245253,
        "nauc_map_at_20_std": 0.004037,
        "nauc_map_at_20_diff1": 0.621452,
        "nauc_map_at_100_max": 0.244658,
        "nauc_map_at_100_std": 0.003332,
        "nauc_map_at_100_diff1": 0.622212,
        "nauc_map_at_1000_max": 0.244405,
        "nauc_map_at_1000_std": 0.003091,
        "nauc_map_at_1000_diff1": 0.622424,
        "nauc_recall_at_1_max": 0.232623,
        "nauc_recall_at_1_std": -0.015979,
        "nauc_recall_at_1_diff1": 0.669461,
        "nauc_recall_at_3_max": 0.227284,
        "nauc_recall_at_3_std": -0.019143,
        "nauc_recall_at_3_diff1": 0.570204,
        "nauc_recall_at_5_max": 0.294375,
        "nauc_recall_at_5_std": 0.070371,
        "nauc_recall_at_5_diff1": 0.542246,
        "nauc_recall_at_10_max": 0.350352,
        "nauc_recall_at_10_std": 0.110015,
        "nauc_recall_at_10_diff1": 0.516307,
        "nauc_recall_at_20_max": 0.390987,
        "nauc_recall_at_20_std": 0.176478,
        "nauc_recall_at_20_diff1": 0.447788,
        "nauc_recall_at_100_max": 0.541073,
        "nauc_recall_at_100_std": 0.360934,
        "nauc_recall_at_100_diff1": 0.37122,
        "nauc_recall_at_1000_max": 0.652235,
        "nauc_recall_at_1000_std": 0.78808,
        "nauc_recall_at_1000_diff1": 0.132007,
        "nauc_precision_at_1_max": 0.232623,
        "nauc_precision_at_1_std": -0.015979,
        "nauc_precision_at_1_diff1": 0.669461,
        "nauc_precision_at_3_max": 0.227284,
        "nauc_precision_at_3_std": -0.019143,
        "nauc_precision_at_3_diff1": 0.570204,
        "nauc_precision_at_5_max": 0.294375,
        "nauc_precision_at_5_std": 0.070371,
        "nauc_precision_at_5_diff1": 0.542246,
        "nauc_precision_at_10_max": 0.350352,
        "nauc_precision_at_10_std": 0.110015,
        "nauc_precision_at_10_diff1": 0.516307,
        "nauc_precision_at_20_max": 0.390987,
        "nauc_precision_at_20_std": 0.176478,
        "nauc_precision_at_20_diff1": 0.447788,
        "nauc_precision_at_100_max": 0.541073,
        "nauc_precision_at_100_std": 0.360934,
        "nauc_precision_at_100_diff1": 0.37122,
        "nauc_precision_at_1000_max": 0.652235,
        "nauc_precision_at_1000_std": 0.78808,
        "nauc_precision_at_1000_diff1": 0.132007,
        "nauc_mrr_at_1_max": 0.232623,
        "nauc_mrr_at_1_std": -0.015979,
        "nauc_mrr_at_1_diff1": 0.669461,
        "nauc_mrr_at_3_max": 0.2291,
        "nauc_mrr_at_3_std": -0.016134,
        "nauc_mrr_at_3_diff1": 0.627843,
        "nauc_mrr_at_5_max": 0.241445,
        "nauc_mrr_at_5_std": 0.000903,
        "nauc_mrr_at_5_diff1": 0.623339,
        "nauc_mrr_at_10_max": 0.245419,
        "nauc_mrr_at_10_std": 0.002948,
        "nauc_mrr_at_10_diff1": 0.622835,
        "nauc_mrr_at_20_max": 0.245253,
        "nauc_mrr_at_20_std": 0.004037,
        "nauc_mrr_at_20_diff1": 0.621452,
        "nauc_mrr_at_100_max": 0.244658,
        "nauc_mrr_at_100_std": 0.003332,
        "nauc_mrr_at_100_diff1": 0.622212,
        "nauc_mrr_at_1000_max": 0.244405,
        "nauc_mrr_at_1000_std": 0.003091,
        "nauc_mrr_at_1000_diff1": 0.622424,
        "main_score": 0.55545,
        "hf_subset": "default",
        "languages": [
          "fas-Arab"
        ]
      }
    ]
  },
  "evaluation_time": 11.931995391845703,
  "kg_co2_emissions": null
}