{
  "dataset_revision": "086995ca4cea33f37a407c2fa5282f74913740ee",
  "task_name": "SynPerChatbotTopicsRetrieval",
  "mteb_version": "1.34.14",
  "scores": {
    "test": [
      {
        "ndcg_at_1": 0.48926,
        "ndcg_at_3": 0.38494,
        "ndcg_at_5": 0.43386,
        "ndcg_at_10": 0.50822,
        "ndcg_at_20": 0.56183,
        "ndcg_at_100": 0.61232,
        "ndcg_at_1000": 0.62372,
        "map_at_1": 0.15504,
        "map_at_3": 0.26717,
        "map_at_5": 0.31216,
        "map_at_10": 0.35958,
        "map_at_20": 0.38577,
        "map_at_100": 0.40083,
        "map_at_1000": 0.40178,
        "recall_at_1": 0.15504,
        "recall_at_3": 0.33416,
        "recall_at_5": 0.44313,
        "recall_at_10": 0.60305,
        "recall_at_20": 0.74945,
        "recall_at_100": 0.93215,
        "recall_at_1000": 0.99393,
        "precision_at_1": 0.48926,
        "precision_at_3": 0.35307,
        "precision_at_5": 0.28133,
        "precision_at_10": 0.19167,
        "precision_at_20": 0.11952,
        "precision_at_100": 0.0298,
        "precision_at_1000": 0.00318,
        "mrr_at_1": 0.489915,
        "mrr_at_3": 0.627413,
        "mrr_at_5": 0.6509,
        "mrr_at_10": 0.660241,
        "mrr_at_20": 0.662319,
        "mrr_at_100": 0.662507,
        "mrr_at_1000": 0.662507,
        "nauc_ndcg_at_1_max": 0.030701,
        "nauc_ndcg_at_1_std": -0.106063,
        "nauc_ndcg_at_1_diff1": 0.278674,
        "nauc_ndcg_at_3_max": 0.010178,
        "nauc_ndcg_at_3_std": -0.127661,
        "nauc_ndcg_at_3_diff1": 0.215904,
        "nauc_ndcg_at_5_max": 0.023696,
        "nauc_ndcg_at_5_std": -0.132488,
        "nauc_ndcg_at_5_diff1": 0.210952,
        "nauc_ndcg_at_10_max": 0.050871,
        "nauc_ndcg_at_10_std": -0.12002,
        "nauc_ndcg_at_10_diff1": 0.197034,
        "nauc_ndcg_at_20_max": 0.044668,
        "nauc_ndcg_at_20_std": -0.103069,
        "nauc_ndcg_at_20_diff1": 0.200301,
        "nauc_ndcg_at_100_max": 0.045196,
        "nauc_ndcg_at_100_std": -0.083936,
        "nauc_ndcg_at_100_diff1": 0.215776,
        "nauc_ndcg_at_1000_max": 0.03821,
        "nauc_ndcg_at_1000_std": -0.101871,
        "nauc_ndcg_at_1000_diff1": 0.221634,
        "nauc_map_at_1_max": 0.060111,
        "nauc_map_at_1_std": -0.095298,
        "nauc_map_at_1_diff1": 0.26071,
        "nauc_map_at_3_max": 0.024803,
        "nauc_map_at_3_std": -0.12095,
        "nauc_map_at_3_diff1": 0.193533,
        "nauc_map_at_5_max": 0.012805,
        "nauc_map_at_5_std": -0.12621,
        "nauc_map_at_5_diff1": 0.189544,
        "nauc_map_at_10_max": 0.031707,
        "nauc_map_at_10_std": -0.123105,
        "nauc_map_at_10_diff1": 0.180244,
        "nauc_map_at_20_max": 0.028436,
        "nauc_map_at_20_std": -0.114608,
        "nauc_map_at_20_diff1": 0.182714,
        "nauc_map_at_100_max": 0.028791,
        "nauc_map_at_100_std": -0.108389,
        "nauc_map_at_100_diff1": 0.186672,
        "nauc_map_at_1000_max": 0.028311,
        "nauc_map_at_1000_std": -0.109453,
        "nauc_map_at_1000_diff1": 0.186863,
        "nauc_recall_at_1_max": 0.060111,
        "nauc_recall_at_1_std": -0.095298,
        "nauc_recall_at_1_diff1": 0.26071,
        "nauc_recall_at_3_max": 0.032705,
        "nauc_recall_at_3_std": -0.133083,
        "nauc_recall_at_3_diff1": 0.17301,
        "nauc_recall_at_5_max": 0.01825,
        "nauc_recall_at_5_std": -0.128452,
        "nauc_recall_at_5_diff1": 0.145057,
        "nauc_recall_at_10_max": 0.07358,
        "nauc_recall_at_10_std": -0.082078,
        "nauc_recall_at_10_diff1": 0.084024,
        "nauc_recall_at_20_max": 0.063585,
        "nauc_recall_at_20_std": -0.019961,
        "nauc_recall_at_20_diff1": 0.06061,
        "nauc_recall_at_100_max": 0.123788,
        "nauc_recall_at_100_std": 0.216135,
        "nauc_recall_at_100_diff1": 0.048998,
        "nauc_recall_at_1000_max": 0.17554,
        "nauc_recall_at_1000_std": 0.293556,
        "nauc_recall_at_1000_diff1": 0.172682,
        "nauc_precision_at_1_max": 0.030701,
        "nauc_precision_at_1_std": -0.106063,
        "nauc_precision_at_1_diff1": 0.278674,
        "nauc_precision_at_3_max": -0.005654,
        "nauc_precision_at_3_std": -0.136541,
        "nauc_precision_at_3_diff1": 0.184653,
        "nauc_precision_at_5_max": -0.027876,
        "nauc_precision_at_5_std": -0.127167,
        "nauc_precision_at_5_diff1": 0.152184,
        "nauc_precision_at_10_max": 0.012491,
        "nauc_precision_at_10_std": -0.074234,
        "nauc_precision_at_10_diff1": 0.081064,
        "nauc_precision_at_20_max": -0.026725,
        "nauc_precision_at_20_std": -0.011776,
        "nauc_precision_at_20_diff1": 0.053428,
        "nauc_precision_at_100_max": -0.076317,
        "nauc_precision_at_100_std": 0.113759,
        "nauc_precision_at_100_diff1": 0.042248,
        "nauc_precision_at_1000_max": -0.169181,
        "nauc_precision_at_1000_std": 0.031587,
        "nauc_precision_at_1000_diff1": 0.043819,
        "nauc_mrr_at_1_max": 0.028857,
        "nauc_mrr_at_1_std": -0.107696,
        "nauc_mrr_at_1_diff1": 0.276886,
        "nauc_mrr_at_3_max": 0.044251,
        "nauc_mrr_at_3_std": -0.124783,
        "nauc_mrr_at_3_diff1": 0.27975,
        "nauc_mrr_at_5_max": 0.050028,
        "nauc_mrr_at_5_std": -0.123171,
        "nauc_mrr_at_5_diff1": 0.288357,
        "nauc_mrr_at_10_max": 0.047498,
        "nauc_mrr_at_10_std": -0.117783,
        "nauc_mrr_at_10_diff1": 0.286018,
        "nauc_mrr_at_20_max": 0.046577,
        "nauc_mrr_at_20_std": -0.117808,
        "nauc_mrr_at_20_diff1": 0.284525,
        "nauc_mrr_at_100_max": 0.046132,
        "nauc_mrr_at_100_std": -0.118057,
        "nauc_mrr_at_100_diff1": 0.284364,
        "nauc_mrr_at_1000_max": 0.046132,
        "nauc_mrr_at_1000_std": -0.118057,
        "nauc_mrr_at_1000_diff1": 0.284364,
        "main_score": 0.50822,
        "hf_subset": "default",
        "languages": [
          "fas-Arab"
        ]
      }
    ]
  },
  "evaluation_time": 10.728315830230713,
  "kg_co2_emissions": null
}