{
  "dataset_revision": "98e6c2d33dfa166ee326e8b1bc7ea82c7e6898dd",
  "task_name": "TRECCOVID-Fa",
  "mteb_version": "1.34.14",
  "scores": {
    "test": [
      {
        "ndcg_at_1": 0.61,
        "ndcg_at_3": 0.5495,
        "ndcg_at_5": 0.50324,
        "ndcg_at_10": 0.45521,
        "ndcg_at_20": 0.41579,
        "ndcg_at_100": 0.31046,
        "ndcg_at_1000": 0.27074,
        "map_at_1": 0.00158,
        "map_at_3": 0.00391,
        "map_at_5": 0.00555,
        "map_at_10": 0.00884,
        "map_at_20": 0.01408,
        "map_at_100": 0.03756,
        "map_at_1000": 0.08163,
        "recall_at_1": 0.00158,
        "recall_at_3": 0.00438,
        "recall_at_5": 0.00656,
        "recall_at_10": 0.01154,
        "recall_at_20": 0.02064,
        "recall_at_100": 0.07171,
        "recall_at_1000": 0.25385,
        "precision_at_1": 0.64,
        "precision_at_3": 0.56,
        "precision_at_5": 0.52,
        "precision_at_10": 0.464,
        "precision_at_20": 0.428,
        "precision_at_100": 0.3146,
        "precision_at_1000": 0.12076,
        "mrr_at_1": 0.64,
        "mrr_at_3": 0.743333,
        "mrr_at_5": 0.757333,
        "mrr_at_10": 0.764,
        "mrr_at_20": 0.765538,
        "mrr_at_100": 0.766145,
        "mrr_at_1000": 0.766145,
        "nauc_ndcg_at_1_max": 0.127423,
        "nauc_ndcg_at_1_std": 0.082663,
        "nauc_ndcg_at_1_diff1": 0.164338,
        "nauc_ndcg_at_3_max": 0.127879,
        "nauc_ndcg_at_3_std": 0.294025,
        "nauc_ndcg_at_3_diff1": 0.131429,
        "nauc_ndcg_at_5_max": 0.189977,
        "nauc_ndcg_at_5_std": 0.320185,
        "nauc_ndcg_at_5_diff1": 0.21051,
        "nauc_ndcg_at_10_max": 0.241071,
        "nauc_ndcg_at_10_std": 0.388193,
        "nauc_ndcg_at_10_diff1": 0.304838,
        "nauc_ndcg_at_20_max": 0.267068,
        "nauc_ndcg_at_20_std": 0.418378,
        "nauc_ndcg_at_20_diff1": 0.319683,
        "nauc_ndcg_at_100_max": 0.253556,
        "nauc_ndcg_at_100_std": 0.530534,
        "nauc_ndcg_at_100_diff1": 0.352846,
        "nauc_ndcg_at_1000_max": 0.27627,
        "nauc_ndcg_at_1000_std": 0.643706,
        "nauc_ndcg_at_1000_diff1": 0.380523,
        "nauc_map_at_1_max": 0.162423,
        "nauc_map_at_1_std": -0.073765,
        "nauc_map_at_1_diff1": 0.120425,
        "nauc_map_at_3_max": 0.112777,
        "nauc_map_at_3_std": 0.12211,
        "nauc_map_at_3_diff1": 0.064502,
        "nauc_map_at_5_max": 0.179803,
        "nauc_map_at_5_std": 0.187615,
        "nauc_map_at_5_diff1": 0.153323,
        "nauc_map_at_10_max": 0.226561,
        "nauc_map_at_10_std": 0.303548,
        "nauc_map_at_10_diff1": 0.270772,
        "nauc_map_at_20_max": 0.270676,
        "nauc_map_at_20_std": 0.371742,
        "nauc_map_at_20_diff1": 0.314743,
        "nauc_map_at_100_max": 0.312214,
        "nauc_map_at_100_std": 0.516964,
        "nauc_map_at_100_diff1": 0.352705,
        "nauc_map_at_1000_max": 0.314009,
        "nauc_map_at_1000_std": 0.663924,
        "nauc_map_at_1000_diff1": 0.342511,
        "nauc_recall_at_1_max": 0.162423,
        "nauc_recall_at_1_std": -0.073765,
        "nauc_recall_at_1_diff1": 0.120425,
        "nauc_recall_at_3_max": 0.126613,
        "nauc_recall_at_3_std": 0.11347,
        "nauc_recall_at_3_diff1": 0.053187,
        "nauc_recall_at_5_max": 0.1958,
        "nauc_recall_at_5_std": 0.147957,
        "nauc_recall_at_5_diff1": 0.164071,
        "nauc_recall_at_10_max": 0.240128,
        "nauc_recall_at_10_std": 0.228223,
        "nauc_recall_at_10_diff1": 0.298511,
        "nauc_recall_at_20_max": 0.280136,
        "nauc_recall_at_20_std": 0.272208,
        "nauc_recall_at_20_diff1": 0.334987,
        "nauc_recall_at_100_max": 0.259196,
        "nauc_recall_at_100_std": 0.47662,
        "nauc_recall_at_100_diff1": 0.357044,
        "nauc_recall_at_1000_max": 0.243109,
        "nauc_recall_at_1000_std": 0.681512,
        "nauc_recall_at_1000_diff1": 0.326994,
        "nauc_precision_at_1_max": 0.220462,
        "nauc_precision_at_1_std": 0.089252,
        "nauc_precision_at_1_diff1": 0.175406,
        "nauc_precision_at_3_max": 0.164191,
        "nauc_precision_at_3_std": 0.362908,
        "nauc_precision_at_3_diff1": 0.130592,
        "nauc_precision_at_5_max": 0.243359,
        "nauc_precision_at_5_std": 0.328943,
        "nauc_precision_at_5_diff1": 0.23799,
        "nauc_precision_at_10_max": 0.303943,
        "nauc_precision_at_10_std": 0.405048,
        "nauc_precision_at_10_diff1": 0.358109,
        "nauc_precision_at_20_max": 0.321285,
        "nauc_precision_at_20_std": 0.416654,
        "nauc_precision_at_20_diff1": 0.34327,
        "nauc_precision_at_100_max": 0.272081,
        "nauc_precision_at_100_std": 0.545392,
        "nauc_precision_at_100_diff1": 0.325338,
        "nauc_precision_at_1000_max": 0.180455,
        "nauc_precision_at_1000_std": 0.56192,
        "nauc_precision_at_1000_diff1": 0.210282,
        "nauc_mrr_at_1_max": 0.220462,
        "nauc_mrr_at_1_std": 0.089252,
        "nauc_mrr_at_1_diff1": 0.175406,
        "nauc_mrr_at_3_max": 0.28445,
        "nauc_mrr_at_3_std": 0.196362,
        "nauc_mrr_at_3_diff1": 0.178934,
        "nauc_mrr_at_5_max": 0.305717,
        "nauc_mrr_at_5_std": 0.157663,
        "nauc_mrr_at_5_diff1": 0.189161,
        "nauc_mrr_at_10_max": 0.287206,
        "nauc_mrr_at_10_std": 0.136395,
        "nauc_mrr_at_10_diff1": 0.176755,
        "nauc_mrr_at_20_max": 0.285137,
        "nauc_mrr_at_20_std": 0.133157,
        "nauc_mrr_at_20_diff1": 0.177173,
        "nauc_mrr_at_100_max": 0.282947,
        "nauc_mrr_at_100_std": 0.138894,
        "nauc_mrr_at_100_diff1": 0.175504,
        "nauc_mrr_at_1000_max": 0.282947,
        "nauc_mrr_at_1000_std": 0.138894,
        "nauc_mrr_at_1000_diff1": 0.175504,
        "main_score": 0.45521,
        "hf_subset": "default",
        "languages": [
          "fas-Arab"
        ]
      }
    ]
  },
  "evaluation_time": 642.4801208972931,
  "kg_co2_emissions": null
}