{
  "dataset_revision": "3b6ea595c94bac3448a2ad167ca2e06abd340d6e",
  "task_name": "WikipediaRetrievalMultilingual",
  "mteb_version": "1.34.14",
  "scores": {
    "test": [
      {
        "ndcg_at_1": 0.78667,
        "ndcg_at_3": 0.85852,
        "ndcg_at_5": 0.87267,
        "ndcg_at_10": 0.88155,
        "ndcg_at_20": 0.88457,
        "ndcg_at_100": 0.88666,
        "ndcg_at_1000": 0.88752,
        "map_at_1": 0.78667,
        "map_at_3": 0.84156,
        "map_at_5": 0.84949,
        "map_at_10": 0.8533,
        "map_at_20": 0.85422,
        "map_at_100": 0.85454,
        "map_at_1000": 0.85458,
        "recall_at_1": 0.78667,
        "recall_at_3": 0.90733,
        "recall_at_5": 0.94133,
        "recall_at_10": 0.968,
        "recall_at_20": 0.97933,
        "recall_at_100": 0.99,
        "recall_at_1000": 0.99667,
        "precision_at_1": 0.78667,
        "precision_at_3": 0.30244,
        "precision_at_5": 0.18827,
        "precision_at_10": 0.0968,
        "precision_at_20": 0.04897,
        "precision_at_100": 0.0099,
        "precision_at_1000": 0.001,
        "mrr_at_1": 0.786667,
        "mrr_at_3": 0.841778,
        "mrr_at_5": 0.849711,
        "mrr_at_10": 0.853412,
        "mrr_at_20": 0.854329,
        "mrr_at_100": 0.854656,
        "mrr_at_1000": 0.854692,
        "nauc_ndcg_at_1_max": 0.450071,
        "nauc_ndcg_at_1_std": -0.108147,
        "nauc_ndcg_at_1_diff1": 0.786938,
        "nauc_ndcg_at_3_max": 0.474848,
        "nauc_ndcg_at_3_std": -0.113304,
        "nauc_ndcg_at_3_diff1": 0.753534,
        "nauc_ndcg_at_5_max": 0.474774,
        "nauc_ndcg_at_5_std": -0.100889,
        "nauc_ndcg_at_5_diff1": 0.75929,
        "nauc_ndcg_at_10_max": 0.487643,
        "nauc_ndcg_at_10_std": -0.08382,
        "nauc_ndcg_at_10_diff1": 0.761074,
        "nauc_ndcg_at_20_max": 0.483412,
        "nauc_ndcg_at_20_std": -0.085277,
        "nauc_ndcg_at_20_diff1": 0.761596,
        "nauc_ndcg_at_100_max": 0.479431,
        "nauc_ndcg_at_100_std": -0.087322,
        "nauc_ndcg_at_100_diff1": 0.76385,
        "nauc_ndcg_at_1000_max": 0.477865,
        "nauc_ndcg_at_1000_std": -0.091399,
        "nauc_ndcg_at_1000_diff1": 0.76503,
        "nauc_map_at_1_max": 0.450071,
        "nauc_map_at_1_std": -0.108147,
        "nauc_map_at_1_diff1": 0.786938,
        "nauc_map_at_3_max": 0.467955,
        "nauc_map_at_3_std": -0.111946,
        "nauc_map_at_3_diff1": 0.763623,
        "nauc_map_at_5_max": 0.467175,
        "nauc_map_at_5_std": -0.105737,
        "nauc_map_at_5_diff1": 0.76694,
        "nauc_map_at_10_max": 0.471923,
        "nauc_map_at_10_std": -0.099324,
        "nauc_map_at_10_diff1": 0.76783,
        "nauc_map_at_20_max": 0.470778,
        "nauc_map_at_20_std": -0.099965,
        "nauc_map_at_20_diff1": 0.767989,
        "nauc_map_at_100_max": 0.47032,
        "nauc_map_at_100_std": -0.10005,
        "nauc_map_at_100_diff1": 0.768341,
        "nauc_map_at_1000_max": 0.470267,
        "nauc_map_at_1000_std": -0.100219,
        "nauc_map_at_1000_diff1": 0.76839,
        "nauc_recall_at_1_max": 0.450071,
        "nauc_recall_at_1_std": -0.108147,
        "nauc_recall_at_1_diff1": 0.786938,
        "nauc_recall_at_3_max": 0.506301,
        "nauc_recall_at_3_std": -0.119444,
        "nauc_recall_at_3_diff1": 0.7069,
        "nauc_recall_at_5_max": 0.527741,
        "nauc_recall_at_5_std": -0.063572,
        "nauc_recall_at_5_diff1": 0.708333,
        "nauc_recall_at_10_max": 0.696477,
        "nauc_recall_at_10_std": 0.133053,
        "nauc_recall_at_10_diff1": 0.683425,
        "nauc_recall_at_20_max": 0.728547,
        "nauc_recall_at_20_std": 0.232403,
        "nauc_recall_at_20_diff1": 0.651667,
        "nauc_recall_at_100_max": 0.759633,
        "nauc_recall_at_100_std": 0.416869,
        "nauc_recall_at_100_diff1": 0.645596,
        "nauc_recall_at_1000_max": 0.947712,
        "nauc_recall_at_1000_std": 0.514099,
        "nauc_recall_at_1000_diff1": 0.687302,
        "nauc_precision_at_1_max": 0.450071,
        "nauc_precision_at_1_std": -0.108147,
        "nauc_precision_at_1_diff1": 0.786938,
        "nauc_precision_at_3_max": 0.506301,
        "nauc_precision_at_3_std": -0.119444,
        "nauc_precision_at_3_diff1": 0.7069,
        "nauc_precision_at_5_max": 0.527741,
        "nauc_precision_at_5_std": -0.063572,
        "nauc_precision_at_5_diff1": 0.708333,
        "nauc_precision_at_10_max": 0.696477,
        "nauc_precision_at_10_std": 0.133053,
        "nauc_precision_at_10_diff1": 0.683425,
        "nauc_precision_at_20_max": 0.728547,
        "nauc_precision_at_20_std": 0.232403,
        "nauc_precision_at_20_diff1": 0.651667,
        "nauc_precision_at_100_max": 0.759633,
        "nauc_precision_at_100_std": 0.416869,
        "nauc_precision_at_100_diff1": 0.645596,
        "nauc_precision_at_1000_max": 0.947712,
        "nauc_precision_at_1000_std": 0.514099,
        "nauc_precision_at_1000_diff1": 0.687302,
        "nauc_mrr_at_1_max": 0.450071,
        "nauc_mrr_at_1_std": -0.108147,
        "nauc_mrr_at_1_diff1": 0.786938,
        "nauc_mrr_at_3_max": 0.471967,
        "nauc_mrr_at_3_std": -0.108136,
        "nauc_mrr_at_3_diff1": 0.763271,
        "nauc_mrr_at_5_max": 0.471412,
        "nauc_mrr_at_5_std": -0.101704,
        "nauc_mrr_at_5_diff1": 0.766573,
        "nauc_mrr_at_10_max": 0.47497,
        "nauc_mrr_at_10_std": -0.096496,
        "nauc_mrr_at_10_diff1": 0.767642,
        "nauc_mrr_at_20_max": 0.473845,
        "nauc_mrr_at_20_std": -0.097118,
        "nauc_mrr_at_20_diff1": 0.7678,
        "nauc_mrr_at_100_max": 0.473394,
        "nauc_mrr_at_100_std": -0.097197,
        "nauc_mrr_at_100_diff1": 0.768153,
        "nauc_mrr_at_1000_max": 0.473341,
        "nauc_mrr_at_1000_std": -0.097365,
        "nauc_mrr_at_1000_diff1": 0.768201,
        "main_score": 0.88155,
        "hf_subset": "fa",
        "languages": [
          "fas-Arab"
        ]
      }
    ]
  },
  "evaluation_time": 25.95461130142212,
  "kg_co2_emissions": null
}