{
  "dataset_revision": "e9c7ad03f29a55ab14eae730146961b8cdc14227",
  "task_name": "CQADupstackGamingRetrieval-Fa",
  "mteb_version": "1.34.14",
  "scores": {
    "test": [
      {
        "ndcg_at_1": 0.14169,
        "ndcg_at_3": 0.16974,
        "ndcg_at_5": 0.18427,
        "ndcg_at_10": 0.20384,
        "ndcg_at_20": 0.21931,
        "ndcg_at_100": 0.24897,
        "ndcg_at_1000": 0.27795,
        "map_at_1": 0.12221,
        "map_at_3": 0.15341,
        "map_at_5": 0.16204,
        "map_at_10": 0.17039,
        "map_at_20": 0.1749,
        "map_at_100": 0.17896,
        "map_at_1000": 0.17999,
        "recall_at_1": 0.12221,
        "recall_at_3": 0.19051,
        "recall_at_5": 0.22713,
        "recall_at_10": 0.2862,
        "recall_at_20": 0.34552,
        "recall_at_100": 0.49745,
        "recall_at_1000": 0.71534,
        "precision_at_1": 0.14169,
        "precision_at_3": 0.07649,
        "precision_at_5": 0.05492,
        "precision_at_10": 0.03517,
        "precision_at_20": 0.02154,
        "precision_at_100": 0.00641,
        "precision_at_1000": 0.00097,
        "mrr_at_1": 0.141693,
        "mrr_at_3": 0.173668,
        "mrr_at_5": 0.183135,
        "mrr_at_10": 0.192146,
        "mrr_at_20": 0.196599,
        "mrr_at_100": 0.200628,
        "mrr_at_1000": 0.201427,
        "nauc_ndcg_at_1_max": 0.167405,
        "nauc_ndcg_at_1_std": -0.073842,
        "nauc_ndcg_at_1_diff1": 0.424796,
        "nauc_ndcg_at_3_max": 0.146946,
        "nauc_ndcg_at_3_std": -0.077604,
        "nauc_ndcg_at_3_diff1": 0.362948,
        "nauc_ndcg_at_5_max": 0.142564,
        "nauc_ndcg_at_5_std": -0.066878,
        "nauc_ndcg_at_5_diff1": 0.351902,
        "nauc_ndcg_at_10_max": 0.139956,
        "nauc_ndcg_at_10_std": -0.059288,
        "nauc_ndcg_at_10_diff1": 0.332072,
        "nauc_ndcg_at_20_max": 0.141415,
        "nauc_ndcg_at_20_std": -0.049348,
        "nauc_ndcg_at_20_diff1": 0.323396,
        "nauc_ndcg_at_100_max": 0.146986,
        "nauc_ndcg_at_100_std": -0.026809,
        "nauc_ndcg_at_100_diff1": 0.321037,
        "nauc_ndcg_at_1000_max": 0.154043,
        "nauc_ndcg_at_1000_std": -0.022765,
        "nauc_ndcg_at_1000_diff1": 0.319925,
        "nauc_map_at_1_max": 0.140105,
        "nauc_map_at_1_std": -0.101007,
        "nauc_map_at_1_diff1": 0.430804,
        "nauc_map_at_3_max": 0.138232,
        "nauc_map_at_3_std": -0.091463,
        "nauc_map_at_3_diff1": 0.376923,
        "nauc_map_at_5_max": 0.137424,
        "nauc_map_at_5_std": -0.083284,
        "nauc_map_at_5_diff1": 0.369817,
        "nauc_map_at_10_max": 0.136888,
        "nauc_map_at_10_std": -0.078888,
        "nauc_map_at_10_diff1": 0.360323,
        "nauc_map_at_20_max": 0.138408,
        "nauc_map_at_20_std": -0.074514,
        "nauc_map_at_20_diff1": 0.357628,
        "nauc_map_at_100_max": 0.139073,
        "nauc_map_at_100_std": -0.070731,
        "nauc_map_at_100_diff1": 0.357092,
        "nauc_map_at_1000_max": 0.139725,
        "nauc_map_at_1000_std": -0.070169,
        "nauc_map_at_1000_diff1": 0.357,
        "nauc_recall_at_1_max": 0.140105,
        "nauc_recall_at_1_std": -0.101007,
        "nauc_recall_at_1_diff1": 0.430804,
        "nauc_recall_at_3_max": 0.133591,
        "nauc_recall_at_3_std": -0.082528,
        "nauc_recall_at_3_diff1": 0.329424,
        "nauc_recall_at_5_max": 0.128031,
        "nauc_recall_at_5_std": -0.054847,
        "nauc_recall_at_5_diff1": 0.300334,
        "nauc_recall_at_10_max": 0.127719,
        "nauc_recall_at_10_std": -0.034878,
        "nauc_recall_at_10_diff1": 0.255103,
        "nauc_recall_at_20_max": 0.128758,
        "nauc_recall_at_20_std": -0.006112,
        "nauc_recall_at_20_diff1": 0.227544,
        "nauc_recall_at_100_max": 0.148484,
        "nauc_recall_at_100_std": 0.085424,
        "nauc_recall_at_100_diff1": 0.212802,
        "nauc_recall_at_1000_max": 0.164969,
        "nauc_recall_at_1000_std": 0.126679,
        "nauc_recall_at_1000_diff1": 0.162353,
        "nauc_precision_at_1_max": 0.167405,
        "nauc_precision_at_1_std": -0.073842,
        "nauc_precision_at_1_diff1": 0.424796,
        "nauc_precision_at_3_max": 0.157139,
        "nauc_precision_at_3_std": -0.045484,
        "nauc_precision_at_3_diff1": 0.311757,
        "nauc_precision_at_5_max": 0.146903,
        "nauc_precision_at_5_std": -0.017257,
        "nauc_precision_at_5_diff1": 0.280614,
        "nauc_precision_at_10_max": 0.150199,
        "nauc_precision_at_10_std": 0.021315,
        "nauc_precision_at_10_diff1": 0.230674,
        "nauc_precision_at_20_max": 0.174843,
        "nauc_precision_at_20_std": 0.076731,
        "nauc_precision_at_20_diff1": 0.203523,
        "nauc_precision_at_100_max": 0.206282,
        "nauc_precision_at_100_std": 0.182247,
        "nauc_precision_at_100_diff1": 0.159888,
        "nauc_precision_at_1000_max": 0.254919,
        "nauc_precision_at_1000_std": 0.238011,
        "nauc_precision_at_1000_diff1": 0.064916,
        "nauc_mrr_at_1_max": 0.167405,
        "nauc_mrr_at_1_std": -0.073842,
        "nauc_mrr_at_1_diff1": 0.424796,
        "nauc_mrr_at_3_max": 0.156127,
        "nauc_mrr_at_3_std": -0.071163,
        "nauc_mrr_at_3_diff1": 0.3764,
        "nauc_mrr_at_5_max": 0.156403,
        "nauc_mrr_at_5_std": -0.061355,
        "nauc_mrr_at_5_diff1": 0.368426,
        "nauc_mrr_at_10_max": 0.156058,
        "nauc_mrr_at_10_std": -0.057306,
        "nauc_mrr_at_10_diff1": 0.361436,
        "nauc_mrr_at_20_max": 0.157029,
        "nauc_mrr_at_20_std": -0.053765,
        "nauc_mrr_at_20_diff1": 0.358706,
        "nauc_mrr_at_100_max": 0.157512,
        "nauc_mrr_at_100_std": -0.051741,
        "nauc_mrr_at_100_diff1": 0.35869,
        "nauc_mrr_at_1000_max": 0.157664,
        "nauc_mrr_at_1000_std": -0.051654,
        "nauc_mrr_at_1000_diff1": 0.358675,
        "main_score": 0.20384,
        "hf_subset": "default",
        "languages": [
          "fas-Arab"
        ]
      }
    ]
  },
  "evaluation_time": 102.2176160812378,
  "kg_co2_emissions": null
}