{
  "dataset_revision": "e907c4144dc27bc8a035d78d69e15f39c56623a9",
  "task_name": "CQADupstackGisRetrieval-Fa",
  "mteb_version": "1.34.14",
  "scores": {
    "test": [
      {
        "ndcg_at_1": 0.08362,
        "ndcg_at_3": 0.10467,
        "ndcg_at_5": 0.11406,
        "ndcg_at_10": 0.12798,
        "ndcg_at_20": 0.14146,
        "ndcg_at_100": 0.16729,
        "ndcg_at_1000": 0.20051,
        "map_at_1": 0.07844,
        "map_at_3": 0.09685,
        "map_at_5": 0.10214,
        "map_at_10": 0.10778,
        "map_at_20": 0.11158,
        "map_at_100": 0.11485,
        "map_at_1000": 0.11597,
        "recall_at_1": 0.07844,
        "recall_at_3": 0.11855,
        "recall_at_5": 0.14072,
        "recall_at_10": 0.18228,
        "recall_at_20": 0.23379,
        "recall_at_100": 0.37413,
        "recall_at_1000": 0.63332,
        "precision_at_1": 0.08362,
        "precision_at_3": 0.04369,
        "precision_at_5": 0.03186,
        "precision_at_10": 0.02113,
        "precision_at_20": 0.01356,
        "precision_at_100": 0.00434,
        "precision_at_1000": 0.00075,
        "mrr_at_1": 0.083616,
        "mrr_at_3": 0.104708,
        "mrr_at_5": 0.110697,
        "mrr_at_10": 0.116992,
        "mrr_at_20": 0.120802,
        "mrr_at_100": 0.123962,
        "mrr_at_1000": 0.125035,
        "nauc_ndcg_at_1_max": 0.288092,
        "nauc_ndcg_at_1_std": -0.051112,
        "nauc_ndcg_at_1_diff1": 0.510861,
        "nauc_ndcg_at_3_max": 0.228146,
        "nauc_ndcg_at_3_std": -0.052002,
        "nauc_ndcg_at_3_diff1": 0.443747,
        "nauc_ndcg_at_5_max": 0.23503,
        "nauc_ndcg_at_5_std": -0.044831,
        "nauc_ndcg_at_5_diff1": 0.435088,
        "nauc_ndcg_at_10_max": 0.221233,
        "nauc_ndcg_at_10_std": -0.037585,
        "nauc_ndcg_at_10_diff1": 0.400669,
        "nauc_ndcg_at_20_max": 0.204258,
        "nauc_ndcg_at_20_std": -0.033962,
        "nauc_ndcg_at_20_diff1": 0.388838,
        "nauc_ndcg_at_100_max": 0.19677,
        "nauc_ndcg_at_100_std": -0.011953,
        "nauc_ndcg_at_100_diff1": 0.369754,
        "nauc_ndcg_at_1000_max": 0.203488,
        "nauc_ndcg_at_1000_std": 0.005401,
        "nauc_ndcg_at_1000_diff1": 0.355274,
        "nauc_map_at_1_max": 0.292644,
        "nauc_map_at_1_std": -0.06542,
        "nauc_map_at_1_diff1": 0.533234,
        "nauc_map_at_3_max": 0.245211,
        "nauc_map_at_3_std": -0.055239,
        "nauc_map_at_3_diff1": 0.465682,
        "nauc_map_at_5_max": 0.247001,
        "nauc_map_at_5_std": -0.051489,
        "nauc_map_at_5_diff1": 0.459673,
        "nauc_map_at_10_max": 0.240752,
        "nauc_map_at_10_std": -0.047508,
        "nauc_map_at_10_diff1": 0.443095,
        "nauc_map_at_20_max": 0.234501,
        "nauc_map_at_20_std": -0.046613,
        "nauc_map_at_20_diff1": 0.439229,
        "nauc_map_at_100_max": 0.231924,
        "nauc_map_at_100_std": -0.04376,
        "nauc_map_at_100_diff1": 0.435732,
        "nauc_map_at_1000_max": 0.232448,
        "nauc_map_at_1000_std": -0.04279,
        "nauc_map_at_1000_diff1": 0.435176,
        "nauc_recall_at_1_max": 0.292644,
        "nauc_recall_at_1_std": -0.06542,
        "nauc_recall_at_1_diff1": 0.533234,
        "nauc_recall_at_3_max": 0.202021,
        "nauc_recall_at_3_std": -0.047169,
        "nauc_recall_at_3_diff1": 0.403977,
        "nauc_recall_at_5_max": 0.215095,
        "nauc_recall_at_5_std": -0.035553,
        "nauc_recall_at_5_diff1": 0.38892,
        "nauc_recall_at_10_max": 0.189732,
        "nauc_recall_at_10_std": -0.022349,
        "nauc_recall_at_10_diff1": 0.31879,
        "nauc_recall_at_20_max": 0.14626,
        "nauc_recall_at_20_std": -0.010184,
        "nauc_recall_at_20_diff1": 0.282287,
        "nauc_recall_at_100_max": 0.131966,
        "nauc_recall_at_100_std": 0.062852,
        "nauc_recall_at_100_diff1": 0.231281,
        "nauc_recall_at_1000_max": 0.14403,
        "nauc_recall_at_1000_std": 0.165047,
        "nauc_recall_at_1000_diff1": 0.107069,
        "nauc_precision_at_1_max": 0.288092,
        "nauc_precision_at_1_std": -0.051112,
        "nauc_precision_at_1_diff1": 0.510861,
        "nauc_precision_at_3_max": 0.180304,
        "nauc_precision_at_3_std": -0.044092,
        "nauc_precision_at_3_diff1": 0.386767,
        "nauc_precision_at_5_max": 0.201982,
        "nauc_precision_at_5_std": -0.033842,
        "nauc_precision_at_5_diff1": 0.379949,
        "nauc_precision_at_10_max": 0.168743,
        "nauc_precision_at_10_std": -0.02673,
        "nauc_precision_at_10_diff1": 0.310249,
        "nauc_precision_at_20_max": 0.124981,
        "nauc_precision_at_20_std": -0.029629,
        "nauc_precision_at_20_diff1": 0.302101,
        "nauc_precision_at_100_max": 0.121414,
        "nauc_precision_at_100_std": 0.045961,
        "nauc_precision_at_100_diff1": 0.247707,
        "nauc_precision_at_1000_max": 0.115903,
        "nauc_precision_at_1000_std": 0.123317,
        "nauc_precision_at_1000_diff1": 0.13495,
        "nauc_mrr_at_1_max": 0.288092,
        "nauc_mrr_at_1_std": -0.051112,
        "nauc_mrr_at_1_diff1": 0.510861,
        "nauc_mrr_at_3_max": 0.228743,
        "nauc_mrr_at_3_std": -0.045214,
        "nauc_mrr_at_3_diff1": 0.446901,
        "nauc_mrr_at_5_max": 0.235865,
        "nauc_mrr_at_5_std": -0.041559,
        "nauc_mrr_at_5_diff1": 0.441047,
        "nauc_mrr_at_10_max": 0.22876,
        "nauc_mrr_at_10_std": -0.037603,
        "nauc_mrr_at_10_diff1": 0.424772,
        "nauc_mrr_at_20_max": 0.224021,
        "nauc_mrr_at_20_std": -0.036629,
        "nauc_mrr_at_20_diff1": 0.423306,
        "nauc_mrr_at_100_max": 0.222518,
        "nauc_mrr_at_100_std": -0.03322,
        "nauc_mrr_at_100_diff1": 0.419896,
        "nauc_mrr_at_1000_max": 0.222982,
        "nauc_mrr_at_1000_std": -0.032468,
        "nauc_mrr_at_1000_diff1": 0.419447,
        "main_score": 0.12798,
        "hf_subset": "default",
        "languages": [
          "fas-Arab"
        ]
      }
    ]
  },
  "evaluation_time": 147.7285351753235,
  "kg_co2_emissions": null
}