{
  "dataset_revision": "c2a326387954aad66ff00d324a9278067b1e3bb6",
  "task_name": "CQADupstackUnixRetrieval-Fa",
  "mteb_version": "1.34.14",
  "scores": {
    "test": [
      {
        "ndcg_at_1": 0.09422,
        "ndcg_at_3": 0.12289,
        "ndcg_at_5": 0.1339,
        "ndcg_at_10": 0.14933,
        "ndcg_at_20": 0.16271,
        "ndcg_at_100": 0.18988,
        "ndcg_at_1000": 0.21939,
        "map_at_1": 0.08228,
        "map_at_3": 0.11039,
        "map_at_5": 0.11647,
        "map_at_10": 0.12274,
        "map_at_20": 0.12638,
        "map_at_100": 0.12992,
        "map_at_1000": 0.13098,
        "recall_at_1": 0.08228,
        "recall_at_3": 0.1438,
        "recall_at_5": 0.17014,
        "recall_at_10": 0.21698,
        "recall_at_20": 0.26679,
        "recall_at_100": 0.40505,
        "recall_at_1000": 0.62274,
        "precision_at_1": 0.09422,
        "precision_at_3": 0.05628,
        "precision_at_5": 0.04067,
        "precision_at_10": 0.02593,
        "precision_at_20": 0.01623,
        "precision_at_100": 0.00524,
        "precision_at_1000": 0.00087,
        "mrr_at_1": 0.094216,
        "mrr_at_3": 0.124534,
        "mrr_at_5": 0.132229,
        "mrr_at_10": 0.139041,
        "mrr_at_20": 0.143246,
        "mrr_at_100": 0.146926,
        "mrr_at_1000": 0.147845,
        "nauc_ndcg_at_1_max": 0.233733,
        "nauc_ndcg_at_1_std": 0.010572,
        "nauc_ndcg_at_1_diff1": 0.516923,
        "nauc_ndcg_at_3_max": 0.193351,
        "nauc_ndcg_at_3_std": 0.0497,
        "nauc_ndcg_at_3_diff1": 0.401166,
        "nauc_ndcg_at_5_max": 0.183658,
        "nauc_ndcg_at_5_std": 0.052819,
        "nauc_ndcg_at_5_diff1": 0.367223,
        "nauc_ndcg_at_10_max": 0.177954,
        "nauc_ndcg_at_10_std": 0.052219,
        "nauc_ndcg_at_10_diff1": 0.342086,
        "nauc_ndcg_at_20_max": 0.176193,
        "nauc_ndcg_at_20_std": 0.064949,
        "nauc_ndcg_at_20_diff1": 0.32871,
        "nauc_ndcg_at_100_max": 0.183168,
        "nauc_ndcg_at_100_std": 0.085085,
        "nauc_ndcg_at_100_diff1": 0.321274,
        "nauc_ndcg_at_1000_max": 0.19179,
        "nauc_ndcg_at_1000_std": 0.096976,
        "nauc_ndcg_at_1000_diff1": 0.326826,
        "nauc_map_at_1_max": 0.211062,
        "nauc_map_at_1_std": 0.024836,
        "nauc_map_at_1_diff1": 0.545209,
        "nauc_map_at_3_max": 0.197165,
        "nauc_map_at_3_std": 0.044976,
        "nauc_map_at_3_diff1": 0.435716,
        "nauc_map_at_5_max": 0.192245,
        "nauc_map_at_5_std": 0.047525,
        "nauc_map_at_5_diff1": 0.414757,
        "nauc_map_at_10_max": 0.187743,
        "nauc_map_at_10_std": 0.046691,
        "nauc_map_at_10_diff1": 0.401024,
        "nauc_map_at_20_max": 0.187064,
        "nauc_map_at_20_std": 0.050916,
        "nauc_map_at_20_diff1": 0.396483,
        "nauc_map_at_100_max": 0.187535,
        "nauc_map_at_100_std": 0.053769,
        "nauc_map_at_100_diff1": 0.394908,
        "nauc_map_at_1000_max": 0.187876,
        "nauc_map_at_1000_std": 0.054354,
        "nauc_map_at_1000_diff1": 0.395099,
        "nauc_recall_at_1_max": 0.211062,
        "nauc_recall_at_1_std": 0.024836,
        "nauc_recall_at_1_diff1": 0.545209,
        "nauc_recall_at_3_max": 0.168167,
        "nauc_recall_at_3_std": 0.067115,
        "nauc_recall_at_3_diff1": 0.333413,
        "nauc_recall_at_5_max": 0.154167,
        "nauc_recall_at_5_std": 0.069851,
        "nauc_recall_at_5_diff1": 0.276958,
        "nauc_recall_at_10_max": 0.14015,
        "nauc_recall_at_10_std": 0.066153,
        "nauc_recall_at_10_diff1": 0.222713,
        "nauc_recall_at_20_max": 0.138926,
        "nauc_recall_at_20_std": 0.096339,
        "nauc_recall_at_20_diff1": 0.19813,
        "nauc_recall_at_100_max": 0.161478,
        "nauc_recall_at_100_std": 0.156662,
        "nauc_recall_at_100_diff1": 0.181581,
        "nauc_recall_at_1000_max": 0.19094,
        "nauc_recall_at_1000_std": 0.230128,
        "nauc_recall_at_1000_diff1": 0.189,
        "nauc_precision_at_1_max": 0.233733,
        "nauc_precision_at_1_std": 0.010572,
        "nauc_precision_at_1_diff1": 0.516923,
        "nauc_precision_at_3_max": 0.185831,
        "nauc_precision_at_3_std": 0.050073,
        "nauc_precision_at_3_diff1": 0.327439,
        "nauc_precision_at_5_max": 0.178111,
        "nauc_precision_at_5_std": 0.058531,
        "nauc_precision_at_5_diff1": 0.268994,
        "nauc_precision_at_10_max": 0.172918,
        "nauc_precision_at_10_std": 0.053865,
        "nauc_precision_at_10_diff1": 0.219161,
        "nauc_precision_at_20_max": 0.170241,
        "nauc_precision_at_20_std": 0.094432,
        "nauc_precision_at_20_diff1": 0.185191,
        "nauc_precision_at_100_max": 0.203222,
        "nauc_precision_at_100_std": 0.166853,
        "nauc_precision_at_100_diff1": 0.133951,
        "nauc_precision_at_1000_max": 0.227772,
        "nauc_precision_at_1000_std": 0.197356,
        "nauc_precision_at_1000_diff1": 0.073761,
        "nauc_mrr_at_1_max": 0.233733,
        "nauc_mrr_at_1_std": 0.010572,
        "nauc_mrr_at_1_diff1": 0.516923,
        "nauc_mrr_at_3_max": 0.207225,
        "nauc_mrr_at_3_std": 0.035109,
        "nauc_mrr_at_3_diff1": 0.41063,
        "nauc_mrr_at_5_max": 0.203854,
        "nauc_mrr_at_5_std": 0.036676,
        "nauc_mrr_at_5_diff1": 0.387024,
        "nauc_mrr_at_10_max": 0.202987,
        "nauc_mrr_at_10_std": 0.03749,
        "nauc_mrr_at_10_diff1": 0.375958,
        "nauc_mrr_at_20_max": 0.20183,
        "nauc_mrr_at_20_std": 0.041597,
        "nauc_mrr_at_20_diff1": 0.371168,
        "nauc_mrr_at_100_max": 0.201804,
        "nauc_mrr_at_100_std": 0.044815,
        "nauc_mrr_at_100_diff1": 0.370469,
        "nauc_mrr_at_1000_max": 0.201984,
        "nauc_mrr_at_1000_std": 0.04491,
        "nauc_mrr_at_1000_diff1": 0.370775,
        "main_score": 0.14933,
        "hf_subset": "default",
        "languages": [
          "fas-Arab"
        ]
      }
    ]
  },
  "evaluation_time": 185.65500473976135,
  "kg_co2_emissions": null
}