{
  "dataset_revision": "7f755e88647b4023df52da04d4e3d31a7de5fcb0",
  "task_name": "CQADupstackWordpressRetrieval-Fa",
  "mteb_version": "1.34.14",
  "scores": {
    "test": [
      {
        "ndcg_at_1": 0.07209,
        "ndcg_at_3": 0.09138,
        "ndcg_at_5": 0.09889,
        "ndcg_at_10": 0.10914,
        "ndcg_at_20": 0.12227,
        "ndcg_at_100": 0.14395,
        "ndcg_at_1000": 0.17717,
        "map_at_1": 0.06168,
        "map_at_3": 0.08071,
        "map_at_5": 0.08535,
        "map_at_10": 0.08956,
        "map_at_20": 0.09313,
        "map_at_100": 0.09609,
        "map_at_1000": 0.09722,
        "recall_at_1": 0.06168,
        "recall_at_3": 0.1053,
        "recall_at_5": 0.12532,
        "recall_at_10": 0.1565,
        "recall_at_20": 0.20678,
        "recall_at_100": 0.31968,
        "recall_at_1000": 0.57497,
        "precision_at_1": 0.07209,
        "precision_at_3": 0.04251,
        "precision_at_5": 0.02994,
        "precision_at_10": 0.01867,
        "precision_at_20": 0.01238,
        "precision_at_100": 0.00394,
        "precision_at_1000": 0.00075,
        "mrr_at_1": 0.072089,
        "mrr_at_3": 0.095502,
        "mrr_at_5": 0.100123,
        "mrr_at_10": 0.104471,
        "mrr_at_20": 0.108126,
        "mrr_at_100": 0.110922,
        "mrr_at_1000": 0.112003,
        "nauc_ndcg_at_1_max": 0.112882,
        "nauc_ndcg_at_1_std": 0.111057,
        "nauc_ndcg_at_1_diff1": 0.411753,
        "nauc_ndcg_at_3_max": 0.006192,
        "nauc_ndcg_at_3_std": 0.068645,
        "nauc_ndcg_at_3_diff1": 0.303227,
        "nauc_ndcg_at_5_max": -0.003674,
        "nauc_ndcg_at_5_std": 0.059321,
        "nauc_ndcg_at_5_diff1": 0.304426,
        "nauc_ndcg_at_10_max": -0.010746,
        "nauc_ndcg_at_10_std": 0.035222,
        "nauc_ndcg_at_10_diff1": 0.288218,
        "nauc_ndcg_at_20_max": -0.025001,
        "nauc_ndcg_at_20_std": 0.027028,
        "nauc_ndcg_at_20_diff1": 0.275518,
        "nauc_ndcg_at_100_max": -0.028478,
        "nauc_ndcg_at_100_std": 0.040203,
        "nauc_ndcg_at_100_diff1": 0.270887,
        "nauc_ndcg_at_1000_max": 0.009196,
        "nauc_ndcg_at_1000_std": 0.06687,
        "nauc_ndcg_at_1000_diff1": 0.260221,
        "nauc_map_at_1_max": 0.090724,
        "nauc_map_at_1_std": 0.070026,
        "nauc_map_at_1_diff1": 0.399952,
        "nauc_map_at_3_max": 0.01289,
        "nauc_map_at_3_std": 0.057062,
        "nauc_map_at_3_diff1": 0.32378,
        "nauc_map_at_5_max": 0.007429,
        "nauc_map_at_5_std": 0.055588,
        "nauc_map_at_5_diff1": 0.322923,
        "nauc_map_at_10_max": 0.003077,
        "nauc_map_at_10_std": 0.044785,
        "nauc_map_at_10_diff1": 0.31504,
        "nauc_map_at_20_max": -0.001898,
        "nauc_map_at_20_std": 0.042451,
        "nauc_map_at_20_diff1": 0.31032,
        "nauc_map_at_100_max": -0.001471,
        "nauc_map_at_100_std": 0.044601,
        "nauc_map_at_100_diff1": 0.309258,
        "nauc_map_at_1000_max": 0.000566,
        "nauc_map_at_1000_std": 0.045944,
        "nauc_map_at_1000_diff1": 0.308906,
        "nauc_recall_at_1_max": 0.090724,
        "nauc_recall_at_1_std": 0.070026,
        "nauc_recall_at_1_diff1": 0.399952,
        "nauc_recall_at_3_max": -0.034004,
        "nauc_recall_at_3_std": 0.050665,
        "nauc_recall_at_3_diff1": 0.266381,
        "nauc_recall_at_5_max": -0.043468,
        "nauc_recall_at_5_std": 0.046101,
        "nauc_recall_at_5_diff1": 0.261041,
        "nauc_recall_at_10_max": -0.054739,
        "nauc_recall_at_10_std": -0.00678,
        "nauc_recall_at_10_diff1": 0.237239,
        "nauc_recall_at_20_max": -0.086359,
        "nauc_recall_at_20_std": -0.022028,
        "nauc_recall_at_20_diff1": 0.201879,
        "nauc_recall_at_100_max": -0.09542,
        "nauc_recall_at_100_std": 0.023768,
        "nauc_recall_at_100_diff1": 0.199758,
        "nauc_recall_at_1000_max": 0.056766,
        "nauc_recall_at_1000_std": 0.141338,
        "nauc_recall_at_1000_diff1": 0.132579,
        "nauc_precision_at_1_max": 0.112882,
        "nauc_precision_at_1_std": 0.111057,
        "nauc_precision_at_1_diff1": 0.411753,
        "nauc_precision_at_3_max": -0.007474,
        "nauc_precision_at_3_std": 0.091732,
        "nauc_precision_at_3_diff1": 0.244783,
        "nauc_precision_at_5_max": -0.022523,
        "nauc_precision_at_5_std": 0.085531,
        "nauc_precision_at_5_diff1": 0.252271,
        "nauc_precision_at_10_max": -0.03048,
        "nauc_precision_at_10_std": 0.043027,
        "nauc_precision_at_10_diff1": 0.222463,
        "nauc_precision_at_20_max": -0.053325,
        "nauc_precision_at_20_std": 0.023268,
        "nauc_precision_at_20_diff1": 0.207483,
        "nauc_precision_at_100_max": -0.028572,
        "nauc_precision_at_100_std": 0.066306,
        "nauc_precision_at_100_diff1": 0.209902,
        "nauc_precision_at_1000_max": 0.175227,
        "nauc_precision_at_1000_std": 0.165706,
        "nauc_precision_at_1000_diff1": 0.19755,
        "nauc_mrr_at_1_max": 0.112882,
        "nauc_mrr_at_1_std": 0.111057,
        "nauc_mrr_at_1_diff1": 0.411753,
        "nauc_mrr_at_3_max": 0.035195,
        "nauc_mrr_at_3_std": 0.088349,
        "nauc_mrr_at_3_diff1": 0.320114,
        "nauc_mrr_at_5_max": 0.031329,
        "nauc_mrr_at_5_std": 0.083215,
        "nauc_mrr_at_5_diff1": 0.319706,
        "nauc_mrr_at_10_max": 0.030298,
        "nauc_mrr_at_10_std": 0.072063,
        "nauc_mrr_at_10_diff1": 0.310461,
        "nauc_mrr_at_20_max": 0.026491,
        "nauc_mrr_at_20_std": 0.068412,
        "nauc_mrr_at_20_diff1": 0.308115,
        "nauc_mrr_at_100_max": 0.025254,
        "nauc_mrr_at_100_std": 0.070517,
        "nauc_mrr_at_100_diff1": 0.306838,
        "nauc_mrr_at_1000_max": 0.027033,
        "nauc_mrr_at_1000_std": 0.071478,
        "nauc_mrr_at_1000_diff1": 0.306614,
        "main_score": 0.10914,
        "hf_subset": "default",
        "languages": [
          "fas-Arab"
        ]
      }
    ]
  },
  "evaluation_time": 205.57878756523132,
  "kg_co2_emissions": null
}