{
  "dataset_revision": "13529e6e301e9d72f86def882cfbca04791d83f9",
  "task_name": "DBPedia-Fa",
  "mteb_version": "1.34.14",
  "scores": {
    "test": [
      {
        "ndcg_at_1": 0.30375,
        "ndcg_at_3": 0.25871,
        "ndcg_at_5": 0.24631,
        "ndcg_at_10": 0.23,
        "ndcg_at_20": 0.22489,
        "ndcg_at_100": 0.25799,
        "ndcg_at_1000": 0.32544,
        "map_at_1": 0.03767,
        "map_at_3": 0.05947,
        "map_at_5": 0.06974,
        "map_at_10": 0.08326,
        "map_at_20": 0.09658,
        "map_at_100": 0.11683,
        "map_at_1000": 0.12691,
        "recall_at_1": 0.03767,
        "recall_at_3": 0.07125,
        "recall_at_5": 0.09676,
        "recall_at_10": 0.13135,
        "recall_at_20": 0.17689,
        "recall_at_100": 0.30575,
        "recall_at_1000": 0.52868,
        "precision_at_1": 0.3825,
        "precision_at_3": 0.29167,
        "precision_at_5": 0.25,
        "precision_at_10": 0.1935,
        "precision_at_20": 0.14775,
        "precision_at_100": 0.06355,
        "precision_at_1000": 0.01415,
        "mrr_at_1": 0.3825,
        "mrr_at_3": 0.45875,
        "mrr_at_5": 0.47775,
        "mrr_at_10": 0.48767,
        "mrr_at_20": 0.491249,
        "mrr_at_100": 0.494319,
        "mrr_at_1000": 0.494614,
        "nauc_ndcg_at_1_max": 0.330949,
        "nauc_ndcg_at_1_std": 0.264158,
        "nauc_ndcg_at_1_diff1": 0.286532,
        "nauc_ndcg_at_3_max": 0.381825,
        "nauc_ndcg_at_3_std": 0.325669,
        "nauc_ndcg_at_3_diff1": 0.24122,
        "nauc_ndcg_at_5_max": 0.391419,
        "nauc_ndcg_at_5_std": 0.329512,
        "nauc_ndcg_at_5_diff1": 0.234583,
        "nauc_ndcg_at_10_max": 0.394916,
        "nauc_ndcg_at_10_std": 0.325738,
        "nauc_ndcg_at_10_diff1": 0.225272,
        "nauc_ndcg_at_20_max": 0.389452,
        "nauc_ndcg_at_20_std": 0.319461,
        "nauc_ndcg_at_20_diff1": 0.236776,
        "nauc_ndcg_at_100_max": 0.412315,
        "nauc_ndcg_at_100_std": 0.356976,
        "nauc_ndcg_at_100_diff1": 0.236641,
        "nauc_ndcg_at_1000_max": 0.462494,
        "nauc_ndcg_at_1000_std": 0.45896,
        "nauc_ndcg_at_1000_diff1": 0.230705,
        "nauc_map_at_1_max": 0.17034,
        "nauc_map_at_1_std": -0.098243,
        "nauc_map_at_1_diff1": 0.366368,
        "nauc_map_at_3_max": 0.205901,
        "nauc_map_at_3_std": -0.026126,
        "nauc_map_at_3_diff1": 0.31618,
        "nauc_map_at_5_max": 0.231489,
        "nauc_map_at_5_std": 0.003758,
        "nauc_map_at_5_diff1": 0.305595,
        "nauc_map_at_10_max": 0.278658,
        "nauc_map_at_10_std": 0.069053,
        "nauc_map_at_10_diff1": 0.2814,
        "nauc_map_at_20_max": 0.305719,
        "nauc_map_at_20_std": 0.12802,
        "nauc_map_at_20_diff1": 0.267265,
        "nauc_map_at_100_max": 0.348007,
        "nauc_map_at_100_std": 0.224945,
        "nauc_map_at_100_diff1": 0.254393,
        "nauc_map_at_1000_max": 0.364573,
        "nauc_map_at_1000_std": 0.273823,
        "nauc_map_at_1000_diff1": 0.251464,
        "nauc_recall_at_1_max": 0.17034,
        "nauc_recall_at_1_std": -0.098243,
        "nauc_recall_at_1_diff1": 0.366368,
        "nauc_recall_at_3_max": 0.166033,
        "nauc_recall_at_3_std": -0.023348,
        "nauc_recall_at_3_diff1": 0.252748,
        "nauc_recall_at_5_max": 0.154229,
        "nauc_recall_at_5_std": -0.034892,
        "nauc_recall_at_5_diff1": 0.222144,
        "nauc_recall_at_10_max": 0.199229,
        "nauc_recall_at_10_std": 0.048521,
        "nauc_recall_at_10_diff1": 0.186975,
        "nauc_recall_at_20_max": 0.222166,
        "nauc_recall_at_20_std": 0.139188,
        "nauc_recall_at_20_diff1": 0.175559,
        "nauc_recall_at_100_max": 0.285449,
        "nauc_recall_at_100_std": 0.27863,
        "nauc_recall_at_100_diff1": 0.168726,
        "nauc_recall_at_1000_max": 0.368635,
        "nauc_recall_at_1000_std": 0.459111,
        "nauc_recall_at_1000_diff1": 0.13523,
        "nauc_precision_at_1_max": 0.378928,
        "nauc_precision_at_1_std": 0.314518,
        "nauc_precision_at_1_diff1": 0.302693,
        "nauc_precision_at_3_max": 0.402513,
        "nauc_precision_at_3_std": 0.418165,
        "nauc_precision_at_3_diff1": 0.204653,
        "nauc_precision_at_5_max": 0.424189,
        "nauc_precision_at_5_std": 0.450219,
        "nauc_precision_at_5_diff1": 0.172445,
        "nauc_precision_at_10_max": 0.399387,
        "nauc_precision_at_10_std": 0.467866,
        "nauc_precision_at_10_diff1": 0.121615,
        "nauc_precision_at_20_max": 0.380701,
        "nauc_precision_at_20_std": 0.496016,
        "nauc_precision_at_20_diff1": 0.094201,
        "nauc_precision_at_100_max": 0.305499,
        "nauc_precision_at_100_std": 0.542608,
        "nauc_precision_at_100_diff1": 0.050466,
        "nauc_precision_at_1000_max": 0.124994,
        "nauc_precision_at_1000_std": 0.502256,
        "nauc_precision_at_1000_diff1": -0.03427,
        "nauc_mrr_at_1_max": 0.378928,
        "nauc_mrr_at_1_std": 0.314518,
        "nauc_mrr_at_1_diff1": 0.302693,
        "nauc_mrr_at_3_max": 0.417008,
        "nauc_mrr_at_3_std": 0.363586,
        "nauc_mrr_at_3_diff1": 0.306034,
        "nauc_mrr_at_5_max": 0.420674,
        "nauc_mrr_at_5_std": 0.361808,
        "nauc_mrr_at_5_diff1": 0.303131,
        "nauc_mrr_at_10_max": 0.417238,
        "nauc_mrr_at_10_std": 0.365782,
        "nauc_mrr_at_10_diff1": 0.300833,
        "nauc_mrr_at_20_max": 0.415788,
        "nauc_mrr_at_20_std": 0.366948,
        "nauc_mrr_at_20_diff1": 0.299258,
        "nauc_mrr_at_100_max": 0.416632,
        "nauc_mrr_at_100_std": 0.366978,
        "nauc_mrr_at_100_diff1": 0.299419,
        "nauc_mrr_at_1000_max": 0.416418,
        "nauc_mrr_at_1000_std": 0.36668,
        "nauc_mrr_at_1000_diff1": 0.299202,
        "main_score": 0.23,
        "hf_subset": "default",
        "languages": [
          "fas-Arab"
        ]
      }
    ]
  },
  "evaluation_time": 6767.886117935181,
  "kg_co2_emissions": null
}