{
  "dataset_revision": "e683ce7ecd0b47edc3e29fda7cfd75335be4a997",
  "task_name": "FiQA2018-Fa",
  "mteb_version": "1.34.14",
  "scores": {
    "test": [
      {
        "ndcg_at_1": 0.00772,
        "ndcg_at_3": 0.00655,
        "ndcg_at_5": 0.01027,
        "ndcg_at_10": 0.0147,
        "ndcg_at_20": 0.01946,
        "ndcg_at_100": 0.04778,
        "ndcg_at_1000": 0.12096,
        "map_at_1": 0.00302,
        "map_at_3": 0.00428,
        "map_at_5": 0.00644,
        "map_at_10": 0.00807,
        "map_at_20": 0.00915,
        "map_at_100": 0.01251,
        "map_at_1000": 0.01516,
        "recall_at_1": 0.00302,
        "recall_at_3": 0.00592,
        "recall_at_5": 0.01407,
        "recall_at_10": 0.02665,
        "recall_at_20": 0.04117,
        "recall_at_100": 0.1692,
        "recall_at_1000": 0.64046,
        "precision_at_1": 0.00772,
        "precision_at_3": 0.00463,
        "precision_at_5": 0.00617,
        "precision_at_10": 0.0054,
        "precision_at_20": 0.00463,
        "precision_at_100": 0.00389,
        "precision_at_1000": 0.00159,
        "mrr_at_1": 0.007716,
        "mrr_at_3": 0.010288,
        "mrr_at_5": 0.013452,
        "mrr_at_10": 0.016261,
        "mrr_at_20": 0.018648,
        "mrr_at_100": 0.023176,
        "mrr_at_1000": 0.025406,
        "nauc_ndcg_at_1_max": -0.125626,
        "nauc_ndcg_at_1_std": -0.395509,
        "nauc_ndcg_at_1_diff1": 0.398247,
        "nauc_ndcg_at_3_max": -0.21769,
        "nauc_ndcg_at_3_std": -0.342635,
        "nauc_ndcg_at_3_diff1": 0.147501,
        "nauc_ndcg_at_5_max": -0.298435,
        "nauc_ndcg_at_5_std": -0.348403,
        "nauc_ndcg_at_5_diff1": -0.044535,
        "nauc_ndcg_at_10_max": -0.295881,
        "nauc_ndcg_at_10_std": -0.346787,
        "nauc_ndcg_at_10_diff1": -0.103702,
        "nauc_ndcg_at_20_max": -0.268605,
        "nauc_ndcg_at_20_std": -0.320322,
        "nauc_ndcg_at_20_diff1": -0.028363,
        "nauc_ndcg_at_100_max": -0.194807,
        "nauc_ndcg_at_100_std": -0.285386,
        "nauc_ndcg_at_100_diff1": 0.003939,
        "nauc_ndcg_at_1000_max": -0.135267,
        "nauc_ndcg_at_1000_std": -0.231019,
        "nauc_ndcg_at_1000_diff1": 0.006475,
        "nauc_map_at_1_max": -0.130285,
        "nauc_map_at_1_std": -0.518131,
        "nauc_map_at_1_diff1": 0.308512,
        "nauc_map_at_3_max": -0.221084,
        "nauc_map_at_3_std": -0.462628,
        "nauc_map_at_3_diff1": 0.14009,
        "nauc_map_at_5_max": -0.294195,
        "nauc_map_at_5_std": -0.419203,
        "nauc_map_at_5_diff1": -0.013307,
        "nauc_map_at_10_max": -0.293638,
        "nauc_map_at_10_std": -0.399463,
        "nauc_map_at_10_diff1": -0.056024,
        "nauc_map_at_20_max": -0.283317,
        "nauc_map_at_20_std": -0.385256,
        "nauc_map_at_20_diff1": -0.025239,
        "nauc_map_at_100_max": -0.252523,
        "nauc_map_at_100_std": -0.360097,
        "nauc_map_at_100_diff1": -0.016443,
        "nauc_map_at_1000_max": -0.239561,
        "nauc_map_at_1000_std": -0.350204,
        "nauc_map_at_1000_diff1": -0.013224,
        "nauc_recall_at_1_max": -0.130285,
        "nauc_recall_at_1_std": -0.518131,
        "nauc_recall_at_1_diff1": 0.308512,
        "nauc_recall_at_3_max": -0.263061,
        "nauc_recall_at_3_std": -0.407389,
        "nauc_recall_at_3_diff1": 0.038327,
        "nauc_recall_at_5_max": -0.348605,
        "nauc_recall_at_5_std": -0.341883,
        "nauc_recall_at_5_diff1": -0.169992,
        "nauc_recall_at_10_max": -0.323395,
        "nauc_recall_at_10_std": -0.329355,
        "nauc_recall_at_10_diff1": -0.195238,
        "nauc_recall_at_20_max": -0.269932,
        "nauc_recall_at_20_std": -0.303539,
        "nauc_recall_at_20_diff1": -0.044997,
        "nauc_recall_at_100_max": -0.157638,
        "nauc_recall_at_100_std": -0.253744,
        "nauc_recall_at_100_diff1": 0.011116,
        "nauc_recall_at_1000_max": -0.120617,
        "nauc_recall_at_1000_std": -0.188027,
        "nauc_recall_at_1000_diff1": 0.007467,
        "nauc_precision_at_1_max": -0.125626,
        "nauc_precision_at_1_std": -0.395509,
        "nauc_precision_at_1_diff1": 0.398247,
        "nauc_precision_at_3_max": -0.232642,
        "nauc_precision_at_3_std": -0.236025,
        "nauc_precision_at_3_diff1": 0.085587,
        "nauc_precision_at_5_max": -0.328369,
        "nauc_precision_at_5_std": -0.261988,
        "nauc_precision_at_5_diff1": -0.141335,
        "nauc_precision_at_10_max": -0.291425,
        "nauc_precision_at_10_std": -0.289477,
        "nauc_precision_at_10_diff1": -0.166038,
        "nauc_precision_at_20_max": -0.248463,
        "nauc_precision_at_20_std": -0.255217,
        "nauc_precision_at_20_diff1": -0.035967,
        "nauc_precision_at_100_max": -0.148218,
        "nauc_precision_at_100_std": -0.228832,
        "nauc_precision_at_100_diff1": 0.014514,
        "nauc_precision_at_1000_max": 0.068107,
        "nauc_precision_at_1000_std": -0.022429,
        "nauc_precision_at_1000_diff1": 0.01297,
        "nauc_mrr_at_1_max": -0.125626,
        "nauc_mrr_at_1_std": -0.395509,
        "nauc_mrr_at_1_diff1": 0.398247,
        "nauc_mrr_at_3_max": -0.1944,
        "nauc_mrr_at_3_std": -0.318242,
        "nauc_mrr_at_3_diff1": 0.217155,
        "nauc_mrr_at_5_max": -0.240812,
        "nauc_mrr_at_5_std": -0.298813,
        "nauc_mrr_at_5_diff1": 0.088364,
        "nauc_mrr_at_10_max": -0.242004,
        "nauc_mrr_at_10_std": -0.300986,
        "nauc_mrr_at_10_diff1": 0.048003,
        "nauc_mrr_at_20_max": -0.235653,
        "nauc_mrr_at_20_std": -0.285902,
        "nauc_mrr_at_20_diff1": 0.064461,
        "nauc_mrr_at_100_max": -0.214903,
        "nauc_mrr_at_100_std": -0.281399,
        "nauc_mrr_at_100_diff1": 0.060607,
        "nauc_mrr_at_1000_max": -0.209455,
        "nauc_mrr_at_1000_std": -0.277733,
        "nauc_mrr_at_1000_diff1": 0.062238,
        "main_score": 0.0147,
        "hf_subset": "default",
        "languages": [
          "fas-Arab"
        ]
      }
    ]
  },
  "evaluation_time": 187.36037707328796,
  "kg_co2_emissions": null
}