{
  "dataset_revision": "1cafde1306aa56b5dfdce0b14633ae9ee1a63ddb",
  "task_name": "HotpotQA-Fa",
  "mteb_version": "1.34.14",
  "scores": {
    "test": [
      {
        "ndcg_at_1": 0.5002,
        "ndcg_at_3": 0.4103,
        "ndcg_at_5": 0.43284,
        "ndcg_at_10": 0.45671,
        "ndcg_at_20": 0.47206,
        "ndcg_at_100": 0.4969,
        "ndcg_at_1000": 0.51925,
        "map_at_1": 0.2501,
        "map_at_3": 0.35142,
        "map_at_5": 0.36706,
        "map_at_10": 0.37953,
        "map_at_20": 0.3848,
        "map_at_100": 0.38913,
        "map_at_1000": 0.39012,
        "recall_at_1": 0.2501,
        "recall_at_3": 0.39298,
        "recall_at_5": 0.43741,
        "recall_at_10": 0.49764,
        "recall_at_20": 0.54706,
        "recall_at_100": 0.65712,
        "recall_at_1000": 0.80581,
        "precision_at_1": 0.5002,
        "precision_at_3": 0.26199,
        "precision_at_5": 0.17496,
        "precision_at_10": 0.09953,
        "precision_at_20": 0.05471,
        "precision_at_100": 0.01314,
        "precision_at_1000": 0.00161,
        "mrr_at_1": 0.500203,
        "mrr_at_3": 0.554513,
        "mrr_at_5": 0.564189,
        "mrr_at_10": 0.571356,
        "mrr_at_20": 0.574607,
        "mrr_at_100": 0.576898,
        "mrr_at_1000": 0.577321,
        "nauc_ndcg_at_1_max": 0.153512,
        "nauc_ndcg_at_1_std": 0.097115,
        "nauc_ndcg_at_1_diff1": 0.678447,
        "nauc_ndcg_at_3_max": 0.102061,
        "nauc_ndcg_at_3_std": 0.131098,
        "nauc_ndcg_at_3_diff1": 0.52528,
        "nauc_ndcg_at_5_max": 0.09097,
        "nauc_ndcg_at_5_std": 0.140311,
        "nauc_ndcg_at_5_diff1": 0.511281,
        "nauc_ndcg_at_10_max": 0.082581,
        "nauc_ndcg_at_10_std": 0.152787,
        "nauc_ndcg_at_10_diff1": 0.507536,
        "nauc_ndcg_at_20_max": 0.077819,
        "nauc_ndcg_at_20_std": 0.163413,
        "nauc_ndcg_at_20_diff1": 0.505989,
        "nauc_ndcg_at_100_max": 0.075442,
        "nauc_ndcg_at_100_std": 0.177474,
        "nauc_ndcg_at_100_diff1": 0.508182,
        "nauc_ndcg_at_1000_max": 0.078404,
        "nauc_ndcg_at_1000_std": 0.182048,
        "nauc_ndcg_at_1000_diff1": 0.510621,
        "nauc_map_at_1_max": 0.153512,
        "nauc_map_at_1_std": 0.097115,
        "nauc_map_at_1_diff1": 0.678447,
        "nauc_map_at_3_max": 0.095261,
        "nauc_map_at_3_std": 0.127675,
        "nauc_map_at_3_diff1": 0.491454,
        "nauc_map_at_5_max": 0.087177,
        "nauc_map_at_5_std": 0.133887,
        "nauc_map_at_5_diff1": 0.482668,
        "nauc_map_at_10_max": 0.082667,
        "nauc_map_at_10_std": 0.140624,
        "nauc_map_at_10_diff1": 0.481684,
        "nauc_map_at_20_max": 0.080931,
        "nauc_map_at_20_std": 0.144082,
        "nauc_map_at_20_diff1": 0.481459,
        "nauc_map_at_100_max": 0.080251,
        "nauc_map_at_100_std": 0.14661,
        "nauc_map_at_100_diff1": 0.481885,
        "nauc_map_at_1000_max": 0.080385,
        "nauc_map_at_1000_std": 0.146899,
        "nauc_map_at_1000_diff1": 0.482032,
        "nauc_recall_at_1_max": 0.153512,
        "nauc_recall_at_1_std": 0.097115,
        "nauc_recall_at_1_diff1": 0.678447,
        "nauc_recall_at_3_max": 0.077953,
        "nauc_recall_at_3_std": 0.145702,
        "nauc_recall_at_3_diff1": 0.452802,
        "nauc_recall_at_5_max": 0.054724,
        "nauc_recall_at_5_std": 0.160379,
        "nauc_recall_at_5_diff1": 0.416041,
        "nauc_recall_at_10_max": 0.032178,
        "nauc_recall_at_10_std": 0.187808,
        "nauc_recall_at_10_diff1": 0.39437,
        "nauc_recall_at_20_max": 0.013709,
        "nauc_recall_at_20_std": 0.220188,
        "nauc_recall_at_20_diff1": 0.375791,
        "nauc_recall_at_100_max": -0.007149,
        "nauc_recall_at_100_std": 0.291159,
        "nauc_recall_at_100_diff1": 0.35064,
        "nauc_recall_at_1000_max": -0.015085,
        "nauc_recall_at_1000_std": 0.390772,
        "nauc_recall_at_1000_diff1": 0.293592,
        "nauc_precision_at_1_max": 0.153512,
        "nauc_precision_at_1_std": 0.097115,
        "nauc_precision_at_1_diff1": 0.678447,
        "nauc_precision_at_3_max": 0.077953,
        "nauc_precision_at_3_std": 0.145702,
        "nauc_precision_at_3_diff1": 0.452802,
        "nauc_precision_at_5_max": 0.054724,
        "nauc_precision_at_5_std": 0.160379,
        "nauc_precision_at_5_diff1": 0.416041,
        "nauc_precision_at_10_max": 0.032178,
        "nauc_precision_at_10_std": 0.187808,
        "nauc_precision_at_10_diff1": 0.39437,
        "nauc_precision_at_20_max": 0.013709,
        "nauc_precision_at_20_std": 0.220188,
        "nauc_precision_at_20_diff1": 0.375791,
        "nauc_precision_at_100_max": -0.007149,
        "nauc_precision_at_100_std": 0.291159,
        "nauc_precision_at_100_diff1": 0.35064,
        "nauc_precision_at_1000_max": -0.015085,
        "nauc_precision_at_1000_std": 0.390772,
        "nauc_precision_at_1000_diff1": 0.293592,
        "nauc_mrr_at_1_max": 0.153512,
        "nauc_mrr_at_1_std": 0.097115,
        "nauc_mrr_at_1_diff1": 0.678447,
        "nauc_mrr_at_3_max": 0.139199,
        "nauc_mrr_at_3_std": 0.117326,
        "nauc_mrr_at_3_diff1": 0.655028,
        "nauc_mrr_at_5_max": 0.136178,
        "nauc_mrr_at_5_std": 0.121556,
        "nauc_mrr_at_5_diff1": 0.651709,
        "nauc_mrr_at_10_max": 0.134285,
        "nauc_mrr_at_10_std": 0.124443,
        "nauc_mrr_at_10_diff1": 0.650704,
        "nauc_mrr_at_20_max": 0.133923,
        "nauc_mrr_at_20_std": 0.126486,
        "nauc_mrr_at_20_diff1": 0.650816,
        "nauc_mrr_at_100_max": 0.134071,
        "nauc_mrr_at_100_std": 0.126758,
        "nauc_mrr_at_100_diff1": 0.651219,
        "nauc_mrr_at_1000_max": 0.134086,
        "nauc_mrr_at_1000_std": 0.126589,
        "nauc_mrr_at_1000_diff1": 0.651273,
        "main_score": 0.45671,
        "hf_subset": "default",
        "languages": [
          "fas-Arab"
        ]
      }
    ]
  },
  "evaluation_time": 7681.926760196686,
  "kg_co2_emissions": null
}