{
  "dataset_revision": "88f90b0b04f91778ba5341095b0a9f1d7799ce10",
  "task_name": "MSMARCO-Fa",
  "mteb_version": "1.34.14",
  "scores": {
    "dev": [
      {
        "ndcg_at_1": 0.06218,
        "ndcg_at_3": 0.09766,
        "ndcg_at_5": 0.11289,
        "ndcg_at_10": 0.1299,
        "ndcg_at_20": 0.14495,
        "ndcg_at_100": 0.17137,
        "ndcg_at_1000": 0.19566,
        "map_at_1": 0.06,
        "map_at_3": 0.08769,
        "map_at_5": 0.09606,
        "map_at_10": 0.10308,
        "map_at_20": 0.10722,
        "map_at_100": 0.11069,
        "map_at_1000": 0.11149,
        "recall_at_1": 0.06,
        "recall_at_3": 0.12393,
        "recall_at_5": 0.16074,
        "recall_at_10": 0.21283,
        "recall_at_20": 0.27184,
        "recall_at_100": 0.41523,
        "recall_at_1000": 0.61029,
        "precision_at_1": 0.06218,
        "precision_at_3": 0.04284,
        "precision_at_5": 0.03341,
        "precision_at_10": 0.02215,
        "precision_at_20": 0.01417,
        "precision_at_100": 0.00436,
        "precision_at_1000": 0.00065,
        "mrr_at_1": 0.062178,
        "mrr_at_3": 0.090473,
        "mrr_at_5": 0.099026,
        "mrr_at_10": 0.106136,
        "mrr_at_20": 0.110281,
        "mrr_at_100": 0.113732,
        "mrr_at_1000": 0.114515,
        "nauc_ndcg_at_1_max": 0.132325,
        "nauc_ndcg_at_1_std": -0.046207,
        "nauc_ndcg_at_1_diff1": 0.314647,
        "nauc_ndcg_at_3_max": 0.138621,
        "nauc_ndcg_at_3_std": -0.026745,
        "nauc_ndcg_at_3_diff1": 0.246106,
        "nauc_ndcg_at_5_max": 0.148975,
        "nauc_ndcg_at_5_std": -0.01194,
        "nauc_ndcg_at_5_diff1": 0.238442,
        "nauc_ndcg_at_10_max": 0.158859,
        "nauc_ndcg_at_10_std": 0.00952,
        "nauc_ndcg_at_10_diff1": 0.225939,
        "nauc_ndcg_at_20_max": 0.174092,
        "nauc_ndcg_at_20_std": 0.034533,
        "nauc_ndcg_at_20_diff1": 0.21807,
        "nauc_ndcg_at_100_max": 0.194476,
        "nauc_ndcg_at_100_std": 0.078396,
        "nauc_ndcg_at_100_diff1": 0.20986,
        "nauc_ndcg_at_1000_max": 0.202818,
        "nauc_ndcg_at_1000_std": 0.097451,
        "nauc_ndcg_at_1000_diff1": 0.212711,
        "nauc_map_at_1_max": 0.136107,
        "nauc_map_at_1_std": -0.048562,
        "nauc_map_at_1_diff1": 0.315699,
        "nauc_map_at_3_max": 0.138218,
        "nauc_map_at_3_std": -0.032174,
        "nauc_map_at_3_diff1": 0.257645,
        "nauc_map_at_5_max": 0.144612,
        "nauc_map_at_5_std": -0.022621,
        "nauc_map_at_5_diff1": 0.252207,
        "nauc_map_at_10_max": 0.149354,
        "nauc_map_at_10_std": -0.012295,
        "nauc_map_at_10_diff1": 0.245327,
        "nauc_map_at_20_max": 0.154462,
        "nauc_map_at_20_std": -0.003693,
        "nauc_map_at_20_diff1": 0.242335,
        "nauc_map_at_100_max": 0.157901,
        "nauc_map_at_100_std": 0.003893,
        "nauc_map_at_100_diff1": 0.240726,
        "nauc_map_at_1000_max": 0.158435,
        "nauc_map_at_1000_std": 0.004855,
        "nauc_map_at_1000_diff1": 0.240927,
        "nauc_recall_at_1_max": 0.136107,
        "nauc_recall_at_1_std": -0.048562,
        "nauc_recall_at_1_diff1": 0.315699,
        "nauc_recall_at_3_max": 0.139773,
        "nauc_recall_at_3_std": -0.017601,
        "nauc_recall_at_3_diff1": 0.219347,
        "nauc_recall_at_5_max": 0.1578,
        "nauc_recall_at_5_std": 0.006947,
        "nauc_recall_at_5_diff1": 0.20982,
        "nauc_recall_at_10_max": 0.175709,
        "nauc_recall_at_10_std": 0.048468,
        "nauc_recall_at_10_diff1": 0.187821,
        "nauc_recall_at_20_max": 0.211711,
        "nauc_recall_at_20_std": 0.105114,
        "nauc_recall_at_20_diff1": 0.17348,
        "nauc_recall_at_100_max": 0.271753,
        "nauc_recall_at_100_std": 0.236286,
        "nauc_recall_at_100_diff1": 0.150357,
        "nauc_recall_at_1000_max": 0.323306,
        "nauc_recall_at_1000_std": 0.357189,
        "nauc_recall_at_1000_diff1": 0.153662,
        "nauc_precision_at_1_max": 0.132325,
        "nauc_precision_at_1_std": -0.046207,
        "nauc_precision_at_1_diff1": 0.314647,
        "nauc_precision_at_3_max": 0.140967,
        "nauc_precision_at_3_std": -0.012791,
        "nauc_precision_at_3_diff1": 0.220658,
        "nauc_precision_at_5_max": 0.158835,
        "nauc_precision_at_5_std": 0.011463,
        "nauc_precision_at_5_diff1": 0.213129,
        "nauc_precision_at_10_max": 0.180622,
        "nauc_precision_at_10_std": 0.054551,
        "nauc_precision_at_10_diff1": 0.195115,
        "nauc_precision_at_20_max": 0.216545,
        "nauc_precision_at_20_std": 0.114203,
        "nauc_precision_at_20_diff1": 0.177508,
        "nauc_precision_at_100_max": 0.278083,
        "nauc_precision_at_100_std": 0.252361,
        "nauc_precision_at_100_diff1": 0.151666,
        "nauc_precision_at_1000_max": 0.310622,
        "nauc_precision_at_1000_std": 0.359098,
        "nauc_precision_at_1000_diff1": 0.146502,
        "nauc_mrr_at_1_max": 0.132325,
        "nauc_mrr_at_1_std": -0.046207,
        "nauc_mrr_at_1_diff1": 0.314647,
        "nauc_mrr_at_3_max": 0.136209,
        "nauc_mrr_at_3_std": -0.028447,
        "nauc_mrr_at_3_diff1": 0.258668,
        "nauc_mrr_at_5_max": 0.143389,
        "nauc_mrr_at_5_std": -0.018658,
        "nauc_mrr_at_5_diff1": 0.253239,
        "nauc_mrr_at_10_max": 0.14815,
        "nauc_mrr_at_10_std": -0.008037,
        "nauc_mrr_at_10_diff1": 0.246198,
        "nauc_mrr_at_20_max": 0.15332,
        "nauc_mrr_at_20_std": 0.000648,
        "nauc_mrr_at_20_diff1": 0.243206,
        "nauc_mrr_at_100_max": 0.156474,
        "nauc_mrr_at_100_std": 0.007599,
        "nauc_mrr_at_100_diff1": 0.241685,
        "nauc_mrr_at_1000_max": 0.156962,
        "nauc_mrr_at_1000_std": 0.008429,
        "nauc_mrr_at_1000_diff1": 0.241882,
        "main_score": 0.1299,
        "hf_subset": "default",
        "languages": [
          "fas-Arab"
        ]
      }
    ]
  },
  "evaluation_time": 15270.501206874847,
  "kg_co2_emissions": null
}