{
  "dataset_revision": "70aa71825a791e87210c0355a01f538aa611feae",
  "task_name": "NFCorpus-Fa",
  "mteb_version": "1.34.14",
  "scores": {
    "test": [
      {
        "ndcg_at_1": 0.25697,
        "ndcg_at_3": 0.23952,
        "ndcg_at_5": 0.21966,
        "ndcg_at_10": 0.20257,
        "ndcg_at_20": 0.19199,
        "ndcg_at_100": 0.1994,
        "ndcg_at_1000": 0.30759,
        "map_at_1": 0.02651,
        "map_at_3": 0.04134,
        "map_at_5": 0.04694,
        "map_at_10": 0.05752,
        "map_at_20": 0.06622,
        "map_at_100": 0.08141,
        "map_at_1000": 0.09638,
        "recall_at_1": 0.02651,
        "recall_at_3": 0.0475,
        "recall_at_5": 0.05803,
        "recall_at_10": 0.07939,
        "recall_at_20": 0.1161,
        "recall_at_100": 0.22344,
        "recall_at_1000": 0.59787,
        "precision_at_1": 0.27864,
        "precision_at_3": 0.24252,
        "precision_at_5": 0.20495,
        "precision_at_10": 0.16904,
        "precision_at_20": 0.13142,
        "precision_at_100": 0.06347,
        "precision_at_1000": 0.02098,
        "mrr_at_1": 0.278638,
        "mrr_at_3": 0.342621,
        "mrr_at_5": 0.356398,
        "mrr_at_10": 0.364072,
        "mrr_at_20": 0.370173,
        "mrr_at_100": 0.373109,
        "mrr_at_1000": 0.373914,
        "nauc_ndcg_at_1_max": 0.282637,
        "nauc_ndcg_at_1_std": 0.236107,
        "nauc_ndcg_at_1_diff1": 0.30232,
        "nauc_ndcg_at_3_max": 0.355322,
        "nauc_ndcg_at_3_std": 0.279145,
        "nauc_ndcg_at_3_diff1": 0.238526,
        "nauc_ndcg_at_5_max": 0.379253,
        "nauc_ndcg_at_5_std": 0.335364,
        "nauc_ndcg_at_5_diff1": 0.259893,
        "nauc_ndcg_at_10_max": 0.381875,
        "nauc_ndcg_at_10_std": 0.369607,
        "nauc_ndcg_at_10_diff1": 0.277596,
        "nauc_ndcg_at_20_max": 0.362775,
        "nauc_ndcg_at_20_std": 0.389398,
        "nauc_ndcg_at_20_diff1": 0.252991,
        "nauc_ndcg_at_100_max": 0.260154,
        "nauc_ndcg_at_100_std": 0.428418,
        "nauc_ndcg_at_100_diff1": 0.215509,
        "nauc_ndcg_at_1000_max": 0.257578,
        "nauc_ndcg_at_1000_std": 0.45841,
        "nauc_ndcg_at_1000_diff1": 0.227915,
        "nauc_map_at_1_max": -0.00837,
        "nauc_map_at_1_std": 0.215901,
        "nauc_map_at_1_diff1": 0.307817,
        "nauc_map_at_3_max": 0.083568,
        "nauc_map_at_3_std": 0.184668,
        "nauc_map_at_3_diff1": 0.226052,
        "nauc_map_at_5_max": 0.104147,
        "nauc_map_at_5_std": 0.229846,
        "nauc_map_at_5_diff1": 0.232275,
        "nauc_map_at_10_max": 0.149947,
        "nauc_map_at_10_std": 0.295245,
        "nauc_map_at_10_diff1": 0.236259,
        "nauc_map_at_20_max": 0.168706,
        "nauc_map_at_20_std": 0.337368,
        "nauc_map_at_20_diff1": 0.215932,
        "nauc_map_at_100_max": 0.186621,
        "nauc_map_at_100_std": 0.395398,
        "nauc_map_at_100_diff1": 0.204231,
        "nauc_map_at_1000_max": 0.23554,
        "nauc_map_at_1000_std": 0.423332,
        "nauc_map_at_1000_diff1": 0.218051,
        "nauc_recall_at_1_max": -0.00837,
        "nauc_recall_at_1_std": 0.215901,
        "nauc_recall_at_1_diff1": 0.307817,
        "nauc_recall_at_3_max": 0.091329,
        "nauc_recall_at_3_std": 0.163561,
        "nauc_recall_at_3_diff1": 0.195791,
        "nauc_recall_at_5_max": 0.092409,
        "nauc_recall_at_5_std": 0.215261,
        "nauc_recall_at_5_diff1": 0.2047,
        "nauc_recall_at_10_max": 0.120313,
        "nauc_recall_at_10_std": 0.28398,
        "nauc_recall_at_10_diff1": 0.2026,
        "nauc_recall_at_20_max": 0.129562,
        "nauc_recall_at_20_std": 0.304245,
        "nauc_recall_at_20_diff1": 0.118985,
        "nauc_recall_at_100_max": 0.062774,
        "nauc_recall_at_100_std": 0.348254,
        "nauc_recall_at_100_diff1": 0.038613,
        "nauc_recall_at_1000_max": -0.008781,
        "nauc_recall_at_1000_std": 0.302419,
        "nauc_recall_at_1000_diff1": -0.002679,
        "nauc_precision_at_1_max": 0.260649,
        "nauc_precision_at_1_std": 0.267173,
        "nauc_precision_at_1_diff1": 0.270697,
        "nauc_precision_at_3_max": 0.341959,
        "nauc_precision_at_3_std": 0.301677,
        "nauc_precision_at_3_diff1": 0.174829,
        "nauc_precision_at_5_max": 0.389418,
        "nauc_precision_at_5_std": 0.386418,
        "nauc_precision_at_5_diff1": 0.201858,
        "nauc_precision_at_10_max": 0.409502,
        "nauc_precision_at_10_std": 0.419085,
        "nauc_precision_at_10_diff1": 0.204171,
        "nauc_precision_at_20_max": 0.419623,
        "nauc_precision_at_20_std": 0.446811,
        "nauc_precision_at_20_diff1": 0.162363,
        "nauc_precision_at_100_max": 0.42125,
        "nauc_precision_at_100_std": 0.403273,
        "nauc_precision_at_100_diff1": 0.146812,
        "nauc_precision_at_1000_max": 0.516258,
        "nauc_precision_at_1000_std": 0.226683,
        "nauc_precision_at_1000_diff1": 0.194196,
        "nauc_mrr_at_1_max": 0.260649,
        "nauc_mrr_at_1_std": 0.267173,
        "nauc_mrr_at_1_diff1": 0.270697,
        "nauc_mrr_at_3_max": 0.279253,
        "nauc_mrr_at_3_std": 0.295558,
        "nauc_mrr_at_3_diff1": 0.262765,
        "nauc_mrr_at_5_max": 0.278974,
        "nauc_mrr_at_5_std": 0.315227,
        "nauc_mrr_at_5_diff1": 0.26953,
        "nauc_mrr_at_10_max": 0.278296,
        "nauc_mrr_at_10_std": 0.316546,
        "nauc_mrr_at_10_diff1": 0.271532,
        "nauc_mrr_at_20_max": 0.279127,
        "nauc_mrr_at_20_std": 0.31794,
        "nauc_mrr_at_20_diff1": 0.266668,
        "nauc_mrr_at_100_max": 0.278138,
        "nauc_mrr_at_100_std": 0.318234,
        "nauc_mrr_at_100_diff1": 0.265873,
        "nauc_mrr_at_1000_max": 0.277941,
        "nauc_mrr_at_1000_std": 0.317671,
        "nauc_mrr_at_1000_diff1": 0.265829,
        "main_score": 0.20257,
        "hf_subset": "default",
        "languages": [
          "fas-Arab"
        ]
      }
    ]
  },
  "evaluation_time": 19.30744457244873,
  "kg_co2_emissions": null
}