{
  "dataset_revision": "6611ebf4b4c1aaf8b021e4728440db2188291b8b",
  "task_name": "SCIDOCS-Fa",
  "mteb_version": "1.34.14",
  "scores": {
    "test": [
      {
        "ndcg_at_1": 0.135,
        "ndcg_at_3": 0.10497,
        "ndcg_at_5": 0.09148,
        "ndcg_at_10": 0.11094,
        "ndcg_at_20": 0.1274,
        "ndcg_at_100": 0.15819,
        "ndcg_at_1000": 0.19891,
        "map_at_1": 0.02753,
        "map_at_3": 0.04551,
        "map_at_5": 0.05265,
        "map_at_10": 0.06102,
        "map_at_20": 0.06585,
        "map_at_100": 0.07067,
        "map_at_1000": 0.07247,
        "recall_at_1": 0.02753,
        "recall_at_3": 0.05863,
        "recall_at_5": 0.07998,
        "recall_at_10": 0.11553,
        "recall_at_20": 0.15453,
        "recall_at_100": 0.25505,
        "recall_at_1000": 0.45582,
        "precision_at_1": 0.135,
        "precision_at_3": 0.096,
        "precision_at_5": 0.0788,
        "precision_at_10": 0.0569,
        "precision_at_20": 0.038,
        "precision_at_100": 0.01257,
        "precision_at_1000": 0.00225,
        "mrr_at_1": 0.135,
        "mrr_at_3": 0.181,
        "mrr_at_5": 0.1964,
        "mrr_at_10": 0.208143,
        "mrr_at_20": 0.214168,
        "mrr_at_100": 0.21827,
        "mrr_at_1000": 0.219122,
        "nauc_ndcg_at_1_max": 0.220471,
        "nauc_ndcg_at_1_std": 0.069276,
        "nauc_ndcg_at_1_diff1": 0.262478,
        "nauc_ndcg_at_3_max": 0.242215,
        "nauc_ndcg_at_3_std": 0.119329,
        "nauc_ndcg_at_3_diff1": 0.237877,
        "nauc_ndcg_at_5_max": 0.250001,
        "nauc_ndcg_at_5_std": 0.144234,
        "nauc_ndcg_at_5_diff1": 0.217937,
        "nauc_ndcg_at_10_max": 0.249369,
        "nauc_ndcg_at_10_std": 0.172989,
        "nauc_ndcg_at_10_diff1": 0.212256,
        "nauc_ndcg_at_20_max": 0.261805,
        "nauc_ndcg_at_20_std": 0.195617,
        "nauc_ndcg_at_20_diff1": 0.221255,
        "nauc_ndcg_at_100_max": 0.277618,
        "nauc_ndcg_at_100_std": 0.237088,
        "nauc_ndcg_at_100_diff1": 0.223204,
        "nauc_ndcg_at_1000_max": 0.297611,
        "nauc_ndcg_at_1000_std": 0.280047,
        "nauc_ndcg_at_1000_diff1": 0.229778,
        "nauc_map_at_1_max": 0.215848,
        "nauc_map_at_1_std": 0.070678,
        "nauc_map_at_1_diff1": 0.257169,
        "nauc_map_at_3_max": 0.251201,
        "nauc_map_at_3_std": 0.107337,
        "nauc_map_at_3_diff1": 0.248777,
        "nauc_map_at_5_max": 0.264879,
        "nauc_map_at_5_std": 0.128106,
        "nauc_map_at_5_diff1": 0.226412,
        "nauc_map_at_10_max": 0.26595,
        "nauc_map_at_10_std": 0.156143,
        "nauc_map_at_10_diff1": 0.221619,
        "nauc_map_at_20_max": 0.271467,
        "nauc_map_at_20_std": 0.167398,
        "nauc_map_at_20_diff1": 0.221991,
        "nauc_map_at_100_max": 0.278469,
        "nauc_map_at_100_std": 0.18055,
        "nauc_map_at_100_diff1": 0.22342,
        "nauc_map_at_1000_max": 0.280679,
        "nauc_map_at_1000_std": 0.186346,
        "nauc_map_at_1000_diff1": 0.224282,
        "nauc_recall_at_1_max": 0.215848,
        "nauc_recall_at_1_std": 0.070678,
        "nauc_recall_at_1_diff1": 0.257169,
        "nauc_recall_at_3_max": 0.247654,
        "nauc_recall_at_3_std": 0.140169,
        "nauc_recall_at_3_diff1": 0.22234,
        "nauc_recall_at_5_max": 0.255927,
        "nauc_recall_at_5_std": 0.174125,
        "nauc_recall_at_5_diff1": 0.187983,
        "nauc_recall_at_10_max": 0.24144,
        "nauc_recall_at_10_std": 0.2148,
        "nauc_recall_at_10_diff1": 0.176969,
        "nauc_recall_at_20_max": 0.261024,
        "nauc_recall_at_20_std": 0.250852,
        "nauc_recall_at_20_diff1": 0.193954,
        "nauc_recall_at_100_max": 0.276931,
        "nauc_recall_at_100_std": 0.324031,
        "nauc_recall_at_100_diff1": 0.183985,
        "nauc_recall_at_1000_max": 0.302978,
        "nauc_recall_at_1000_std": 0.412217,
        "nauc_recall_at_1000_diff1": 0.180096,
        "nauc_precision_at_1_max": 0.220471,
        "nauc_precision_at_1_std": 0.069276,
        "nauc_precision_at_1_diff1": 0.262478,
        "nauc_precision_at_3_max": 0.248607,
        "nauc_precision_at_3_std": 0.138436,
        "nauc_precision_at_3_diff1": 0.223506,
        "nauc_precision_at_5_max": 0.255666,
        "nauc_precision_at_5_std": 0.172423,
        "nauc_precision_at_5_diff1": 0.188125,
        "nauc_precision_at_10_max": 0.242487,
        "nauc_precision_at_10_std": 0.215503,
        "nauc_precision_at_10_diff1": 0.178225,
        "nauc_precision_at_20_max": 0.261284,
        "nauc_precision_at_20_std": 0.25213,
        "nauc_precision_at_20_diff1": 0.198931,
        "nauc_precision_at_100_max": 0.276477,
        "nauc_precision_at_100_std": 0.326315,
        "nauc_precision_at_100_diff1": 0.187865,
        "nauc_precision_at_1000_max": 0.298013,
        "nauc_precision_at_1000_std": 0.408963,
        "nauc_precision_at_1000_diff1": 0.184008,
        "nauc_mrr_at_1_max": 0.220471,
        "nauc_mrr_at_1_std": 0.069276,
        "nauc_mrr_at_1_diff1": 0.262478,
        "nauc_mrr_at_3_max": 0.220354,
        "nauc_mrr_at_3_std": 0.111173,
        "nauc_mrr_at_3_diff1": 0.238794,
        "nauc_mrr_at_5_max": 0.216745,
        "nauc_mrr_at_5_std": 0.121024,
        "nauc_mrr_at_5_diff1": 0.233166,
        "nauc_mrr_at_10_max": 0.217098,
        "nauc_mrr_at_10_std": 0.124977,
        "nauc_mrr_at_10_diff1": 0.230391,
        "nauc_mrr_at_20_max": 0.219427,
        "nauc_mrr_at_20_std": 0.130599,
        "nauc_mrr_at_20_diff1": 0.234251,
        "nauc_mrr_at_100_max": 0.219744,
        "nauc_mrr_at_100_std": 0.132523,
        "nauc_mrr_at_100_diff1": 0.234013,
        "nauc_mrr_at_1000_max": 0.220156,
        "nauc_mrr_at_1000_std": 0.132515,
        "nauc_mrr_at_1000_diff1": 0.23405,
        "main_score": 0.11094,
        "hf_subset": "default",
        "languages": [
          "fas-Arab"
        ]
      }
    ]
  },
  "evaluation_time": 101.87371683120728,
  "kg_co2_emissions": null
}