{
  "dataset_revision": "7723397096199c4d6f367b445fccaf282c518abe",
  "task_name": "SciFact-Fa",
  "mteb_version": "1.34.14",
  "scores": {
    "test": [
      {
        "ndcg_at_1": 0.42333,
        "ndcg_at_3": 0.50026,
        "ndcg_at_5": 0.51749,
        "ndcg_at_10": 0.54493,
        "ndcg_at_20": 0.56196,
        "ndcg_at_100": 0.57958,
        "ndcg_at_1000": 0.59582,
        "map_at_1": 0.39744,
        "map_at_3": 0.47006,
        "map_at_5": 0.48211,
        "map_at_10": 0.49482,
        "map_at_20": 0.50002,
        "map_at_100": 0.50262,
        "map_at_1000": 0.50323,
        "recall_at_1": 0.39744,
        "recall_at_3": 0.55728,
        "recall_at_5": 0.60089,
        "recall_at_10": 0.68194,
        "recall_at_20": 0.7465,
        "recall_at_100": 0.83933,
        "recall_at_1000": 0.96833,
        "precision_at_1": 0.42333,
        "precision_at_3": 0.20222,
        "precision_at_5": 0.13267,
        "precision_at_10": 0.07667,
        "precision_at_20": 0.04233,
        "precision_at_100": 0.00957,
        "precision_at_1000": 0.0011,
        "mrr_at_1": 0.423333,
        "mrr_at_3": 0.493889,
        "mrr_at_5": 0.502556,
        "mrr_at_10": 0.512455,
        "mrr_at_20": 0.516502,
        "mrr_at_100": 0.518605,
        "mrr_at_1000": 0.519123,
        "nauc_ndcg_at_1_max": 0.319115,
        "nauc_ndcg_at_1_std": -0.046743,
        "nauc_ndcg_at_1_diff1": 0.590284,
        "nauc_ndcg_at_3_max": 0.301015,
        "nauc_ndcg_at_3_std": -0.064122,
        "nauc_ndcg_at_3_diff1": 0.548311,
        "nauc_ndcg_at_5_max": 0.290116,
        "nauc_ndcg_at_5_std": -0.052524,
        "nauc_ndcg_at_5_diff1": 0.539049,
        "nauc_ndcg_at_10_max": 0.29019,
        "nauc_ndcg_at_10_std": -0.028892,
        "nauc_ndcg_at_10_diff1": 0.52198,
        "nauc_ndcg_at_20_max": 0.307111,
        "nauc_ndcg_at_20_std": -0.026406,
        "nauc_ndcg_at_20_diff1": 0.523254,
        "nauc_ndcg_at_100_max": 0.303599,
        "nauc_ndcg_at_100_std": -0.025141,
        "nauc_ndcg_at_100_diff1": 0.528847,
        "nauc_ndcg_at_1000_max": 0.305744,
        "nauc_ndcg_at_1000_std": -0.033667,
        "nauc_ndcg_at_1000_diff1": 0.535867,
        "nauc_map_at_1_max": 0.291396,
        "nauc_map_at_1_std": -0.084446,
        "nauc_map_at_1_diff1": 0.604855,
        "nauc_map_at_3_max": 0.29694,
        "nauc_map_at_3_std": -0.073798,
        "nauc_map_at_3_diff1": 0.563481,
        "nauc_map_at_5_max": 0.290947,
        "nauc_map_at_5_std": -0.064096,
        "nauc_map_at_5_diff1": 0.556864,
        "nauc_map_at_10_max": 0.292883,
        "nauc_map_at_10_std": -0.052463,
        "nauc_map_at_10_diff1": 0.548074,
        "nauc_map_at_20_max": 0.297342,
        "nauc_map_at_20_std": -0.052446,
        "nauc_map_at_20_diff1": 0.549219,
        "nauc_map_at_100_max": 0.297104,
        "nauc_map_at_100_std": -0.052449,
        "nauc_map_at_100_diff1": 0.549801,
        "nauc_map_at_1000_max": 0.2971,
        "nauc_map_at_1000_std": -0.052678,
        "nauc_map_at_1000_diff1": 0.549899,
        "nauc_recall_at_1_max": 0.291396,
        "nauc_recall_at_1_std": -0.084446,
        "nauc_recall_at_1_diff1": 0.604855,
        "nauc_recall_at_3_max": 0.28992,
        "nauc_recall_at_3_std": -0.067479,
        "nauc_recall_at_3_diff1": 0.512887,
        "nauc_recall_at_5_max": 0.26531,
        "nauc_recall_at_5_std": -0.03959,
        "nauc_recall_at_5_diff1": 0.478079,
        "nauc_recall_at_10_max": 0.255433,
        "nauc_recall_at_10_std": 0.041828,
        "nauc_recall_at_10_diff1": 0.412439,
        "nauc_recall_at_20_max": 0.341618,
        "nauc_recall_at_20_std": 0.0709,
        "nauc_recall_at_20_diff1": 0.394252,
        "nauc_recall_at_100_max": 0.312307,
        "nauc_recall_at_100_std": 0.137184,
        "nauc_recall_at_100_diff1": 0.398737,
        "nauc_recall_at_1000_max": 0.503514,
        "nauc_recall_at_1000_std": 0.130006,
        "nauc_recall_at_1000_diff1": 0.48312,
        "nauc_precision_at_1_max": 0.319115,
        "nauc_precision_at_1_std": -0.046743,
        "nauc_precision_at_1_diff1": 0.590284,
        "nauc_precision_at_3_max": 0.3506,
        "nauc_precision_at_3_std": 0.016742,
        "nauc_precision_at_3_diff1": 0.44839,
        "nauc_precision_at_5_max": 0.297915,
        "nauc_precision_at_5_std": 0.067733,
        "nauc_precision_at_5_diff1": 0.364348,
        "nauc_precision_at_10_max": 0.287356,
        "nauc_precision_at_10_std": 0.166487,
        "nauc_precision_at_10_diff1": 0.228423,
        "nauc_precision_at_20_max": 0.330287,
        "nauc_precision_at_20_std": 0.203276,
        "nauc_precision_at_20_diff1": 0.171076,
        "nauc_precision_at_100_max": 0.264155,
        "nauc_precision_at_100_std": 0.242003,
        "nauc_precision_at_100_diff1": 0.079639,
        "nauc_precision_at_1000_max": 0.236638,
        "nauc_precision_at_1000_std": 0.260398,
        "nauc_precision_at_1000_diff1": -0.079917,
        "nauc_mrr_at_1_max": 0.319115,
        "nauc_mrr_at_1_std": -0.046743,
        "nauc_mrr_at_1_diff1": 0.590284,
        "nauc_mrr_at_3_max": 0.307765,
        "nauc_mrr_at_3_std": -0.049052,
        "nauc_mrr_at_3_diff1": 0.558408,
        "nauc_mrr_at_5_max": 0.301651,
        "nauc_mrr_at_5_std": -0.045573,
        "nauc_mrr_at_5_diff1": 0.551095,
        "nauc_mrr_at_10_max": 0.30218,
        "nauc_mrr_at_10_std": -0.037788,
        "nauc_mrr_at_10_diff1": 0.548869,
        "nauc_mrr_at_20_max": 0.305045,
        "nauc_mrr_at_20_std": -0.038043,
        "nauc_mrr_at_20_diff1": 0.549233,
        "nauc_mrr_at_100_max": 0.304928,
        "nauc_mrr_at_100_std": -0.038746,
        "nauc_mrr_at_100_diff1": 0.550175,
        "nauc_mrr_at_1000_max": 0.304846,
        "nauc_mrr_at_1000_std": -0.038951,
        "nauc_mrr_at_1000_diff1": 0.550223,
        "main_score": 0.54493,
        "hf_subset": "default",
        "languages": [
          "fas-Arab"
        ]
      }
    ]
  },
  "evaluation_time": 26.201806783676147,
  "kg_co2_emissions": null
}