{
  "dataset_revision": "9d32af6540970e2845028cbfffe6b0d0e8f52428",
  "task_name": "SynPerChatbotRAGFAQRetrieval",
  "mteb_version": "1.34.14",
  "scores": {
    "test": [
      {
        "ndcg_at_1": 0.40938,
        "ndcg_at_3": 0.49534,
        "ndcg_at_5": 0.52678,
        "ndcg_at_10": 0.56206,
        "ndcg_at_20": 0.58395,
        "ndcg_at_100": 0.60508,
        "ndcg_at_1000": 0.61161,
        "map_at_1": 0.40938,
        "map_at_3": 0.47363,
        "map_at_5": 0.49106,
        "map_at_10": 0.50591,
        "map_at_20": 0.51205,
        "map_at_100": 0.51502,
        "map_at_1000": 0.51526,
        "recall_at_1": 0.40938,
        "recall_at_3": 0.55842,
        "recall_at_5": 0.63477,
        "recall_at_10": 0.74241,
        "recall_at_20": 0.82797,
        "recall_at_100": 0.94112,
        "recall_at_1000": 0.99264,
        "precision_at_1": 0.40938,
        "precision_at_3": 0.18614,
        "precision_at_5": 0.12695,
        "precision_at_10": 0.07424,
        "precision_at_20": 0.0414,
        "precision_at_100": 0.00941,
        "precision_at_1000": 0.00099,
        "mrr_at_1": 0.409384,
        "mrr_at_3": 0.473628,
        "mrr_at_5": 0.491061,
        "mrr_at_10": 0.505906,
        "mrr_at_20": 0.512049,
        "mrr_at_100": 0.515016,
        "mrr_at_1000": 0.515259,
        "nauc_ndcg_at_1_max": 0.326808,
        "nauc_ndcg_at_1_std": -0.031387,
        "nauc_ndcg_at_1_diff1": 0.645401,
        "nauc_ndcg_at_3_max": 0.354901,
        "nauc_ndcg_at_3_std": -0.027823,
        "nauc_ndcg_at_3_diff1": 0.596345,
        "nauc_ndcg_at_5_max": 0.355805,
        "nauc_ndcg_at_5_std": -0.020944,
        "nauc_ndcg_at_5_diff1": 0.587601,
        "nauc_ndcg_at_10_max": 0.360758,
        "nauc_ndcg_at_10_std": -0.010644,
        "nauc_ndcg_at_10_diff1": 0.580866,
        "nauc_ndcg_at_20_max": 0.36269,
        "nauc_ndcg_at_20_std": -0.005585,
        "nauc_ndcg_at_20_diff1": 0.589411,
        "nauc_ndcg_at_100_max": 0.357188,
        "nauc_ndcg_at_100_std": -0.00278,
        "nauc_ndcg_at_100_diff1": 0.592173,
        "nauc_ndcg_at_1000_max": 0.355529,
        "nauc_ndcg_at_1000_std": -0.009531,
        "nauc_ndcg_at_1000_diff1": 0.594815,
        "nauc_map_at_1_max": 0.326808,
        "nauc_map_at_1_std": -0.031387,
        "nauc_map_at_1_diff1": 0.645401,
        "nauc_map_at_3_max": 0.34829,
        "nauc_map_at_3_std": -0.030165,
        "nauc_map_at_3_diff1": 0.607969,
        "nauc_map_at_5_max": 0.348483,
        "nauc_map_at_5_std": -0.026515,
        "nauc_map_at_5_diff1": 0.60376,
        "nauc_map_at_10_max": 0.350545,
        "nauc_map_at_10_std": -0.022791,
        "nauc_map_at_10_diff1": 0.60118,
        "nauc_map_at_20_max": 0.350984,
        "nauc_map_at_20_std": -0.021359,
        "nauc_map_at_20_diff1": 0.603531,
        "nauc_map_at_100_max": 0.350213,
        "nauc_map_at_100_std": -0.021363,
        "nauc_map_at_100_diff1": 0.6037,
        "nauc_map_at_1000_max": 0.350136,
        "nauc_map_at_1000_std": -0.021502,
        "nauc_map_at_1000_diff1": 0.603796,
        "nauc_recall_at_1_max": 0.326808,
        "nauc_recall_at_1_std": -0.031387,
        "nauc_recall_at_1_diff1": 0.645401,
        "nauc_recall_at_3_max": 0.374936,
        "nauc_recall_at_3_std": -0.020025,
        "nauc_recall_at_3_diff1": 0.561076,
        "nauc_recall_at_5_max": 0.380405,
        "nauc_recall_at_5_std": -0.000495,
        "nauc_recall_at_5_diff1": 0.532183,
        "nauc_recall_at_10_max": 0.405285,
        "nauc_recall_at_10_std": 0.048907,
        "nauc_recall_at_10_diff1": 0.491267,
        "nauc_recall_at_20_max": 0.435168,
        "nauc_recall_at_20_std": 0.103365,
        "nauc_recall_at_20_diff1": 0.515972,
        "nauc_recall_at_100_max": 0.431008,
        "nauc_recall_at_100_std": 0.382422,
        "nauc_recall_at_100_diff1": 0.474977,
        "nauc_recall_at_1000_max": 0.508087,
        "nauc_recall_at_1000_std": 0.948936,
        "nauc_recall_at_1000_diff1": 0.385915,
        "nauc_precision_at_1_max": 0.326808,
        "nauc_precision_at_1_std": -0.031387,
        "nauc_precision_at_1_diff1": 0.645401,
        "nauc_precision_at_3_max": 0.374936,
        "nauc_precision_at_3_std": -0.020025,
        "nauc_precision_at_3_diff1": 0.561076,
        "nauc_precision_at_5_max": 0.380405,
        "nauc_precision_at_5_std": -0.000495,
        "nauc_precision_at_5_diff1": 0.532183,
        "nauc_precision_at_10_max": 0.405285,
        "nauc_precision_at_10_std": 0.048907,
        "nauc_precision_at_10_diff1": 0.491267,
        "nauc_precision_at_20_max": 0.435168,
        "nauc_precision_at_20_std": 0.103365,
        "nauc_precision_at_20_diff1": 0.515972,
        "nauc_precision_at_100_max": 0.431008,
        "nauc_precision_at_100_std": 0.382422,
        "nauc_precision_at_100_diff1": 0.474977,
        "nauc_precision_at_1000_max": 0.508087,
        "nauc_precision_at_1000_std": 0.948936,
        "nauc_precision_at_1000_diff1": 0.385915,
        "nauc_mrr_at_1_max": 0.326808,
        "nauc_mrr_at_1_std": -0.031387,
        "nauc_mrr_at_1_diff1": 0.645401,
        "nauc_mrr_at_3_max": 0.34829,
        "nauc_mrr_at_3_std": -0.030165,
        "nauc_mrr_at_3_diff1": 0.607969,
        "nauc_mrr_at_5_max": 0.348483,
        "nauc_mrr_at_5_std": -0.026515,
        "nauc_mrr_at_5_diff1": 0.60376,
        "nauc_mrr_at_10_max": 0.350545,
        "nauc_mrr_at_10_std": -0.022791,
        "nauc_mrr_at_10_diff1": 0.60118,
        "nauc_mrr_at_20_max": 0.350984,
        "nauc_mrr_at_20_std": -0.021359,
        "nauc_mrr_at_20_diff1": 0.603531,
        "nauc_mrr_at_100_max": 0.350213,
        "nauc_mrr_at_100_std": -0.021363,
        "nauc_mrr_at_100_diff1": 0.6037,
        "nauc_mrr_at_1000_max": 0.350136,
        "nauc_mrr_at_1000_std": -0.021502,
        "nauc_mrr_at_1000_diff1": 0.603796,
        "main_score": 0.56206,
        "hf_subset": "default",
        "languages": [
          "fas-Arab"
        ]
      }
    ]
  },
  "evaluation_time": 13.567344188690186,
  "kg_co2_emissions": null
}