{
  "dataset_revision": "da8f36a723da155738f5e3d8d84d543589bd5083",
  "task_name": "SynPerChatbotRAGTopicsRetrieval",
  "mteb_version": "1.34.14",
  "scores": {
    "test": [
      {
        "ndcg_at_1": 0.51242,
        "ndcg_at_3": 0.39667,
        "ndcg_at_5": 0.44338,
        "ndcg_at_10": 0.51296,
        "ndcg_at_20": 0.56757,
        "ndcg_at_100": 0.61752,
        "ndcg_at_1000": 0.63058,
        "map_at_1": 0.16158,
        "map_at_3": 0.27668,
        "map_at_5": 0.32251,
        "map_at_10": 0.36776,
        "map_at_20": 0.39508,
        "map_at_100": 0.40959,
        "map_at_1000": 0.41074,
        "recall_at_1": 0.16158,
        "recall_at_3": 0.33856,
        "recall_at_5": 0.44729,
        "recall_at_10": 0.59649,
        "recall_at_20": 0.74514,
        "recall_at_100": 0.92626,
        "recall_at_1000": 0.99552,
        "precision_at_1": 0.51242,
        "precision_at_3": 0.36001,
        "precision_at_5": 0.28592,
        "precision_at_10": 0.19126,
        "precision_at_20": 0.11964,
        "precision_at_100": 0.02983,
        "precision_at_1000": 0.00321,
        "mrr_at_1": 0.51242,
        "mrr_at_3": 0.639834,
        "mrr_at_5": 0.662144,
        "mrr_at_10": 0.670802,
        "mrr_at_20": 0.672955,
        "mrr_at_100": 0.673506,
        "mrr_at_1000": 0.673513,
        "nauc_ndcg_at_1_max": 0.116169,
        "nauc_ndcg_at_1_std": -0.101734,
        "nauc_ndcg_at_1_diff1": 0.375833,
        "nauc_ndcg_at_3_max": 0.093902,
        "nauc_ndcg_at_3_std": -0.113671,
        "nauc_ndcg_at_3_diff1": 0.25121,
        "nauc_ndcg_at_5_max": 0.125956,
        "nauc_ndcg_at_5_std": -0.101363,
        "nauc_ndcg_at_5_diff1": 0.218313,
        "nauc_ndcg_at_10_max": 0.134151,
        "nauc_ndcg_at_10_std": -0.080524,
        "nauc_ndcg_at_10_diff1": 0.214353,
        "nauc_ndcg_at_20_max": 0.132738,
        "nauc_ndcg_at_20_std": -0.051761,
        "nauc_ndcg_at_20_diff1": 0.207444,
        "nauc_ndcg_at_100_max": 0.134838,
        "nauc_ndcg_at_100_std": -0.036148,
        "nauc_ndcg_at_100_diff1": 0.231149,
        "nauc_ndcg_at_1000_max": 0.123765,
        "nauc_ndcg_at_1000_std": -0.066197,
        "nauc_ndcg_at_1000_diff1": 0.242308,
        "nauc_map_at_1_max": 0.151832,
        "nauc_map_at_1_std": -0.0991,
        "nauc_map_at_1_diff1": 0.351467,
        "nauc_map_at_3_max": 0.118029,
        "nauc_map_at_3_std": -0.110423,
        "nauc_map_at_3_diff1": 0.234322,
        "nauc_map_at_5_max": 0.119415,
        "nauc_map_at_5_std": -0.103234,
        "nauc_map_at_5_diff1": 0.212285,
        "nauc_map_at_10_max": 0.123047,
        "nauc_map_at_10_std": -0.091201,
        "nauc_map_at_10_diff1": 0.210008,
        "nauc_map_at_20_max": 0.120433,
        "nauc_map_at_20_std": -0.077143,
        "nauc_map_at_20_diff1": 0.204651,
        "nauc_map_at_100_max": 0.121594,
        "nauc_map_at_100_std": -0.071388,
        "nauc_map_at_100_diff1": 0.211837,
        "nauc_map_at_1000_max": 0.1207,
        "nauc_map_at_1000_std": -0.073484,
        "nauc_map_at_1000_diff1": 0.212615,
        "nauc_recall_at_1_max": 0.151832,
        "nauc_recall_at_1_std": -0.0991,
        "nauc_recall_at_1_diff1": 0.351467,
        "nauc_recall_at_3_max": 0.132657,
        "nauc_recall_at_3_std": -0.108366,
        "nauc_recall_at_3_diff1": 0.185392,
        "nauc_recall_at_5_max": 0.1282,
        "nauc_recall_at_5_std": -0.072047,
        "nauc_recall_at_5_diff1": 0.111513,
        "nauc_recall_at_10_max": 0.13517,
        "nauc_recall_at_10_std": -0.018079,
        "nauc_recall_at_10_diff1": 0.080905,
        "nauc_recall_at_20_max": 0.131519,
        "nauc_recall_at_20_std": 0.074021,
        "nauc_recall_at_20_diff1": 0.026176,
        "nauc_recall_at_100_max": 0.210062,
        "nauc_recall_at_100_std": 0.378,
        "nauc_recall_at_100_diff1": -0.005747,
        "nauc_recall_at_1000_max": 0.145876,
        "nauc_recall_at_1000_std": 0.712921,
        "nauc_recall_at_1000_diff1": -0.21197,
        "nauc_precision_at_1_max": 0.116169,
        "nauc_precision_at_1_std": -0.101734,
        "nauc_precision_at_1_diff1": 0.375833,
        "nauc_precision_at_3_max": 0.067466,
        "nauc_precision_at_3_std": -0.112856,
        "nauc_precision_at_3_diff1": 0.181262,
        "nauc_precision_at_5_max": 0.045938,
        "nauc_precision_at_5_std": -0.07578,
        "nauc_precision_at_5_diff1": 0.099301,
        "nauc_precision_at_10_max": 0.031981,
        "nauc_precision_at_10_std": -0.017922,
        "nauc_precision_at_10_diff1": 0.065784,
        "nauc_precision_at_20_max": -0.014261,
        "nauc_precision_at_20_std": 0.065454,
        "nauc_precision_at_20_diff1": 0.005404,
        "nauc_precision_at_100_max": -0.119375,
        "nauc_precision_at_100_std": 0.170214,
        "nauc_precision_at_100_diff1": -0.018032,
        "nauc_precision_at_1000_max": -0.284538,
        "nauc_precision_at_1000_std": 0.025566,
        "nauc_precision_at_1000_diff1": -0.029234,
        "nauc_mrr_at_1_max": 0.119296,
        "nauc_mrr_at_1_std": -0.098761,
        "nauc_mrr_at_1_diff1": 0.375833,
        "nauc_mrr_at_3_max": 0.142021,
        "nauc_mrr_at_3_std": -0.11419,
        "nauc_mrr_at_3_diff1": 0.349977,
        "nauc_mrr_at_5_max": 0.142182,
        "nauc_mrr_at_5_std": -0.106542,
        "nauc_mrr_at_5_diff1": 0.344557,
        "nauc_mrr_at_10_max": 0.139969,
        "nauc_mrr_at_10_std": -0.105269,
        "nauc_mrr_at_10_diff1": 0.3473,
        "nauc_mrr_at_20_max": 0.138367,
        "nauc_mrr_at_20_std": -0.104747,
        "nauc_mrr_at_20_diff1": 0.348573,
        "nauc_mrr_at_100_max": 0.138373,
        "nauc_mrr_at_100_std": -0.106161,
        "nauc_mrr_at_100_diff1": 0.3493,
        "nauc_mrr_at_1000_max": 0.138374,
        "nauc_mrr_at_1000_std": -0.106189,
        "nauc_mrr_at_1000_diff1": 0.349339,
        "main_score": 0.51296,
        "hf_subset": "default",
        "languages": [
          "fas-Arab"
        ]
      }
    ]
  },
  "evaluation_time": 7.9970738887786865,
  "kg_co2_emissions": null
}