{
  "dataset_revision": "b591262de1a2498c3618a4dd386d590450e85dcd",
  "task_name": "HotpotQA-FaHardNegatives",
  "mteb_version": "1.38.33",
  "scores": {
    "test": [
      {
        "ndcg_at_1": 0.02,
        "ndcg_at_3": 0.01828,
        "ndcg_at_5": 0.02158,
        "ndcg_at_10": 0.02576,
        "ndcg_at_20": 0.03024,
        "ndcg_at_100": 0.0438,
        "ndcg_at_1000": 0.06745,
        "map_at_1": 0.01,
        "map_at_3": 0.01392,
        "map_at_5": 0.01554,
        "map_at_10": 0.01697,
        "map_at_20": 0.01816,
        "map_at_100": 0.01965,
        "map_at_1000": 0.02033,
        "recall_at_1": 0.01,
        "recall_at_3": 0.0185,
        "recall_at_5": 0.025,
        "recall_at_10": 0.0355,
        "recall_at_20": 0.05,
        "recall_at_100": 0.112,
        "recall_at_1000": 0.2745,
        "precision_at_1": 0.02,
        "precision_at_3": 0.01233,
        "precision_at_5": 0.01,
        "precision_at_10": 0.0071,
        "precision_at_20": 0.005,
        "precision_at_100": 0.00224,
        "precision_at_1000": 0.00055,
        "mrr_at_1": 0.02,
        "mrr_at_3": 0.026833,
        "mrr_at_5": 0.029583,
        "mrr_at_10": 0.032432,
        "mrr_at_20": 0.034009,
        "mrr_at_100": 0.036524,
        "mrr_at_1000": 0.037363,
        "nauc_ndcg_at_1_max": -0.001274,
        "nauc_ndcg_at_1_std": 0.164516,
        "nauc_ndcg_at_1_diff1": 0.118124,
        "nauc_ndcg_at_3_max": -0.010285,
        "nauc_ndcg_at_3_std": 0.286752,
        "nauc_ndcg_at_3_diff1": 0.099965,
        "nauc_ndcg_at_5_max": 0.002354,
        "nauc_ndcg_at_5_std": 0.295896,
        "nauc_ndcg_at_5_diff1": 0.068978,
        "nauc_ndcg_at_10_max": 0.002449,
        "nauc_ndcg_at_10_std": 0.307543,
        "nauc_ndcg_at_10_diff1": 0.060396,
        "nauc_ndcg_at_20_max": 0.033307,
        "nauc_ndcg_at_20_std": 0.344459,
        "nauc_ndcg_at_20_diff1": 0.053932,
        "nauc_ndcg_at_100_max": 0.037907,
        "nauc_ndcg_at_100_std": 0.331964,
        "nauc_ndcg_at_100_diff1": 0.053408,
        "nauc_ndcg_at_1000_max": 0.077771,
        "nauc_ndcg_at_1000_std": 0.376196,
        "nauc_ndcg_at_1000_diff1": 0.041375,
        "nauc_map_at_1_max": -0.001274,
        "nauc_map_at_1_std": 0.164516,
        "nauc_map_at_1_diff1": 0.118124,
        "nauc_map_at_3_max": -0.014505,
        "nauc_map_at_3_std": 0.281225,
        "nauc_map_at_3_diff1": 0.095542,
        "nauc_map_at_5_max": -0.004209,
        "nauc_map_at_5_std": 0.287519,
        "nauc_map_at_5_diff1": 0.07795,
        "nauc_map_at_10_max": -0.002614,
        "nauc_map_at_10_std": 0.293676,
        "nauc_map_at_10_diff1": 0.07107,
        "nauc_map_at_20_max": 0.011013,
        "nauc_map_at_20_std": 0.314168,
        "nauc_map_at_20_diff1": 0.065188,
        "nauc_map_at_100_max": 0.012457,
        "nauc_map_at_100_std": 0.316036,
        "nauc_map_at_100_diff1": 0.06474,
        "nauc_map_at_1000_max": 0.014547,
        "nauc_map_at_1000_std": 0.320948,
        "nauc_map_at_1000_diff1": 0.063833,
        "nauc_recall_at_1_max": -0.001274,
        "nauc_recall_at_1_std": 0.164516,
        "nauc_recall_at_1_diff1": 0.118124,
        "nauc_recall_at_3_max": -0.008042,
        "nauc_recall_at_3_std": 0.32568,
        "nauc_recall_at_3_diff1": 0.098289,
        "nauc_recall_at_5_max": 0.010292,
        "nauc_recall_at_5_std": 0.332026,
        "nauc_recall_at_5_diff1": 0.046778,
        "nauc_recall_at_10_max": 0.005593,
        "nauc_recall_at_10_std": 0.343961,
        "nauc_recall_at_10_diff1": 0.04208,
        "nauc_recall_at_20_max": 0.064768,
        "nauc_recall_at_20_std": 0.403942,
        "nauc_recall_at_20_diff1": 0.036067,
        "nauc_recall_at_100_max": 0.05921,
        "nauc_recall_at_100_std": 0.349045,
        "nauc_recall_at_100_diff1": 0.044215,
        "nauc_recall_at_1000_max": 0.13589,
        "nauc_recall_at_1000_std": 0.408238,
        "nauc_recall_at_1000_diff1": 0.020496,
        "nauc_precision_at_1_max": -0.001274,
        "nauc_precision_at_1_std": 0.164516,
        "nauc_precision_at_1_diff1": 0.118124,
        "nauc_precision_at_3_max": -0.008042,
        "nauc_precision_at_3_std": 0.32568,
        "nauc_precision_at_3_diff1": 0.098289,
        "nauc_precision_at_5_max": 0.010292,
        "nauc_precision_at_5_std": 0.332026,
        "nauc_precision_at_5_diff1": 0.046778,
        "nauc_precision_at_10_max": 0.005593,
        "nauc_precision_at_10_std": 0.343961,
        "nauc_precision_at_10_diff1": 0.04208,
        "nauc_precision_at_20_max": 0.064768,
        "nauc_precision_at_20_std": 0.403942,
        "nauc_precision_at_20_diff1": 0.036067,
        "nauc_precision_at_100_max": 0.05921,
        "nauc_precision_at_100_std": 0.349045,
        "nauc_precision_at_100_diff1": 0.044215,
        "nauc_precision_at_1000_max": 0.13589,
        "nauc_precision_at_1000_std": 0.408238,
        "nauc_precision_at_1000_diff1": 0.020496,
        "nauc_mrr_at_1_max": -0.001274,
        "nauc_mrr_at_1_std": 0.164516,
        "nauc_mrr_at_1_diff1": 0.118124,
        "nauc_mrr_at_3_max": -0.007376,
        "nauc_mrr_at_3_std": 0.254438,
        "nauc_mrr_at_3_diff1": 0.106772,
        "nauc_mrr_at_5_max": 0.00087,
        "nauc_mrr_at_5_std": 0.262821,
        "nauc_mrr_at_5_diff1": 0.083386,
        "nauc_mrr_at_10_max": 0.002093,
        "nauc_mrr_at_10_std": 0.271432,
        "nauc_mrr_at_10_diff1": 0.07571,
        "nauc_mrr_at_20_max": 0.012569,
        "nauc_mrr_at_20_std": 0.28266,
        "nauc_mrr_at_20_diff1": 0.074259,
        "nauc_mrr_at_100_max": 0.014574,
        "nauc_mrr_at_100_std": 0.281203,
        "nauc_mrr_at_100_diff1": 0.072932,
        "nauc_mrr_at_1000_max": 0.016407,
        "nauc_mrr_at_1000_std": 0.283998,
        "nauc_mrr_at_1000_diff1": 0.071786,
        "main_score": 0.02576,
        "hf_subset": "default",
        "languages": [
          "fas-Arab"
        ]
      }
    ]
  },
  "evaluation_time": 272.1760549545288,
  "kg_co2_emissions": null
}