{
  "dataset_revision": "35dd709a0d846ae987541cf8ca978562636260f0",
  "task_name": "NeuCLIR2022RetrievalHardNegatives",
  "mteb_version": "1.38.33",
  "scores": {
    "test": [
      {
        "ndcg_at_1": 0.14074,
        "ndcg_at_3": 0.13884,
        "ndcg_at_5": 0.14062,
        "ndcg_at_10": 0.13958,
        "ndcg_at_20": 0.16279,
        "ndcg_at_100": 0.22217,
        "ndcg_at_1000": 0.33207,
        "map_at_1": 0.02475,
        "map_at_3": 0.02944,
        "map_at_5": 0.03593,
        "map_at_10": 0.04266,
        "map_at_20": 0.05682,
        "map_at_100": 0.09582,
        "map_at_1000": 0.13267,
        "recall_at_1": 0.02475,
        "recall_at_3": 0.035,
        "recall_at_5": 0.05426,
        "recall_at_10": 0.07208,
        "recall_at_20": 0.13333,
        "recall_at_100": 0.35152,
        "recall_at_1000": 0.77368,
        "precision_at_1": 0.2,
        "precision_at_3": 0.16296,
        "precision_at_5": 0.16444,
        "precision_at_10": 0.14889,
        "precision_at_20": 0.15222,
        "precision_at_100": 0.10778,
        "precision_at_1000": 0.02658,
        "mrr_at_1": 0.2,
        "mrr_at_3": 0.240741,
        "mrr_at_5": 0.265185,
        "mrr_at_10": 0.27731,
        "mrr_at_20": 0.291728,
        "mrr_at_100": 0.295204,
        "mrr_at_1000": 0.295779,
        "nauc_ndcg_at_1_max": -0.090603,
        "nauc_ndcg_at_1_std": -0.064539,
        "nauc_ndcg_at_1_diff1": -0.206231,
        "nauc_ndcg_at_3_max": 0.081518,
        "nauc_ndcg_at_3_std": 0.036025,
        "nauc_ndcg_at_3_diff1": -0.184583,
        "nauc_ndcg_at_5_max": 0.145207,
        "nauc_ndcg_at_5_std": 0.019791,
        "nauc_ndcg_at_5_diff1": -0.13627,
        "nauc_ndcg_at_10_max": 0.155152,
        "nauc_ndcg_at_10_std": 0.053643,
        "nauc_ndcg_at_10_diff1": -0.130464,
        "nauc_ndcg_at_20_max": 0.192893,
        "nauc_ndcg_at_20_std": 0.071418,
        "nauc_ndcg_at_20_diff1": -0.093323,
        "nauc_ndcg_at_100_max": 0.339099,
        "nauc_ndcg_at_100_std": 0.216886,
        "nauc_ndcg_at_100_diff1": -0.12456,
        "nauc_ndcg_at_1000_max": 0.352152,
        "nauc_ndcg_at_1000_std": 0.289868,
        "nauc_ndcg_at_1000_diff1": -0.123722,
        "nauc_map_at_1_max": -0.37772,
        "nauc_map_at_1_std": -0.530095,
        "nauc_map_at_1_diff1": -0.066963,
        "nauc_map_at_3_max": -0.258235,
        "nauc_map_at_3_std": -0.365084,
        "nauc_map_at_3_diff1": -0.087475,
        "nauc_map_at_5_max": -0.114304,
        "nauc_map_at_5_std": -0.259099,
        "nauc_map_at_5_diff1": -0.07801,
        "nauc_map_at_10_max": -0.056263,
        "nauc_map_at_10_std": -0.179887,
        "nauc_map_at_10_diff1": -0.030913,
        "nauc_map_at_20_max": 0.013602,
        "nauc_map_at_20_std": -0.11484,
        "nauc_map_at_20_diff1": 0.052322,
        "nauc_map_at_100_max": 0.192142,
        "nauc_map_at_100_std": 0.049781,
        "nauc_map_at_100_diff1": -0.011358,
        "nauc_map_at_1000_max": 0.303244,
        "nauc_map_at_1000_std": 0.16591,
        "nauc_map_at_1000_diff1": -0.033039,
        "nauc_recall_at_1_max": -0.37772,
        "nauc_recall_at_1_std": -0.530095,
        "nauc_recall_at_1_diff1": -0.066963,
        "nauc_recall_at_3_max": -0.15088,
        "nauc_recall_at_3_std": -0.185443,
        "nauc_recall_at_3_diff1": -0.083898,
        "nauc_recall_at_5_max": 0.083989,
        "nauc_recall_at_5_std": -0.091403,
        "nauc_recall_at_5_diff1": -0.056891,
        "nauc_recall_at_10_max": 0.137324,
        "nauc_recall_at_10_std": 0.027698,
        "nauc_recall_at_10_diff1": -0.030139,
        "nauc_recall_at_20_max": 0.168925,
        "nauc_recall_at_20_std": 0.0219,
        "nauc_recall_at_20_diff1": 0.067189,
        "nauc_recall_at_100_max": 0.351718,
        "nauc_recall_at_100_std": 0.243103,
        "nauc_recall_at_100_diff1": -0.116136,
        "nauc_recall_at_1000_max": 0.616646,
        "nauc_recall_at_1000_std": 0.689688,
        "nauc_recall_at_1000_diff1": -0.009228,
        "nauc_precision_at_1_max": 0.007777,
        "nauc_precision_at_1_std": -0.033339,
        "nauc_precision_at_1_diff1": -0.162075,
        "nauc_precision_at_3_max": 0.258136,
        "nauc_precision_at_3_std": 0.237818,
        "nauc_precision_at_3_diff1": -0.142804,
        "nauc_precision_at_5_max": 0.390653,
        "nauc_precision_at_5_std": 0.233038,
        "nauc_precision_at_5_diff1": -0.076582,
        "nauc_precision_at_10_max": 0.37159,
        "nauc_precision_at_10_std": 0.267305,
        "nauc_precision_at_10_diff1": -0.088373,
        "nauc_precision_at_20_max": 0.358772,
        "nauc_precision_at_20_std": 0.241766,
        "nauc_precision_at_20_diff1": -0.064701,
        "nauc_precision_at_100_max": 0.400182,
        "nauc_precision_at_100_std": 0.292251,
        "nauc_precision_at_100_diff1": -0.126024,
        "nauc_precision_at_1000_max": 0.362399,
        "nauc_precision_at_1000_std": 0.298292,
        "nauc_precision_at_1000_diff1": -0.109256,
        "nauc_mrr_at_1_max": 0.007777,
        "nauc_mrr_at_1_std": -0.033339,
        "nauc_mrr_at_1_diff1": -0.162075,
        "nauc_mrr_at_3_max": 0.118324,
        "nauc_mrr_at_3_std": 0.128583,
        "nauc_mrr_at_3_diff1": -0.139565,
        "nauc_mrr_at_5_max": 0.150384,
        "nauc_mrr_at_5_std": 0.109528,
        "nauc_mrr_at_5_diff1": -0.111962,
        "nauc_mrr_at_10_max": 0.144077,
        "nauc_mrr_at_10_std": 0.116928,
        "nauc_mrr_at_10_diff1": -0.132806,
        "nauc_mrr_at_20_max": 0.141972,
        "nauc_mrr_at_20_std": 0.110821,
        "nauc_mrr_at_20_diff1": -0.129294,
        "nauc_mrr_at_100_max": 0.140017,
        "nauc_mrr_at_100_std": 0.107134,
        "nauc_mrr_at_100_diff1": -0.130702,
        "nauc_mrr_at_1000_max": 0.140427,
        "nauc_mrr_at_1000_std": 0.108093,
        "nauc_mrr_at_1000_diff1": -0.130207,
        "main_score": 0.16279,
        "hf_subset": "fas",
        "languages": [
          "fas-Arab"
        ]
      }
    ]
  },
  "evaluation_time": 26.08243465423584,
  "kg_co2_emissions": null
}