{
  "dataset_revision": "c3262adb1c32ac0c3ea8de6393a44366edaa62e1",
  "task_name": "WebFAQRetrieval",
  "mteb_version": "1.38.33",
  "scores": {
    "test": [
      {
        "ndcg_at_1": 0.1199,
        "ndcg_at_3": 0.1555,
        "ndcg_at_5": 0.16844,
        "ndcg_at_10": 0.18349,
        "ndcg_at_20": 0.19677,
        "ndcg_at_100": 0.22223,
        "ndcg_at_1000": 0.25105,
        "map_at_1": 0.1199,
        "map_at_3": 0.14667,
        "map_at_5": 0.15385,
        "map_at_10": 0.16009,
        "map_at_20": 0.16371,
        "map_at_100": 0.16701,
        "map_at_1000": 0.16791,
        "recall_at_1": 0.1199,
        "recall_at_3": 0.1811,
        "recall_at_5": 0.2125,
        "recall_at_10": 0.2589,
        "recall_at_20": 0.3116,
        "recall_at_100": 0.4521,
        "recall_at_1000": 0.6894,
        "precision_at_1": 0.1199,
        "precision_at_3": 0.06037,
        "precision_at_5": 0.0425,
        "precision_at_10": 0.02589,
        "precision_at_20": 0.01558,
        "precision_at_100": 0.00452,
        "precision_at_1000": 0.00069,
        "mrr_at_1": 0.1198,
        "mrr_at_3": 0.146617,
        "mrr_at_5": 0.153797,
        "mrr_at_10": 0.160043,
        "mrr_at_20": 0.163659,
        "mrr_at_100": 0.166962,
        "mrr_at_1000": 0.167866,
        "nauc_ndcg_at_1_max": 0.233233,
        "nauc_ndcg_at_1_std": 0.01868,
        "nauc_ndcg_at_1_diff1": 0.465975,
        "nauc_ndcg_at_3_max": 0.201423,
        "nauc_ndcg_at_3_std": 0.032134,
        "nauc_ndcg_at_3_diff1": 0.372716,
        "nauc_ndcg_at_5_max": 0.19824,
        "nauc_ndcg_at_5_std": 0.03979,
        "nauc_ndcg_at_5_diff1": 0.351427,
        "nauc_ndcg_at_10_max": 0.188741,
        "nauc_ndcg_at_10_std": 0.045954,
        "nauc_ndcg_at_10_diff1": 0.33612,
        "nauc_ndcg_at_20_max": 0.187857,
        "nauc_ndcg_at_20_std": 0.053628,
        "nauc_ndcg_at_20_diff1": 0.322442,
        "nauc_ndcg_at_100_max": 0.190371,
        "nauc_ndcg_at_100_std": 0.066866,
        "nauc_ndcg_at_100_diff1": 0.312809,
        "nauc_ndcg_at_1000_max": 0.201928,
        "nauc_ndcg_at_1000_std": 0.07526,
        "nauc_ndcg_at_1000_diff1": 0.313831,
        "nauc_map_at_1_max": 0.233233,
        "nauc_map_at_1_std": 0.01868,
        "nauc_map_at_1_diff1": 0.465975,
        "nauc_map_at_3_max": 0.208906,
        "nauc_map_at_3_std": 0.029096,
        "nauc_map_at_3_diff1": 0.39264,
        "nauc_map_at_5_max": 0.206682,
        "nauc_map_at_5_std": 0.033632,
        "nauc_map_at_5_diff1": 0.379293,
        "nauc_map_at_10_max": 0.202194,
        "nauc_map_at_10_std": 0.036387,
        "nauc_map_at_10_diff1": 0.372015,
        "nauc_map_at_20_max": 0.201729,
        "nauc_map_at_20_std": 0.038631,
        "nauc_map_at_20_diff1": 0.367539,
        "nauc_map_at_100_max": 0.202008,
        "nauc_map_at_100_std": 0.040592,
        "nauc_map_at_100_diff1": 0.366102,
        "nauc_map_at_1000_max": 0.202325,
        "nauc_map_at_1000_std": 0.040918,
        "nauc_map_at_1000_diff1": 0.36611,
        "nauc_recall_at_1_max": 0.233233,
        "nauc_recall_at_1_std": 0.01868,
        "nauc_recall_at_1_diff1": 0.465975,
        "nauc_recall_at_3_max": 0.182733,
        "nauc_recall_at_3_std": 0.039681,
        "nauc_recall_at_3_diff1": 0.323578,
        "nauc_recall_at_5_max": 0.178438,
        "nauc_recall_at_5_std": 0.054896,
        "nauc_recall_at_5_diff1": 0.285324,
        "nauc_recall_at_10_max": 0.156912,
        "nauc_recall_at_10_std": 0.069315,
        "nauc_recall_at_10_diff1": 0.252739,
        "nauc_recall_at_20_max": 0.157038,
        "nauc_recall_at_20_std": 0.09156,
        "nauc_recall_at_20_diff1": 0.217843,
        "nauc_recall_at_100_max": 0.169098,
        "nauc_recall_at_100_std": 0.145084,
        "nauc_recall_at_100_diff1": 0.18062,
        "nauc_recall_at_1000_max": 0.257777,
        "nauc_recall_at_1000_std": 0.234212,
        "nauc_recall_at_1000_diff1": 0.147704,
        "nauc_precision_at_1_max": 0.233233,
        "nauc_precision_at_1_std": 0.01868,
        "nauc_precision_at_1_diff1": 0.465975,
        "nauc_precision_at_3_max": 0.182733,
        "nauc_precision_at_3_std": 0.039681,
        "nauc_precision_at_3_diff1": 0.323578,
        "nauc_precision_at_5_max": 0.178438,
        "nauc_precision_at_5_std": 0.054896,
        "nauc_precision_at_5_diff1": 0.285324,
        "nauc_precision_at_10_max": 0.156912,
        "nauc_precision_at_10_std": 0.069315,
        "nauc_precision_at_10_diff1": 0.252739,
        "nauc_precision_at_20_max": 0.157038,
        "nauc_precision_at_20_std": 0.09156,
        "nauc_precision_at_20_diff1": 0.217843,
        "nauc_precision_at_100_max": 0.169098,
        "nauc_precision_at_100_std": 0.145084,
        "nauc_precision_at_100_diff1": 0.18062,
        "nauc_precision_at_1000_max": 0.257777,
        "nauc_precision_at_1000_std": 0.234212,
        "nauc_precision_at_1000_diff1": 0.147704,
        "nauc_mrr_at_1_max": 0.233552,
        "nauc_mrr_at_1_std": 0.017807,
        "nauc_mrr_at_1_diff1": 0.466756,
        "nauc_mrr_at_3_max": 0.209038,
        "nauc_mrr_at_3_std": 0.028722,
        "nauc_mrr_at_3_diff1": 0.392959,
        "nauc_mrr_at_5_max": 0.206809,
        "nauc_mrr_at_5_std": 0.033269,
        "nauc_mrr_at_5_diff1": 0.3796,
        "nauc_mrr_at_10_max": 0.202334,
        "nauc_mrr_at_10_std": 0.036048,
        "nauc_mrr_at_10_diff1": 0.372314,
        "nauc_mrr_at_20_max": 0.201868,
        "nauc_mrr_at_20_std": 0.038294,
        "nauc_mrr_at_20_diff1": 0.367836,
        "nauc_mrr_at_100_max": 0.202147,
        "nauc_mrr_at_100_std": 0.040256,
        "nauc_mrr_at_100_diff1": 0.366399,
        "nauc_mrr_at_1000_max": 0.202464,
        "nauc_mrr_at_1000_std": 0.040581,
        "nauc_mrr_at_1000_diff1": 0.366407,
        "main_score": 0.18349,
        "hf_subset": "fas",
        "languages": [
          "fas-Arab"
        ]
      }
    ]
  },
  "evaluation_time": 253.62025380134583,
  "kg_co2_emissions": null
}