{
  "dataset_revision": "bcdaf4e30477eea9b9b17ecbb153ca403e5c3ebd",
  "task_name": "CQADupstackAndroidRetrieval-Fa",
  "mteb_version": "1.34.14",
  "scores": {
    "test": [
      {
        "ndcg_at_1": 0.15737,
        "ndcg_at_3": 0.19135,
        "ndcg_at_5": 0.21366,
        "ndcg_at_10": 0.23986,
        "ndcg_at_20": 0.25664,
        "ndcg_at_100": 0.29467,
        "ndcg_at_1000": 0.3282,
        "map_at_1": 0.12812,
        "map_at_3": 0.16722,
        "map_at_5": 0.18216,
        "map_at_10": 0.19419,
        "map_at_20": 0.19907,
        "map_at_100": 0.20489,
        "map_at_1000": 0.20634,
        "recall_at_1": 0.12812,
        "recall_at_3": 0.2118,
        "recall_at_5": 0.26839,
        "recall_at_10": 0.34627,
        "recall_at_20": 0.40815,
        "recall_at_100": 0.5936,
        "recall_at_1000": 0.82509,
        "precision_at_1": 0.15737,
        "precision_at_3": 0.09251,
        "precision_at_5": 0.07325,
        "precision_at_10": 0.04921,
        "precision_at_20": 0.03011,
        "precision_at_100": 0.00959,
        "precision_at_1000": 0.00154,
        "mrr_at_1": 0.157368,
        "mrr_at_3": 0.199809,
        "mrr_at_5": 0.214974,
        "mrr_at_10": 0.227421,
        "mrr_at_20": 0.232593,
        "mrr_at_100": 0.237134,
        "mrr_at_1000": 0.237954,
        "nauc_ndcg_at_1_max": 0.17791,
        "nauc_ndcg_at_1_std": -0.075219,
        "nauc_ndcg_at_1_diff1": 0.364609,
        "nauc_ndcg_at_3_max": 0.141162,
        "nauc_ndcg_at_3_std": -0.035335,
        "nauc_ndcg_at_3_diff1": 0.292348,
        "nauc_ndcg_at_5_max": 0.123779,
        "nauc_ndcg_at_5_std": -0.023707,
        "nauc_ndcg_at_5_diff1": 0.267621,
        "nauc_ndcg_at_10_max": 0.113914,
        "nauc_ndcg_at_10_std": -0.01606,
        "nauc_ndcg_at_10_diff1": 0.26491,
        "nauc_ndcg_at_20_max": 0.113234,
        "nauc_ndcg_at_20_std": -0.014808,
        "nauc_ndcg_at_20_diff1": 0.254167,
        "nauc_ndcg_at_100_max": 0.112139,
        "nauc_ndcg_at_100_std": -0.015455,
        "nauc_ndcg_at_100_diff1": 0.260924,
        "nauc_ndcg_at_1000_max": 0.126228,
        "nauc_ndcg_at_1000_std": 0.000993,
        "nauc_ndcg_at_1000_diff1": 0.264366,
        "nauc_map_at_1_max": 0.151404,
        "nauc_map_at_1_std": -0.08803,
        "nauc_map_at_1_diff1": 0.392803,
        "nauc_map_at_3_max": 0.138744,
        "nauc_map_at_3_std": -0.053232,
        "nauc_map_at_3_diff1": 0.322036,
        "nauc_map_at_5_max": 0.133305,
        "nauc_map_at_5_std": -0.044168,
        "nauc_map_at_5_diff1": 0.303066,
        "nauc_map_at_10_max": 0.132405,
        "nauc_map_at_10_std": -0.035399,
        "nauc_map_at_10_diff1": 0.301999,
        "nauc_map_at_20_max": 0.133954,
        "nauc_map_at_20_std": -0.033306,
        "nauc_map_at_20_diff1": 0.299828,
        "nauc_map_at_100_max": 0.133461,
        "nauc_map_at_100_std": -0.033152,
        "nauc_map_at_100_diff1": 0.30141,
        "nauc_map_at_1000_max": 0.133673,
        "nauc_map_at_1000_std": -0.032384,
        "nauc_map_at_1000_diff1": 0.301259,
        "nauc_recall_at_1_max": 0.151404,
        "nauc_recall_at_1_std": -0.08803,
        "nauc_recall_at_1_diff1": 0.392803,
        "nauc_recall_at_3_max": 0.115801,
        "nauc_recall_at_3_std": -0.012764,
        "nauc_recall_at_3_diff1": 0.247781,
        "nauc_recall_at_5_max": 0.086072,
        "nauc_recall_at_5_std": 0.007354,
        "nauc_recall_at_5_diff1": 0.196827,
        "nauc_recall_at_10_max": 0.057729,
        "nauc_recall_at_10_std": 0.02488,
        "nauc_recall_at_10_diff1": 0.188685,
        "nauc_recall_at_20_max": 0.046486,
        "nauc_recall_at_20_std": 0.027361,
        "nauc_recall_at_20_diff1": 0.146772,
        "nauc_recall_at_100_max": 0.035425,
        "nauc_recall_at_100_std": 0.02926,
        "nauc_recall_at_100_diff1": 0.153147,
        "nauc_recall_at_1000_max": 0.15236,
        "nauc_recall_at_1000_std": 0.26497,
        "nauc_recall_at_1000_diff1": 0.140093,
        "nauc_precision_at_1_max": 0.17791,
        "nauc_precision_at_1_std": -0.075219,
        "nauc_precision_at_1_diff1": 0.364609,
        "nauc_precision_at_3_max": 0.159727,
        "nauc_precision_at_3_std": -0.005138,
        "nauc_precision_at_3_diff1": 0.212039,
        "nauc_precision_at_5_max": 0.142225,
        "nauc_precision_at_5_std": 0.034313,
        "nauc_precision_at_5_diff1": 0.156743,
        "nauc_precision_at_10_max": 0.129481,
        "nauc_precision_at_10_std": 0.072578,
        "nauc_precision_at_10_diff1": 0.150778,
        "nauc_precision_at_20_max": 0.116871,
        "nauc_precision_at_20_std": 0.080402,
        "nauc_precision_at_20_diff1": 0.113828,
        "nauc_precision_at_100_max": 0.035705,
        "nauc_precision_at_100_std": 0.074294,
        "nauc_precision_at_100_diff1": 0.042477,
        "nauc_precision_at_1000_max": -0.028185,
        "nauc_precision_at_1000_std": 0.060415,
        "nauc_precision_at_1000_diff1": -0.063728,
        "nauc_mrr_at_1_max": 0.17791,
        "nauc_mrr_at_1_std": -0.075219,
        "nauc_mrr_at_1_diff1": 0.364609,
        "nauc_mrr_at_3_max": 0.149763,
        "nauc_mrr_at_3_std": -0.046849,
        "nauc_mrr_at_3_diff1": 0.291532,
        "nauc_mrr_at_5_max": 0.140076,
        "nauc_mrr_at_5_std": -0.037029,
        "nauc_mrr_at_5_diff1": 0.275137,
        "nauc_mrr_at_10_max": 0.135897,
        "nauc_mrr_at_10_std": -0.034733,
        "nauc_mrr_at_10_diff1": 0.275422,
        "nauc_mrr_at_20_max": 0.134081,
        "nauc_mrr_at_20_std": -0.036988,
        "nauc_mrr_at_20_diff1": 0.270872,
        "nauc_mrr_at_100_max": 0.133278,
        "nauc_mrr_at_100_std": -0.038184,
        "nauc_mrr_at_100_diff1": 0.271953,
        "nauc_mrr_at_1000_max": 0.133788,
        "nauc_mrr_at_1000_std": -0.037789,
        "nauc_mrr_at_1000_diff1": 0.272188,
        "main_score": 0.23986,
        "hf_subset": "default",
        "languages": [
          "fas-Arab"
        ]
      }
    ]
  },
  "evaluation_time": 55.70341420173645,
  "kg_co2_emissions": null
}