{
  "dataset_revision": "e9c7ad03f29a55ab14eae730146961b8cdc14227",
  "task_name": "CQADupstackGamingRetrieval-Fa",
  "mteb_version": "1.34.14",
  "scores": {
    "test": [
      {
        "ndcg_at_1": 0.17994,
        "ndcg_at_3": 0.23177,
        "ndcg_at_5": 0.25083,
        "ndcg_at_10": 0.27544,
        "ndcg_at_20": 0.29295,
        "ndcg_at_100": 0.32416,
        "ndcg_at_1000": 0.35189,
        "map_at_1": 0.15883,
        "map_at_3": 0.21009,
        "map_at_5": 0.22128,
        "map_at_10": 0.23185,
        "map_at_20": 0.23694,
        "map_at_100": 0.24137,
        "map_at_1000": 0.24246,
        "recall_at_1": 0.15883,
        "recall_at_3": 0.26813,
        "recall_at_5": 0.31392,
        "recall_at_10": 0.38788,
        "recall_at_20": 0.45381,
        "recall_at_100": 0.61206,
        "recall_at_1000": 0.81418,
        "precision_at_1": 0.17994,
        "precision_at_3": 0.10512,
        "precision_at_5": 0.07498,
        "precision_at_10": 0.04696,
        "precision_at_20": 0.02787,
        "precision_at_100": 0.00782,
        "precision_at_1000": 0.00111,
        "mrr_at_1": 0.179937,
        "mrr_at_3": 0.232915,
        "mrr_at_5": 0.244044,
        "mrr_at_10": 0.253986,
        "mrr_at_20": 0.259122,
        "mrr_at_100": 0.26323,
        "mrr_at_1000": 0.264079,
        "nauc_ndcg_at_1_max": 0.232927,
        "nauc_ndcg_at_1_std": -0.067839,
        "nauc_ndcg_at_1_diff1": 0.401725,
        "nauc_ndcg_at_3_max": 0.196566,
        "nauc_ndcg_at_3_std": -0.074836,
        "nauc_ndcg_at_3_diff1": 0.325127,
        "nauc_ndcg_at_5_max": 0.196691,
        "nauc_ndcg_at_5_std": -0.062474,
        "nauc_ndcg_at_5_diff1": 0.321145,
        "nauc_ndcg_at_10_max": 0.195289,
        "nauc_ndcg_at_10_std": -0.053796,
        "nauc_ndcg_at_10_diff1": 0.311475,
        "nauc_ndcg_at_20_max": 0.192816,
        "nauc_ndcg_at_20_std": -0.044387,
        "nauc_ndcg_at_20_diff1": 0.304052,
        "nauc_ndcg_at_100_max": 0.200516,
        "nauc_ndcg_at_100_std": -0.032351,
        "nauc_ndcg_at_100_diff1": 0.293168,
        "nauc_ndcg_at_1000_max": 0.211664,
        "nauc_ndcg_at_1000_std": -0.019627,
        "nauc_ndcg_at_1000_diff1": 0.298523,
        "nauc_map_at_1_max": 0.217179,
        "nauc_map_at_1_std": -0.088279,
        "nauc_map_at_1_diff1": 0.397668,
        "nauc_map_at_3_max": 0.198166,
        "nauc_map_at_3_std": -0.084479,
        "nauc_map_at_3_diff1": 0.340702,
        "nauc_map_at_5_max": 0.198447,
        "nauc_map_at_5_std": -0.076138,
        "nauc_map_at_5_diff1": 0.337849,
        "nauc_map_at_10_max": 0.198834,
        "nauc_map_at_10_std": -0.071231,
        "nauc_map_at_10_diff1": 0.333882,
        "nauc_map_at_20_max": 0.198613,
        "nauc_map_at_20_std": -0.067832,
        "nauc_map_at_20_diff1": 0.33158,
        "nauc_map_at_100_max": 0.200108,
        "nauc_map_at_100_std": -0.065884,
        "nauc_map_at_100_diff1": 0.330233,
        "nauc_map_at_1000_max": 0.200906,
        "nauc_map_at_1000_std": -0.064916,
        "nauc_map_at_1000_diff1": 0.33039,
        "nauc_recall_at_1_max": 0.217179,
        "nauc_recall_at_1_std": -0.088279,
        "nauc_recall_at_1_diff1": 0.397668,
        "nauc_recall_at_3_max": 0.168362,
        "nauc_recall_at_3_std": -0.083324,
        "nauc_recall_at_3_diff1": 0.280141,
        "nauc_recall_at_5_max": 0.165703,
        "nauc_recall_at_5_std": -0.056335,
        "nauc_recall_at_5_diff1": 0.26772,
        "nauc_recall_at_10_max": 0.163817,
        "nauc_recall_at_10_std": -0.031911,
        "nauc_recall_at_10_diff1": 0.242736,
        "nauc_recall_at_20_max": 0.154869,
        "nauc_recall_at_20_std": -0.001334,
        "nauc_recall_at_20_diff1": 0.217729,
        "nauc_recall_at_100_max": 0.174734,
        "nauc_recall_at_100_std": 0.055182,
        "nauc_recall_at_100_diff1": 0.143952,
        "nauc_recall_at_1000_max": 0.255782,
        "nauc_recall_at_1000_std": 0.217201,
        "nauc_recall_at_1000_diff1": 0.115832,
        "nauc_precision_at_1_max": 0.232927,
        "nauc_precision_at_1_std": -0.067839,
        "nauc_precision_at_1_diff1": 0.401725,
        "nauc_precision_at_3_max": 0.199443,
        "nauc_precision_at_3_std": -0.049674,
        "nauc_precision_at_3_diff1": 0.285164,
        "nauc_precision_at_5_max": 0.203874,
        "nauc_precision_at_5_std": -0.005976,
        "nauc_precision_at_5_diff1": 0.263855,
        "nauc_precision_at_10_max": 0.201338,
        "nauc_precision_at_10_std": 0.036588,
        "nauc_precision_at_10_diff1": 0.222821,
        "nauc_precision_at_20_max": 0.207407,
        "nauc_precision_at_20_std": 0.093718,
        "nauc_precision_at_20_diff1": 0.192202,
        "nauc_precision_at_100_max": 0.238575,
        "nauc_precision_at_100_std": 0.196439,
        "nauc_precision_at_100_diff1": 0.095284,
        "nauc_precision_at_1000_max": 0.267732,
        "nauc_precision_at_1000_std": 0.343915,
        "nauc_precision_at_1000_diff1": 0.010285,
        "nauc_mrr_at_1_max": 0.232927,
        "nauc_mrr_at_1_std": -0.067839,
        "nauc_mrr_at_1_diff1": 0.401725,
        "nauc_mrr_at_3_max": 0.214734,
        "nauc_mrr_at_3_std": -0.059168,
        "nauc_mrr_at_3_diff1": 0.343913,
        "nauc_mrr_at_5_max": 0.212706,
        "nauc_mrr_at_5_std": -0.052924,
        "nauc_mrr_at_5_diff1": 0.340301,
        "nauc_mrr_at_10_max": 0.211744,
        "nauc_mrr_at_10_std": -0.049758,
        "nauc_mrr_at_10_diff1": 0.336534,
        "nauc_mrr_at_20_max": 0.210999,
        "nauc_mrr_at_20_std": -0.046502,
        "nauc_mrr_at_20_diff1": 0.334218,
        "nauc_mrr_at_100_max": 0.211948,
        "nauc_mrr_at_100_std": -0.045342,
        "nauc_mrr_at_100_diff1": 0.332645,
        "nauc_mrr_at_1000_max": 0.212191,
        "nauc_mrr_at_1000_std": -0.04525,
        "nauc_mrr_at_1000_diff1": 0.332822,
        "main_score": 0.27544,
        "hf_subset": "default",
        "languages": [
          "fas-Arab"
        ]
      }
    ]
  },
  "evaluation_time": 93.42705178260803,
  "kg_co2_emissions": null
}