{
  "dataset_revision": "c2a326387954aad66ff00d324a9278067b1e3bb6",
  "task_name": "CQADupstackUnixRetrieval-Fa",
  "mteb_version": "1.34.14",
  "scores": {
    "test": [
      {
        "ndcg_at_1": 0.1334,
        "ndcg_at_3": 0.15641,
        "ndcg_at_5": 0.1694,
        "ndcg_at_10": 0.18938,
        "ndcg_at_20": 0.20613,
        "ndcg_at_100": 0.24029,
        "ndcg_at_1000": 0.27054,
        "map_at_1": 0.11254,
        "map_at_3": 0.14088,
        "map_at_5": 0.14839,
        "map_at_10": 0.15679,
        "map_at_20": 0.16136,
        "map_at_100": 0.16622,
        "map_at_1000": 0.16737,
        "recall_at_1": 0.11254,
        "recall_at_3": 0.17602,
        "recall_at_5": 0.20761,
        "recall_at_10": 0.26616,
        "recall_at_20": 0.32937,
        "recall_at_100": 0.49907,
        "recall_at_1000": 0.72191,
        "precision_at_1": 0.1334,
        "precision_at_3": 0.0709,
        "precision_at_5": 0.05075,
        "precision_at_10": 0.03293,
        "precision_at_20": 0.02062,
        "precision_at_100": 0.00664,
        "precision_at_1000": 0.00102,
        "mrr_at_1": 0.133396,
        "mrr_at_3": 0.164646,
        "mrr_at_5": 0.173554,
        "mrr_at_10": 0.182631,
        "mrr_at_20": 0.187367,
        "mrr_at_100": 0.192105,
        "mrr_at_1000": 0.192949,
        "nauc_ndcg_at_1_max": 0.218742,
        "nauc_ndcg_at_1_std": -0.079456,
        "nauc_ndcg_at_1_diff1": 0.444239,
        "nauc_ndcg_at_3_max": 0.17296,
        "nauc_ndcg_at_3_std": -0.067099,
        "nauc_ndcg_at_3_diff1": 0.34848,
        "nauc_ndcg_at_5_max": 0.177176,
        "nauc_ndcg_at_5_std": -0.065156,
        "nauc_ndcg_at_5_diff1": 0.342097,
        "nauc_ndcg_at_10_max": 0.173896,
        "nauc_ndcg_at_10_std": -0.03161,
        "nauc_ndcg_at_10_diff1": 0.315491,
        "nauc_ndcg_at_20_max": 0.173011,
        "nauc_ndcg_at_20_std": -0.019938,
        "nauc_ndcg_at_20_diff1": 0.305627,
        "nauc_ndcg_at_100_max": 0.177333,
        "nauc_ndcg_at_100_std": 0.004178,
        "nauc_ndcg_at_100_diff1": 0.299031,
        "nauc_ndcg_at_1000_max": 0.183454,
        "nauc_ndcg_at_1000_std": 0.015791,
        "nauc_ndcg_at_1000_diff1": 0.303124,
        "nauc_map_at_1_max": 0.226838,
        "nauc_map_at_1_std": -0.048414,
        "nauc_map_at_1_diff1": 0.446825,
        "nauc_map_at_3_max": 0.184081,
        "nauc_map_at_3_std": -0.061758,
        "nauc_map_at_3_diff1": 0.372114,
        "nauc_map_at_5_max": 0.187498,
        "nauc_map_at_5_std": -0.060715,
        "nauc_map_at_5_diff1": 0.368051,
        "nauc_map_at_10_max": 0.186364,
        "nauc_map_at_10_std": -0.045621,
        "nauc_map_at_10_diff1": 0.355324,
        "nauc_map_at_20_max": 0.186076,
        "nauc_map_at_20_std": -0.042213,
        "nauc_map_at_20_diff1": 0.351785,
        "nauc_map_at_100_max": 0.186381,
        "nauc_map_at_100_std": -0.037891,
        "nauc_map_at_100_diff1": 0.350336,
        "nauc_map_at_1000_max": 0.186594,
        "nauc_map_at_1000_std": -0.037071,
        "nauc_map_at_1000_diff1": 0.350509,
        "nauc_recall_at_1_max": 0.226838,
        "nauc_recall_at_1_std": -0.048414,
        "nauc_recall_at_1_diff1": 0.446825,
        "nauc_recall_at_3_max": 0.137723,
        "nauc_recall_at_3_std": -0.07016,
        "nauc_recall_at_3_diff1": 0.293072,
        "nauc_recall_at_5_max": 0.147128,
        "nauc_recall_at_5_std": -0.064101,
        "nauc_recall_at_5_diff1": 0.27703,
        "nauc_recall_at_10_max": 0.139112,
        "nauc_recall_at_10_std": 0.016302,
        "nauc_recall_at_10_diff1": 0.215958,
        "nauc_recall_at_20_max": 0.132242,
        "nauc_recall_at_20_std": 0.046698,
        "nauc_recall_at_20_diff1": 0.186042,
        "nauc_recall_at_100_max": 0.143636,
        "nauc_recall_at_100_std": 0.128415,
        "nauc_recall_at_100_diff1": 0.154128,
        "nauc_recall_at_1000_max": 0.166306,
        "nauc_recall_at_1000_std": 0.247583,
        "nauc_recall_at_1000_diff1": 0.132617,
        "nauc_precision_at_1_max": 0.218742,
        "nauc_precision_at_1_std": -0.079456,
        "nauc_precision_at_1_diff1": 0.444239,
        "nauc_precision_at_3_max": 0.157243,
        "nauc_precision_at_3_std": -0.075635,
        "nauc_precision_at_3_diff1": 0.29234,
        "nauc_precision_at_5_max": 0.172926,
        "nauc_precision_at_5_std": -0.066897,
        "nauc_precision_at_5_diff1": 0.280682,
        "nauc_precision_at_10_max": 0.161887,
        "nauc_precision_at_10_std": 0.006484,
        "nauc_precision_at_10_diff1": 0.227515,
        "nauc_precision_at_20_max": 0.164713,
        "nauc_precision_at_20_std": 0.043191,
        "nauc_precision_at_20_diff1": 0.200134,
        "nauc_precision_at_100_max": 0.17608,
        "nauc_precision_at_100_std": 0.150905,
        "nauc_precision_at_100_diff1": 0.159334,
        "nauc_precision_at_1000_max": 0.172694,
        "nauc_precision_at_1000_std": 0.191288,
        "nauc_precision_at_1000_diff1": 0.087888,
        "nauc_mrr_at_1_max": 0.218742,
        "nauc_mrr_at_1_std": -0.079456,
        "nauc_mrr_at_1_diff1": 0.444239,
        "nauc_mrr_at_3_max": 0.182504,
        "nauc_mrr_at_3_std": -0.077181,
        "nauc_mrr_at_3_diff1": 0.36646,
        "nauc_mrr_at_5_max": 0.184489,
        "nauc_mrr_at_5_std": -0.077063,
        "nauc_mrr_at_5_diff1": 0.361671,
        "nauc_mrr_at_10_max": 0.183554,
        "nauc_mrr_at_10_std": -0.060723,
        "nauc_mrr_at_10_diff1": 0.350054,
        "nauc_mrr_at_20_max": 0.183637,
        "nauc_mrr_at_20_std": -0.056924,
        "nauc_mrr_at_20_diff1": 0.347786,
        "nauc_mrr_at_100_max": 0.183865,
        "nauc_mrr_at_100_std": -0.053402,
        "nauc_mrr_at_100_diff1": 0.346135,
        "nauc_mrr_at_1000_max": 0.183963,
        "nauc_mrr_at_1000_std": -0.05319,
        "nauc_mrr_at_1000_diff1": 0.346288,
        "main_score": 0.18938,
        "hf_subset": "default",
        "languages": [
          "fas-Arab"
        ]
      }
    ]
  },
  "evaluation_time": 179.50655364990234,
  "kg_co2_emissions": null
}