{
  "dataset_revision": "816ad7473d6813f77a0ca5e72b1ff7a52752d370",
  "task_name": "CQADupstackPhysicsRetrieval-Fa",
  "mteb_version": "1.34.14",
  "scores": {
    "test": [
      {
        "ndcg_at_1": 0.19057,
        "ndcg_at_3": 0.21917,
        "ndcg_at_5": 0.23657,
        "ndcg_at_10": 0.25367,
        "ndcg_at_20": 0.26959,
        "ndcg_at_100": 0.30092,
        "ndcg_at_1000": 0.33424,
        "map_at_1": 0.15084,
        "map_at_3": 0.19243,
        "map_at_5": 0.20391,
        "map_at_10": 0.21214,
        "map_at_20": 0.21676,
        "map_at_100": 0.22124,
        "map_at_1000": 0.22265,
        "recall_at_1": 0.15084,
        "recall_at_3": 0.24066,
        "recall_at_5": 0.28738,
        "recall_at_10": 0.33818,
        "recall_at_20": 0.39619,
        "recall_at_100": 0.54846,
        "recall_at_1000": 0.78325,
        "precision_at_1": 0.19057,
        "precision_at_3": 0.1033,
        "precision_at_5": 0.07469,
        "precision_at_10": 0.04678,
        "precision_at_20": 0.02806,
        "precision_at_100": 0.00828,
        "precision_at_1000": 0.0013,
        "mrr_at_1": 0.190568,
        "mrr_at_3": 0.234681,
        "mrr_at_5": 0.247193,
        "mrr_at_10": 0.255612,
        "mrr_at_20": 0.260001,
        "mrr_at_100": 0.264089,
        "mrr_at_1000": 0.264887,
        "nauc_ndcg_at_1_max": 0.233868,
        "nauc_ndcg_at_1_std": 0.020865,
        "nauc_ndcg_at_1_diff1": 0.353072,
        "nauc_ndcg_at_3_max": 0.208496,
        "nauc_ndcg_at_3_std": 0.006862,
        "nauc_ndcg_at_3_diff1": 0.295571,
        "nauc_ndcg_at_5_max": 0.189638,
        "nauc_ndcg_at_5_std": 0.008622,
        "nauc_ndcg_at_5_diff1": 0.277883,
        "nauc_ndcg_at_10_max": 0.187692,
        "nauc_ndcg_at_10_std": 0.01188,
        "nauc_ndcg_at_10_diff1": 0.267051,
        "nauc_ndcg_at_20_max": 0.189067,
        "nauc_ndcg_at_20_std": 0.018801,
        "nauc_ndcg_at_20_diff1": 0.26826,
        "nauc_ndcg_at_100_max": 0.189427,
        "nauc_ndcg_at_100_std": 0.031149,
        "nauc_ndcg_at_100_diff1": 0.268872,
        "nauc_ndcg_at_1000_max": 0.193834,
        "nauc_ndcg_at_1000_std": 0.045084,
        "nauc_ndcg_at_1000_diff1": 0.264603,
        "nauc_map_at_1_max": 0.233298,
        "nauc_map_at_1_std": -0.029541,
        "nauc_map_at_1_diff1": 0.394089,
        "nauc_map_at_3_max": 0.209372,
        "nauc_map_at_3_std": -0.012472,
        "nauc_map_at_3_diff1": 0.321227,
        "nauc_map_at_5_max": 0.199426,
        "nauc_map_at_5_std": -0.006759,
        "nauc_map_at_5_diff1": 0.307493,
        "nauc_map_at_10_max": 0.199959,
        "nauc_map_at_10_std": -0.00294,
        "nauc_map_at_10_diff1": 0.301367,
        "nauc_map_at_20_max": 0.200477,
        "nauc_map_at_20_std": -0.000263,
        "nauc_map_at_20_diff1": 0.301512,
        "nauc_map_at_100_max": 0.200514,
        "nauc_map_at_100_std": 0.001893,
        "nauc_map_at_100_diff1": 0.301436,
        "nauc_map_at_1000_max": 0.200761,
        "nauc_map_at_1000_std": 0.003054,
        "nauc_map_at_1000_diff1": 0.301046,
        "nauc_recall_at_1_max": 0.233298,
        "nauc_recall_at_1_std": -0.029541,
        "nauc_recall_at_1_diff1": 0.394089,
        "nauc_recall_at_3_max": 0.176024,
        "nauc_recall_at_3_std": -0.011991,
        "nauc_recall_at_3_diff1": 0.253587,
        "nauc_recall_at_5_max": 0.140115,
        "nauc_recall_at_5_std": 0.002495,
        "nauc_recall_at_5_diff1": 0.21069,
        "nauc_recall_at_10_max": 0.133126,
        "nauc_recall_at_10_std": 0.011876,
        "nauc_recall_at_10_diff1": 0.18527,
        "nauc_recall_at_20_max": 0.137897,
        "nauc_recall_at_20_std": 0.032383,
        "nauc_recall_at_20_diff1": 0.190618,
        "nauc_recall_at_100_max": 0.126581,
        "nauc_recall_at_100_std": 0.079556,
        "nauc_recall_at_100_diff1": 0.179972,
        "nauc_recall_at_1000_max": 0.130745,
        "nauc_recall_at_1000_std": 0.202703,
        "nauc_recall_at_1000_diff1": 0.101773,
        "nauc_precision_at_1_max": 0.233868,
        "nauc_precision_at_1_std": 0.020865,
        "nauc_precision_at_1_diff1": 0.353072,
        "nauc_precision_at_3_max": 0.196432,
        "nauc_precision_at_3_std": 0.058548,
        "nauc_precision_at_3_diff1": 0.213067,
        "nauc_precision_at_5_max": 0.159507,
        "nauc_precision_at_5_std": 0.074052,
        "nauc_precision_at_5_diff1": 0.170163,
        "nauc_precision_at_10_max": 0.152912,
        "nauc_precision_at_10_std": 0.107262,
        "nauc_precision_at_10_diff1": 0.115626,
        "nauc_precision_at_20_max": 0.144809,
        "nauc_precision_at_20_std": 0.13619,
        "nauc_precision_at_20_diff1": 0.103711,
        "nauc_precision_at_100_max": 0.124924,
        "nauc_precision_at_100_std": 0.18919,
        "nauc_precision_at_100_diff1": 0.076362,
        "nauc_precision_at_1000_max": 0.073439,
        "nauc_precision_at_1000_std": 0.2187,
        "nauc_precision_at_1000_diff1": -0.005946,
        "nauc_mrr_at_1_max": 0.233868,
        "nauc_mrr_at_1_std": 0.020865,
        "nauc_mrr_at_1_diff1": 0.353072,
        "nauc_mrr_at_3_max": 0.219673,
        "nauc_mrr_at_3_std": 0.024493,
        "nauc_mrr_at_3_diff1": 0.296686,
        "nauc_mrr_at_5_max": 0.210245,
        "nauc_mrr_at_5_std": 0.026545,
        "nauc_mrr_at_5_diff1": 0.287031,
        "nauc_mrr_at_10_max": 0.20933,
        "nauc_mrr_at_10_std": 0.031208,
        "nauc_mrr_at_10_diff1": 0.282518,
        "nauc_mrr_at_20_max": 0.210568,
        "nauc_mrr_at_20_std": 0.033898,
        "nauc_mrr_at_20_diff1": 0.283325,
        "nauc_mrr_at_100_max": 0.210309,
        "nauc_mrr_at_100_std": 0.034728,
        "nauc_mrr_at_100_diff1": 0.283314,
        "nauc_mrr_at_1000_max": 0.210476,
        "nauc_mrr_at_1000_std": 0.03493,
        "nauc_mrr_at_1000_diff1": 0.283323,
        "main_score": 0.25367,
        "hf_subset": "default",
        "languages": [
          "fas-Arab"
        ]
      }
    ]
  },
  "evaluation_time": 140.6833164691925,
  "kg_co2_emissions": null
}