{
  "dataset_revision": "506f29f8ce59648efe99afee736b0b158eced516",
  "task_name": "CQADupstackWebmastersRetrieval-Fa",
  "mteb_version": "1.34.14",
  "scores": {
    "test": [
      {
        "ndcg_at_1": 0.14625,
        "ndcg_at_3": 0.18329,
        "ndcg_at_5": 0.19034,
        "ndcg_at_10": 0.20545,
        "ndcg_at_20": 0.22234,
        "ndcg_at_100": 0.25625,
        "ndcg_at_1000": 0.29279,
        "map_at_1": 0.11517,
        "map_at_3": 0.15668,
        "map_at_5": 0.16295,
        "map_at_10": 0.17032,
        "map_at_20": 0.17607,
        "map_at_100": 0.18119,
        "map_at_1000": 0.1829,
        "recall_at_1": 0.11517,
        "recall_at_3": 0.20182,
        "recall_at_5": 0.22469,
        "recall_at_10": 0.27466,
        "recall_at_20": 0.3388,
        "recall_at_100": 0.5102,
        "recall_at_1000": 0.76356,
        "precision_at_1": 0.14625,
        "precision_at_3": 0.08762,
        "precision_at_5": 0.06126,
        "precision_at_10": 0.03854,
        "precision_at_20": 0.02609,
        "precision_at_100": 0.00915,
        "precision_at_1000": 0.00173,
        "mrr_at_1": 0.146245,
        "mrr_at_3": 0.189065,
        "mrr_at_5": 0.195092,
        "mrr_at_10": 0.203027,
        "mrr_at_20": 0.20814,
        "mrr_at_100": 0.212483,
        "mrr_at_1000": 0.213454,
        "nauc_ndcg_at_1_max": 0.046502,
        "nauc_ndcg_at_1_std": -0.050071,
        "nauc_ndcg_at_1_diff1": 0.291533,
        "nauc_ndcg_at_3_max": 0.021173,
        "nauc_ndcg_at_3_std": -0.060453,
        "nauc_ndcg_at_3_diff1": 0.219516,
        "nauc_ndcg_at_5_max": 0.028555,
        "nauc_ndcg_at_5_std": -0.056133,
        "nauc_ndcg_at_5_diff1": 0.209105,
        "nauc_ndcg_at_10_max": 0.013339,
        "nauc_ndcg_at_10_std": -0.032342,
        "nauc_ndcg_at_10_diff1": 0.193382,
        "nauc_ndcg_at_20_max": 0.005555,
        "nauc_ndcg_at_20_std": -0.040811,
        "nauc_ndcg_at_20_diff1": 0.182417,
        "nauc_ndcg_at_100_max": 0.019277,
        "nauc_ndcg_at_100_std": -0.009617,
        "nauc_ndcg_at_100_diff1": 0.194789,
        "nauc_ndcg_at_1000_max": 0.02582,
        "nauc_ndcg_at_1000_std": 0.004259,
        "nauc_ndcg_at_1000_diff1": 0.197212,
        "nauc_map_at_1_max": 0.047103,
        "nauc_map_at_1_std": -0.059956,
        "nauc_map_at_1_diff1": 0.291805,
        "nauc_map_at_3_max": 0.029142,
        "nauc_map_at_3_std": -0.068292,
        "nauc_map_at_3_diff1": 0.229367,
        "nauc_map_at_5_max": 0.033037,
        "nauc_map_at_5_std": -0.066077,
        "nauc_map_at_5_diff1": 0.223519,
        "nauc_map_at_10_max": 0.02582,
        "nauc_map_at_10_std": -0.05159,
        "nauc_map_at_10_diff1": 0.216935,
        "nauc_map_at_20_max": 0.022796,
        "nauc_map_at_20_std": -0.051564,
        "nauc_map_at_20_diff1": 0.213176,
        "nauc_map_at_100_max": 0.024813,
        "nauc_map_at_100_std": -0.045525,
        "nauc_map_at_100_diff1": 0.215959,
        "nauc_map_at_1000_max": 0.025206,
        "nauc_map_at_1000_std": -0.044155,
        "nauc_map_at_1000_diff1": 0.215905,
        "nauc_recall_at_1_max": 0.047103,
        "nauc_recall_at_1_std": -0.059956,
        "nauc_recall_at_1_diff1": 0.291805,
        "nauc_recall_at_3_max": 0.004505,
        "nauc_recall_at_3_std": -0.075493,
        "nauc_recall_at_3_diff1": 0.176972,
        "nauc_recall_at_5_max": 0.01909,
        "nauc_recall_at_5_std": -0.070938,
        "nauc_recall_at_5_diff1": 0.160238,
        "nauc_recall_at_10_max": -0.02688,
        "nauc_recall_at_10_std": -0.012299,
        "nauc_recall_at_10_diff1": 0.121797,
        "nauc_recall_at_20_max": -0.053326,
        "nauc_recall_at_20_std": -0.043816,
        "nauc_recall_at_20_diff1": 0.090099,
        "nauc_recall_at_100_max": 0.005546,
        "nauc_recall_at_100_std": 0.078397,
        "nauc_recall_at_100_diff1": 0.132417,
        "nauc_recall_at_1000_max": 0.063616,
        "nauc_recall_at_1000_std": 0.234958,
        "nauc_recall_at_1000_diff1": 0.126949,
        "nauc_precision_at_1_max": 0.046502,
        "nauc_precision_at_1_std": -0.050071,
        "nauc_precision_at_1_diff1": 0.291533,
        "nauc_precision_at_3_max": 0.036221,
        "nauc_precision_at_3_std": -0.037126,
        "nauc_precision_at_3_diff1": 0.181801,
        "nauc_precision_at_5_max": 0.061139,
        "nauc_precision_at_5_std": 0.000513,
        "nauc_precision_at_5_diff1": 0.16535,
        "nauc_precision_at_10_max": 0.031752,
        "nauc_precision_at_10_std": 0.087231,
        "nauc_precision_at_10_diff1": 0.12783,
        "nauc_precision_at_20_max": 0.024558,
        "nauc_precision_at_20_std": 0.113697,
        "nauc_precision_at_20_diff1": 0.096902,
        "nauc_precision_at_100_max": 0.038801,
        "nauc_precision_at_100_std": 0.196646,
        "nauc_precision_at_100_diff1": 0.101954,
        "nauc_precision_at_1000_max": -0.047144,
        "nauc_precision_at_1000_std": 0.107638,
        "nauc_precision_at_1000_diff1": 0.016611,
        "nauc_mrr_at_1_max": 0.046502,
        "nauc_mrr_at_1_std": -0.050071,
        "nauc_mrr_at_1_diff1": 0.291533,
        "nauc_mrr_at_3_max": 0.02139,
        "nauc_mrr_at_3_std": -0.061421,
        "nauc_mrr_at_3_diff1": 0.238966,
        "nauc_mrr_at_5_max": 0.030493,
        "nauc_mrr_at_5_std": -0.058128,
        "nauc_mrr_at_5_diff1": 0.235776,
        "nauc_mrr_at_10_max": 0.026436,
        "nauc_mrr_at_10_std": -0.043772,
        "nauc_mrr_at_10_diff1": 0.230983,
        "nauc_mrr_at_20_max": 0.02297,
        "nauc_mrr_at_20_std": -0.046644,
        "nauc_mrr_at_20_diff1": 0.226201,
        "nauc_mrr_at_100_max": 0.022887,
        "nauc_mrr_at_100_std": -0.043742,
        "nauc_mrr_at_100_diff1": 0.227994,
        "nauc_mrr_at_1000_max": 0.023036,
        "nauc_mrr_at_1000_std": -0.043541,
        "nauc_mrr_at_1000_diff1": 0.227993,
        "main_score": 0.20545,
        "hf_subset": "default",
        "languages": [
          "fas-Arab"
        ]
      }
    ]
  },
  "evaluation_time": 53.210904598236084,
  "kg_co2_emissions": null
}