{
  "dataset_revision": "1cafde1306aa56b5dfdce0b14633ae9ee1a63ddb",
  "task_name": "HotpotQA-Fa",
  "mteb_version": "1.34.14",
  "scores": {
    "test": [
      {
        "ndcg_at_1": 0.48481,
        "ndcg_at_3": 0.3957,
        "ndcg_at_5": 0.42012,
        "ndcg_at_10": 0.44235,
        "ndcg_at_20": 0.45818,
        "ndcg_at_100": 0.48334,
        "ndcg_at_1000": 0.50379,
        "map_at_1": 0.2424,
        "map_at_3": 0.33553,
        "map_at_5": 0.35185,
        "map_at_10": 0.36322,
        "map_at_20": 0.36865,
        "map_at_100": 0.37301,
        "map_at_1000": 0.37391,
        "recall_at_1": 0.2424,
        "recall_at_3": 0.37866,
        "recall_at_5": 0.42687,
        "recall_at_10": 0.48271,
        "recall_at_20": 0.53383,
        "recall_at_100": 0.64537,
        "recall_at_1000": 0.78123,
        "precision_at_1": 0.48481,
        "precision_at_3": 0.25244,
        "precision_at_5": 0.17075,
        "precision_at_10": 0.09654,
        "precision_at_20": 0.05338,
        "precision_at_100": 0.01291,
        "precision_at_1000": 0.00156,
        "mrr_at_1": 0.484808,
        "mrr_at_3": 0.542089,
        "mrr_at_5": 0.553763,
        "mrr_at_10": 0.561138,
        "mrr_at_20": 0.564414,
        "mrr_at_100": 0.566788,
        "mrr_at_1000": 0.567175,
        "nauc_ndcg_at_1_max": 0.363578,
        "nauc_ndcg_at_1_std": 0.014251,
        "nauc_ndcg_at_1_diff1": 0.645946,
        "nauc_ndcg_at_3_max": 0.302904,
        "nauc_ndcg_at_3_std": 0.038062,
        "nauc_ndcg_at_3_diff1": 0.495881,
        "nauc_ndcg_at_5_max": 0.293531,
        "nauc_ndcg_at_5_std": 0.0499,
        "nauc_ndcg_at_5_diff1": 0.482413,
        "nauc_ndcg_at_10_max": 0.285039,
        "nauc_ndcg_at_10_std": 0.056453,
        "nauc_ndcg_at_10_diff1": 0.474606,
        "nauc_ndcg_at_20_max": 0.283002,
        "nauc_ndcg_at_20_std": 0.065926,
        "nauc_ndcg_at_20_diff1": 0.47064,
        "nauc_ndcg_at_100_max": 0.281446,
        "nauc_ndcg_at_100_std": 0.07862,
        "nauc_ndcg_at_100_diff1": 0.47051,
        "nauc_ndcg_at_1000_max": 0.285987,
        "nauc_ndcg_at_1000_std": 0.083782,
        "nauc_ndcg_at_1000_diff1": 0.474962,
        "nauc_map_at_1_max": 0.363578,
        "nauc_map_at_1_std": 0.014251,
        "nauc_map_at_1_diff1": 0.645946,
        "nauc_map_at_3_max": 0.289084,
        "nauc_map_at_3_std": 0.036947,
        "nauc_map_at_3_diff1": 0.462856,
        "nauc_map_at_5_max": 0.28282,
        "nauc_map_at_5_std": 0.04598,
        "nauc_map_at_5_diff1": 0.454004,
        "nauc_map_at_10_max": 0.279324,
        "nauc_map_at_10_std": 0.050055,
        "nauc_map_at_10_diff1": 0.451364,
        "nauc_map_at_20_max": 0.278691,
        "nauc_map_at_20_std": 0.053469,
        "nauc_map_at_20_diff1": 0.450353,
        "nauc_map_at_100_max": 0.278629,
        "nauc_map_at_100_std": 0.055885,
        "nauc_map_at_100_diff1": 0.450553,
        "nauc_map_at_1000_max": 0.278811,
        "nauc_map_at_1000_std": 0.056208,
        "nauc_map_at_1000_diff1": 0.450816,
        "nauc_recall_at_1_max": 0.363578,
        "nauc_recall_at_1_std": 0.014251,
        "nauc_recall_at_1_diff1": 0.645946,
        "nauc_recall_at_3_max": 0.269408,
        "nauc_recall_at_3_std": 0.04936,
        "nauc_recall_at_3_diff1": 0.422277,
        "nauc_recall_at_5_max": 0.242825,
        "nauc_recall_at_5_std": 0.071224,
        "nauc_recall_at_5_diff1": 0.383183,
        "nauc_recall_at_10_max": 0.214919,
        "nauc_recall_at_10_std": 0.085733,
        "nauc_recall_at_10_diff1": 0.35359,
        "nauc_recall_at_20_max": 0.192607,
        "nauc_recall_at_20_std": 0.112206,
        "nauc_recall_at_20_diff1": 0.31546,
        "nauc_recall_at_100_max": 0.166238,
        "nauc_recall_at_100_std": 0.177164,
        "nauc_recall_at_100_diff1": 0.282368,
        "nauc_recall_at_1000_max": 0.164129,
        "nauc_recall_at_1000_std": 0.257519,
        "nauc_recall_at_1000_diff1": 0.247775,
        "nauc_precision_at_1_max": 0.363578,
        "nauc_precision_at_1_std": 0.014251,
        "nauc_precision_at_1_diff1": 0.645946,
        "nauc_precision_at_3_max": 0.269408,
        "nauc_precision_at_3_std": 0.04936,
        "nauc_precision_at_3_diff1": 0.422277,
        "nauc_precision_at_5_max": 0.242825,
        "nauc_precision_at_5_std": 0.071224,
        "nauc_precision_at_5_diff1": 0.383183,
        "nauc_precision_at_10_max": 0.214919,
        "nauc_precision_at_10_std": 0.085733,
        "nauc_precision_at_10_diff1": 0.35359,
        "nauc_precision_at_20_max": 0.192607,
        "nauc_precision_at_20_std": 0.112206,
        "nauc_precision_at_20_diff1": 0.31546,
        "nauc_precision_at_100_max": 0.166238,
        "nauc_precision_at_100_std": 0.177164,
        "nauc_precision_at_100_diff1": 0.282368,
        "nauc_precision_at_1000_max": 0.164129,
        "nauc_precision_at_1000_std": 0.257519,
        "nauc_precision_at_1000_diff1": 0.247775,
        "nauc_mrr_at_1_max": 0.363578,
        "nauc_mrr_at_1_std": 0.014251,
        "nauc_mrr_at_1_diff1": 0.645946,
        "nauc_mrr_at_3_max": 0.356334,
        "nauc_mrr_at_3_std": 0.026725,
        "nauc_mrr_at_3_diff1": 0.621479,
        "nauc_mrr_at_5_max": 0.353904,
        "nauc_mrr_at_5_std": 0.030206,
        "nauc_mrr_at_5_diff1": 0.61928,
        "nauc_mrr_at_10_max": 0.351426,
        "nauc_mrr_at_10_std": 0.031257,
        "nauc_mrr_at_10_diff1": 0.61732,
        "nauc_mrr_at_20_max": 0.351802,
        "nauc_mrr_at_20_std": 0.033032,
        "nauc_mrr_at_20_diff1": 0.617186,
        "nauc_mrr_at_100_max": 0.351683,
        "nauc_mrr_at_100_std": 0.03328,
        "nauc_mrr_at_100_diff1": 0.617515,
        "nauc_mrr_at_1000_max": 0.351761,
        "nauc_mrr_at_1000_std": 0.033262,
        "nauc_mrr_at_1000_diff1": 0.617553,
        "main_score": 0.44235,
        "hf_subset": "default",
        "languages": [
          "fas-Arab"
        ]
      }
    ]
  },
  "evaluation_time": 7098.353363990784,
  "kg_co2_emissions": null
}