{
  "dataset_revision": "6d1962c527217f8927fca80f890f14f36b2802af",
  "task_name": "MIRACLReranking",
  "mteb_version": "1.34.14",
  "scores": {
    "dev": [
      {
        "NDCG@1(MIRACL)": 0.38449,
        "NDCG@3(MIRACL)": 0.42157,
        "NDCG@5(MIRACL)": 0.45478,
        "NDCG@10(MIRACL)": 0.49953,
        "NDCG@20(MIRACL)": 0.52504,
        "NDCG@100(MIRACL)": 0.54457,
        "NDCG@1000(MIRACL)": 0.54457,
        "MAP@1(MIRACL)": 0.26372,
        "MAP@3(MIRACL)": 0.36506,
        "MAP@5(MIRACL)": 0.39587,
        "MAP@10(MIRACL)": 0.42252,
        "MAP@20(MIRACL)": 0.43304,
        "MAP@100(MIRACL)": 0.4381,
        "MAP@1000(MIRACL)": 0.4381,
        "Recall@1(MIRACL)": 0.26372,
        "Recall@3(MIRACL)": 0.44563,
        "Recall@5(MIRACL)": 0.53004,
        "Recall@10(MIRACL)": 0.65329,
        "Recall@20(MIRACL)": 0.73392,
        "Recall@100(MIRACL)": 0.81487,
        "Recall@1000(MIRACL)": 0.81487,
        "P@1(MIRACL)": 0.38449,
        "P@3(MIRACL)": 0.23681,
        "P@5(MIRACL)": 0.17563,
        "P@10(MIRACL)": 0.1106,
        "P@20(MIRACL)": 0.06448,
        "P@100(MIRACL)": 0.01467,
        "P@1000(MIRACL)": 0.00147,
        "nAUC_NDCG@1_max(MIRACL)": 0.356962,
        "nAUC_NDCG@1_std(MIRACL)": 0.114394,
        "nAUC_NDCG@1_diff1(MIRACL)": 0.262915,
        "nAUC_NDCG@3_max(MIRACL)": 0.378757,
        "nAUC_NDCG@3_std(MIRACL)": 0.158192,
        "nAUC_NDCG@3_diff1(MIRACL)": 0.228054,
        "nAUC_NDCG@5_max(MIRACL)": 0.417216,
        "nAUC_NDCG@5_std(MIRACL)": 0.174161,
        "nAUC_NDCG@5_diff1(MIRACL)": 0.237631,
        "nAUC_NDCG@10_max(MIRACL)": 0.428626,
        "nAUC_NDCG@10_std(MIRACL)": 0.190009,
        "nAUC_NDCG@10_diff1(MIRACL)": 0.234102,
        "nAUC_NDCG@20_max(MIRACL)": 0.442907,
        "nAUC_NDCG@20_std(MIRACL)": 0.196037,
        "nAUC_NDCG@20_diff1(MIRACL)": 0.232904,
        "nAUC_NDCG@100_max(MIRACL)": 0.440683,
        "nAUC_NDCG@100_std(MIRACL)": 0.194403,
        "nAUC_NDCG@100_diff1(MIRACL)": 0.225751,
        "nAUC_NDCG@1000_max(MIRACL)": 0.440683,
        "nAUC_NDCG@1000_std(MIRACL)": 0.194403,
        "nAUC_NDCG@1000_diff1(MIRACL)": 0.225751,
        "nAUC_MAP@1_max(MIRACL)": 0.239356,
        "nAUC_MAP@1_std(MIRACL)": 0.035056,
        "nAUC_MAP@1_diff1(MIRACL)": 0.286008,
        "nAUC_MAP@3_max(MIRACL)": 0.327853,
        "nAUC_MAP@3_std(MIRACL)": 0.118747,
        "nAUC_MAP@3_diff1(MIRACL)": 0.252611,
        "nAUC_MAP@5_max(MIRACL)": 0.36995,
        "nAUC_MAP@5_std(MIRACL)": 0.144106,
        "nAUC_MAP@5_diff1(MIRACL)": 0.249333,
        "nAUC_MAP@10_max(MIRACL)": 0.386024,
        "nAUC_MAP@10_std(MIRACL)": 0.156175,
        "nAUC_MAP@10_diff1(MIRACL)": 0.247151,
        "nAUC_MAP@20_max(MIRACL)": 0.393952,
        "nAUC_MAP@20_std(MIRACL)": 0.162124,
        "nAUC_MAP@20_diff1(MIRACL)": 0.244493,
        "nAUC_MAP@100_max(MIRACL)": 0.394187,
        "nAUC_MAP@100_std(MIRACL)": 0.161355,
        "nAUC_MAP@100_diff1(MIRACL)": 0.243285,
        "nAUC_MAP@1000_max(MIRACL)": 0.394187,
        "nAUC_MAP@1000_std(MIRACL)": 0.161355,
        "nAUC_MAP@1000_diff1(MIRACL)": 0.243285,
        "nAUC_Recall@1_max(MIRACL)": 0.239356,
        "nAUC_Recall@1_std(MIRACL)": 0.035056,
        "nAUC_Recall@1_diff1(MIRACL)": 0.286008,
        "nAUC_Recall@3_max(MIRACL)": 0.340989,
        "nAUC_Recall@3_std(MIRACL)": 0.153056,
        "nAUC_Recall@3_diff1(MIRACL)": 0.205789,
        "nAUC_Recall@5_max(MIRACL)": 0.425116,
        "nAUC_Recall@5_std(MIRACL)": 0.199018,
        "nAUC_Recall@5_diff1(MIRACL)": 0.205894,
        "nAUC_Recall@10_max(MIRACL)": 0.470341,
        "nAUC_Recall@10_std(MIRACL)": 0.266409,
        "nAUC_Recall@10_diff1(MIRACL)": 0.188684,
        "nAUC_Recall@20_max(MIRACL)": 0.5448,
        "nAUC_Recall@20_std(MIRACL)": 0.303151,
        "nAUC_Recall@20_diff1(MIRACL)": 0.191054,
        "nAUC_Recall@100_max(MIRACL)": 0.584853,
        "nAUC_Recall@100_std(MIRACL)": 0.350919,
        "nAUC_Recall@100_diff1(MIRACL)": 0.143311,
        "nAUC_Recall@1000_max(MIRACL)": 0.584853,
        "nAUC_Recall@1000_std(MIRACL)": 0.350919,
        "nAUC_Recall@1000_diff1(MIRACL)": 0.143311,
        "nAUC_P@1_max(MIRACL)": 0.356962,
        "nAUC_P@1_std(MIRACL)": 0.114394,
        "nAUC_P@1_diff1(MIRACL)": 0.262915,
        "nAUC_P@3_max(MIRACL)": 0.445605,
        "nAUC_P@3_std(MIRACL)": 0.247311,
        "nAUC_P@3_diff1(MIRACL)": 0.113042,
        "nAUC_P@5_max(MIRACL)": 0.482693,
        "nAUC_P@5_std(MIRACL)": 0.275964,
        "nAUC_P@5_diff1(MIRACL)": 0.08444,
        "nAUC_P@10_max(MIRACL)": 0.422661,
        "nAUC_P@10_std(MIRACL)": 0.2553,
        "nAUC_P@10_diff1(MIRACL)": 0.036471,
        "nAUC_P@20_max(MIRACL)": 0.38777,
        "nAUC_P@20_std(MIRACL)": 0.235989,
        "nAUC_P@20_diff1(MIRACL)": 0.008173,
        "nAUC_P@100_max(MIRACL)": 0.306695,
        "nAUC_P@100_std(MIRACL)": 0.170897,
        "nAUC_P@100_diff1(MIRACL)": -0.026155,
        "nAUC_P@1000_max(MIRACL)": 0.306695,
        "nAUC_P@1000_std(MIRACL)": 0.170897,
        "nAUC_P@1000_diff1(MIRACL)": -0.026155,
        "main_score": 0.49953,
        "hf_subset": "fa",
        "languages": [
          "fas-Arab"
        ]
      }
    ]
  },
  "evaluation_time": 188.4395649433136,
  "kg_co2_emissions": null
}