{
  "dataset_revision": "c49b2d8fa0d6476520695c52207690b7ec854043",
  "task_name": "ParsinluEntail",
  "mteb_version": "1.34.14",
  "scores": {
    "test": [
      {
        "similarity_accuracy": 0.681159,
        "similarity_accuracy_threshold": 0.507882,
        "similarity_f1": 0.738751,
        "similarity_f1_threshold": 0.413182,
        "similarity_precision": 0.625711,
        "similarity_recall": 0.901639,
        "similarity_ap": 0.68899,
        "cosine_accuracy": 0.681159,
        "cosine_accuracy_threshold": 0.507882,
        "cosine_f1": 0.738751,
        "cosine_f1_threshold": 0.413182,
        "cosine_precision": 0.625711,
        "cosine_recall": 0.901639,
        "cosine_ap": 0.68899,
        "manhattan_accuracy": 0.685422,
        "manhattan_accuracy_threshold": 592.945618,
        "manhattan_f1": 0.737052,
        "manhattan_f1_threshold": 656.183594,
        "manhattan_precision": 0.61942,
        "manhattan_recall": 0.909836,
        "manhattan_ap": 0.690058,
        "euclidean_accuracy": 0.681159,
        "euclidean_accuracy_threshold": 27.388145,
        "euclidean_f1": 0.738751,
        "euclidean_f1_threshold": 29.907398,
        "euclidean_precision": 0.625711,
        "euclidean_recall": 0.901639,
        "euclidean_ap": 0.688997,
        "dot_accuracy": 0.681159,
        "dot_accuracy_threshold": 387.069,
        "dot_f1": 0.738751,
        "dot_f1_threshold": 314.894409,
        "dot_precision": 0.625711,
        "dot_recall": 0.901639,
        "dot_ap": 0.689811,
        "max_accuracy": 0.685422,
        "max_f1": 0.738751,
        "max_precision": 0.625711,
        "max_recall": 0.909836,
        "max_ap": 0.690058,
        "main_score": 0.690058,
        "hf_subset": "default",
        "languages": [
          "fas-Arab"
        ]
      }
    ]
  },
  "evaluation_time": 1.3924736976623535,
  "kg_co2_emissions": null
}