{
  "dataset_revision": "b3dc818368a867b30ccb55a42ff287d253512c36",
  "task_name": "PersianWebDocumentRetrieval",
  "mteb_version": "1.34.14",
  "scores": {
    "test": [
      {
        "ndcg_at_1": 0.40904,
        "ndcg_at_3": 0.38875,
        "ndcg_at_5": 0.37676,
        "ndcg_at_10": 0.37063,
        "ndcg_at_20": 0.38326,
        "ndcg_at_100": 0.46191,
        "ndcg_at_1000": 0.50315,
        "map_at_1": 0.06675,
        "map_at_3": 0.1305,
        "map_at_5": 0.16667,
        "map_at_10": 0.21552,
        "map_at_20": 0.25514,
        "map_at_100": 0.29068,
        "map_at_1000": 0.29659,
        "recall_at_1": 0.06675,
        "recall_at_3": 0.15678,
        "recall_at_5": 0.21729,
        "recall_at_10": 0.3181,
        "recall_at_20": 0.43141,
        "recall_at_100": 0.63342,
        "recall_at_1000": 0.77416,
        "precision_at_1": 0.40904,
        "precision_at_3": 0.36313,
        "precision_at_5": 0.32387,
        "precision_at_10": 0.25994,
        "precision_at_20": 0.18943,
        "precision_at_100": 0.06201,
        "precision_at_1000": 0.0081,
        "mrr_at_1": 0.411146,
        "mrr_at_3": 0.49632,
        "mrr_at_5": 0.51041,
        "mrr_at_10": 0.517041,
        "mrr_at_20": 0.520278,
        "mrr_at_100": 0.52192,
        "mrr_at_1000": 0.522005,
        "nauc_ndcg_at_1_max": 0.294627,
        "nauc_ndcg_at_1_std": 0.041304,
        "nauc_ndcg_at_1_diff1": 0.231482,
        "nauc_ndcg_at_3_max": 0.262985,
        "nauc_ndcg_at_3_std": 0.03872,
        "nauc_ndcg_at_3_diff1": 0.196502,
        "nauc_ndcg_at_5_max": 0.257044,
        "nauc_ndcg_at_5_std": 0.037034,
        "nauc_ndcg_at_5_diff1": 0.194923,
        "nauc_ndcg_at_10_max": 0.245379,
        "nauc_ndcg_at_10_std": 0.060208,
        "nauc_ndcg_at_10_diff1": 0.168394,
        "nauc_ndcg_at_20_max": 0.228257,
        "nauc_ndcg_at_20_std": 0.079187,
        "nauc_ndcg_at_20_diff1": 0.140963,
        "nauc_ndcg_at_100_max": 0.296722,
        "nauc_ndcg_at_100_std": 0.175767,
        "nauc_ndcg_at_100_diff1": 0.170636,
        "nauc_ndcg_at_1000_max": 0.338718,
        "nauc_ndcg_at_1000_std": 0.220308,
        "nauc_ndcg_at_1000_diff1": 0.191586,
        "nauc_map_at_1_max": -0.010044,
        "nauc_map_at_1_std": -0.134839,
        "nauc_map_at_1_diff1": 0.079044,
        "nauc_map_at_3_max": 0.034547,
        "nauc_map_at_3_std": -0.093026,
        "nauc_map_at_3_diff1": 0.060207,
        "nauc_map_at_5_max": 0.066458,
        "nauc_map_at_5_std": -0.070122,
        "nauc_map_at_5_diff1": 0.057056,
        "nauc_map_at_10_max": 0.112948,
        "nauc_map_at_10_std": -0.027769,
        "nauc_map_at_10_diff1": 0.067566,
        "nauc_map_at_20_max": 0.154089,
        "nauc_map_at_20_std": 0.010864,
        "nauc_map_at_20_diff1": 0.091927,
        "nauc_map_at_100_max": 0.19476,
        "nauc_map_at_100_std": 0.0618,
        "nauc_map_at_100_diff1": 0.11711,
        "nauc_map_at_1000_max": 0.202678,
        "nauc_map_at_1000_std": 0.070715,
        "nauc_map_at_1000_diff1": 0.121569,
        "nauc_recall_at_1_max": -0.010044,
        "nauc_recall_at_1_std": -0.134839,
        "nauc_recall_at_1_diff1": 0.079044,
        "nauc_recall_at_3_max": 0.002603,
        "nauc_recall_at_3_std": -0.086637,
        "nauc_recall_at_3_diff1": 0.029609,
        "nauc_recall_at_5_max": 0.032256,
        "nauc_recall_at_5_std": -0.059139,
        "nauc_recall_at_5_diff1": 0.029198,
        "nauc_recall_at_10_max": 0.092183,
        "nauc_recall_at_10_std": 0.015619,
        "nauc_recall_at_10_diff1": 0.040123,
        "nauc_recall_at_20_max": 0.138361,
        "nauc_recall_at_20_std": 0.074514,
        "nauc_recall_at_20_diff1": 0.076101,
        "nauc_recall_at_100_max": 0.286132,
        "nauc_recall_at_100_std": 0.285026,
        "nauc_recall_at_100_diff1": 0.131158,
        "nauc_recall_at_1000_max": 0.461185,
        "nauc_recall_at_1000_std": 0.505843,
        "nauc_recall_at_1000_diff1": 0.201015,
        "nauc_precision_at_1_max": 0.294627,
        "nauc_precision_at_1_std": 0.041304,
        "nauc_precision_at_1_diff1": 0.231482,
        "nauc_precision_at_3_max": 0.284823,
        "nauc_precision_at_3_std": 0.071353,
        "nauc_precision_at_3_diff1": 0.193561,
        "nauc_precision_at_5_max": 0.296764,
        "nauc_precision_at_5_std": 0.090073,
        "nauc_precision_at_5_diff1": 0.191533,
        "nauc_precision_at_10_max": 0.321579,
        "nauc_precision_at_10_std": 0.150903,
        "nauc_precision_at_10_diff1": 0.184981,
        "nauc_precision_at_20_max": 0.333769,
        "nauc_precision_at_20_std": 0.204585,
        "nauc_precision_at_20_diff1": 0.194005,
        "nauc_precision_at_100_max": 0.371847,
        "nauc_precision_at_100_std": 0.311537,
        "nauc_precision_at_100_diff1": 0.208251,
        "nauc_precision_at_1000_max": 0.372155,
        "nauc_precision_at_1000_std": 0.323859,
        "nauc_precision_at_1000_diff1": 0.20696,
        "nauc_mrr_at_1_max": 0.30155,
        "nauc_mrr_at_1_std": 0.046331,
        "nauc_mrr_at_1_diff1": 0.225826,
        "nauc_mrr_at_3_max": 0.314882,
        "nauc_mrr_at_3_std": 0.08895,
        "nauc_mrr_at_3_diff1": 0.228372,
        "nauc_mrr_at_5_max": 0.328788,
        "nauc_mrr_at_5_std": 0.10099,
        "nauc_mrr_at_5_diff1": 0.237676,
        "nauc_mrr_at_10_max": 0.335113,
        "nauc_mrr_at_10_std": 0.109873,
        "nauc_mrr_at_10_diff1": 0.238199,
        "nauc_mrr_at_20_max": 0.335865,
        "nauc_mrr_at_20_std": 0.11022,
        "nauc_mrr_at_20_diff1": 0.238125,
        "nauc_mrr_at_100_max": 0.336488,
        "nauc_mrr_at_100_std": 0.11183,
        "nauc_mrr_at_100_diff1": 0.238138,
        "nauc_mrr_at_1000_max": 0.336369,
        "nauc_mrr_at_1000_std": 0.111736,
        "nauc_mrr_at_1000_diff1": 0.238031,
        "main_score": 0.37063,
        "hf_subset": "default",
        "languages": [
          "fas-Arab"
        ]
      }
    ]
  },
  "evaluation_time": 200.8438103199005,
  "kg_co2_emissions": null
}