{
  "dataset_revision": "1a43f4f5dcd71e6b14b275ae82c3237cdd4fd5fd",
  "task_name": "QuoraRetrieval-Fa",
  "mteb_version": "1.34.14",
  "scores": {
    "test": [
      {
        "ndcg_at_1": 0.6988,
        "ndcg_at_3": 0.74631,
        "ndcg_at_5": 0.76496,
        "ndcg_at_10": 0.78435,
        "ndcg_at_20": 0.79494,
        "ndcg_at_100": 0.8072,
        "ndcg_at_1000": 0.81121,
        "map_at_1": 0.60491,
        "map_at_3": 0.70495,
        "map_at_5": 0.72315,
        "map_at_10": 0.73574,
        "map_at_20": 0.74069,
        "map_at_100": 0.7438,
        "map_at_1000": 0.74413,
        "recall_at_1": 0.60491,
        "recall_at_3": 0.77295,
        "recall_at_5": 0.82389,
        "recall_at_10": 0.88143,
        "recall_at_20": 0.91745,
        "recall_at_100": 0.97,
        "recall_at_1000": 0.99395,
        "precision_at_1": 0.6988,
        "precision_at_3": 0.32667,
        "precision_at_5": 0.21692,
        "precision_at_10": 0.12077,
        "precision_at_20": 0.06519,
        "precision_at_100": 0.01459,
        "precision_at_1000": 0.00154,
        "mrr_at_1": 0.6983,
        "mrr_at_3": 0.760633,
        "mrr_at_5": 0.769968,
        "mrr_at_10": 0.776069,
        "mrr_at_20": 0.777774,
        "mrr_at_100": 0.778772,
        "mrr_at_1000": 0.778849,
        "nauc_ndcg_at_1_max": 0.36102,
        "nauc_ndcg_at_1_std": -0.250323,
        "nauc_ndcg_at_1_diff1": 0.724796,
        "nauc_ndcg_at_3_max": 0.352459,
        "nauc_ndcg_at_3_std": -0.279671,
        "nauc_ndcg_at_3_diff1": 0.692541,
        "nauc_ndcg_at_5_max": 0.357587,
        "nauc_ndcg_at_5_std": -0.278229,
        "nauc_ndcg_at_5_diff1": 0.69289,
        "nauc_ndcg_at_10_max": 0.365781,
        "nauc_ndcg_at_10_std": -0.269597,
        "nauc_ndcg_at_10_diff1": 0.695758,
        "nauc_ndcg_at_20_max": 0.370203,
        "nauc_ndcg_at_20_std": -0.261927,
        "nauc_ndcg_at_20_diff1": 0.697308,
        "nauc_ndcg_at_100_max": 0.373263,
        "nauc_ndcg_at_100_std": -0.248947,
        "nauc_ndcg_at_100_diff1": 0.69872,
        "nauc_ndcg_at_1000_max": 0.371627,
        "nauc_ndcg_at_1000_std": -0.24985,
        "nauc_ndcg_at_1000_diff1": 0.698889,
        "nauc_map_at_1_max": 0.277909,
        "nauc_map_at_1_std": -0.288945,
        "nauc_map_at_1_diff1": 0.732603,
        "nauc_map_at_3_max": 0.328474,
        "nauc_map_at_3_std": -0.306844,
        "nauc_map_at_3_diff1": 0.704138,
        "nauc_map_at_5_max": 0.34019,
        "nauc_map_at_5_std": -0.298893,
        "nauc_map_at_5_diff1": 0.703328,
        "nauc_map_at_10_max": 0.34745,
        "nauc_map_at_10_std": -0.289674,
        "nauc_map_at_10_diff1": 0.702919,
        "nauc_map_at_20_max": 0.350803,
        "nauc_map_at_20_std": -0.283444,
        "nauc_map_at_20_diff1": 0.702408,
        "nauc_map_at_100_max": 0.352681,
        "nauc_map_at_100_std": -0.278178,
        "nauc_map_at_100_diff1": 0.702279,
        "nauc_map_at_1000_max": 0.352757,
        "nauc_map_at_1000_std": -0.277745,
        "nauc_map_at_1000_diff1": 0.702233,
        "nauc_recall_at_1_max": 0.277909,
        "nauc_recall_at_1_std": -0.288945,
        "nauc_recall_at_1_diff1": 0.732603,
        "nauc_recall_at_3_max": 0.31617,
        "nauc_recall_at_3_std": -0.320314,
        "nauc_recall_at_3_diff1": 0.652182,
        "nauc_recall_at_5_max": 0.332471,
        "nauc_recall_at_5_std": -0.310263,
        "nauc_recall_at_5_diff1": 0.63556,
        "nauc_recall_at_10_max": 0.361357,
        "nauc_recall_at_10_std": -0.27727,
        "nauc_recall_at_10_diff1": 0.621913,
        "nauc_recall_at_20_max": 0.389401,
        "nauc_recall_at_20_std": -0.228153,
        "nauc_recall_at_20_diff1": 0.614908,
        "nauc_recall_at_100_max": 0.452832,
        "nauc_recall_at_100_std": -0.022049,
        "nauc_recall_at_100_diff1": 0.620666,
        "nauc_recall_at_1000_max": 0.407076,
        "nauc_recall_at_1000_std": 0.213918,
        "nauc_recall_at_1000_diff1": 0.602913,
        "nauc_precision_at_1_max": 0.36102,
        "nauc_precision_at_1_std": -0.250323,
        "nauc_precision_at_1_diff1": 0.724796,
        "nauc_precision_at_3_max": 0.220368,
        "nauc_precision_at_3_std": -0.018677,
        "nauc_precision_at_3_diff1": 0.109105,
        "nauc_precision_at_5_max": 0.176241,
        "nauc_precision_at_5_std": 0.080254,
        "nauc_precision_at_5_diff1": -0.033766,
        "nauc_precision_at_10_max": 0.122002,
        "nauc_precision_at_10_std": 0.183828,
        "nauc_precision_at_10_diff1": -0.164694,
        "nauc_precision_at_20_max": 0.085396,
        "nauc_precision_at_20_std": 0.250076,
        "nauc_precision_at_20_diff1": -0.236227,
        "nauc_precision_at_100_max": 0.038805,
        "nauc_precision_at_100_std": 0.339312,
        "nauc_precision_at_100_diff1": -0.314061,
        "nauc_precision_at_1000_max": 0.007947,
        "nauc_precision_at_1000_std": 0.351156,
        "nauc_precision_at_1000_diff1": -0.342937,
        "nauc_mrr_at_1_max": 0.360489,
        "nauc_mrr_at_1_std": -0.249691,
        "nauc_mrr_at_1_diff1": 0.725947,
        "nauc_mrr_at_3_max": 0.375483,
        "nauc_mrr_at_3_std": -0.247082,
        "nauc_mrr_at_3_diff1": 0.706456,
        "nauc_mrr_at_5_max": 0.378514,
        "nauc_mrr_at_5_std": -0.242652,
        "nauc_mrr_at_5_diff1": 0.705443,
        "nauc_mrr_at_10_max": 0.379143,
        "nauc_mrr_at_10_std": -0.240391,
        "nauc_mrr_at_10_diff1": 0.706288,
        "nauc_mrr_at_20_max": 0.378879,
        "nauc_mrr_at_20_std": -0.240255,
        "nauc_mrr_at_20_diff1": 0.706921,
        "nauc_mrr_at_100_max": 0.378261,
        "nauc_mrr_at_100_std": -0.24039,
        "nauc_mrr_at_100_diff1": 0.707167,
        "nauc_mrr_at_1000_max": 0.3782,
        "nauc_mrr_at_1000_std": -0.240488,
        "nauc_mrr_at_1000_diff1": 0.707191,
        "main_score": 0.78435,
        "hf_subset": "default",
        "languages": [
          "fas-Arab"
        ]
      }
    ]
  },
  "evaluation_time": 417.3268246650696,
  "kg_co2_emissions": null
}