{
  "dataset_revision": "da8f36a723da155738f5e3d8d84d543589bd5083",
  "task_name": "SynPerChatbotRAGTopicsRetrieval",
  "mteb_version": "1.34.14",
  "scores": {
    "test": [
      {
        "ndcg_at_1": 0.3965,
        "ndcg_at_3": 0.29338,
        "ndcg_at_5": 0.32904,
        "ndcg_at_10": 0.39054,
        "ndcg_at_20": 0.44197,
        "ndcg_at_100": 0.51782,
        "ndcg_at_1000": 0.53917,
        "map_at_1": 0.12645,
        "map_at_3": 0.1974,
        "map_at_5": 0.22624,
        "map_at_10": 0.25914,
        "map_at_20": 0.28079,
        "map_at_100": 0.30055,
        "map_at_1000": 0.30247,
        "recall_at_1": 0.12645,
        "recall_at_3": 0.24946,
        "recall_at_5": 0.3295,
        "recall_at_10": 0.46125,
        "recall_at_20": 0.60182,
        "recall_at_100": 0.88251,
        "recall_at_1000": 0.99396,
        "precision_at_1": 0.3965,
        "precision_at_3": 0.2625,
        "precision_at_5": 0.2081,
        "precision_at_10": 0.14683,
        "precision_at_20": 0.09646,
        "precision_at_100": 0.02836,
        "precision_at_1000": 0.0032,
        "mrr_at_1": 0.396504,
        "mrr_at_3": 0.508893,
        "mrr_at_5": 0.53617,
        "mrr_at_10": 0.553567,
        "mrr_at_20": 0.558597,
        "mrr_at_100": 0.55979,
        "mrr_at_1000": 0.559824,
        "nauc_ndcg_at_1_max": 0.147281,
        "nauc_ndcg_at_1_std": -0.087756,
        "nauc_ndcg_at_1_diff1": 0.210674,
        "nauc_ndcg_at_3_max": 0.123461,
        "nauc_ndcg_at_3_std": -0.127778,
        "nauc_ndcg_at_3_diff1": 0.198793,
        "nauc_ndcg_at_5_max": 0.162112,
        "nauc_ndcg_at_5_std": -0.119144,
        "nauc_ndcg_at_5_diff1": 0.200793,
        "nauc_ndcg_at_10_max": 0.1572,
        "nauc_ndcg_at_10_std": -0.122972,
        "nauc_ndcg_at_10_diff1": 0.204149,
        "nauc_ndcg_at_20_max": 0.140615,
        "nauc_ndcg_at_20_std": -0.10436,
        "nauc_ndcg_at_20_diff1": 0.18794,
        "nauc_ndcg_at_100_max": 0.127013,
        "nauc_ndcg_at_100_std": -0.097924,
        "nauc_ndcg_at_100_diff1": 0.193928,
        "nauc_ndcg_at_1000_max": 0.131318,
        "nauc_ndcg_at_1000_std": -0.113638,
        "nauc_ndcg_at_1000_diff1": 0.198744,
        "nauc_map_at_1_max": 0.186836,
        "nauc_map_at_1_std": -0.074609,
        "nauc_map_at_1_diff1": 0.20986,
        "nauc_map_at_3_max": 0.156369,
        "nauc_map_at_3_std": -0.111005,
        "nauc_map_at_3_diff1": 0.21351,
        "nauc_map_at_5_max": 0.156808,
        "nauc_map_at_5_std": -0.115823,
        "nauc_map_at_5_diff1": 0.211829,
        "nauc_map_at_10_max": 0.149221,
        "nauc_map_at_10_std": -0.122891,
        "nauc_map_at_10_diff1": 0.210871,
        "nauc_map_at_20_max": 0.143013,
        "nauc_map_at_20_std": -0.114703,
        "nauc_map_at_20_diff1": 0.204347,
        "nauc_map_at_100_max": 0.138208,
        "nauc_map_at_100_std": -0.114766,
        "nauc_map_at_100_diff1": 0.206061,
        "nauc_map_at_1000_max": 0.138266,
        "nauc_map_at_1000_std": -0.115876,
        "nauc_map_at_1000_diff1": 0.206216,
        "nauc_recall_at_1_max": 0.186836,
        "nauc_recall_at_1_std": -0.074609,
        "nauc_recall_at_1_diff1": 0.20986,
        "nauc_recall_at_3_max": 0.14884,
        "nauc_recall_at_3_std": -0.116004,
        "nauc_recall_at_3_diff1": 0.190905,
        "nauc_recall_at_5_max": 0.160418,
        "nauc_recall_at_5_std": -0.105707,
        "nauc_recall_at_5_diff1": 0.173502,
        "nauc_recall_at_10_max": 0.137882,
        "nauc_recall_at_10_std": -0.094783,
        "nauc_recall_at_10_diff1": 0.156843,
        "nauc_recall_at_20_max": 0.085346,
        "nauc_recall_at_20_std": -0.027472,
        "nauc_recall_at_20_diff1": 0.088672,
        "nauc_recall_at_100_max": 0.024609,
        "nauc_recall_at_100_std": 0.07769,
        "nauc_recall_at_100_diff1": 0.08524,
        "nauc_recall_at_1000_max": -0.050579,
        "nauc_recall_at_1000_std": 0.109015,
        "nauc_recall_at_1000_diff1": 0.272216,
        "nauc_precision_at_1_max": 0.147281,
        "nauc_precision_at_1_std": -0.087756,
        "nauc_precision_at_1_diff1": 0.210674,
        "nauc_precision_at_3_max": 0.090891,
        "nauc_precision_at_3_std": -0.143367,
        "nauc_precision_at_3_diff1": 0.181006,
        "nauc_precision_at_5_max": 0.089814,
        "nauc_precision_at_5_std": -0.139934,
        "nauc_precision_at_5_diff1": 0.156919,
        "nauc_precision_at_10_max": 0.04238,
        "nauc_precision_at_10_std": -0.119744,
        "nauc_precision_at_10_diff1": 0.124855,
        "nauc_precision_at_20_max": -0.042639,
        "nauc_precision_at_20_std": -0.059774,
        "nauc_precision_at_20_diff1": 0.048305,
        "nauc_precision_at_100_max": -0.226849,
        "nauc_precision_at_100_std": -0.005231,
        "nauc_precision_at_100_diff1": -0.029378,
        "nauc_precision_at_1000_max": -0.38078,
        "nauc_precision_at_1000_std": -0.077663,
        "nauc_precision_at_1000_diff1": -0.112688,
        "nauc_mrr_at_1_max": 0.139628,
        "nauc_mrr_at_1_std": -0.095662,
        "nauc_mrr_at_1_diff1": 0.210674,
        "nauc_mrr_at_3_max": 0.145488,
        "nauc_mrr_at_3_std": -0.123137,
        "nauc_mrr_at_3_diff1": 0.197323,
        "nauc_mrr_at_5_max": 0.153221,
        "nauc_mrr_at_5_std": -0.118797,
        "nauc_mrr_at_5_diff1": 0.194648,
        "nauc_mrr_at_10_max": 0.154447,
        "nauc_mrr_at_10_std": -0.117861,
        "nauc_mrr_at_10_diff1": 0.196131,
        "nauc_mrr_at_20_max": 0.151179,
        "nauc_mrr_at_20_std": -0.118425,
        "nauc_mrr_at_20_diff1": 0.196371,
        "nauc_mrr_at_100_max": 0.150247,
        "nauc_mrr_at_100_std": -0.118579,
        "nauc_mrr_at_100_diff1": 0.196513,
        "nauc_mrr_at_1000_max": 0.150318,
        "nauc_mrr_at_1000_std": -0.118632,
        "nauc_mrr_at_1000_diff1": 0.196507,
        "main_score": 0.39054,
        "hf_subset": "default",
        "languages": [
          "fas-Arab"
        ]
      }
    ]
  },
  "evaluation_time": 7.488452196121216,
  "kg_co2_emissions": null
}