{
  "dataset_revision": "086995ca4cea33f37a407c2fa5282f74913740ee",
  "task_name": "SynPerChatbotTopicsRetrieval",
  "mteb_version": "1.34.14",
  "scores": {
    "test": [
      {
        "ndcg_at_1": 0.29018,
        "ndcg_at_3": 0.23206,
        "ndcg_at_5": 0.26728,
        "ndcg_at_10": 0.32315,
        "ndcg_at_20": 0.37672,
        "ndcg_at_100": 0.45653,
        "ndcg_at_1000": 0.48432,
        "map_at_1": 0.09186,
        "map_at_3": 0.1489,
        "map_at_5": 0.17283,
        "map_at_10": 0.20004,
        "map_at_20": 0.22109,
        "map_at_100": 0.24099,
        "map_at_1000": 0.24334,
        "recall_at_1": 0.09186,
        "recall_at_3": 0.20358,
        "recall_at_5": 0.27893,
        "recall_at_10": 0.39962,
        "recall_at_20": 0.54718,
        "recall_at_100": 0.84341,
        "recall_at_1000": 0.99233,
        "precision_at_1": 0.29018,
        "precision_at_3": 0.21514,
        "precision_at_5": 0.17697,
        "precision_at_10": 0.12707,
        "precision_at_20": 0.08731,
        "precision_at_100": 0.02698,
        "precision_at_1000": 0.00317,
        "mrr_at_1": 0.290826,
        "mrr_at_3": 0.409022,
        "mrr_at_5": 0.442919,
        "mrr_at_10": 0.463242,
        "mrr_at_20": 0.469984,
        "mrr_at_100": 0.471272,
        "mrr_at_1000": 0.471283,
        "nauc_ndcg_at_1_max": 0.043035,
        "nauc_ndcg_at_1_std": -0.185385,
        "nauc_ndcg_at_1_diff1": 0.248731,
        "nauc_ndcg_at_3_max": 0.052535,
        "nauc_ndcg_at_3_std": -0.207509,
        "nauc_ndcg_at_3_diff1": 0.196758,
        "nauc_ndcg_at_5_max": 0.055232,
        "nauc_ndcg_at_5_std": -0.223738,
        "nauc_ndcg_at_5_diff1": 0.215042,
        "nauc_ndcg_at_10_max": 0.047557,
        "nauc_ndcg_at_10_std": -0.233546,
        "nauc_ndcg_at_10_diff1": 0.211589,
        "nauc_ndcg_at_20_max": 0.03432,
        "nauc_ndcg_at_20_std": -0.217272,
        "nauc_ndcg_at_20_diff1": 0.196897,
        "nauc_ndcg_at_100_max": 0.023586,
        "nauc_ndcg_at_100_std": -0.186067,
        "nauc_ndcg_at_100_diff1": 0.201199,
        "nauc_ndcg_at_1000_max": 0.035383,
        "nauc_ndcg_at_1000_std": -0.202632,
        "nauc_ndcg_at_1000_diff1": 0.210769,
        "nauc_map_at_1_max": 0.060397,
        "nauc_map_at_1_std": -0.175448,
        "nauc_map_at_1_diff1": 0.245406,
        "nauc_map_at_3_max": 0.067827,
        "nauc_map_at_3_std": -0.192021,
        "nauc_map_at_3_diff1": 0.217347,
        "nauc_map_at_5_max": 0.051674,
        "nauc_map_at_5_std": -0.209014,
        "nauc_map_at_5_diff1": 0.228038,
        "nauc_map_at_10_max": 0.043335,
        "nauc_map_at_10_std": -0.222119,
        "nauc_map_at_10_diff1": 0.222124,
        "nauc_map_at_20_max": 0.035659,
        "nauc_map_at_20_std": -0.219528,
        "nauc_map_at_20_diff1": 0.215767,
        "nauc_map_at_100_max": 0.033099,
        "nauc_map_at_100_std": -0.210252,
        "nauc_map_at_100_diff1": 0.217718,
        "nauc_map_at_1000_max": 0.034309,
        "nauc_map_at_1000_std": -0.211038,
        "nauc_map_at_1000_diff1": 0.217968,
        "nauc_recall_at_1_max": 0.060397,
        "nauc_recall_at_1_std": -0.175448,
        "nauc_recall_at_1_diff1": 0.245406,
        "nauc_recall_at_3_max": 0.087371,
        "nauc_recall_at_3_std": -0.196421,
        "nauc_recall_at_3_diff1": 0.160196,
        "nauc_recall_at_5_max": 0.05546,
        "nauc_recall_at_5_std": -0.226178,
        "nauc_recall_at_5_diff1": 0.178376,
        "nauc_recall_at_10_max": 0.037649,
        "nauc_recall_at_10_std": -0.210825,
        "nauc_recall_at_10_diff1": 0.140061,
        "nauc_recall_at_20_max": 0.004834,
        "nauc_recall_at_20_std": -0.138068,
        "nauc_recall_at_20_diff1": 0.07854,
        "nauc_recall_at_100_max": -0.045029,
        "nauc_recall_at_100_std": 0.037956,
        "nauc_recall_at_100_diff1": 0.043017,
        "nauc_recall_at_1000_max": 0.272146,
        "nauc_recall_at_1000_std": 0.366548,
        "nauc_recall_at_1000_diff1": 0.12305,
        "nauc_precision_at_1_max": 0.043035,
        "nauc_precision_at_1_std": -0.185385,
        "nauc_precision_at_1_diff1": 0.248731,
        "nauc_precision_at_3_max": 0.055065,
        "nauc_precision_at_3_std": -0.214041,
        "nauc_precision_at_3_diff1": 0.157085,
        "nauc_precision_at_5_max": 0.012336,
        "nauc_precision_at_5_std": -0.244491,
        "nauc_precision_at_5_diff1": 0.173728,
        "nauc_precision_at_10_max": -0.019038,
        "nauc_precision_at_10_std": -0.224971,
        "nauc_precision_at_10_diff1": 0.133942,
        "nauc_precision_at_20_max": -0.057295,
        "nauc_precision_at_20_std": -0.142727,
        "nauc_precision_at_20_diff1": 0.068866,
        "nauc_precision_at_100_max": -0.148321,
        "nauc_precision_at_100_std": 0.004477,
        "nauc_precision_at_100_diff1": 0.010048,
        "nauc_precision_at_1000_max": -0.194721,
        "nauc_precision_at_1000_std": -0.01591,
        "nauc_precision_at_1000_diff1": -0.025917,
        "nauc_mrr_at_1_max": 0.042994,
        "nauc_mrr_at_1_std": -0.187575,
        "nauc_mrr_at_1_diff1": 0.246551,
        "nauc_mrr_at_3_max": 0.059289,
        "nauc_mrr_at_3_std": -0.201332,
        "nauc_mrr_at_3_diff1": 0.204211,
        "nauc_mrr_at_5_max": 0.057304,
        "nauc_mrr_at_5_std": -0.210488,
        "nauc_mrr_at_5_diff1": 0.211566,
        "nauc_mrr_at_10_max": 0.05983,
        "nauc_mrr_at_10_std": -0.205811,
        "nauc_mrr_at_10_diff1": 0.215624,
        "nauc_mrr_at_20_max": 0.058076,
        "nauc_mrr_at_20_std": -0.203779,
        "nauc_mrr_at_20_diff1": 0.21558,
        "nauc_mrr_at_100_max": 0.057508,
        "nauc_mrr_at_100_std": -0.203662,
        "nauc_mrr_at_100_diff1": 0.215727,
        "nauc_mrr_at_1000_max": 0.057476,
        "nauc_mrr_at_1000_std": -0.2037,
        "nauc_mrr_at_1000_diff1": 0.215725,
        "main_score": 0.32315,
        "hf_subset": "default",
        "languages": [
          "fas-Arab"
        ]
      }
    ]
  },
  "evaluation_time": 11.399821996688843,
  "kg_co2_emissions": null
}