{
  "dataset_revision": "a30774c99c358b3e04948b0eb8bd21f26461ef42",
  "task_name": "FEVER-FaHardNegatives",
  "mteb_version": "1.38.33",
  "scores": {
    "test": [
      {
        "ndcg_at_1": 0.21,
        "ndcg_at_3": 0.29293,
        "ndcg_at_5": 0.322,
        "ndcg_at_10": 0.35269,
        "ndcg_at_20": 0.37614,
        "ndcg_at_100": 0.40837,
        "ndcg_at_1000": 0.42196,
        "map_at_1": 0.1975,
        "map_at_3": 0.2664,
        "map_at_5": 0.28236,
        "map_at_10": 0.29533,
        "map_at_20": 0.30175,
        "map_at_100": 0.30642,
        "map_at_1000": 0.30699,
        "recall_at_1": 0.1975,
        "recall_at_3": 0.35315,
        "recall_at_5": 0.42348,
        "recall_at_10": 0.51693,
        "recall_at_20": 0.6079,
        "recall_at_100": 0.77567,
        "recall_at_1000": 0.87737,
        "precision_at_1": 0.21,
        "precision_at_3": 0.12633,
        "precision_at_5": 0.091,
        "precision_at_10": 0.0555,
        "precision_at_20": 0.0328,
        "precision_at_100": 0.00851,
        "precision_at_1000": 0.00099,
        "mrr_at_1": 0.21,
        "mrr_at_3": 0.282333,
        "mrr_at_5": 0.299583,
        "mrr_at_10": 0.312377,
        "mrr_at_20": 0.31895,
        "mrr_at_100": 0.323236,
        "mrr_at_1000": 0.323658,
        "nauc_ndcg_at_1_max": 0.147632,
        "nauc_ndcg_at_1_std": -0.073,
        "nauc_ndcg_at_1_diff1": 0.32767,
        "nauc_ndcg_at_3_max": 0.127484,
        "nauc_ndcg_at_3_std": -0.093486,
        "nauc_ndcg_at_3_diff1": 0.266189,
        "nauc_ndcg_at_5_max": 0.116893,
        "nauc_ndcg_at_5_std": -0.1059,
        "nauc_ndcg_at_5_diff1": 0.267353,
        "nauc_ndcg_at_10_max": 0.107879,
        "nauc_ndcg_at_10_std": -0.118596,
        "nauc_ndcg_at_10_diff1": 0.271868,
        "nauc_ndcg_at_20_max": 0.09899,
        "nauc_ndcg_at_20_std": -0.123359,
        "nauc_ndcg_at_20_diff1": 0.27275,
        "nauc_ndcg_at_100_max": 0.072589,
        "nauc_ndcg_at_100_std": -0.14287,
        "nauc_ndcg_at_100_diff1": 0.278662,
        "nauc_ndcg_at_1000_max": 0.053934,
        "nauc_ndcg_at_1000_std": -0.156763,
        "nauc_ndcg_at_1000_diff1": 0.291376,
        "nauc_map_at_1_max": 0.137476,
        "nauc_map_at_1_std": -0.071507,
        "nauc_map_at_1_diff1": 0.324458,
        "nauc_map_at_3_max": 0.126047,
        "nauc_map_at_3_std": -0.091067,
        "nauc_map_at_3_diff1": 0.278323,
        "nauc_map_at_5_max": 0.119999,
        "nauc_map_at_5_std": -0.09866,
        "nauc_map_at_5_diff1": 0.278947,
        "nauc_map_at_10_max": 0.116065,
        "nauc_map_at_10_std": -0.10388,
        "nauc_map_at_10_diff1": 0.280593,
        "nauc_map_at_20_max": 0.113663,
        "nauc_map_at_20_std": -0.10497,
        "nauc_map_at_20_diff1": 0.280925,
        "nauc_map_at_100_max": 0.110345,
        "nauc_map_at_100_std": -0.107146,
        "nauc_map_at_100_diff1": 0.281666,
        "nauc_map_at_1000_max": 0.109835,
        "nauc_map_at_1000_std": -0.107363,
        "nauc_map_at_1000_diff1": 0.282079,
        "nauc_recall_at_1_max": 0.137476,
        "nauc_recall_at_1_std": -0.071507,
        "nauc_recall_at_1_diff1": 0.324458,
        "nauc_recall_at_3_max": 0.119861,
        "nauc_recall_at_3_std": -0.096961,
        "nauc_recall_at_3_diff1": 0.229878,
        "nauc_recall_at_5_max": 0.093147,
        "nauc_recall_at_5_std": -0.125491,
        "nauc_recall_at_5_diff1": 0.228956,
        "nauc_recall_at_10_max": 0.065186,
        "nauc_recall_at_10_std": -0.163323,
        "nauc_recall_at_10_diff1": 0.241041,
        "nauc_recall_at_20_max": 0.028314,
        "nauc_recall_at_20_std": -0.186101,
        "nauc_recall_at_20_diff1": 0.238059,
        "nauc_recall_at_100_max": -0.209223,
        "nauc_recall_at_100_std": -0.370686,
        "nauc_recall_at_100_diff1": 0.271275,
        "nauc_recall_at_1000_max": -0.756572,
        "nauc_recall_at_1000_std": -0.816582,
        "nauc_recall_at_1000_diff1": 0.521995,
        "nauc_precision_at_1_max": 0.147632,
        "nauc_precision_at_1_std": -0.073,
        "nauc_precision_at_1_diff1": 0.32767,
        "nauc_precision_at_3_max": 0.12854,
        "nauc_precision_at_3_std": -0.097092,
        "nauc_precision_at_3_diff1": 0.225884,
        "nauc_precision_at_5_max": 0.107382,
        "nauc_precision_at_5_std": -0.122468,
        "nauc_precision_at_5_diff1": 0.227168,
        "nauc_precision_at_10_max": 0.085185,
        "nauc_precision_at_10_std": -0.158733,
        "nauc_precision_at_10_diff1": 0.232101,
        "nauc_precision_at_20_max": 0.039744,
        "nauc_precision_at_20_std": -0.181723,
        "nauc_precision_at_20_diff1": 0.225679,
        "nauc_precision_at_100_max": -0.143729,
        "nauc_precision_at_100_std": -0.270058,
        "nauc_precision_at_100_diff1": 0.179208,
        "nauc_precision_at_1000_max": -0.356379,
        "nauc_precision_at_1000_std": -0.349453,
        "nauc_precision_at_1000_diff1": 0.182231,
        "nauc_mrr_at_1_max": 0.147632,
        "nauc_mrr_at_1_std": -0.073,
        "nauc_mrr_at_1_diff1": 0.32767,
        "nauc_mrr_at_3_max": 0.138128,
        "nauc_mrr_at_3_std": -0.08963,
        "nauc_mrr_at_3_diff1": 0.280536,
        "nauc_mrr_at_5_max": 0.133267,
        "nauc_mrr_at_5_std": -0.095905,
        "nauc_mrr_at_5_diff1": 0.281121,
        "nauc_mrr_at_10_max": 0.129774,
        "nauc_mrr_at_10_std": -0.10101,
        "nauc_mrr_at_10_diff1": 0.282609,
        "nauc_mrr_at_20_max": 0.126631,
        "nauc_mrr_at_20_std": -0.102471,
        "nauc_mrr_at_20_diff1": 0.283485,
        "nauc_mrr_at_100_max": 0.123153,
        "nauc_mrr_at_100_std": -0.105338,
        "nauc_mrr_at_100_diff1": 0.284534,
        "nauc_mrr_at_1000_max": 0.122645,
        "nauc_mrr_at_1000_std": -0.105703,
        "nauc_mrr_at_1000_diff1": 0.284916,
        "main_score": 0.35269,
        "hf_subset": "default",
        "languages": [
          "fas-Arab"
        ]
      }
    ]
  },
  "evaluation_time": 456.6770327091217,
  "kg_co2_emissions": null
}