{
  "dataset_revision": "b591262de1a2498c3618a4dd386d590450e85dcd",
  "task_name": "HotpotQA-FaHardNegatives",
  "mteb_version": "1.38.33",
  "scores": {
    "test": [
      {
        "ndcg_at_1": 0.512,
        "ndcg_at_3": 0.39476,
        "ndcg_at_5": 0.41772,
        "ndcg_at_10": 0.44429,
        "ndcg_at_20": 0.46041,
        "ndcg_at_100": 0.48784,
        "ndcg_at_1000": 0.51211,
        "map_at_1": 0.256,
        "map_at_3": 0.32342,
        "map_at_5": 0.33847,
        "map_at_10": 0.35182,
        "map_at_20": 0.35733,
        "map_at_100": 0.36248,
        "map_at_1000": 0.36366,
        "recall_at_1": 0.256,
        "recall_at_3": 0.3695,
        "recall_at_5": 0.415,
        "recall_at_10": 0.482,
        "recall_at_20": 0.534,
        "recall_at_100": 0.6545,
        "recall_at_1000": 0.8145,
        "precision_at_1": 0.512,
        "precision_at_3": 0.24633,
        "precision_at_5": 0.166,
        "precision_at_10": 0.0964,
        "precision_at_20": 0.0534,
        "precision_at_100": 0.01309,
        "precision_at_1000": 0.00163,
        "mrr_at_1": 0.512,
        "mrr_at_3": 0.575167,
        "mrr_at_5": 0.586567,
        "mrr_at_10": 0.595612,
        "mrr_at_20": 0.599036,
        "mrr_at_100": 0.601097,
        "mrr_at_1000": 0.601442,
        "nauc_ndcg_at_1_max": 0.407214,
        "nauc_ndcg_at_1_std": -0.012381,
        "nauc_ndcg_at_1_diff1": 0.621552,
        "nauc_ndcg_at_3_max": 0.346296,
        "nauc_ndcg_at_3_std": -0.013837,
        "nauc_ndcg_at_3_diff1": 0.497496,
        "nauc_ndcg_at_5_max": 0.340032,
        "nauc_ndcg_at_5_std": 0.005993,
        "nauc_ndcg_at_5_diff1": 0.475012,
        "nauc_ndcg_at_10_max": 0.343852,
        "nauc_ndcg_at_10_std": 0.031701,
        "nauc_ndcg_at_10_diff1": 0.448276,
        "nauc_ndcg_at_20_max": 0.341144,
        "nauc_ndcg_at_20_std": 0.047388,
        "nauc_ndcg_at_20_diff1": 0.437067,
        "nauc_ndcg_at_100_max": 0.349669,
        "nauc_ndcg_at_100_std": 0.080217,
        "nauc_ndcg_at_100_diff1": 0.441501,
        "nauc_ndcg_at_1000_max": 0.346914,
        "nauc_ndcg_at_1000_std": 0.084175,
        "nauc_ndcg_at_1000_diff1": 0.443591,
        "nauc_map_at_1_max": 0.407214,
        "nauc_map_at_1_std": -0.012381,
        "nauc_map_at_1_diff1": 0.621552,
        "nauc_map_at_3_max": 0.335685,
        "nauc_map_at_3_std": -0.012033,
        "nauc_map_at_3_diff1": 0.481744,
        "nauc_map_at_5_max": 0.33378,
        "nauc_map_at_5_std": 0.003699,
        "nauc_map_at_5_diff1": 0.465775,
        "nauc_map_at_10_max": 0.334327,
        "nauc_map_at_10_std": 0.018165,
        "nauc_map_at_10_diff1": 0.450077,
        "nauc_map_at_20_max": 0.3313,
        "nauc_map_at_20_std": 0.022307,
        "nauc_map_at_20_diff1": 0.444969,
        "nauc_map_at_100_max": 0.333921,
        "nauc_map_at_100_std": 0.029323,
        "nauc_map_at_100_diff1": 0.445895,
        "nauc_map_at_1000_max": 0.333734,
        "nauc_map_at_1000_std": 0.029853,
        "nauc_map_at_1000_diff1": 0.445875,
        "nauc_recall_at_1_max": 0.407214,
        "nauc_recall_at_1_std": -0.012381,
        "nauc_recall_at_1_diff1": 0.621552,
        "nauc_recall_at_3_max": 0.310631,
        "nauc_recall_at_3_std": -0.00612,
        "nauc_recall_at_3_diff1": 0.41857,
        "nauc_recall_at_5_max": 0.284222,
        "nauc_recall_at_5_std": 0.035217,
        "nauc_recall_at_5_diff1": 0.35497,
        "nauc_recall_at_10_max": 0.263394,
        "nauc_recall_at_10_std": 0.09371,
        "nauc_recall_at_10_diff1": 0.252438,
        "nauc_recall_at_20_max": 0.24247,
        "nauc_recall_at_20_std": 0.143273,
        "nauc_recall_at_20_diff1": 0.198823,
        "nauc_recall_at_100_max": 0.245359,
        "nauc_recall_at_100_std": 0.285401,
        "nauc_recall_at_100_diff1": 0.17108,
        "nauc_recall_at_1000_max": 0.189099,
        "nauc_recall_at_1000_std": 0.414248,
        "nauc_recall_at_1000_diff1": 0.084072,
        "nauc_precision_at_1_max": 0.407214,
        "nauc_precision_at_1_std": -0.012381,
        "nauc_precision_at_1_diff1": 0.621552,
        "nauc_precision_at_3_max": 0.310631,
        "nauc_precision_at_3_std": -0.00612,
        "nauc_precision_at_3_diff1": 0.41857,
        "nauc_precision_at_5_max": 0.284222,
        "nauc_precision_at_5_std": 0.035217,
        "nauc_precision_at_5_diff1": 0.35497,
        "nauc_precision_at_10_max": 0.263394,
        "nauc_precision_at_10_std": 0.09371,
        "nauc_precision_at_10_diff1": 0.252438,
        "nauc_precision_at_20_max": 0.24247,
        "nauc_precision_at_20_std": 0.143273,
        "nauc_precision_at_20_diff1": 0.198823,
        "nauc_precision_at_100_max": 0.245359,
        "nauc_precision_at_100_std": 0.285401,
        "nauc_precision_at_100_diff1": 0.17108,
        "nauc_precision_at_1000_max": 0.189099,
        "nauc_precision_at_1000_std": 0.414248,
        "nauc_precision_at_1000_diff1": 0.084072,
        "nauc_mrr_at_1_max": 0.407214,
        "nauc_mrr_at_1_std": -0.012381,
        "nauc_mrr_at_1_diff1": 0.621552,
        "nauc_mrr_at_3_max": 0.388958,
        "nauc_mrr_at_3_std": -0.022319,
        "nauc_mrr_at_3_diff1": 0.584464,
        "nauc_mrr_at_5_max": 0.385241,
        "nauc_mrr_at_5_std": -0.017403,
        "nauc_mrr_at_5_diff1": 0.579376,
        "nauc_mrr_at_10_max": 0.391139,
        "nauc_mrr_at_10_std": -0.010742,
        "nauc_mrr_at_10_diff1": 0.577262,
        "nauc_mrr_at_20_max": 0.393591,
        "nauc_mrr_at_20_std": -0.006845,
        "nauc_mrr_at_20_diff1": 0.57808,
        "nauc_mrr_at_100_max": 0.393571,
        "nauc_mrr_at_100_std": -0.006266,
        "nauc_mrr_at_100_diff1": 0.57961,
        "nauc_mrr_at_1000_max": 0.393511,
        "nauc_mrr_at_1000_std": -0.006487,
        "nauc_mrr_at_1000_diff1": 0.579773,
        "main_score": 0.44429,
        "hf_subset": "default",
        "languages": [
          "fas-Arab"
        ]
      }
    ]
  },
  "evaluation_time": 384.68221044540405,
  "kg_co2_emissions": null
}