{
  "dataset_revision": "f22eecc8ad7f25875a77b5e5e23d484b7cc74c59",
  "task_name": "MSMARCO-FaHardNegatives",
  "mteb_version": "1.38.33",
  "scores": {
    "test": [
      {
        "ndcg_at_1": 0.56977,
        "ndcg_at_3": 0.56057,
        "ndcg_at_5": 0.56475,
        "ndcg_at_10": 0.55711,
        "ndcg_at_20": 0.55851,
        "ndcg_at_100": 0.63346,
        "ndcg_at_1000": 0.7632,
        "map_at_1": 0.01516,
        "map_at_3": 0.04326,
        "map_at_5": 0.06027,
        "map_at_10": 0.09857,
        "map_at_20": 0.15812,
        "map_at_100": 0.3787,
        "map_at_1000": 0.5506,
        "recall_at_1": 0.01516,
        "recall_at_3": 0.04903,
        "recall_at_5": 0.06837,
        "recall_at_10": 0.11885,
        "recall_at_20": 0.20358,
        "recall_at_100": 0.59773,
        "recall_at_1000": 0.95953,
        "precision_at_1": 0.81395,
        "precision_at_3": 0.74419,
        "precision_at_5": 0.71628,
        "precision_at_10": 0.6814,
        "precision_at_20": 0.63372,
        "precision_at_100": 0.45628,
        "precision_at_1000": 0.09151,
        "mrr_at_1": 0.813953,
        "mrr_at_3": 0.852713,
        "mrr_at_5": 0.857364,
        "mrr_at_10": 0.863824,
        "mrr_at_20": 0.865762,
        "mrr_at_100": 0.865762,
        "mrr_at_1000": 0.865762,
        "nauc_ndcg_at_1_max": -0.02971,
        "nauc_ndcg_at_1_std": 0.126203,
        "nauc_ndcg_at_1_diff1": -0.398047,
        "nauc_ndcg_at_3_max": 0.035995,
        "nauc_ndcg_at_3_std": 0.246805,
        "nauc_ndcg_at_3_diff1": -0.438685,
        "nauc_ndcg_at_5_max": 0.062968,
        "nauc_ndcg_at_5_std": 0.323461,
        "nauc_ndcg_at_5_diff1": -0.469712,
        "nauc_ndcg_at_10_max": 0.179038,
        "nauc_ndcg_at_10_std": 0.383748,
        "nauc_ndcg_at_10_diff1": -0.481209,
        "nauc_ndcg_at_20_max": 0.265842,
        "nauc_ndcg_at_20_std": 0.438688,
        "nauc_ndcg_at_20_diff1": -0.51519,
        "nauc_ndcg_at_100_max": 0.366838,
        "nauc_ndcg_at_100_std": 0.522305,
        "nauc_ndcg_at_100_diff1": -0.615125,
        "nauc_ndcg_at_1000_max": 0.383404,
        "nauc_ndcg_at_1000_std": 0.640044,
        "nauc_ndcg_at_1000_diff1": -0.63619,
        "nauc_map_at_1_max": -0.137561,
        "nauc_map_at_1_std": -0.2154,
        "nauc_map_at_1_diff1": -0.287171,
        "nauc_map_at_3_max": -0.217928,
        "nauc_map_at_3_std": -0.277694,
        "nauc_map_at_3_diff1": 0.008612,
        "nauc_map_at_5_max": -0.148985,
        "nauc_map_at_5_std": -0.203072,
        "nauc_map_at_5_diff1": -0.092861,
        "nauc_map_at_10_max": -0.037304,
        "nauc_map_at_10_std": -0.111465,
        "nauc_map_at_10_diff1": -0.192864,
        "nauc_map_at_20_max": 0.056089,
        "nauc_map_at_20_std": -0.039269,
        "nauc_map_at_20_diff1": -0.277199,
        "nauc_map_at_100_max": 0.286695,
        "nauc_map_at_100_std": 0.346145,
        "nauc_map_at_100_diff1": -0.466989,
        "nauc_map_at_1000_max": 0.441995,
        "nauc_map_at_1000_std": 0.644423,
        "nauc_map_at_1000_diff1": -0.544728,
        "nauc_recall_at_1_max": -0.137561,
        "nauc_recall_at_1_std": -0.2154,
        "nauc_recall_at_1_diff1": -0.287171,
        "nauc_recall_at_3_max": -0.250511,
        "nauc_recall_at_3_std": -0.316835,
        "nauc_recall_at_3_diff1": 0.201624,
        "nauc_recall_at_5_max": -0.177299,
        "nauc_recall_at_5_std": -0.243869,
        "nauc_recall_at_5_diff1": 0.103785,
        "nauc_recall_at_10_max": -0.071726,
        "nauc_recall_at_10_std": -0.183249,
        "nauc_recall_at_10_diff1": -0.038912,
        "nauc_recall_at_20_max": -0.004914,
        "nauc_recall_at_20_std": -0.156773,
        "nauc_recall_at_20_diff1": -0.153938,
        "nauc_recall_at_100_max": 0.048662,
        "nauc_recall_at_100_std": 0.017711,
        "nauc_recall_at_100_diff1": -0.182151,
        "nauc_recall_at_1000_max": 0.567632,
        "nauc_recall_at_1000_std": 0.869187,
        "nauc_recall_at_1000_diff1": -0.900956,
        "nauc_precision_at_1_max": 0.134163,
        "nauc_precision_at_1_std": 0.592599,
        "nauc_precision_at_1_diff1": -0.799945,
        "nauc_precision_at_3_max": 0.188693,
        "nauc_precision_at_3_std": 0.436838,
        "nauc_precision_at_3_diff1": -0.693546,
        "nauc_precision_at_5_max": 0.237098,
        "nauc_precision_at_5_std": 0.527647,
        "nauc_precision_at_5_diff1": -0.624822,
        "nauc_precision_at_10_max": 0.348063,
        "nauc_precision_at_10_std": 0.527469,
        "nauc_precision_at_10_diff1": -0.576028,
        "nauc_precision_at_20_max": 0.382069,
        "nauc_precision_at_20_std": 0.541419,
        "nauc_precision_at_20_diff1": -0.551983,
        "nauc_precision_at_100_max": 0.326307,
        "nauc_precision_at_100_std": 0.562658,
        "nauc_precision_at_100_diff1": -0.402846,
        "nauc_precision_at_1000_max": 0.250202,
        "nauc_precision_at_1000_std": 0.439475,
        "nauc_precision_at_1000_diff1": -0.307757,
        "nauc_mrr_at_1_max": 0.134163,
        "nauc_mrr_at_1_std": 0.592599,
        "nauc_mrr_at_1_diff1": -0.799945,
        "nauc_mrr_at_3_max": 0.171392,
        "nauc_mrr_at_3_std": 0.615797,
        "nauc_mrr_at_3_diff1": -0.848584,
        "nauc_mrr_at_5_max": 0.142969,
        "nauc_mrr_at_5_std": 0.602618,
        "nauc_mrr_at_5_diff1": -0.817192,
        "nauc_mrr_at_10_max": 0.139428,
        "nauc_mrr_at_10_std": 0.59558,
        "nauc_mrr_at_10_diff1": -0.820507,
        "nauc_mrr_at_20_max": 0.133129,
        "nauc_mrr_at_20_std": 0.593661,
        "nauc_mrr_at_20_diff1": -0.815771,
        "nauc_mrr_at_100_max": 0.133129,
        "nauc_mrr_at_100_std": 0.593661,
        "nauc_mrr_at_100_diff1": -0.815771,
        "nauc_mrr_at_1000_max": 0.133129,
        "nauc_mrr_at_1000_std": 0.593661,
        "nauc_mrr_at_1000_diff1": -0.815771,
        "main_score": 0.55711,
        "hf_subset": "default",
        "languages": [
          "fas-Arab"
        ]
      }
    ]
  },
  "evaluation_time": 15.731339454650879,
  "kg_co2_emissions": null
}