{
  "dataset_revision": "cf7db7133d355e1ab152c8bd5cd25ecbd4114270",
  "task_name": "NQ-FaHardNegatives",
  "mteb_version": "1.38.33",
  "scores": {
    "test": [
      {
        "ndcg_at_1": 0.186,
        "ndcg_at_3": 0.26289,
        "ndcg_at_5": 0.30345,
        "ndcg_at_10": 0.33968,
        "ndcg_at_20": 0.36823,
        "ndcg_at_100": 0.40941,
        "ndcg_at_1000": 0.42255,
        "map_at_1": 0.163,
        "map_at_3": 0.23417,
        "map_at_5": 0.2576,
        "map_at_10": 0.27347,
        "map_at_20": 0.2822,
        "map_at_100": 0.28856,
        "map_at_1000": 0.28907,
        "recall_at_1": 0.163,
        "recall_at_3": 0.31983,
        "recall_at_5": 0.41417,
        "recall_at_10": 0.52033,
        "recall_at_20": 0.6255,
        "recall_at_100": 0.83567,
        "recall_at_1000": 0.93533,
        "precision_at_1": 0.186,
        "precision_at_3": 0.12333,
        "precision_at_5": 0.0966,
        "precision_at_10": 0.0613,
        "precision_at_20": 0.0374,
        "precision_at_100": 0.01011,
        "precision_at_1000": 0.00114,
        "mrr_at_1": 0.186,
        "mrr_at_3": 0.261167,
        "mrr_at_5": 0.283067,
        "mrr_at_10": 0.297652,
        "mrr_at_20": 0.304796,
        "mrr_at_100": 0.309745,
        "mrr_at_1000": 0.310143,
        "nauc_ndcg_at_1_max": 0.197992,
        "nauc_ndcg_at_1_std": 0.030231,
        "nauc_ndcg_at_1_diff1": 0.173005,
        "nauc_ndcg_at_3_max": 0.216381,
        "nauc_ndcg_at_3_std": 0.021303,
        "nauc_ndcg_at_3_diff1": 0.146919,
        "nauc_ndcg_at_5_max": 0.225358,
        "nauc_ndcg_at_5_std": 0.037512,
        "nauc_ndcg_at_5_diff1": 0.149695,
        "nauc_ndcg_at_10_max": 0.231266,
        "nauc_ndcg_at_10_std": 0.039195,
        "nauc_ndcg_at_10_diff1": 0.142001,
        "nauc_ndcg_at_20_max": 0.251619,
        "nauc_ndcg_at_20_std": 0.056802,
        "nauc_ndcg_at_20_diff1": 0.145816,
        "nauc_ndcg_at_100_max": 0.269446,
        "nauc_ndcg_at_100_std": 0.085853,
        "nauc_ndcg_at_100_diff1": 0.151807,
        "nauc_ndcg_at_1000_max": 0.262157,
        "nauc_ndcg_at_1000_std": 0.079256,
        "nauc_ndcg_at_1000_diff1": 0.149182,
        "nauc_map_at_1_max": 0.167151,
        "nauc_map_at_1_std": -0.00552,
        "nauc_map_at_1_diff1": 0.174533,
        "nauc_map_at_3_max": 0.201093,
        "nauc_map_at_3_std": 0.009787,
        "nauc_map_at_3_diff1": 0.153916,
        "nauc_map_at_5_max": 0.208204,
        "nauc_map_at_5_std": 0.020674,
        "nauc_map_at_5_diff1": 0.155428,
        "nauc_map_at_10_max": 0.211321,
        "nauc_map_at_10_std": 0.021307,
        "nauc_map_at_10_diff1": 0.154317,
        "nauc_map_at_20_max": 0.217812,
        "nauc_map_at_20_std": 0.027243,
        "nauc_map_at_20_diff1": 0.155904,
        "nauc_map_at_100_max": 0.221381,
        "nauc_map_at_100_std": 0.032003,
        "nauc_map_at_100_diff1": 0.157307,
        "nauc_map_at_1000_max": 0.221266,
        "nauc_map_at_1000_std": 0.031961,
        "nauc_map_at_1000_diff1": 0.157141,
        "nauc_recall_at_1_max": 0.167151,
        "nauc_recall_at_1_std": -0.00552,
        "nauc_recall_at_1_diff1": 0.174533,
        "nauc_recall_at_3_max": 0.222037,
        "nauc_recall_at_3_std": 0.023284,
        "nauc_recall_at_3_diff1": 0.124377,
        "nauc_recall_at_5_max": 0.236274,
        "nauc_recall_at_5_std": 0.054558,
        "nauc_recall_at_5_diff1": 0.126415,
        "nauc_recall_at_10_max": 0.246505,
        "nauc_recall_at_10_std": 0.057538,
        "nauc_recall_at_10_diff1": 0.094881,
        "nauc_recall_at_20_max": 0.325245,
        "nauc_recall_at_20_std": 0.122341,
        "nauc_recall_at_20_diff1": 0.105558,
        "nauc_recall_at_100_max": 0.531414,
        "nauc_recall_at_100_std": 0.412456,
        "nauc_recall_at_100_diff1": 0.118313,
        "nauc_recall_at_1000_max": 0.643145,
        "nauc_recall_at_1000_std": 0.61766,
        "nauc_recall_at_1000_diff1": 0.006719,
        "nauc_precision_at_1_max": 0.197992,
        "nauc_precision_at_1_std": 0.030231,
        "nauc_precision_at_1_diff1": 0.173005,
        "nauc_precision_at_3_max": 0.265112,
        "nauc_precision_at_3_std": 0.058842,
        "nauc_precision_at_3_diff1": 0.134001,
        "nauc_precision_at_5_max": 0.282352,
        "nauc_precision_at_5_std": 0.094929,
        "nauc_precision_at_5_diff1": 0.14193,
        "nauc_precision_at_10_max": 0.289391,
        "nauc_precision_at_10_std": 0.099709,
        "nauc_precision_at_10_diff1": 0.125061,
        "nauc_precision_at_20_max": 0.321315,
        "nauc_precision_at_20_std": 0.15226,
        "nauc_precision_at_20_diff1": 0.115231,
        "nauc_precision_at_100_max": 0.349627,
        "nauc_precision_at_100_std": 0.292892,
        "nauc_precision_at_100_diff1": 0.096069,
        "nauc_precision_at_1000_max": 0.263653,
        "nauc_precision_at_1000_std": 0.258431,
        "nauc_precision_at_1000_diff1": 0.047541,
        "nauc_mrr_at_1_max": 0.197992,
        "nauc_mrr_at_1_std": 0.030231,
        "nauc_mrr_at_1_diff1": 0.173005,
        "nauc_mrr_at_3_max": 0.229043,
        "nauc_mrr_at_3_std": 0.04196,
        "nauc_mrr_at_3_diff1": 0.153072,
        "nauc_mrr_at_5_max": 0.230382,
        "nauc_mrr_at_5_std": 0.048714,
        "nauc_mrr_at_5_diff1": 0.155389,
        "nauc_mrr_at_10_max": 0.232847,
        "nauc_mrr_at_10_std": 0.050259,
        "nauc_mrr_at_10_diff1": 0.151635,
        "nauc_mrr_at_20_max": 0.237711,
        "nauc_mrr_at_20_std": 0.053764,
        "nauc_mrr_at_20_diff1": 0.15225,
        "nauc_mrr_at_100_max": 0.239627,
        "nauc_mrr_at_100_std": 0.056963,
        "nauc_mrr_at_100_diff1": 0.153648,
        "nauc_mrr_at_1000_max": 0.239388,
        "nauc_mrr_at_1000_std": 0.056839,
        "nauc_mrr_at_1000_diff1": 0.153519,
        "main_score": 0.33968,
        "hf_subset": "default",
        "languages": [
          "fas-Arab"
        ]
      }
    ]
  },
  "evaluation_time": 524.114538192749,
  "kg_co2_emissions": null
}