{
  "dataset_revision": "f22eecc8ad7f25875a77b5e5e23d484b7cc74c59",
  "task_name": "MSMARCO-FaHardNegatives",
  "mteb_version": "1.38.33",
  "scores": {
    "test": [
      {
        "ndcg_at_1": 0.32558,
        "ndcg_at_3": 0.36317,
        "ndcg_at_5": 0.36228,
        "ndcg_at_10": 0.3552,
        "ndcg_at_20": 0.36454,
        "ndcg_at_100": 0.46176,
        "ndcg_at_1000": 0.60442,
        "map_at_1": 0.01078,
        "map_at_3": 0.02857,
        "map_at_5": 0.03747,
        "map_at_10": 0.058,
        "map_at_20": 0.08783,
        "map_at_100": 0.2364,
        "map_at_1000": 0.35379,
        "recall_at_1": 0.01078,
        "recall_at_3": 0.03077,
        "recall_at_5": 0.04344,
        "recall_at_10": 0.07553,
        "recall_at_20": 0.13754,
        "recall_at_100": 0.45366,
        "recall_at_1000": 0.82897,
        "precision_at_1": 0.51163,
        "precision_at_3": 0.51938,
        "precision_at_5": 0.50233,
        "precision_at_10": 0.47209,
        "precision_at_20": 0.45116,
        "precision_at_100": 0.35372,
        "precision_at_1000": 0.07947,
        "mrr_at_1": 0.511628,
        "mrr_at_3": 0.612403,
        "mrr_at_5": 0.637984,
        "mrr_at_10": 0.644444,
        "mrr_at_20": 0.64995,
        "mrr_at_100": 0.64995,
        "mrr_at_1000": 0.65015,
        "nauc_ndcg_at_1_max": 0.33881,
        "nauc_ndcg_at_1_std": 0.223322,
        "nauc_ndcg_at_1_diff1": 0.194731,
        "nauc_ndcg_at_3_max": 0.350614,
        "nauc_ndcg_at_3_std": 0.249817,
        "nauc_ndcg_at_3_diff1": 0.179833,
        "nauc_ndcg_at_5_max": 0.34897,
        "nauc_ndcg_at_5_std": 0.269323,
        "nauc_ndcg_at_5_diff1": 0.100711,
        "nauc_ndcg_at_10_max": 0.372476,
        "nauc_ndcg_at_10_std": 0.458936,
        "nauc_ndcg_at_10_diff1": 0.045211,
        "nauc_ndcg_at_20_max": 0.422105,
        "nauc_ndcg_at_20_std": 0.494482,
        "nauc_ndcg_at_20_diff1": 0.041069,
        "nauc_ndcg_at_100_max": 0.646583,
        "nauc_ndcg_at_100_std": 0.645122,
        "nauc_ndcg_at_100_diff1": 0.086545,
        "nauc_ndcg_at_1000_max": 0.611437,
        "nauc_ndcg_at_1000_std": 0.721204,
        "nauc_ndcg_at_1000_diff1": 0.000196,
        "nauc_map_at_1_max": 0.365342,
        "nauc_map_at_1_std": 0.09467,
        "nauc_map_at_1_diff1": 0.497493,
        "nauc_map_at_3_max": 0.361741,
        "nauc_map_at_3_std": 0.128221,
        "nauc_map_at_3_diff1": 0.444605,
        "nauc_map_at_5_max": 0.380057,
        "nauc_map_at_5_std": 0.212644,
        "nauc_map_at_5_diff1": 0.406881,
        "nauc_map_at_10_max": 0.368369,
        "nauc_map_at_10_std": 0.34383,
        "nauc_map_at_10_diff1": 0.32047,
        "nauc_map_at_20_max": 0.3999,
        "nauc_map_at_20_std": 0.434453,
        "nauc_map_at_20_diff1": 0.244789,
        "nauc_map_at_100_max": 0.597221,
        "nauc_map_at_100_std": 0.735234,
        "nauc_map_at_100_diff1": -0.01781,
        "nauc_map_at_1000_max": 0.560232,
        "nauc_map_at_1000_std": 0.677583,
        "nauc_map_at_1000_diff1": -0.012552,
        "nauc_recall_at_1_max": 0.365342,
        "nauc_recall_at_1_std": 0.09467,
        "nauc_recall_at_1_diff1": 0.497493,
        "nauc_recall_at_3_max": 0.352585,
        "nauc_recall_at_3_std": 0.101756,
        "nauc_recall_at_3_diff1": 0.431577,
        "nauc_recall_at_5_max": 0.363761,
        "nauc_recall_at_5_std": 0.209435,
        "nauc_recall_at_5_diff1": 0.399023,
        "nauc_recall_at_10_max": 0.356617,
        "nauc_recall_at_10_std": 0.335675,
        "nauc_recall_at_10_diff1": 0.323423,
        "nauc_recall_at_20_max": 0.358368,
        "nauc_recall_at_20_std": 0.320856,
        "nauc_recall_at_20_diff1": 0.273614,
        "nauc_recall_at_100_max": 0.519511,
        "nauc_recall_at_100_std": 0.59177,
        "nauc_recall_at_100_diff1": 0.081665,
        "nauc_recall_at_1000_max": 0.690329,
        "nauc_recall_at_1000_std": 0.88652,
        "nauc_recall_at_1000_diff1": 0.003527,
        "nauc_precision_at_1_max": 0.531642,
        "nauc_precision_at_1_std": 0.280013,
        "nauc_precision_at_1_diff1": 0.378815,
        "nauc_precision_at_3_max": 0.456808,
        "nauc_precision_at_3_std": 0.32694,
        "nauc_precision_at_3_diff1": 0.244412,
        "nauc_precision_at_5_max": 0.38787,
        "nauc_precision_at_5_std": 0.376951,
        "nauc_precision_at_5_diff1": 0.059035,
        "nauc_precision_at_10_max": 0.37219,
        "nauc_precision_at_10_std": 0.567192,
        "nauc_precision_at_10_diff1": -0.026907,
        "nauc_precision_at_20_max": 0.385533,
        "nauc_precision_at_20_std": 0.533209,
        "nauc_precision_at_20_diff1": -0.085413,
        "nauc_precision_at_100_max": 0.391628,
        "nauc_precision_at_100_std": 0.492481,
        "nauc_precision_at_100_diff1": -0.132325,
        "nauc_precision_at_1000_max": 0.274675,
        "nauc_precision_at_1000_std": 0.242695,
        "nauc_precision_at_1000_diff1": -0.02476,
        "nauc_mrr_at_1_max": 0.531642,
        "nauc_mrr_at_1_std": 0.280013,
        "nauc_mrr_at_1_diff1": 0.378815,
        "nauc_mrr_at_3_max": 0.521922,
        "nauc_mrr_at_3_std": 0.231875,
        "nauc_mrr_at_3_diff1": 0.294829,
        "nauc_mrr_at_5_max": 0.536254,
        "nauc_mrr_at_5_std": 0.263775,
        "nauc_mrr_at_5_diff1": 0.300125,
        "nauc_mrr_at_10_max": 0.54735,
        "nauc_mrr_at_10_std": 0.290891,
        "nauc_mrr_at_10_diff1": 0.300627,
        "nauc_mrr_at_20_max": 0.539923,
        "nauc_mrr_at_20_std": 0.28269,
        "nauc_mrr_at_20_diff1": 0.298806,
        "nauc_mrr_at_100_max": 0.539923,
        "nauc_mrr_at_100_std": 0.28269,
        "nauc_mrr_at_100_diff1": 0.298806,
        "nauc_mrr_at_1000_max": 0.539904,
        "nauc_mrr_at_1000_std": 0.28225,
        "nauc_mrr_at_1000_diff1": 0.2995,
        "main_score": 0.3552,
        "hf_subset": "default",
        "languages": [
          "fas-Arab"
        ]
      }
    ]
  },
  "evaluation_time": 30.410574197769165,
  "kg_co2_emissions": null
}