{
  "dataset_revision": "cf7db7133d355e1ab152c8bd5cd25ecbd4114270",
  "task_name": "NQ-FaHardNegatives",
  "mteb_version": "1.38.33",
  "scores": {
    "test": [
      {
        "ndcg_at_1": 0.063,
        "ndcg_at_3": 0.09078,
        "ndcg_at_5": 0.109,
        "ndcg_at_10": 0.13212,
        "ndcg_at_20": 0.15587,
        "ndcg_at_100": 0.20509,
        "ndcg_at_1000": 0.23569,
        "map_at_1": 0.0545,
        "map_at_3": 0.07978,
        "map_at_5": 0.08969,
        "map_at_10": 0.09931,
        "map_at_20": 0.10571,
        "map_at_100": 0.11283,
        "map_at_1000": 0.11402,
        "recall_at_1": 0.0545,
        "recall_at_3": 0.11183,
        "recall_at_5": 0.15492,
        "recall_at_10": 0.22275,
        "recall_at_20": 0.31333,
        "recall_at_100": 0.56675,
        "recall_at_1000": 0.79917,
        "precision_at_1": 0.063,
        "precision_at_3": 0.04333,
        "precision_at_5": 0.036,
        "precision_at_10": 0.0261,
        "precision_at_20": 0.01845,
        "precision_at_100": 0.0068,
        "precision_at_1000": 0.00097,
        "mrr_at_1": 0.063,
        "mrr_at_3": 0.090833,
        "mrr_at_5": 0.101583,
        "mrr_at_10": 0.111987,
        "mrr_at_20": 0.118889,
        "mrr_at_100": 0.125308,
        "mrr_at_1000": 0.126259,
        "nauc_ndcg_at_1_max": 0.061354,
        "nauc_ndcg_at_1_std": 0.049795,
        "nauc_ndcg_at_1_diff1": 0.12655,
        "nauc_ndcg_at_3_max": 0.076382,
        "nauc_ndcg_at_3_std": 0.067981,
        "nauc_ndcg_at_3_diff1": 0.101739,
        "nauc_ndcg_at_5_max": 0.076271,
        "nauc_ndcg_at_5_std": 0.060459,
        "nauc_ndcg_at_5_diff1": 0.10786,
        "nauc_ndcg_at_10_max": 0.095065,
        "nauc_ndcg_at_10_std": 0.059977,
        "nauc_ndcg_at_10_diff1": 0.106279,
        "nauc_ndcg_at_20_max": 0.110535,
        "nauc_ndcg_at_20_std": 0.092818,
        "nauc_ndcg_at_20_diff1": 0.081479,
        "nauc_ndcg_at_100_max": 0.150135,
        "nauc_ndcg_at_100_std": 0.164459,
        "nauc_ndcg_at_100_diff1": 0.091949,
        "nauc_ndcg_at_1000_max": 0.152886,
        "nauc_ndcg_at_1000_std": 0.163846,
        "nauc_ndcg_at_1000_diff1": 0.089446,
        "nauc_map_at_1_max": 0.043294,
        "nauc_map_at_1_std": 0.008707,
        "nauc_map_at_1_diff1": 0.138282,
        "nauc_map_at_3_max": 0.072795,
        "nauc_map_at_3_std": 0.052975,
        "nauc_map_at_3_diff1": 0.115457,
        "nauc_map_at_5_max": 0.072552,
        "nauc_map_at_5_std": 0.050248,
        "nauc_map_at_5_diff1": 0.118769,
        "nauc_map_at_10_max": 0.08189,
        "nauc_map_at_10_std": 0.049276,
        "nauc_map_at_10_diff1": 0.117509,
        "nauc_map_at_20_max": 0.088255,
        "nauc_map_at_20_std": 0.061498,
        "nauc_map_at_20_diff1": 0.108699,
        "nauc_map_at_100_max": 0.096519,
        "nauc_map_at_100_std": 0.075836,
        "nauc_map_at_100_diff1": 0.110239,
        "nauc_map_at_1000_max": 0.096543,
        "nauc_map_at_1000_std": 0.075822,
        "nauc_map_at_1000_diff1": 0.110171,
        "nauc_recall_at_1_max": 0.043294,
        "nauc_recall_at_1_std": 0.008707,
        "nauc_recall_at_1_diff1": 0.138282,
        "nauc_recall_at_3_max": 0.079357,
        "nauc_recall_at_3_std": 0.080353,
        "nauc_recall_at_3_diff1": 0.082993,
        "nauc_recall_at_5_max": 0.079328,
        "nauc_recall_at_5_std": 0.063054,
        "nauc_recall_at_5_diff1": 0.097793,
        "nauc_recall_at_10_max": 0.111376,
        "nauc_recall_at_10_std": 0.05986,
        "nauc_recall_at_10_diff1": 0.094276,
        "nauc_recall_at_20_max": 0.141696,
        "nauc_recall_at_20_std": 0.134011,
        "nauc_recall_at_20_diff1": 0.033632,
        "nauc_recall_at_100_max": 0.256745,
        "nauc_recall_at_100_std": 0.350966,
        "nauc_recall_at_100_diff1": 0.059699,
        "nauc_recall_at_1000_max": 0.361783,
        "nauc_recall_at_1000_std": 0.481626,
        "nauc_recall_at_1000_diff1": 0.02067,
        "nauc_precision_at_1_max": 0.061354,
        "nauc_precision_at_1_std": 0.049795,
        "nauc_precision_at_1_diff1": 0.12655,
        "nauc_precision_at_3_max": 0.08062,
        "nauc_precision_at_3_std": 0.099617,
        "nauc_precision_at_3_diff1": 0.073134,
        "nauc_precision_at_5_max": 0.078183,
        "nauc_precision_at_5_std": 0.082276,
        "nauc_precision_at_5_diff1": 0.089598,
        "nauc_precision_at_10_max": 0.114393,
        "nauc_precision_at_10_std": 0.085977,
        "nauc_precision_at_10_diff1": 0.079053,
        "nauc_precision_at_20_max": 0.144429,
        "nauc_precision_at_20_std": 0.149896,
        "nauc_precision_at_20_diff1": 0.034793,
        "nauc_precision_at_100_max": 0.240668,
        "nauc_precision_at_100_std": 0.329358,
        "nauc_precision_at_100_diff1": 0.056667,
        "nauc_precision_at_1000_max": 0.235055,
        "nauc_precision_at_1000_std": 0.307358,
        "nauc_precision_at_1000_diff1": 0.028928,
        "nauc_mrr_at_1_max": 0.061354,
        "nauc_mrr_at_1_std": 0.049795,
        "nauc_mrr_at_1_diff1": 0.12655,
        "nauc_mrr_at_3_max": 0.077661,
        "nauc_mrr_at_3_std": 0.078315,
        "nauc_mrr_at_3_diff1": 0.098517,
        "nauc_mrr_at_5_max": 0.077866,
        "nauc_mrr_at_5_std": 0.072227,
        "nauc_mrr_at_5_diff1": 0.101265,
        "nauc_mrr_at_10_max": 0.088874,
        "nauc_mrr_at_10_std": 0.072396,
        "nauc_mrr_at_10_diff1": 0.102573,
        "nauc_mrr_at_20_max": 0.093783,
        "nauc_mrr_at_20_std": 0.082666,
        "nauc_mrr_at_20_diff1": 0.095877,
        "nauc_mrr_at_100_max": 0.100554,
        "nauc_mrr_at_100_std": 0.094009,
        "nauc_mrr_at_100_diff1": 0.099617,
        "nauc_mrr_at_1000_max": 0.100232,
        "nauc_mrr_at_1000_std": 0.093655,
        "nauc_mrr_at_1000_diff1": 0.099455,
        "main_score": 0.13212,
        "hf_subset": "default",
        "languages": [
          "fas-Arab"
        ]
      }
    ]
  },
  "evaluation_time": 821.3505773544312,
  "kg_co2_emissions": null
}