{
  "dataset_revision": "c3262adb1c32ac0c3ea8de6393a44366edaa62e1",
  "task_name": "WebFAQRetrieval",
  "mteb_version": "1.38.33",
  "scores": {
    "test": [
      {
        "ndcg_at_1": 0.2489,
        "ndcg_at_3": 0.31741,
        "ndcg_at_5": 0.34137,
        "ndcg_at_10": 0.36709,
        "ndcg_at_20": 0.38503,
        "ndcg_at_100": 0.41422,
        "ndcg_at_1000": 0.4342,
        "map_at_1": 0.2489,
        "map_at_3": 0.30028,
        "map_at_5": 0.31359,
        "map_at_10": 0.32425,
        "map_at_20": 0.32923,
        "map_at_100": 0.33317,
        "map_at_1000": 0.33386,
        "recall_at_1": 0.2489,
        "recall_at_3": 0.3671,
        "recall_at_5": 0.4252,
        "recall_at_10": 0.5045,
        "recall_at_20": 0.5751,
        "recall_at_100": 0.7337,
        "recall_at_1000": 0.8946,
        "precision_at_1": 0.2489,
        "precision_at_3": 0.12237,
        "precision_at_5": 0.08504,
        "precision_at_10": 0.05045,
        "precision_at_20": 0.02876,
        "precision_at_100": 0.00734,
        "precision_at_1000": 0.00089,
        "mrr_at_1": 0.2488,
        "mrr_at_3": 0.300167,
        "mrr_at_5": 0.313477,
        "mrr_at_10": 0.324169,
        "mrr_at_20": 0.329117,
        "mrr_at_100": 0.333073,
        "mrr_at_1000": 0.333763,
        "nauc_ndcg_at_1_max": 0.300596,
        "nauc_ndcg_at_1_std": 0.037706,
        "nauc_ndcg_at_1_diff1": 0.456948,
        "nauc_ndcg_at_3_max": 0.273722,
        "nauc_ndcg_at_3_std": 0.044664,
        "nauc_ndcg_at_3_diff1": 0.383115,
        "nauc_ndcg_at_5_max": 0.266832,
        "nauc_ndcg_at_5_std": 0.048747,
        "nauc_ndcg_at_5_diff1": 0.36608,
        "nauc_ndcg_at_10_max": 0.264246,
        "nauc_ndcg_at_10_std": 0.055359,
        "nauc_ndcg_at_10_diff1": 0.355667,
        "nauc_ndcg_at_20_max": 0.266397,
        "nauc_ndcg_at_20_std": 0.060146,
        "nauc_ndcg_at_20_diff1": 0.354964,
        "nauc_ndcg_at_100_max": 0.267751,
        "nauc_ndcg_at_100_std": 0.067309,
        "nauc_ndcg_at_100_diff1": 0.353454,
        "nauc_ndcg_at_1000_max": 0.270853,
        "nauc_ndcg_at_1000_std": 0.067057,
        "nauc_ndcg_at_1000_diff1": 0.359093,
        "nauc_map_at_1_max": 0.300596,
        "nauc_map_at_1_std": 0.037706,
        "nauc_map_at_1_diff1": 0.456948,
        "nauc_map_at_3_max": 0.279331,
        "nauc_map_at_3_std": 0.042766,
        "nauc_map_at_3_diff1": 0.400011,
        "nauc_map_at_5_max": 0.275411,
        "nauc_map_at_5_std": 0.045119,
        "nauc_map_at_5_diff1": 0.390215,
        "nauc_map_at_10_max": 0.274419,
        "nauc_map_at_10_std": 0.04797,
        "nauc_map_at_10_diff1": 0.385936,
        "nauc_map_at_20_max": 0.275115,
        "nauc_map_at_20_std": 0.049333,
        "nauc_map_at_20_diff1": 0.385778,
        "nauc_map_at_100_max": 0.275357,
        "nauc_map_at_100_std": 0.050394,
        "nauc_map_at_100_diff1": 0.38568,
        "nauc_map_at_1000_max": 0.275469,
        "nauc_map_at_1000_std": 0.05039,
        "nauc_map_at_1000_diff1": 0.385876,
        "nauc_recall_at_1_max": 0.300596,
        "nauc_recall_at_1_std": 0.037706,
        "nauc_recall_at_1_diff1": 0.456948,
        "nauc_recall_at_3_max": 0.258707,
        "nauc_recall_at_3_std": 0.049932,
        "nauc_recall_at_3_diff1": 0.337254,
        "nauc_recall_at_5_max": 0.242942,
        "nauc_recall_at_5_std": 0.059168,
        "nauc_recall_at_5_diff1": 0.298724,
        "nauc_recall_at_10_max": 0.234135,
        "nauc_recall_at_10_std": 0.078828,
        "nauc_recall_at_10_diff1": 0.265513,
        "nauc_recall_at_20_max": 0.240115,
        "nauc_recall_at_20_std": 0.099387,
        "nauc_recall_at_20_diff1": 0.256551,
        "nauc_recall_at_100_max": 0.239822,
        "nauc_recall_at_100_std": 0.162599,
        "nauc_recall_at_100_diff1": 0.209973,
        "nauc_recall_at_1000_max": 0.278088,
        "nauc_recall_at_1000_std": 0.270994,
        "nauc_recall_at_1000_diff1": 0.169057,
        "nauc_precision_at_1_max": 0.300596,
        "nauc_precision_at_1_std": 0.037706,
        "nauc_precision_at_1_diff1": 0.456948,
        "nauc_precision_at_3_max": 0.258707,
        "nauc_precision_at_3_std": 0.049932,
        "nauc_precision_at_3_diff1": 0.337254,
        "nauc_precision_at_5_max": 0.242942,
        "nauc_precision_at_5_std": 0.059168,
        "nauc_precision_at_5_diff1": 0.298724,
        "nauc_precision_at_10_max": 0.234135,
        "nauc_precision_at_10_std": 0.078828,
        "nauc_precision_at_10_diff1": 0.265513,
        "nauc_precision_at_20_max": 0.240115,
        "nauc_precision_at_20_std": 0.099387,
        "nauc_precision_at_20_diff1": 0.256551,
        "nauc_precision_at_100_max": 0.239822,
        "nauc_precision_at_100_std": 0.162599,
        "nauc_precision_at_100_diff1": 0.209973,
        "nauc_precision_at_1000_max": 0.278088,
        "nauc_precision_at_1000_std": 0.270994,
        "nauc_precision_at_1000_diff1": 0.169057,
        "nauc_mrr_at_1_max": 0.3001,
        "nauc_mrr_at_1_std": 0.037349,
        "nauc_mrr_at_1_diff1": 0.457345,
        "nauc_mrr_at_3_max": 0.278988,
        "nauc_mrr_at_3_std": 0.042602,
        "nauc_mrr_at_3_diff1": 0.400308,
        "nauc_mrr_at_5_max": 0.275115,
        "nauc_mrr_at_5_std": 0.044864,
        "nauc_mrr_at_5_diff1": 0.390494,
        "nauc_mrr_at_10_max": 0.274145,
        "nauc_mrr_at_10_std": 0.047838,
        "nauc_mrr_at_10_diff1": 0.386181,
        "nauc_mrr_at_20_max": 0.274833,
        "nauc_mrr_at_20_std": 0.049106,
        "nauc_mrr_at_20_diff1": 0.386052,
        "nauc_mrr_at_100_max": 0.275097,
        "nauc_mrr_at_100_std": 0.0502,
        "nauc_mrr_at_100_diff1": 0.385946,
        "nauc_mrr_at_1000_max": 0.275208,
        "nauc_mrr_at_1000_std": 0.050195,
        "nauc_mrr_at_1000_diff1": 0.386142,
        "main_score": 0.36709,
        "hf_subset": "fas",
        "languages": [
          "fas-Arab"
        ]
      }
    ]
  },
  "evaluation_time": 484.0835964679718,
  "kg_co2_emissions": null
}