{
  "dataset_revision": "68a0ff474739367a36c8066ee04802a65aefc117",
  "task_name": "CExaPPC",
  "mteb_version": "1.34.14",
  "scores": {
    "test": [
      {
        "similarity_accuracy": 0.962826,
        "similarity_accuracy_threshold": 0.570559,
        "similarity_f1": 0.952633,
        "similarity_f1_threshold": 0.570559,
        "similarity_precision": 0.956785,
        "similarity_recall": 0.948516,
        "similarity_ap": 0.987382,
        "cosine_accuracy": 0.962826,
        "cosine_accuracy_threshold": 0.570559,
        "cosine_f1": 0.952633,
        "cosine_f1_threshold": 0.570559,
        "cosine_precision": 0.956785,
        "cosine_recall": 0.948516,
        "cosine_ap": 0.987382,
        "manhattan_accuracy": 0.960604,
        "manhattan_accuracy_threshold": 550.83783,
        "manhattan_f1": 0.949625,
        "manhattan_f1_threshold": 560.16687,
        "manhattan_precision": 0.946435,
        "manhattan_recall": 0.952837,
        "manhattan_ap": 0.986352,
        "euclidean_accuracy": 0.962826,
        "euclidean_accuracy_threshold": 25.58493,
        "euclidean_f1": 0.952633,
        "euclidean_f1_threshold": 25.58493,
        "euclidean_precision": 0.956785,
        "euclidean_recall": 0.948516,
        "euclidean_ap": 0.987382,
        "dot_accuracy": 0.962826,
        "dot_accuracy_threshold": 434.846497,
        "dot_f1": 0.952633,
        "dot_f1_threshold": 434.846497,
        "dot_precision": 0.956785,
        "dot_recall": 0.948516,
        "dot_ap": 0.987382,
        "max_accuracy": 0.962826,
        "max_f1": 0.952633,
        "max_precision": 0.956785,
        "max_recall": 0.952837,
        "max_ap": 0.987382,
        "main_score": 0.987382,
        "hf_subset": "default",
        "languages": [
          "fas-Arab"
        ]
      }
    ]
  },
  "evaluation_time": 11.41997241973877,
  "kg_co2_emissions": null
}