{
  "dataset_revision": "45d9176b6fcba33abc58494ee82f18ee7e8ddbae",
  "task_name": "ClimateFEVER-Fa",
  "mteb_version": "1.34.14",
  "scores": {
    "test": [
      {
        "ndcg_at_1": 0.10293,
        "ndcg_at_3": 0.09161,
        "ndcg_at_5": 0.10215,
        "ndcg_at_10": 0.11703,
        "ndcg_at_20": 0.13297,
        "ndcg_at_100": 0.16345,
        "ndcg_at_1000": 0.19663,
        "map_at_1": 0.04871,
        "map_at_3": 0.06592,
        "map_at_5": 0.07274,
        "map_at_10": 0.07859,
        "map_at_20": 0.08292,
        "map_at_100": 0.08721,
        "map_at_1000": 0.08852,
        "recall_at_1": 0.04871,
        "recall_at_3": 0.08725,
        "recall_at_5": 0.11205,
        "recall_at_10": 0.14635,
        "recall_at_20": 0.19352,
        "recall_at_100": 0.31504,
        "recall_at_1000": 0.50879,
        "precision_at_1": 0.10293,
        "precision_at_3": 0.06515,
        "precision_at_5": 0.05355,
        "precision_at_10": 0.03616,
        "precision_at_20": 0.02456,
        "precision_at_100": 0.00848,
        "precision_at_1000": 0.00145,
        "mrr_at_1": 0.102932,
        "mrr_at_3": 0.140499,
        "mrr_at_5": 0.153659,
        "mrr_at_10": 0.162698,
        "mrr_at_20": 0.168291,
        "mrr_at_100": 0.173038,
        "mrr_at_1000": 0.173918,
        "nauc_ndcg_at_1_max": 0.360534,
        "nauc_ndcg_at_1_std": 0.185496,
        "nauc_ndcg_at_1_diff1": 0.272679,
        "nauc_ndcg_at_3_max": 0.319859,
        "nauc_ndcg_at_3_std": 0.166677,
        "nauc_ndcg_at_3_diff1": 0.210756,
        "nauc_ndcg_at_5_max": 0.319929,
        "nauc_ndcg_at_5_std": 0.172974,
        "nauc_ndcg_at_5_diff1": 0.193245,
        "nauc_ndcg_at_10_max": 0.321032,
        "nauc_ndcg_at_10_std": 0.176878,
        "nauc_ndcg_at_10_diff1": 0.180015,
        "nauc_ndcg_at_20_max": 0.317109,
        "nauc_ndcg_at_20_std": 0.183988,
        "nauc_ndcg_at_20_diff1": 0.175497,
        "nauc_ndcg_at_100_max": 0.320747,
        "nauc_ndcg_at_100_std": 0.221299,
        "nauc_ndcg_at_100_diff1": 0.173993,
        "nauc_ndcg_at_1000_max": 0.315789,
        "nauc_ndcg_at_1000_std": 0.246219,
        "nauc_ndcg_at_1000_diff1": 0.175919,
        "nauc_map_at_1_max": 0.324383,
        "nauc_map_at_1_std": 0.151383,
        "nauc_map_at_1_diff1": 0.237223,
        "nauc_map_at_3_max": 0.311568,
        "nauc_map_at_3_std": 0.142487,
        "nauc_map_at_3_diff1": 0.212348,
        "nauc_map_at_5_max": 0.316432,
        "nauc_map_at_5_std": 0.15407,
        "nauc_map_at_5_diff1": 0.201216,
        "nauc_map_at_10_max": 0.317292,
        "nauc_map_at_10_std": 0.157355,
        "nauc_map_at_10_diff1": 0.192546,
        "nauc_map_at_20_max": 0.316437,
        "nauc_map_at_20_std": 0.160938,
        "nauc_map_at_20_diff1": 0.190547,
        "nauc_map_at_100_max": 0.318509,
        "nauc_map_at_100_std": 0.17109,
        "nauc_map_at_100_diff1": 0.189754,
        "nauc_map_at_1000_max": 0.318411,
        "nauc_map_at_1000_std": 0.173127,
        "nauc_map_at_1000_diff1": 0.190112,
        "nauc_recall_at_1_max": 0.324383,
        "nauc_recall_at_1_std": 0.151383,
        "nauc_recall_at_1_diff1": 0.237223,
        "nauc_recall_at_3_max": 0.295728,
        "nauc_recall_at_3_std": 0.141461,
        "nauc_recall_at_3_diff1": 0.182545,
        "nauc_recall_at_5_max": 0.291442,
        "nauc_recall_at_5_std": 0.161281,
        "nauc_recall_at_5_diff1": 0.148086,
        "nauc_recall_at_10_max": 0.283972,
        "nauc_recall_at_10_std": 0.164168,
        "nauc_recall_at_10_diff1": 0.122687,
        "nauc_recall_at_20_max": 0.256779,
        "nauc_recall_at_20_std": 0.168351,
        "nauc_recall_at_20_diff1": 0.112428,
        "nauc_recall_at_100_max": 0.248617,
        "nauc_recall_at_100_std": 0.242112,
        "nauc_recall_at_100_diff1": 0.107979,
        "nauc_recall_at_1000_max": 0.208062,
        "nauc_recall_at_1000_std": 0.302667,
        "nauc_recall_at_1000_diff1": 0.103139,
        "nauc_precision_at_1_max": 0.360534,
        "nauc_precision_at_1_std": 0.185496,
        "nauc_precision_at_1_diff1": 0.272679,
        "nauc_precision_at_3_max": 0.31979,
        "nauc_precision_at_3_std": 0.185671,
        "nauc_precision_at_3_diff1": 0.196626,
        "nauc_precision_at_5_max": 0.329414,
        "nauc_precision_at_5_std": 0.217428,
        "nauc_precision_at_5_diff1": 0.160957,
        "nauc_precision_at_10_max": 0.336332,
        "nauc_precision_at_10_std": 0.218129,
        "nauc_precision_at_10_diff1": 0.140688,
        "nauc_precision_at_20_max": 0.308619,
        "nauc_precision_at_20_std": 0.218697,
        "nauc_precision_at_20_diff1": 0.126338,
        "nauc_precision_at_100_max": 0.270712,
        "nauc_precision_at_100_std": 0.2902,
        "nauc_precision_at_100_diff1": 0.102899,
        "nauc_precision_at_1000_max": 0.189398,
        "nauc_precision_at_1000_std": 0.325662,
        "nauc_precision_at_1000_diff1": 0.068561,
        "nauc_mrr_at_1_max": 0.360534,
        "nauc_mrr_at_1_std": 0.185496,
        "nauc_mrr_at_1_diff1": 0.272679,
        "nauc_mrr_at_3_max": 0.339984,
        "nauc_mrr_at_3_std": 0.188023,
        "nauc_mrr_at_3_diff1": 0.235725,
        "nauc_mrr_at_5_max": 0.337326,
        "nauc_mrr_at_5_std": 0.19582,
        "nauc_mrr_at_5_diff1": 0.222675,
        "nauc_mrr_at_10_max": 0.336904,
        "nauc_mrr_at_10_std": 0.195418,
        "nauc_mrr_at_10_diff1": 0.217901,
        "nauc_mrr_at_20_max": 0.33563,
        "nauc_mrr_at_20_std": 0.197276,
        "nauc_mrr_at_20_diff1": 0.21569,
        "nauc_mrr_at_100_max": 0.336082,
        "nauc_mrr_at_100_std": 0.200768,
        "nauc_mrr_at_100_diff1": 0.216191,
        "nauc_mrr_at_1000_max": 0.335911,
        "nauc_mrr_at_1000_std": 0.200829,
        "nauc_mrr_at_1000_diff1": 0.21644,
        "main_score": 0.11703,
        "hf_subset": "default",
        "languages": [
          "fas-Arab"
        ]
      }
    ]
  },
  "evaluation_time": 10745.054868221283,
  "kg_co2_emissions": null
}