{
  "dataset_revision": "e9c7ad03f29a55ab14eae730146961b8cdc14227",
  "task_name": "CQADupstackGamingRetrieval-Fa",
  "mteb_version": "1.34.14",
  "scores": {
    "test": [
      {
        "ndcg_at_1": 0.15235,
        "ndcg_at_3": 0.19784,
        "ndcg_at_5": 0.21748,
        "ndcg_at_10": 0.23683,
        "ndcg_at_20": 0.25417,
        "ndcg_at_100": 0.28248,
        "ndcg_at_1000": 0.3108,
        "map_at_1": 0.13235,
        "map_at_3": 0.17717,
        "map_at_5": 0.18829,
        "map_at_10": 0.19679,
        "map_at_20": 0.20192,
        "map_at_100": 0.20595,
        "map_at_1000": 0.20702,
        "recall_at_1": 0.13235,
        "recall_at_3": 0.23066,
        "recall_at_5": 0.27848,
        "recall_at_10": 0.33682,
        "recall_at_20": 0.40198,
        "recall_at_100": 0.54515,
        "recall_at_1000": 0.75549,
        "precision_at_1": 0.15235,
        "precision_at_3": 0.09112,
        "precision_at_5": 0.06721,
        "precision_at_10": 0.04132,
        "precision_at_20": 0.0253,
        "precision_at_100": 0.0071,
        "precision_at_1000": 0.00104,
        "mrr_at_1": 0.152351,
        "mrr_at_3": 0.198328,
        "mrr_at_5": 0.210836,
        "mrr_at_10": 0.21933,
        "mrr_at_20": 0.224142,
        "mrr_at_100": 0.227875,
        "mrr_at_1000": 0.228709,
        "nauc_ndcg_at_1_max": 0.15574,
        "nauc_ndcg_at_1_std": -0.068548,
        "nauc_ndcg_at_1_diff1": 0.390535,
        "nauc_ndcg_at_3_max": 0.141557,
        "nauc_ndcg_at_3_std": -0.061841,
        "nauc_ndcg_at_3_diff1": 0.300181,
        "nauc_ndcg_at_5_max": 0.140233,
        "nauc_ndcg_at_5_std": -0.044873,
        "nauc_ndcg_at_5_diff1": 0.2814,
        "nauc_ndcg_at_10_max": 0.138322,
        "nauc_ndcg_at_10_std": -0.03403,
        "nauc_ndcg_at_10_diff1": 0.280169,
        "nauc_ndcg_at_20_max": 0.128433,
        "nauc_ndcg_at_20_std": -0.028171,
        "nauc_ndcg_at_20_diff1": 0.271458,
        "nauc_ndcg_at_100_max": 0.136121,
        "nauc_ndcg_at_100_std": -0.00344,
        "nauc_ndcg_at_100_diff1": 0.264133,
        "nauc_ndcg_at_1000_max": 0.142436,
        "nauc_ndcg_at_1000_std": -0.000276,
        "nauc_ndcg_at_1000_diff1": 0.268678,
        "nauc_map_at_1_max": 0.140876,
        "nauc_map_at_1_std": -0.087015,
        "nauc_map_at_1_diff1": 0.391761,
        "nauc_map_at_3_max": 0.137281,
        "nauc_map_at_3_std": -0.075588,
        "nauc_map_at_3_diff1": 0.317402,
        "nauc_map_at_5_max": 0.137105,
        "nauc_map_at_5_std": -0.063978,
        "nauc_map_at_5_diff1": 0.305837,
        "nauc_map_at_10_max": 0.137292,
        "nauc_map_at_10_std": -0.05836,
        "nauc_map_at_10_diff1": 0.305114,
        "nauc_map_at_20_max": 0.13394,
        "nauc_map_at_20_std": -0.05519,
        "nauc_map_at_20_diff1": 0.301954,
        "nauc_map_at_100_max": 0.134862,
        "nauc_map_at_100_std": -0.051054,
        "nauc_map_at_100_diff1": 0.300105,
        "nauc_map_at_1000_max": 0.135536,
        "nauc_map_at_1000_std": -0.050663,
        "nauc_map_at_1000_diff1": 0.300367,
        "nauc_recall_at_1_max": 0.140876,
        "nauc_recall_at_1_std": -0.087015,
        "nauc_recall_at_1_diff1": 0.391761,
        "nauc_recall_at_3_max": 0.125959,
        "nauc_recall_at_3_std": -0.062256,
        "nauc_recall_at_3_diff1": 0.251426,
        "nauc_recall_at_5_max": 0.125687,
        "nauc_recall_at_5_std": -0.028793,
        "nauc_recall_at_5_diff1": 0.21953,
        "nauc_recall_at_10_max": 0.121258,
        "nauc_recall_at_10_std": -0.000462,
        "nauc_recall_at_10_diff1": 0.215078,
        "nauc_recall_at_20_max": 0.096256,
        "nauc_recall_at_20_std": 0.018725,
        "nauc_recall_at_20_diff1": 0.189675,
        "nauc_recall_at_100_max": 0.121222,
        "nauc_recall_at_100_std": 0.124952,
        "nauc_recall_at_100_diff1": 0.152887,
        "nauc_recall_at_1000_max": 0.135027,
        "nauc_recall_at_1000_std": 0.201256,
        "nauc_recall_at_1000_diff1": 0.14341,
        "nauc_precision_at_1_max": 0.15574,
        "nauc_precision_at_1_std": -0.068548,
        "nauc_precision_at_1_diff1": 0.390535,
        "nauc_precision_at_3_max": 0.146172,
        "nauc_precision_at_3_std": -0.027131,
        "nauc_precision_at_3_diff1": 0.251876,
        "nauc_precision_at_5_max": 0.157728,
        "nauc_precision_at_5_std": 0.02561,
        "nauc_precision_at_5_diff1": 0.211522,
        "nauc_precision_at_10_max": 0.167419,
        "nauc_precision_at_10_std": 0.074735,
        "nauc_precision_at_10_diff1": 0.208735,
        "nauc_precision_at_20_max": 0.138795,
        "nauc_precision_at_20_std": 0.104733,
        "nauc_precision_at_20_diff1": 0.164661,
        "nauc_precision_at_100_max": 0.204835,
        "nauc_precision_at_100_std": 0.225669,
        "nauc_precision_at_100_diff1": 0.112188,
        "nauc_precision_at_1000_max": 0.258373,
        "nauc_precision_at_1000_std": 0.258782,
        "nauc_precision_at_1000_diff1": 0.068037,
        "nauc_mrr_at_1_max": 0.15574,
        "nauc_mrr_at_1_std": -0.068548,
        "nauc_mrr_at_1_diff1": 0.390535,
        "nauc_mrr_at_3_max": 0.150101,
        "nauc_mrr_at_3_std": -0.056003,
        "nauc_mrr_at_3_diff1": 0.322231,
        "nauc_mrr_at_5_max": 0.150339,
        "nauc_mrr_at_5_std": -0.044328,
        "nauc_mrr_at_5_diff1": 0.309596,
        "nauc_mrr_at_10_max": 0.149571,
        "nauc_mrr_at_10_std": -0.038652,
        "nauc_mrr_at_10_diff1": 0.306833,
        "nauc_mrr_at_20_max": 0.147583,
        "nauc_mrr_at_20_std": -0.037183,
        "nauc_mrr_at_20_diff1": 0.304991,
        "nauc_mrr_at_100_max": 0.147889,
        "nauc_mrr_at_100_std": -0.034985,
        "nauc_mrr_at_100_diff1": 0.303767,
        "nauc_mrr_at_1000_max": 0.147975,
        "nauc_mrr_at_1000_std": -0.035045,
        "nauc_mrr_at_1000_diff1": 0.303881,
        "main_score": 0.23683,
        "hf_subset": "default",
        "languages": [
          "fas-Arab"
        ]
      }
    ]
  },
  "evaluation_time": 94.58857798576355,
  "kg_co2_emissions": null
}