{
  "dataset_revision": "860d152c86fda27229270b6bf4e832ff374ac01b",
  "task_name": "CQADupstackTexRetrieval-Fa",
  "mteb_version": "1.34.14",
  "scores": {
    "test": [
      {
        "ndcg_at_1": 0.06676,
        "ndcg_at_3": 0.0845,
        "ndcg_at_5": 0.09391,
        "ndcg_at_10": 0.10412,
        "ndcg_at_20": 0.11424,
        "ndcg_at_100": 0.13511,
        "ndcg_at_1000": 0.1635,
        "map_at_1": 0.05669,
        "map_at_3": 0.07425,
        "map_at_5": 0.07996,
        "map_at_10": 0.08434,
        "map_at_20": 0.08713,
        "map_at_100": 0.08984,
        "map_at_1000": 0.09074,
        "recall_at_1": 0.05669,
        "recall_at_3": 0.09588,
        "recall_at_5": 0.11978,
        "recall_at_10": 0.1503,
        "recall_at_20": 0.18806,
        "recall_at_100": 0.29572,
        "recall_at_1000": 0.50995,
        "precision_at_1": 0.06676,
        "precision_at_3": 0.04003,
        "precision_at_5": 0.03028,
        "precision_at_10": 0.01934,
        "precision_at_20": 0.01237,
        "precision_at_100": 0.00405,
        "precision_at_1000": 0.00076,
        "mrr_at_1": 0.066758,
        "mrr_at_3": 0.088094,
        "mrr_at_5": 0.094357,
        "mrr_at_10": 0.098998,
        "mrr_at_20": 0.10223,
        "mrr_at_100": 0.105242,
        "mrr_at_1000": 0.106088,
        "nauc_ndcg_at_1_max": 0.043507,
        "nauc_ndcg_at_1_std": -0.07522,
        "nauc_ndcg_at_1_diff1": 0.338543,
        "nauc_ndcg_at_3_max": 0.048012,
        "nauc_ndcg_at_3_std": -0.052515,
        "nauc_ndcg_at_3_diff1": 0.230874,
        "nauc_ndcg_at_5_max": 0.044161,
        "nauc_ndcg_at_5_std": -0.04263,
        "nauc_ndcg_at_5_diff1": 0.216768,
        "nauc_ndcg_at_10_max": 0.045601,
        "nauc_ndcg_at_10_std": -0.02103,
        "nauc_ndcg_at_10_diff1": 0.203768,
        "nauc_ndcg_at_20_max": 0.046537,
        "nauc_ndcg_at_20_std": 0.001814,
        "nauc_ndcg_at_20_diff1": 0.197958,
        "nauc_ndcg_at_100_max": 0.048624,
        "nauc_ndcg_at_100_std": 0.021015,
        "nauc_ndcg_at_100_diff1": 0.184376,
        "nauc_ndcg_at_1000_max": 0.055436,
        "nauc_ndcg_at_1000_std": 0.035928,
        "nauc_ndcg_at_1000_diff1": 0.185563,
        "nauc_map_at_1_max": 0.055843,
        "nauc_map_at_1_std": -0.075819,
        "nauc_map_at_1_diff1": 0.34859,
        "nauc_map_at_3_max": 0.054923,
        "nauc_map_at_3_std": -0.059391,
        "nauc_map_at_3_diff1": 0.259187,
        "nauc_map_at_5_max": 0.051972,
        "nauc_map_at_5_std": -0.052257,
        "nauc_map_at_5_diff1": 0.249134,
        "nauc_map_at_10_max": 0.051298,
        "nauc_map_at_10_std": -0.041864,
        "nauc_map_at_10_diff1": 0.240377,
        "nauc_map_at_20_max": 0.0508,
        "nauc_map_at_20_std": -0.033889,
        "nauc_map_at_20_diff1": 0.237147,
        "nauc_map_at_100_max": 0.051398,
        "nauc_map_at_100_std": -0.030124,
        "nauc_map_at_100_diff1": 0.234486,
        "nauc_map_at_1000_max": 0.05166,
        "nauc_map_at_1000_std": -0.029348,
        "nauc_map_at_1000_diff1": 0.234469,
        "nauc_recall_at_1_max": 0.055843,
        "nauc_recall_at_1_std": -0.075819,
        "nauc_recall_at_1_diff1": 0.34859,
        "nauc_recall_at_3_max": 0.048143,
        "nauc_recall_at_3_std": -0.04607,
        "nauc_recall_at_3_diff1": 0.180935,
        "nauc_recall_at_5_max": 0.04014,
        "nauc_recall_at_5_std": -0.025023,
        "nauc_recall_at_5_diff1": 0.157296,
        "nauc_recall_at_10_max": 0.045435,
        "nauc_recall_at_10_std": 0.019245,
        "nauc_recall_at_10_diff1": 0.135887,
        "nauc_recall_at_20_max": 0.044233,
        "nauc_recall_at_20_std": 0.070202,
        "nauc_recall_at_20_diff1": 0.12768,
        "nauc_recall_at_100_max": 0.046018,
        "nauc_recall_at_100_std": 0.110716,
        "nauc_recall_at_100_diff1": 0.094835,
        "nauc_recall_at_1000_max": 0.070781,
        "nauc_recall_at_1000_std": 0.163311,
        "nauc_recall_at_1000_diff1": 0.092639,
        "nauc_precision_at_1_max": 0.043507,
        "nauc_precision_at_1_std": -0.07522,
        "nauc_precision_at_1_diff1": 0.338543,
        "nauc_precision_at_3_max": 0.040049,
        "nauc_precision_at_3_std": -0.029004,
        "nauc_precision_at_3_diff1": 0.183523,
        "nauc_precision_at_5_max": 0.030288,
        "nauc_precision_at_5_std": -0.013446,
        "nauc_precision_at_5_diff1": 0.159269,
        "nauc_precision_at_10_max": 0.028012,
        "nauc_precision_at_10_std": 0.034598,
        "nauc_precision_at_10_diff1": 0.138876,
        "nauc_precision_at_20_max": 0.03989,
        "nauc_precision_at_20_std": 0.084335,
        "nauc_precision_at_20_diff1": 0.139581,
        "nauc_precision_at_100_max": 0.040941,
        "nauc_precision_at_100_std": 0.133074,
        "nauc_precision_at_100_diff1": 0.109218,
        "nauc_precision_at_1000_max": 0.069729,
        "nauc_precision_at_1000_std": 0.176621,
        "nauc_precision_at_1000_diff1": 0.110233,
        "nauc_mrr_at_1_max": 0.043507,
        "nauc_mrr_at_1_std": -0.07522,
        "nauc_mrr_at_1_diff1": 0.338543,
        "nauc_mrr_at_3_max": 0.04409,
        "nauc_mrr_at_3_std": -0.051044,
        "nauc_mrr_at_3_diff1": 0.24784,
        "nauc_mrr_at_5_max": 0.040207,
        "nauc_mrr_at_5_std": -0.04612,
        "nauc_mrr_at_5_diff1": 0.237123,
        "nauc_mrr_at_10_max": 0.039754,
        "nauc_mrr_at_10_std": -0.037374,
        "nauc_mrr_at_10_diff1": 0.231462,
        "nauc_mrr_at_20_max": 0.041425,
        "nauc_mrr_at_20_std": -0.030386,
        "nauc_mrr_at_20_diff1": 0.2297,
        "nauc_mrr_at_100_max": 0.042048,
        "nauc_mrr_at_100_std": -0.027171,
        "nauc_mrr_at_100_diff1": 0.227073,
        "nauc_mrr_at_1000_max": 0.042092,
        "nauc_mrr_at_1000_std": -0.026819,
        "nauc_mrr_at_1000_diff1": 0.227036,
        "main_score": 0.10412,
        "hf_subset": "default",
        "languages": [
          "fas-Arab"
        ]
      }
    ]
  },
  "evaluation_time": 307.00303053855896,
  "kg_co2_emissions": null
}