{
  "dataset_revision": "e907c4144dc27bc8a035d78d69e15f39c56623a9",
  "task_name": "CQADupstackGisRetrieval-Fa",
  "mteb_version": "1.34.14",
  "scores": {
    "test": [
      {
        "ndcg_at_1": 0.0904,
        "ndcg_at_3": 0.12086,
        "ndcg_at_5": 0.13154,
        "ndcg_at_10": 0.14248,
        "ndcg_at_20": 0.15701,
        "ndcg_at_100": 0.18292,
        "ndcg_at_1000": 0.218,
        "map_at_1": 0.08738,
        "map_at_3": 0.11077,
        "map_at_5": 0.11696,
        "map_at_10": 0.12142,
        "map_at_20": 0.12542,
        "map_at_100": 0.12889,
        "map_at_1000": 0.13006,
        "recall_at_1": 0.08738,
        "recall_at_3": 0.14122,
        "recall_at_5": 0.16636,
        "recall_at_10": 0.19931,
        "recall_at_20": 0.25475,
        "recall_at_100": 0.39191,
        "recall_at_1000": 0.66688,
        "precision_at_1": 0.0904,
        "precision_at_3": 0.05235,
        "precision_at_5": 0.03751,
        "precision_at_10": 0.02271,
        "precision_at_20": 0.01469,
        "precision_at_100": 0.00455,
        "precision_at_1000": 0.00079,
        "mrr_at_1": 0.090395,
        "mrr_at_3": 0.118456,
        "mrr_at_5": 0.124501,
        "mrr_at_10": 0.129408,
        "mrr_at_20": 0.133554,
        "mrr_at_100": 0.137007,
        "mrr_at_1000": 0.138117,
        "nauc_ndcg_at_1_max": 0.202145,
        "nauc_ndcg_at_1_std": -0.049732,
        "nauc_ndcg_at_1_diff1": 0.487415,
        "nauc_ndcg_at_3_max": 0.174003,
        "nauc_ndcg_at_3_std": -0.049776,
        "nauc_ndcg_at_3_diff1": 0.395534,
        "nauc_ndcg_at_5_max": 0.159075,
        "nauc_ndcg_at_5_std": -0.037846,
        "nauc_ndcg_at_5_diff1": 0.370347,
        "nauc_ndcg_at_10_max": 0.156746,
        "nauc_ndcg_at_10_std": -0.034056,
        "nauc_ndcg_at_10_diff1": 0.348793,
        "nauc_ndcg_at_20_max": 0.152931,
        "nauc_ndcg_at_20_std": -0.028886,
        "nauc_ndcg_at_20_diff1": 0.32818,
        "nauc_ndcg_at_100_max": 0.143583,
        "nauc_ndcg_at_100_std": -0.012081,
        "nauc_ndcg_at_100_diff1": 0.308634,
        "nauc_ndcg_at_1000_max": 0.147743,
        "nauc_ndcg_at_1000_std": 0.004867,
        "nauc_ndcg_at_1000_diff1": 0.304411,
        "nauc_map_at_1_max": 0.21808,
        "nauc_map_at_1_std": -0.055352,
        "nauc_map_at_1_diff1": 0.493394,
        "nauc_map_at_3_max": 0.186286,
        "nauc_map_at_3_std": -0.051094,
        "nauc_map_at_3_diff1": 0.418339,
        "nauc_map_at_5_max": 0.177219,
        "nauc_map_at_5_std": -0.044478,
        "nauc_map_at_5_diff1": 0.401614,
        "nauc_map_at_10_max": 0.176163,
        "nauc_map_at_10_std": -0.041805,
        "nauc_map_at_10_diff1": 0.391295,
        "nauc_map_at_20_max": 0.173784,
        "nauc_map_at_20_std": -0.040869,
        "nauc_map_at_20_diff1": 0.383251,
        "nauc_map_at_100_max": 0.171965,
        "nauc_map_at_100_std": -0.038583,
        "nauc_map_at_100_diff1": 0.379581,
        "nauc_map_at_1000_max": 0.172084,
        "nauc_map_at_1000_std": -0.037514,
        "nauc_map_at_1000_diff1": 0.379701,
        "nauc_recall_at_1_max": 0.21808,
        "nauc_recall_at_1_std": -0.055352,
        "nauc_recall_at_1_diff1": 0.493394,
        "nauc_recall_at_3_max": 0.154465,
        "nauc_recall_at_3_std": -0.052495,
        "nauc_recall_at_3_diff1": 0.350842,
        "nauc_recall_at_5_max": 0.128596,
        "nauc_recall_at_5_std": -0.028722,
        "nauc_recall_at_5_diff1": 0.307278,
        "nauc_recall_at_10_max": 0.128567,
        "nauc_recall_at_10_std": -0.02141,
        "nauc_recall_at_10_diff1": 0.26338,
        "nauc_recall_at_20_max": 0.125045,
        "nauc_recall_at_20_std": -0.007522,
        "nauc_recall_at_20_diff1": 0.215149,
        "nauc_recall_at_100_max": 0.093433,
        "nauc_recall_at_100_std": 0.053026,
        "nauc_recall_at_100_diff1": 0.152308,
        "nauc_recall_at_1000_max": 0.109098,
        "nauc_recall_at_1000_std": 0.157409,
        "nauc_recall_at_1000_diff1": 0.065609,
        "nauc_precision_at_1_max": 0.202145,
        "nauc_precision_at_1_std": -0.049732,
        "nauc_precision_at_1_diff1": 0.487415,
        "nauc_precision_at_3_max": 0.140492,
        "nauc_precision_at_3_std": -0.04377,
        "nauc_precision_at_3_diff1": 0.342775,
        "nauc_precision_at_5_max": 0.108517,
        "nauc_precision_at_5_std": -0.023589,
        "nauc_precision_at_5_diff1": 0.290704,
        "nauc_precision_at_10_max": 0.102251,
        "nauc_precision_at_10_std": -0.02457,
        "nauc_precision_at_10_diff1": 0.241079,
        "nauc_precision_at_20_max": 0.085494,
        "nauc_precision_at_20_std": -0.010566,
        "nauc_precision_at_20_diff1": 0.195725,
        "nauc_precision_at_100_max": 0.050416,
        "nauc_precision_at_100_std": 0.040506,
        "nauc_precision_at_100_diff1": 0.146063,
        "nauc_precision_at_1000_max": 0.027198,
        "nauc_precision_at_1000_std": 0.127737,
        "nauc_precision_at_1000_diff1": 0.073662,
        "nauc_mrr_at_1_max": 0.202145,
        "nauc_mrr_at_1_std": -0.049732,
        "nauc_mrr_at_1_diff1": 0.487415,
        "nauc_mrr_at_3_max": 0.170547,
        "nauc_mrr_at_3_std": -0.041279,
        "nauc_mrr_at_3_diff1": 0.406497,
        "nauc_mrr_at_5_max": 0.162073,
        "nauc_mrr_at_5_std": -0.034507,
        "nauc_mrr_at_5_diff1": 0.39141,
        "nauc_mrr_at_10_max": 0.158948,
        "nauc_mrr_at_10_std": -0.034019,
        "nauc_mrr_at_10_diff1": 0.37979,
        "nauc_mrr_at_20_max": 0.157547,
        "nauc_mrr_at_20_std": -0.031203,
        "nauc_mrr_at_20_diff1": 0.372703,
        "nauc_mrr_at_100_max": 0.15686,
        "nauc_mrr_at_100_std": -0.029174,
        "nauc_mrr_at_100_diff1": 0.370037,
        "nauc_mrr_at_1000_max": 0.156988,
        "nauc_mrr_at_1000_std": -0.028362,
        "nauc_mrr_at_1000_diff1": 0.370054,
        "main_score": 0.14248,
        "hf_subset": "default",
        "languages": [
          "fas-Arab"
        ]
      }
    ]
  },
  "evaluation_time": 142.35434341430664,
  "kg_co2_emissions": null
}