{
  "dataset_revision": "bcdaf4e30477eea9b9b17ecbb153ca403e5c3ebd",
  "task_name": "CQADupstackAndroidRetrieval-Fa",
  "mteb_version": "1.34.14",
  "scores": {
    "test": [
      {
        "ndcg_at_1": 0.14163,
        "ndcg_at_3": 0.17417,
        "ndcg_at_5": 0.1874,
        "ndcg_at_10": 0.20796,
        "ndcg_at_20": 0.22343,
        "ndcg_at_100": 0.25581,
        "ndcg_at_1000": 0.29295,
        "map_at_1": 0.12064,
        "map_at_3": 0.15317,
        "map_at_5": 0.16194,
        "map_at_10": 0.1714,
        "map_at_20": 0.17602,
        "map_at_100": 0.18078,
        "map_at_1000": 0.1822,
        "recall_at_1": 0.12064,
        "recall_at_3": 0.19353,
        "recall_at_5": 0.2278,
        "recall_at_10": 0.28586,
        "recall_at_20": 0.34299,
        "recall_at_100": 0.50141,
        "recall_at_1000": 0.76685,
        "precision_at_1": 0.14163,
        "precision_at_3": 0.08202,
        "precision_at_5": 0.06094,
        "precision_at_10": 0.04063,
        "precision_at_20": 0.02539,
        "precision_at_100": 0.00814,
        "precision_at_1000": 0.00142,
        "mrr_at_1": 0.141631,
        "mrr_at_3": 0.181211,
        "mrr_at_5": 0.192299,
        "mrr_at_10": 0.202157,
        "mrr_at_20": 0.206252,
        "mrr_at_100": 0.210302,
        "mrr_at_1000": 0.211272,
        "nauc_ndcg_at_1_max": 0.080701,
        "nauc_ndcg_at_1_std": -0.040258,
        "nauc_ndcg_at_1_diff1": 0.260231,
        "nauc_ndcg_at_3_max": 0.050947,
        "nauc_ndcg_at_3_std": 0.004082,
        "nauc_ndcg_at_3_diff1": 0.175017,
        "nauc_ndcg_at_5_max": 0.049418,
        "nauc_ndcg_at_5_std": 0.00401,
        "nauc_ndcg_at_5_diff1": 0.176419,
        "nauc_ndcg_at_10_max": 0.046492,
        "nauc_ndcg_at_10_std": 0.03411,
        "nauc_ndcg_at_10_diff1": 0.156213,
        "nauc_ndcg_at_20_max": 0.037288,
        "nauc_ndcg_at_20_std": 0.040235,
        "nauc_ndcg_at_20_diff1": 0.151917,
        "nauc_ndcg_at_100_max": 0.028203,
        "nauc_ndcg_at_100_std": 0.05174,
        "nauc_ndcg_at_100_diff1": 0.149407,
        "nauc_ndcg_at_1000_max": 0.034554,
        "nauc_ndcg_at_1000_std": 0.057929,
        "nauc_ndcg_at_1000_diff1": 0.154887,
        "nauc_map_at_1_max": 0.057395,
        "nauc_map_at_1_std": -0.034127,
        "nauc_map_at_1_diff1": 0.253776,
        "nauc_map_at_3_max": 0.041708,
        "nauc_map_at_3_std": -0.008407,
        "nauc_map_at_3_diff1": 0.194228,
        "nauc_map_at_5_max": 0.043497,
        "nauc_map_at_5_std": -0.006638,
        "nauc_map_at_5_diff1": 0.195204,
        "nauc_map_at_10_max": 0.046826,
        "nauc_map_at_10_std": 0.009284,
        "nauc_map_at_10_diff1": 0.185481,
        "nauc_map_at_20_max": 0.045333,
        "nauc_map_at_20_std": 0.013127,
        "nauc_map_at_20_diff1": 0.183663,
        "nauc_map_at_100_max": 0.044869,
        "nauc_map_at_100_std": 0.014814,
        "nauc_map_at_100_diff1": 0.183215,
        "nauc_map_at_1000_max": 0.045283,
        "nauc_map_at_1000_std": 0.015406,
        "nauc_map_at_1000_diff1": 0.183366,
        "nauc_recall_at_1_max": 0.057395,
        "nauc_recall_at_1_std": -0.034127,
        "nauc_recall_at_1_diff1": 0.253776,
        "nauc_recall_at_3_max": 0.025646,
        "nauc_recall_at_3_std": 0.008647,
        "nauc_recall_at_3_diff1": 0.136472,
        "nauc_recall_at_5_max": 0.029211,
        "nauc_recall_at_5_std": 0.01358,
        "nauc_recall_at_5_diff1": 0.136396,
        "nauc_recall_at_10_max": 0.025467,
        "nauc_recall_at_10_std": 0.084602,
        "nauc_recall_at_10_diff1": 0.092967,
        "nauc_recall_at_20_max": -0.002872,
        "nauc_recall_at_20_std": 0.094248,
        "nauc_recall_at_20_diff1": 0.083025,
        "nauc_recall_at_100_max": -0.039148,
        "nauc_recall_at_100_std": 0.139138,
        "nauc_recall_at_100_diff1": 0.065664,
        "nauc_recall_at_1000_max": -0.008997,
        "nauc_recall_at_1000_std": 0.237869,
        "nauc_recall_at_1000_diff1": 0.052258,
        "nauc_precision_at_1_max": 0.080701,
        "nauc_precision_at_1_std": -0.040258,
        "nauc_precision_at_1_diff1": 0.260231,
        "nauc_precision_at_3_max": 0.076455,
        "nauc_precision_at_3_std": 0.038319,
        "nauc_precision_at_3_diff1": 0.128639,
        "nauc_precision_at_5_max": 0.084759,
        "nauc_precision_at_5_std": 0.027949,
        "nauc_precision_at_5_diff1": 0.128234,
        "nauc_precision_at_10_max": 0.087616,
        "nauc_precision_at_10_std": 0.108776,
        "nauc_precision_at_10_diff1": 0.065463,
        "nauc_precision_at_20_max": 0.0736,
        "nauc_precision_at_20_std": 0.124053,
        "nauc_precision_at_20_diff1": 0.049394,
        "nauc_precision_at_100_max": 0.01631,
        "nauc_precision_at_100_std": 0.131366,
        "nauc_precision_at_100_diff1": -0.000671,
        "nauc_precision_at_1000_max": -0.024452,
        "nauc_precision_at_1000_std": 0.071768,
        "nauc_precision_at_1000_diff1": -0.038517,
        "nauc_mrr_at_1_max": 0.080701,
        "nauc_mrr_at_1_std": -0.040258,
        "nauc_mrr_at_1_diff1": 0.260231,
        "nauc_mrr_at_3_max": 0.070792,
        "nauc_mrr_at_3_std": 0.002677,
        "nauc_mrr_at_3_diff1": 0.189395,
        "nauc_mrr_at_5_max": 0.068183,
        "nauc_mrr_at_5_std": 0.003179,
        "nauc_mrr_at_5_diff1": 0.189644,
        "nauc_mrr_at_10_max": 0.062612,
        "nauc_mrr_at_10_std": 0.016472,
        "nauc_mrr_at_10_diff1": 0.177037,
        "nauc_mrr_at_20_max": 0.058924,
        "nauc_mrr_at_20_std": 0.016655,
        "nauc_mrr_at_20_diff1": 0.174861,
        "nauc_mrr_at_100_max": 0.056504,
        "nauc_mrr_at_100_std": 0.017268,
        "nauc_mrr_at_100_diff1": 0.175307,
        "nauc_mrr_at_1000_max": 0.056642,
        "nauc_mrr_at_1000_std": 0.017202,
        "nauc_mrr_at_1000_diff1": 0.175484,
        "main_score": 0.20796,
        "hf_subset": "default",
        "languages": [
          "fas-Arab"
        ]
      }
    ]
  },
  "evaluation_time": 59.631683588027954,
  "kg_co2_emissions": null
}