{
  "dataset_revision": "029a2e69e7d9e68b6bdc471073606104417a5be7",
  "task_name": "CQADupstackEnglishRetrieval-Fa",
  "mteb_version": "1.34.14",
  "scores": {
    "test": [
      {
        "ndcg_at_1": 0.12293,
        "ndcg_at_3": 0.14641,
        "ndcg_at_5": 0.15738,
        "ndcg_at_10": 0.16883,
        "ndcg_at_20": 0.18082,
        "ndcg_at_100": 0.20582,
        "ndcg_at_1000": 0.23446,
        "map_at_1": 0.10003,
        "map_at_3": 0.12875,
        "map_at_5": 0.13555,
        "map_at_10": 0.14071,
        "map_at_20": 0.14428,
        "map_at_100": 0.14786,
        "map_at_1000": 0.14889,
        "recall_at_1": 0.10003,
        "recall_at_3": 0.16279,
        "recall_at_5": 0.19135,
        "recall_at_10": 0.22652,
        "recall_at_20": 0.26985,
        "recall_at_100": 0.39172,
        "recall_at_1000": 0.59416,
        "precision_at_1": 0.12293,
        "precision_at_3": 0.06964,
        "precision_at_5": 0.05083,
        "precision_at_10": 0.03121,
        "precision_at_20": 0.01978,
        "precision_at_100": 0.0064,
        "precision_at_1000": 0.00112,
        "mrr_at_1": 0.12293,
        "mrr_at_3": 0.153715,
        "mrr_at_5": 0.162537,
        "mrr_at_10": 0.168622,
        "mrr_at_20": 0.172302,
        "mrr_at_100": 0.175815,
        "mrr_at_1000": 0.176567,
        "nauc_ndcg_at_1_max": 0.166741,
        "nauc_ndcg_at_1_std": 0.060463,
        "nauc_ndcg_at_1_diff1": 0.470297,
        "nauc_ndcg_at_3_max": 0.118375,
        "nauc_ndcg_at_3_std": 0.053897,
        "nauc_ndcg_at_3_diff1": 0.356234,
        "nauc_ndcg_at_5_max": 0.106119,
        "nauc_ndcg_at_5_std": 0.057648,
        "nauc_ndcg_at_5_diff1": 0.335858,
        "nauc_ndcg_at_10_max": 0.107598,
        "nauc_ndcg_at_10_std": 0.066125,
        "nauc_ndcg_at_10_diff1": 0.32251,
        "nauc_ndcg_at_20_max": 0.10266,
        "nauc_ndcg_at_20_std": 0.072171,
        "nauc_ndcg_at_20_diff1": 0.317346,
        "nauc_ndcg_at_100_max": 0.097967,
        "nauc_ndcg_at_100_std": 0.087561,
        "nauc_ndcg_at_100_diff1": 0.307082,
        "nauc_ndcg_at_1000_max": 0.103393,
        "nauc_ndcg_at_1000_std": 0.1024,
        "nauc_ndcg_at_1000_diff1": 0.31144,
        "nauc_map_at_1_max": 0.140768,
        "nauc_map_at_1_std": 0.031232,
        "nauc_map_at_1_diff1": 0.455114,
        "nauc_map_at_3_max": 0.118548,
        "nauc_map_at_3_std": 0.041496,
        "nauc_map_at_3_diff1": 0.377967,
        "nauc_map_at_5_max": 0.110851,
        "nauc_map_at_5_std": 0.044671,
        "nauc_map_at_5_diff1": 0.365226,
        "nauc_map_at_10_max": 0.112807,
        "nauc_map_at_10_std": 0.050677,
        "nauc_map_at_10_diff1": 0.358182,
        "nauc_map_at_20_max": 0.111947,
        "nauc_map_at_20_std": 0.05331,
        "nauc_map_at_20_diff1": 0.356211,
        "nauc_map_at_100_max": 0.110555,
        "nauc_map_at_100_std": 0.056812,
        "nauc_map_at_100_diff1": 0.354824,
        "nauc_map_at_1000_max": 0.110931,
        "nauc_map_at_1000_std": 0.058073,
        "nauc_map_at_1000_diff1": 0.355191,
        "nauc_recall_at_1_max": 0.140768,
        "nauc_recall_at_1_std": 0.031232,
        "nauc_recall_at_1_diff1": 0.455114,
        "nauc_recall_at_3_max": 0.103842,
        "nauc_recall_at_3_std": 0.044205,
        "nauc_recall_at_3_diff1": 0.305413,
        "nauc_recall_at_5_max": 0.078063,
        "nauc_recall_at_5_std": 0.05265,
        "nauc_recall_at_5_diff1": 0.266974,
        "nauc_recall_at_10_max": 0.078778,
        "nauc_recall_at_10_std": 0.075319,
        "nauc_recall_at_10_diff1": 0.232194,
        "nauc_recall_at_20_max": 0.063243,
        "nauc_recall_at_20_std": 0.086971,
        "nauc_recall_at_20_diff1": 0.219944,
        "nauc_recall_at_100_max": 0.043329,
        "nauc_recall_at_100_std": 0.125874,
        "nauc_recall_at_100_diff1": 0.173657,
        "nauc_recall_at_1000_max": 0.051257,
        "nauc_recall_at_1000_std": 0.191893,
        "nauc_recall_at_1000_diff1": 0.163174,
        "nauc_precision_at_1_max": 0.166741,
        "nauc_precision_at_1_std": 0.060463,
        "nauc_precision_at_1_diff1": 0.470297,
        "nauc_precision_at_3_max": 0.108323,
        "nauc_precision_at_3_std": 0.083744,
        "nauc_precision_at_3_diff1": 0.307623,
        "nauc_precision_at_5_max": 0.092568,
        "nauc_precision_at_5_std": 0.12296,
        "nauc_precision_at_5_diff1": 0.267606,
        "nauc_precision_at_10_max": 0.104223,
        "nauc_precision_at_10_std": 0.144599,
        "nauc_precision_at_10_diff1": 0.228621,
        "nauc_precision_at_20_max": 0.09278,
        "nauc_precision_at_20_std": 0.178314,
        "nauc_precision_at_20_diff1": 0.214401,
        "nauc_precision_at_100_max": 0.063547,
        "nauc_precision_at_100_std": 0.249304,
        "nauc_precision_at_100_diff1": 0.155286,
        "nauc_precision_at_1000_max": 0.056367,
        "nauc_precision_at_1000_std": 0.272395,
        "nauc_precision_at_1000_diff1": 0.080851,
        "nauc_mrr_at_1_max": 0.166741,
        "nauc_mrr_at_1_std": 0.060463,
        "nauc_mrr_at_1_diff1": 0.470297,
        "nauc_mrr_at_3_max": 0.137195,
        "nauc_mrr_at_3_std": 0.061738,
        "nauc_mrr_at_3_diff1": 0.382246,
        "nauc_mrr_at_5_max": 0.131985,
        "nauc_mrr_at_5_std": 0.070834,
        "nauc_mrr_at_5_diff1": 0.369132,
        "nauc_mrr_at_10_max": 0.1312,
        "nauc_mrr_at_10_std": 0.074,
        "nauc_mrr_at_10_diff1": 0.363411,
        "nauc_mrr_at_20_max": 0.129375,
        "nauc_mrr_at_20_std": 0.075747,
        "nauc_mrr_at_20_diff1": 0.361319,
        "nauc_mrr_at_100_max": 0.128562,
        "nauc_mrr_at_100_std": 0.077046,
        "nauc_mrr_at_100_diff1": 0.359627,
        "nauc_mrr_at_1000_max": 0.128745,
        "nauc_mrr_at_1000_std": 0.077189,
        "nauc_mrr_at_1000_diff1": 0.359964,
        "main_score": 0.16883,
        "hf_subset": "default",
        "languages": [
          "fas-Arab"
        ]
      }
    ]
  },
  "evaluation_time": 81.10019493103027,
  "kg_co2_emissions": null
}