{
  "dataset_revision": "7f755e88647b4023df52da04d4e3d31a7de5fcb0",
  "task_name": "CQADupstackWordpressRetrieval-Fa",
  "mteb_version": "1.34.14",
  "scores": {
    "test": [
      {
        "ndcg_at_1": 0.09057,
        "ndcg_at_3": 0.10364,
        "ndcg_at_5": 0.11314,
        "ndcg_at_10": 0.12219,
        "ndcg_at_20": 0.13312,
        "ndcg_at_100": 0.16253,
        "ndcg_at_1000": 0.1927,
        "map_at_1": 0.0793,
        "map_at_3": 0.0943,
        "map_at_5": 0.09996,
        "map_at_10": 0.10399,
        "map_at_20": 0.10703,
        "map_at_100": 0.11109,
        "map_at_1000": 0.11214,
        "recall_at_1": 0.0793,
        "recall_at_3": 0.11362,
        "recall_at_5": 0.13771,
        "recall_at_10": 0.16389,
        "recall_at_20": 0.20518,
        "recall_at_100": 0.36004,
        "recall_at_1000": 0.59218,
        "precision_at_1": 0.09057,
        "precision_at_3": 0.04498,
        "precision_at_5": 0.0329,
        "precision_at_10": 0.01959,
        "precision_at_20": 0.01238,
        "precision_at_100": 0.00433,
        "precision_at_1000": 0.00076,
        "mrr_at_1": 0.090573,
        "mrr_at_3": 0.109057,
        "mrr_at_5": 0.115527,
        "mrr_at_10": 0.119535,
        "mrr_at_20": 0.122452,
        "mrr_at_100": 0.126375,
        "mrr_at_1000": 0.127348,
        "nauc_ndcg_at_1_max": 0.01001,
        "nauc_ndcg_at_1_std": -0.007936,
        "nauc_ndcg_at_1_diff1": 0.244056,
        "nauc_ndcg_at_3_max": -0.02308,
        "nauc_ndcg_at_3_std": 0.001104,
        "nauc_ndcg_at_3_diff1": 0.174213,
        "nauc_ndcg_at_5_max": -0.037951,
        "nauc_ndcg_at_5_std": 0.008028,
        "nauc_ndcg_at_5_diff1": 0.155242,
        "nauc_ndcg_at_10_max": -0.062797,
        "nauc_ndcg_at_10_std": -0.009606,
        "nauc_ndcg_at_10_diff1": 0.148741,
        "nauc_ndcg_at_20_max": -0.079741,
        "nauc_ndcg_at_20_std": -0.008078,
        "nauc_ndcg_at_20_diff1": 0.138619,
        "nauc_ndcg_at_100_max": -0.059593,
        "nauc_ndcg_at_100_std": 0.00943,
        "nauc_ndcg_at_100_diff1": 0.128226,
        "nauc_ndcg_at_1000_max": -0.051623,
        "nauc_ndcg_at_1000_std": 0.033707,
        "nauc_ndcg_at_1000_diff1": 0.124377,
        "nauc_map_at_1_max": -0.016482,
        "nauc_map_at_1_std": -0.013387,
        "nauc_map_at_1_diff1": 0.246873,
        "nauc_map_at_3_max": -0.032072,
        "nauc_map_at_3_std": -0.007286,
        "nauc_map_at_3_diff1": 0.18943,
        "nauc_map_at_5_max": -0.038177,
        "nauc_map_at_5_std": 0.000292,
        "nauc_map_at_5_diff1": 0.176192,
        "nauc_map_at_10_max": -0.049917,
        "nauc_map_at_10_std": -0.00791,
        "nauc_map_at_10_diff1": 0.173403,
        "nauc_map_at_20_max": -0.055713,
        "nauc_map_at_20_std": -0.007231,
        "nauc_map_at_20_diff1": 0.16869,
        "nauc_map_at_100_max": -0.052956,
        "nauc_map_at_100_std": -0.004249,
        "nauc_map_at_100_diff1": 0.165698,
        "nauc_map_at_1000_max": -0.052337,
        "nauc_map_at_1000_std": -0.003527,
        "nauc_map_at_1000_diff1": 0.165464,
        "nauc_recall_at_1_max": -0.016482,
        "nauc_recall_at_1_std": -0.013387,
        "nauc_recall_at_1_diff1": 0.246873,
        "nauc_recall_at_3_max": -0.040069,
        "nauc_recall_at_3_std": -0.010418,
        "nauc_recall_at_3_diff1": 0.14327,
        "nauc_recall_at_5_max": -0.057365,
        "nauc_recall_at_5_std": 0.010731,
        "nauc_recall_at_5_diff1": 0.106004,
        "nauc_recall_at_10_max": -0.111254,
        "nauc_recall_at_10_std": -0.028547,
        "nauc_recall_at_10_diff1": 0.097021,
        "nauc_recall_at_20_max": -0.150953,
        "nauc_recall_at_20_std": -0.025959,
        "nauc_recall_at_20_diff1": 0.07432,
        "nauc_recall_at_100_max": -0.075146,
        "nauc_recall_at_100_std": 0.036031,
        "nauc_recall_at_100_diff1": 0.056038,
        "nauc_recall_at_1000_max": -0.052705,
        "nauc_recall_at_1000_std": 0.174064,
        "nauc_recall_at_1000_diff1": 0.021079,
        "nauc_precision_at_1_max": 0.01001,
        "nauc_precision_at_1_std": -0.007936,
        "nauc_precision_at_1_diff1": 0.244056,
        "nauc_precision_at_3_max": 0.002262,
        "nauc_precision_at_3_std": 0.029333,
        "nauc_precision_at_3_diff1": 0.135699,
        "nauc_precision_at_5_max": -0.021922,
        "nauc_precision_at_5_std": 0.055479,
        "nauc_precision_at_5_diff1": 0.104554,
        "nauc_precision_at_10_max": -0.074132,
        "nauc_precision_at_10_std": 0.011848,
        "nauc_precision_at_10_diff1": 0.100398,
        "nauc_precision_at_20_max": -0.108797,
        "nauc_precision_at_20_std": 0.022119,
        "nauc_precision_at_20_diff1": 0.083674,
        "nauc_precision_at_100_max": -0.024309,
        "nauc_precision_at_100_std": 0.073331,
        "nauc_precision_at_100_diff1": 0.067243,
        "nauc_precision_at_1000_max": 0.06679,
        "nauc_precision_at_1000_std": 0.176018,
        "nauc_precision_at_1000_diff1": 0.076714,
        "nauc_mrr_at_1_max": 0.01001,
        "nauc_mrr_at_1_std": -0.007936,
        "nauc_mrr_at_1_diff1": 0.244056,
        "nauc_mrr_at_3_max": -0.002741,
        "nauc_mrr_at_3_std": 0.005945,
        "nauc_mrr_at_3_diff1": 0.187346,
        "nauc_mrr_at_5_max": -0.010774,
        "nauc_mrr_at_5_std": 0.013302,
        "nauc_mrr_at_5_diff1": 0.17476,
        "nauc_mrr_at_10_max": -0.022669,
        "nauc_mrr_at_10_std": 0.004282,
        "nauc_mrr_at_10_diff1": 0.168748,
        "nauc_mrr_at_20_max": -0.027608,
        "nauc_mrr_at_20_std": 0.005394,
        "nauc_mrr_at_20_diff1": 0.166304,
        "nauc_mrr_at_100_max": -0.024274,
        "nauc_mrr_at_100_std": 0.006694,
        "nauc_mrr_at_100_diff1": 0.164198,
        "nauc_mrr_at_1000_max": -0.024048,
        "nauc_mrr_at_1000_std": 0.00729,
        "nauc_mrr_at_1000_diff1": 0.164156,
        "main_score": 0.12219,
        "hf_subset": "default",
        "languages": [
          "fas-Arab"
        ]
      }
    ]
  },
  "evaluation_time": 201.6202359199524,
  "kg_co2_emissions": null
}