{
  "dataset_revision": "13529e6e301e9d72f86def882cfbca04791d83f9",
  "task_name": "DBPedia-Fa",
  "mteb_version": "1.34.14",
  "scores": {
    "test": [
      {
        "ndcg_at_1": 0.2325,
        "ndcg_at_3": 0.22345,
        "ndcg_at_5": 0.2053,
        "ndcg_at_10": 0.19074,
        "ndcg_at_20": 0.18502,
        "ndcg_at_100": 0.21592,
        "ndcg_at_1000": 0.27964,
        "map_at_1": 0.02873,
        "map_at_3": 0.05075,
        "map_at_5": 0.05802,
        "map_at_10": 0.06827,
        "map_at_20": 0.07779,
        "map_at_100": 0.09441,
        "map_at_1000": 0.10242,
        "recall_at_1": 0.02873,
        "recall_at_3": 0.0673,
        "recall_at_5": 0.08312,
        "recall_at_10": 0.11216,
        "recall_at_20": 0.15118,
        "recall_at_100": 0.26622,
        "recall_at_1000": 0.4789,
        "precision_at_1": 0.295,
        "precision_at_3": 0.25667,
        "precision_at_5": 0.2115,
        "precision_at_10": 0.1625,
        "precision_at_20": 0.119,
        "precision_at_100": 0.0513,
        "precision_at_1000": 0.01231,
        "mrr_at_1": 0.295,
        "mrr_at_3": 0.387917,
        "mrr_at_5": 0.401542,
        "mrr_at_10": 0.410671,
        "mrr_at_20": 0.414797,
        "mrr_at_100": 0.418674,
        "mrr_at_1000": 0.419008,
        "nauc_ndcg_at_1_max": 0.211807,
        "nauc_ndcg_at_1_std": 0.15294,
        "nauc_ndcg_at_1_diff1": 0.204112,
        "nauc_ndcg_at_3_max": 0.246022,
        "nauc_ndcg_at_3_std": 0.176325,
        "nauc_ndcg_at_3_diff1": 0.15329,
        "nauc_ndcg_at_5_max": 0.266986,
        "nauc_ndcg_at_5_std": 0.196864,
        "nauc_ndcg_at_5_diff1": 0.136522,
        "nauc_ndcg_at_10_max": 0.277492,
        "nauc_ndcg_at_10_std": 0.185623,
        "nauc_ndcg_at_10_diff1": 0.129252,
        "nauc_ndcg_at_20_max": 0.23389,
        "nauc_ndcg_at_20_std": 0.167524,
        "nauc_ndcg_at_20_diff1": 0.120465,
        "nauc_ndcg_at_100_max": 0.224692,
        "nauc_ndcg_at_100_std": 0.174315,
        "nauc_ndcg_at_100_diff1": 0.107494,
        "nauc_ndcg_at_1000_max": 0.2527,
        "nauc_ndcg_at_1000_std": 0.249383,
        "nauc_ndcg_at_1000_diff1": 0.099459,
        "nauc_map_at_1_max": 0.064304,
        "nauc_map_at_1_std": -0.107797,
        "nauc_map_at_1_diff1": 0.203879,
        "nauc_map_at_3_max": 0.076852,
        "nauc_map_at_3_std": -0.081433,
        "nauc_map_at_3_diff1": 0.167043,
        "nauc_map_at_5_max": 0.101654,
        "nauc_map_at_5_std": -0.04556,
        "nauc_map_at_5_diff1": 0.17312,
        "nauc_map_at_10_max": 0.147572,
        "nauc_map_at_10_std": 0.003358,
        "nauc_map_at_10_diff1": 0.165952,
        "nauc_map_at_20_max": 0.157911,
        "nauc_map_at_20_std": 0.044424,
        "nauc_map_at_20_diff1": 0.146004,
        "nauc_map_at_100_max": 0.191142,
        "nauc_map_at_100_std": 0.125774,
        "nauc_map_at_100_diff1": 0.1179,
        "nauc_map_at_1000_max": 0.196071,
        "nauc_map_at_1000_std": 0.153834,
        "nauc_map_at_1000_diff1": 0.107529,
        "nauc_recall_at_1_max": 0.064304,
        "nauc_recall_at_1_std": -0.107797,
        "nauc_recall_at_1_diff1": 0.203879,
        "nauc_recall_at_3_max": 0.023505,
        "nauc_recall_at_3_std": -0.107696,
        "nauc_recall_at_3_diff1": 0.080383,
        "nauc_recall_at_5_max": 0.027451,
        "nauc_recall_at_5_std": -0.085016,
        "nauc_recall_at_5_diff1": 0.084778,
        "nauc_recall_at_10_max": 0.070522,
        "nauc_recall_at_10_std": -0.032869,
        "nauc_recall_at_10_diff1": 0.085736,
        "nauc_recall_at_20_max": 0.045476,
        "nauc_recall_at_20_std": 0.014894,
        "nauc_recall_at_20_diff1": 0.018688,
        "nauc_recall_at_100_max": 0.076582,
        "nauc_recall_at_100_std": 0.089309,
        "nauc_recall_at_100_diff1": 0.002247,
        "nauc_recall_at_1000_max": 0.122193,
        "nauc_recall_at_1000_std": 0.220196,
        "nauc_recall_at_1000_diff1": 0.029701,
        "nauc_precision_at_1_max": 0.220645,
        "nauc_precision_at_1_std": 0.182266,
        "nauc_precision_at_1_diff1": 0.208449,
        "nauc_precision_at_3_max": 0.239701,
        "nauc_precision_at_3_std": 0.248164,
        "nauc_precision_at_3_diff1": 0.130336,
        "nauc_precision_at_5_max": 0.291231,
        "nauc_precision_at_5_std": 0.30679,
        "nauc_precision_at_5_diff1": 0.099699,
        "nauc_precision_at_10_max": 0.3166,
        "nauc_precision_at_10_std": 0.327892,
        "nauc_precision_at_10_diff1": 0.061094,
        "nauc_precision_at_20_max": 0.261364,
        "nauc_precision_at_20_std": 0.318914,
        "nauc_precision_at_20_diff1": 0.011418,
        "nauc_precision_at_100_max": 0.206858,
        "nauc_precision_at_100_std": 0.332918,
        "nauc_precision_at_100_diff1": -0.05051,
        "nauc_precision_at_1000_max": 0.077347,
        "nauc_precision_at_1000_std": 0.416389,
        "nauc_precision_at_1000_diff1": -0.110837,
        "nauc_mrr_at_1_max": 0.220645,
        "nauc_mrr_at_1_std": 0.182266,
        "nauc_mrr_at_1_diff1": 0.208449,
        "nauc_mrr_at_3_max": 0.208328,
        "nauc_mrr_at_3_std": 0.18769,
        "nauc_mrr_at_3_diff1": 0.177295,
        "nauc_mrr_at_5_max": 0.210352,
        "nauc_mrr_at_5_std": 0.191274,
        "nauc_mrr_at_5_diff1": 0.173977,
        "nauc_mrr_at_10_max": 0.21481,
        "nauc_mrr_at_10_std": 0.190326,
        "nauc_mrr_at_10_diff1": 0.176281,
        "nauc_mrr_at_20_max": 0.214215,
        "nauc_mrr_at_20_std": 0.189133,
        "nauc_mrr_at_20_diff1": 0.17227,
        "nauc_mrr_at_100_max": 0.211216,
        "nauc_mrr_at_100_std": 0.186483,
        "nauc_mrr_at_100_diff1": 0.172668,
        "nauc_mrr_at_1000_max": 0.211218,
        "nauc_mrr_at_1000_std": 0.186712,
        "nauc_mrr_at_1000_diff1": 0.172602,
        "main_score": 0.19074,
        "hf_subset": "default",
        "languages": [
          "fas-Arab"
        ]
      }
    ]
  },
  "evaluation_time": 5999.501530647278,
  "kg_co2_emissions": null
}