{
  "dataset_revision": "e683ce7ecd0b47edc3e29fda7cfd75335be4a997",
  "task_name": "FiQA2018-Fa",
  "mteb_version": "1.34.14",
  "scores": {
    "test": [
      {
        "ndcg_at_1": 0.21451,
        "ndcg_at_3": 0.20322,
        "ndcg_at_5": 0.21514,
        "ndcg_at_10": 0.23454,
        "ndcg_at_20": 0.25381,
        "ndcg_at_100": 0.29324,
        "ndcg_at_1000": 0.33339,
        "map_at_1": 0.10945,
        "map_at_3": 0.15234,
        "map_at_5": 0.16644,
        "map_at_10": 0.17813,
        "map_at_20": 0.1842,
        "map_at_100": 0.19068,
        "map_at_1000": 0.19264,
        "recall_at_1": 0.10945,
        "recall_at_3": 0.18307,
        "recall_at_5": 0.23047,
        "recall_at_10": 0.28929,
        "recall_at_20": 0.34864,
        "recall_at_100": 0.51761,
        "recall_at_1000": 0.7677,
        "precision_at_1": 0.21451,
        "precision_at_3": 0.13632,
        "precision_at_5": 0.1037,
        "precision_at_10": 0.06698,
        "precision_at_20": 0.04144,
        "precision_at_100": 0.01262,
        "precision_at_1000": 0.00194,
        "mrr_at_1": 0.214506,
        "mrr_at_3": 0.264918,
        "mrr_at_5": 0.280273,
        "mrr_at_10": 0.290444,
        "mrr_at_20": 0.296594,
        "mrr_at_100": 0.300725,
        "mrr_at_1000": 0.301452,
        "nauc_ndcg_at_1_max": 0.14377,
        "nauc_ndcg_at_1_std": 0.014628,
        "nauc_ndcg_at_1_diff1": 0.362978,
        "nauc_ndcg_at_3_max": 0.122004,
        "nauc_ndcg_at_3_std": 0.023224,
        "nauc_ndcg_at_3_diff1": 0.292428,
        "nauc_ndcg_at_5_max": 0.109199,
        "nauc_ndcg_at_5_std": 0.028954,
        "nauc_ndcg_at_5_diff1": 0.267526,
        "nauc_ndcg_at_10_max": 0.123109,
        "nauc_ndcg_at_10_std": 0.039675,
        "nauc_ndcg_at_10_diff1": 0.245343,
        "nauc_ndcg_at_20_max": 0.1259,
        "nauc_ndcg_at_20_std": 0.063874,
        "nauc_ndcg_at_20_diff1": 0.24603,
        "nauc_ndcg_at_100_max": 0.115704,
        "nauc_ndcg_at_100_std": 0.099,
        "nauc_ndcg_at_100_diff1": 0.240296,
        "nauc_ndcg_at_1000_max": 0.118171,
        "nauc_ndcg_at_1000_std": 0.106287,
        "nauc_ndcg_at_1000_diff1": 0.248726,
        "nauc_map_at_1_max": 0.065178,
        "nauc_map_at_1_std": -0.01999,
        "nauc_map_at_1_diff1": 0.33133,
        "nauc_map_at_3_max": 0.078691,
        "nauc_map_at_3_std": 0.014107,
        "nauc_map_at_3_diff1": 0.29598,
        "nauc_map_at_5_max": 0.084859,
        "nauc_map_at_5_std": 0.021196,
        "nauc_map_at_5_diff1": 0.280761,
        "nauc_map_at_10_max": 0.098036,
        "nauc_map_at_10_std": 0.02707,
        "nauc_map_at_10_diff1": 0.265979,
        "nauc_map_at_20_max": 0.101574,
        "nauc_map_at_20_std": 0.037041,
        "nauc_map_at_20_diff1": 0.267954,
        "nauc_map_at_100_max": 0.101397,
        "nauc_map_at_100_std": 0.046614,
        "nauc_map_at_100_diff1": 0.265683,
        "nauc_map_at_1000_max": 0.101945,
        "nauc_map_at_1000_std": 0.047439,
        "nauc_map_at_1000_diff1": 0.266206,
        "nauc_recall_at_1_max": 0.065178,
        "nauc_recall_at_1_std": -0.01999,
        "nauc_recall_at_1_diff1": 0.33133,
        "nauc_recall_at_3_max": 0.064189,
        "nauc_recall_at_3_std": 0.021432,
        "nauc_recall_at_3_diff1": 0.257493,
        "nauc_recall_at_5_max": 0.076459,
        "nauc_recall_at_5_std": 0.031867,
        "nauc_recall_at_5_diff1": 0.201946,
        "nauc_recall_at_10_max": 0.114999,
        "nauc_recall_at_10_std": 0.046882,
        "nauc_recall_at_10_diff1": 0.153188,
        "nauc_recall_at_20_max": 0.120964,
        "nauc_recall_at_20_std": 0.103072,
        "nauc_recall_at_20_diff1": 0.145932,
        "nauc_recall_at_100_max": 0.060941,
        "nauc_recall_at_100_std": 0.212347,
        "nauc_recall_at_100_diff1": 0.114852,
        "nauc_recall_at_1000_max": 0.033227,
        "nauc_recall_at_1000_std": 0.331717,
        "nauc_recall_at_1000_diff1": 0.129214,
        "nauc_precision_at_1_max": 0.14377,
        "nauc_precision_at_1_std": 0.014628,
        "nauc_precision_at_1_diff1": 0.362978,
        "nauc_precision_at_3_max": 0.168048,
        "nauc_precision_at_3_std": 0.047842,
        "nauc_precision_at_3_diff1": 0.252823,
        "nauc_precision_at_5_max": 0.178244,
        "nauc_precision_at_5_std": 0.074754,
        "nauc_precision_at_5_diff1": 0.201241,
        "nauc_precision_at_10_max": 0.214492,
        "nauc_precision_at_10_std": 0.100396,
        "nauc_precision_at_10_diff1": 0.146953,
        "nauc_precision_at_20_max": 0.215818,
        "nauc_precision_at_20_std": 0.160441,
        "nauc_precision_at_20_diff1": 0.149378,
        "nauc_precision_at_100_max": 0.157545,
        "nauc_precision_at_100_std": 0.232486,
        "nauc_precision_at_100_diff1": 0.07766,
        "nauc_precision_at_1000_max": 0.127398,
        "nauc_precision_at_1000_std": 0.180403,
        "nauc_precision_at_1000_diff1": 0.044678,
        "nauc_mrr_at_1_max": 0.14377,
        "nauc_mrr_at_1_std": 0.014628,
        "nauc_mrr_at_1_diff1": 0.362978,
        "nauc_mrr_at_3_max": 0.144076,
        "nauc_mrr_at_3_std": 0.021507,
        "nauc_mrr_at_3_diff1": 0.318327,
        "nauc_mrr_at_5_max": 0.146002,
        "nauc_mrr_at_5_std": 0.032773,
        "nauc_mrr_at_5_diff1": 0.3017,
        "nauc_mrr_at_10_max": 0.150857,
        "nauc_mrr_at_10_std": 0.037164,
        "nauc_mrr_at_10_diff1": 0.296587,
        "nauc_mrr_at_20_max": 0.147624,
        "nauc_mrr_at_20_std": 0.041517,
        "nauc_mrr_at_20_diff1": 0.295576,
        "nauc_mrr_at_100_max": 0.147083,
        "nauc_mrr_at_100_std": 0.042189,
        "nauc_mrr_at_100_diff1": 0.296132,
        "nauc_mrr_at_1000_max": 0.147007,
        "nauc_mrr_at_1000_std": 0.042132,
        "nauc_mrr_at_1000_diff1": 0.296393,
        "main_score": 0.23454,
        "hf_subset": "default",
        "languages": [
          "fas-Arab"
        ]
      }
    ]
  },
  "evaluation_time": 179.3068025112152,
  "kg_co2_emissions": null
}