{
  "dataset_revision": "6d1962c527217f8927fca80f890f14f36b2802af",
  "task_name": "MIRACLReranking",
  "mteb_version": "1.34.14",
  "scores": {
    "dev": [
      {
        "NDCG@1(MIRACL)": 0.35918,
        "NDCG@3(MIRACL)": 0.41991,
        "NDCG@5(MIRACL)": 0.45262,
        "NDCG@10(MIRACL)": 0.49484,
        "NDCG@20(MIRACL)": 0.52177,
        "NDCG@100(MIRACL)": 0.53994,
        "NDCG@1000(MIRACL)": 0.53994,
        "MAP@1(MIRACL)": 0.25057,
        "MAP@3(MIRACL)": 0.36406,
        "MAP@5(MIRACL)": 0.39291,
        "MAP@10(MIRACL)": 0.41788,
        "MAP@20(MIRACL)": 0.42939,
        "MAP@100(MIRACL)": 0.43402,
        "MAP@1000(MIRACL)": 0.43402,
        "Recall@1(MIRACL)": 0.25057,
        "Recall@3(MIRACL)": 0.45782,
        "Recall@5(MIRACL)": 0.53938,
        "Recall@10(MIRACL)": 0.65126,
        "Recall@20(MIRACL)": 0.73837,
        "Recall@100(MIRACL)": 0.81487,
        "Recall@1000(MIRACL)": 0.81487,
        "P@1(MIRACL)": 0.35918,
        "P@3(MIRACL)": 0.23787,
        "P@5(MIRACL)": 0.17595,
        "P@10(MIRACL)": 0.11187,
        "P@20(MIRACL)": 0.06495,
        "P@100(MIRACL)": 0.01467,
        "P@1000(MIRACL)": 0.00147,
        "nAUC_NDCG@1_max(MIRACL)": 0.359268,
        "nAUC_NDCG@1_std(MIRACL)": 0.043161,
        "nAUC_NDCG@1_diff1(MIRACL)": 0.293787,
        "nAUC_NDCG@3_max(MIRACL)": 0.36529,
        "nAUC_NDCG@3_std(MIRACL)": 0.036954,
        "nAUC_NDCG@3_diff1(MIRACL)": 0.224111,
        "nAUC_NDCG@5_max(MIRACL)": 0.389698,
        "nAUC_NDCG@5_std(MIRACL)": 0.059322,
        "nAUC_NDCG@5_diff1(MIRACL)": 0.214116,
        "nAUC_NDCG@10_max(MIRACL)": 0.403879,
        "nAUC_NDCG@10_std(MIRACL)": 0.088988,
        "nAUC_NDCG@10_diff1(MIRACL)": 0.21545,
        "nAUC_NDCG@20_max(MIRACL)": 0.418683,
        "nAUC_NDCG@20_std(MIRACL)": 0.098293,
        "nAUC_NDCG@20_diff1(MIRACL)": 0.206198,
        "nAUC_NDCG@100_max(MIRACL)": 0.420513,
        "nAUC_NDCG@100_std(MIRACL)": 0.087737,
        "nAUC_NDCG@100_diff1(MIRACL)": 0.202406,
        "nAUC_NDCG@1000_max(MIRACL)": 0.420513,
        "nAUC_NDCG@1000_std(MIRACL)": 0.087737,
        "nAUC_NDCG@1000_diff1(MIRACL)": 0.202406,
        "nAUC_MAP@1_max(MIRACL)": 0.241391,
        "nAUC_MAP@1_std(MIRACL)": -0.008797,
        "nAUC_MAP@1_diff1(MIRACL)": 0.342525,
        "nAUC_MAP@3_max(MIRACL)": 0.322454,
        "nAUC_MAP@3_std(MIRACL)": 0.01943,
        "nAUC_MAP@3_diff1(MIRACL)": 0.259603,
        "nAUC_MAP@5_max(MIRACL)": 0.352589,
        "nAUC_MAP@5_std(MIRACL)": 0.040513,
        "nAUC_MAP@5_diff1(MIRACL)": 0.245001,
        "nAUC_MAP@10_max(MIRACL)": 0.366916,
        "nAUC_MAP@10_std(MIRACL)": 0.060546,
        "nAUC_MAP@10_diff1(MIRACL)": 0.240958,
        "nAUC_MAP@20_max(MIRACL)": 0.375895,
        "nAUC_MAP@20_std(MIRACL)": 0.066295,
        "nAUC_MAP@20_diff1(MIRACL)": 0.236737,
        "nAUC_MAP@100_max(MIRACL)": 0.377393,
        "nAUC_MAP@100_std(MIRACL)": 0.063323,
        "nAUC_MAP@100_diff1(MIRACL)": 0.236205,
        "nAUC_MAP@1000_max(MIRACL)": 0.377393,
        "nAUC_MAP@1000_std(MIRACL)": 0.063323,
        "nAUC_MAP@1000_diff1(MIRACL)": 0.236205,
        "nAUC_Recall@1_max(MIRACL)": 0.241391,
        "nAUC_Recall@1_std(MIRACL)": -0.008797,
        "nAUC_Recall@1_diff1(MIRACL)": 0.342525,
        "nAUC_Recall@3_max(MIRACL)": 0.310978,
        "nAUC_Recall@3_std(MIRACL)": 0.019106,
        "nAUC_Recall@3_diff1(MIRACL)": 0.178466,
        "nAUC_Recall@5_max(MIRACL)": 0.375895,
        "nAUC_Recall@5_std(MIRACL)": 0.072371,
        "nAUC_Recall@5_diff1(MIRACL)": 0.13914,
        "nAUC_Recall@10_max(MIRACL)": 0.433097,
        "nAUC_Recall@10_std(MIRACL)": 0.170768,
        "nAUC_Recall@10_diff1(MIRACL)": 0.129917,
        "nAUC_Recall@20_max(MIRACL)": 0.506997,
        "nAUC_Recall@20_std(MIRACL)": 0.232554,
        "nAUC_Recall@20_diff1(MIRACL)": 0.087271,
        "nAUC_Recall@100_max(MIRACL)": 0.568094,
        "nAUC_Recall@100_std(MIRACL)": 0.218599,
        "nAUC_Recall@100_diff1(MIRACL)": 0.037776,
        "nAUC_Recall@1000_max(MIRACL)": 0.568094,
        "nAUC_Recall@1000_std(MIRACL)": 0.218599,
        "nAUC_Recall@1000_diff1(MIRACL)": 0.037776,
        "nAUC_P@1_max(MIRACL)": 0.359268,
        "nAUC_P@1_std(MIRACL)": 0.043161,
        "nAUC_P@1_diff1(MIRACL)": 0.293787,
        "nAUC_P@3_max(MIRACL)": 0.449073,
        "nAUC_P@3_std(MIRACL)": 0.105002,
        "nAUC_P@3_diff1(MIRACL)": 0.08058,
        "nAUC_P@5_max(MIRACL)": 0.449907,
        "nAUC_P@5_std(MIRACL)": 0.152272,
        "nAUC_P@5_diff1(MIRACL)": 0.021457,
        "nAUC_P@10_max(MIRACL)": 0.400635,
        "nAUC_P@10_std(MIRACL)": 0.188691,
        "nAUC_P@10_diff1(MIRACL)": -0.012121,
        "nAUC_P@20_max(MIRACL)": 0.370279,
        "nAUC_P@20_std(MIRACL)": 0.178797,
        "nAUC_P@20_diff1(MIRACL)": -0.052677,
        "nAUC_P@100_max(MIRACL)": 0.314019,
        "nAUC_P@100_std(MIRACL)": 0.112586,
        "nAUC_P@100_diff1(MIRACL)": -0.072618,
        "nAUC_P@1000_max(MIRACL)": 0.314019,
        "nAUC_P@1000_std(MIRACL)": 0.112586,
        "nAUC_P@1000_diff1(MIRACL)": -0.072618,
        "main_score": 0.49484,
        "hf_subset": "fa",
        "languages": [
          "fas-Arab"
        ]
      }
    ]
  },
  "evaluation_time": 156.18557810783386,
  "kg_co2_emissions": null
}