{
  "dataset_revision": "88f90b0b04f91778ba5341095b0a9f1d7799ce10",
  "task_name": "MSMARCO-Fa",
  "mteb_version": "1.34.14",
  "scores": {
    "dev": [
      {
        "ndcg_at_1": 0.12063,
        "ndcg_at_3": 0.17969,
        "ndcg_at_5": 0.2058,
        "ndcg_at_10": 0.2352,
        "ndcg_at_20": 0.25784,
        "ndcg_at_100": 0.29323,
        "ndcg_at_1000": 0.3158,
        "map_at_1": 0.11657,
        "map_at_3": 0.16328,
        "map_at_5": 0.17774,
        "map_at_10": 0.19005,
        "map_at_20": 0.1963,
        "map_at_100": 0.2012,
        "map_at_1000": 0.20202,
        "recall_at_1": 0.11657,
        "recall_at_3": 0.22287,
        "recall_at_5": 0.28567,
        "recall_at_10": 0.37496,
        "recall_at_20": 0.46342,
        "recall_at_100": 0.65226,
        "recall_at_1000": 0.83031,
        "precision_at_1": 0.12063,
        "precision_at_3": 0.07741,
        "precision_at_5": 0.05957,
        "precision_at_10": 0.03931,
        "precision_at_20": 0.02434,
        "precision_at_100": 0.0069,
        "precision_at_1000": 0.00088,
        "mrr_at_1": 0.120487,
        "mrr_at_3": 0.167693,
        "mrr_at_5": 0.182407,
        "mrr_at_10": 0.194574,
        "mrr_at_20": 0.200815,
        "mrr_at_100": 0.205568,
        "mrr_at_1000": 0.206331,
        "nauc_ndcg_at_1_max": 0.056945,
        "nauc_ndcg_at_1_std": -0.117486,
        "nauc_ndcg_at_1_diff1": 0.327077,
        "nauc_ndcg_at_3_max": 0.073238,
        "nauc_ndcg_at_3_std": -0.108479,
        "nauc_ndcg_at_3_diff1": 0.266413,
        "nauc_ndcg_at_5_max": 0.084314,
        "nauc_ndcg_at_5_std": -0.093184,
        "nauc_ndcg_at_5_diff1": 0.258875,
        "nauc_ndcg_at_10_max": 0.100332,
        "nauc_ndcg_at_10_std": -0.075882,
        "nauc_ndcg_at_10_diff1": 0.247898,
        "nauc_ndcg_at_20_max": 0.115192,
        "nauc_ndcg_at_20_std": -0.052879,
        "nauc_ndcg_at_20_diff1": 0.245027,
        "nauc_ndcg_at_100_max": 0.134661,
        "nauc_ndcg_at_100_std": -0.012851,
        "nauc_ndcg_at_100_diff1": 0.24046,
        "nauc_ndcg_at_1000_max": 0.136131,
        "nauc_ndcg_at_1000_std": -0.009197,
        "nauc_ndcg_at_1000_diff1": 0.242933,
        "nauc_map_at_1_max": 0.056767,
        "nauc_map_at_1_std": -0.116793,
        "nauc_map_at_1_diff1": 0.330781,
        "nauc_map_at_3_max": 0.070165,
        "nauc_map_at_3_std": -0.1106,
        "nauc_map_at_3_diff1": 0.279073,
        "nauc_map_at_5_max": 0.077109,
        "nauc_map_at_5_std": -0.101313,
        "nauc_map_at_5_diff1": 0.274103,
        "nauc_map_at_10_max": 0.084399,
        "nauc_map_at_10_std": -0.093531,
        "nauc_map_at_10_diff1": 0.268647,
        "nauc_map_at_20_max": 0.088787,
        "nauc_map_at_20_std": -0.08657,
        "nauc_map_at_20_diff1": 0.267623,
        "nauc_map_at_100_max": 0.091667,
        "nauc_map_at_100_std": -0.080552,
        "nauc_map_at_100_diff1": 0.266983,
        "nauc_map_at_1000_max": 0.091785,
        "nauc_map_at_1000_std": -0.080287,
        "nauc_map_at_1000_diff1": 0.267076,
        "nauc_recall_at_1_max": 0.056767,
        "nauc_recall_at_1_std": -0.116793,
        "nauc_recall_at_1_diff1": 0.330781,
        "nauc_recall_at_3_max": 0.080212,
        "nauc_recall_at_3_std": -0.105368,
        "nauc_recall_at_3_diff1": 0.239642,
        "nauc_recall_at_5_max": 0.101364,
        "nauc_recall_at_5_std": -0.075563,
        "nauc_recall_at_5_diff1": 0.227734,
        "nauc_recall_at_10_max": 0.138197,
        "nauc_recall_at_10_std": -0.035162,
        "nauc_recall_at_10_diff1": 0.202716,
        "nauc_recall_at_20_max": 0.183714,
        "nauc_recall_at_20_std": 0.035437,
        "nauc_recall_at_20_diff1": 0.193123,
        "nauc_recall_at_100_max": 0.29291,
        "nauc_recall_at_100_std": 0.249683,
        "nauc_recall_at_100_diff1": 0.158272,
        "nauc_recall_at_1000_max": 0.421062,
        "nauc_recall_at_1000_std": 0.474563,
        "nauc_recall_at_1000_diff1": 0.132232,
        "nauc_precision_at_1_max": 0.056945,
        "nauc_precision_at_1_std": -0.117486,
        "nauc_precision_at_1_diff1": 0.327077,
        "nauc_precision_at_3_max": 0.082041,
        "nauc_precision_at_3_std": -0.103838,
        "nauc_precision_at_3_diff1": 0.237225,
        "nauc_precision_at_5_max": 0.10176,
        "nauc_precision_at_5_std": -0.073554,
        "nauc_precision_at_5_diff1": 0.224132,
        "nauc_precision_at_10_max": 0.137144,
        "nauc_precision_at_10_std": -0.031085,
        "nauc_precision_at_10_diff1": 0.195932,
        "nauc_precision_at_20_max": 0.183412,
        "nauc_precision_at_20_std": 0.044068,
        "nauc_precision_at_20_diff1": 0.183779,
        "nauc_precision_at_100_max": 0.278132,
        "nauc_precision_at_100_std": 0.251167,
        "nauc_precision_at_100_diff1": 0.14079,
        "nauc_precision_at_1000_max": 0.325034,
        "nauc_precision_at_1000_std": 0.388065,
        "nauc_precision_at_1000_diff1": 0.081783,
        "nauc_mrr_at_1_max": 0.057516,
        "nauc_mrr_at_1_std": -0.11706,
        "nauc_mrr_at_1_diff1": 0.328075,
        "nauc_mrr_at_3_max": 0.069626,
        "nauc_mrr_at_3_std": -0.107761,
        "nauc_mrr_at_3_diff1": 0.274039,
        "nauc_mrr_at_5_max": 0.075946,
        "nauc_mrr_at_5_std": -0.098971,
        "nauc_mrr_at_5_diff1": 0.269545,
        "nauc_mrr_at_10_max": 0.08369,
        "nauc_mrr_at_10_std": -0.090687,
        "nauc_mrr_at_10_diff1": 0.265059,
        "nauc_mrr_at_20_max": 0.088196,
        "nauc_mrr_at_20_std": -0.08394,
        "nauc_mrr_at_20_diff1": 0.264385,
        "nauc_mrr_at_100_max": 0.090926,
        "nauc_mrr_at_100_std": -0.078296,
        "nauc_mrr_at_100_diff1": 0.263672,
        "nauc_mrr_at_1000_max": 0.090976,
        "nauc_mrr_at_1000_std": -0.07816,
        "nauc_mrr_at_1000_diff1": 0.263794,
        "main_score": 0.2352,
        "hf_subset": "default",
        "languages": [
          "fas-Arab"
        ]
      }
    ]
  },
  "evaluation_time": 13753.601443767548,
  "kg_co2_emissions": null
}