{
  "dataset_revision": "d4ea898b644c8d5f608b60947cb637bebbf1ac66",
  "task_name": "NQ-Fa",
  "mteb_version": "1.34.14",
  "scores": {
    "test": [
      {
        "ndcg_at_1": 0.14368,
        "ndcg_at_3": 0.19359,
        "ndcg_at_5": 0.22302,
        "ndcg_at_10": 0.25405,
        "ndcg_at_20": 0.27843,
        "ndcg_at_100": 0.31083,
        "ndcg_at_1000": 0.33262,
        "map_at_1": 0.12382,
        "map_at_3": 0.17282,
        "map_at_5": 0.18967,
        "map_at_10": 0.20328,
        "map_at_20": 0.21042,
        "map_at_100": 0.21518,
        "map_at_1000": 0.21599,
        "recall_at_1": 0.12382,
        "recall_at_3": 0.23148,
        "recall_at_5": 0.30053,
        "recall_at_10": 0.39137,
        "recall_at_20": 0.48317,
        "recall_at_100": 0.64945,
        "recall_at_1000": 0.81552,
        "precision_at_1": 0.14368,
        "precision_at_3": 0.09183,
        "precision_at_5": 0.07132,
        "precision_at_10": 0.0469,
        "precision_at_20": 0.02906,
        "precision_at_100": 0.00786,
        "precision_at_1000": 0.00099,
        "mrr_at_1": 0.143685,
        "mrr_at_3": 0.195153,
        "mrr_at_5": 0.211534,
        "mrr_at_10": 0.223907,
        "mrr_at_20": 0.23021,
        "mrr_at_100": 0.234399,
        "mrr_at_1000": 0.235083,
        "nauc_ndcg_at_1_max": 0.207773,
        "nauc_ndcg_at_1_std": 0.032797,
        "nauc_ndcg_at_1_diff1": 0.264067,
        "nauc_ndcg_at_3_max": 0.227859,
        "nauc_ndcg_at_3_std": 0.05956,
        "nauc_ndcg_at_3_diff1": 0.21221,
        "nauc_ndcg_at_5_max": 0.232692,
        "nauc_ndcg_at_5_std": 0.076216,
        "nauc_ndcg_at_5_diff1": 0.200341,
        "nauc_ndcg_at_10_max": 0.25998,
        "nauc_ndcg_at_10_std": 0.105341,
        "nauc_ndcg_at_10_diff1": 0.20437,
        "nauc_ndcg_at_20_max": 0.272439,
        "nauc_ndcg_at_20_std": 0.128401,
        "nauc_ndcg_at_20_diff1": 0.207561,
        "nauc_ndcg_at_100_max": 0.282954,
        "nauc_ndcg_at_100_std": 0.162613,
        "nauc_ndcg_at_100_diff1": 0.208623,
        "nauc_ndcg_at_1000_max": 0.27935,
        "nauc_ndcg_at_1000_std": 0.163337,
        "nauc_ndcg_at_1000_diff1": 0.211162,
        "nauc_map_at_1_max": 0.196363,
        "nauc_map_at_1_std": 0.010732,
        "nauc_map_at_1_diff1": 0.262528,
        "nauc_map_at_3_max": 0.221861,
        "nauc_map_at_3_std": 0.046632,
        "nauc_map_at_3_diff1": 0.222082,
        "nauc_map_at_5_max": 0.225091,
        "nauc_map_at_5_std": 0.057808,
        "nauc_map_at_5_diff1": 0.214257,
        "nauc_map_at_10_max": 0.239256,
        "nauc_map_at_10_std": 0.072747,
        "nauc_map_at_10_diff1": 0.216343,
        "nauc_map_at_20_max": 0.243378,
        "nauc_map_at_20_std": 0.080351,
        "nauc_map_at_20_diff1": 0.216958,
        "nauc_map_at_100_max": 0.245146,
        "nauc_map_at_100_std": 0.086009,
        "nauc_map_at_100_diff1": 0.217131,
        "nauc_map_at_1000_max": 0.245021,
        "nauc_map_at_1000_std": 0.08607,
        "nauc_map_at_1000_diff1": 0.217157,
        "nauc_recall_at_1_max": 0.196363,
        "nauc_recall_at_1_std": 0.010732,
        "nauc_recall_at_1_diff1": 0.262528,
        "nauc_recall_at_3_max": 0.232456,
        "nauc_recall_at_3_std": 0.072906,
        "nauc_recall_at_3_diff1": 0.181453,
        "nauc_recall_at_5_max": 0.239922,
        "nauc_recall_at_5_std": 0.102903,
        "nauc_recall_at_5_diff1": 0.159928,
        "nauc_recall_at_10_max": 0.2989,
        "nauc_recall_at_10_std": 0.167583,
        "nauc_recall_at_10_diff1": 0.168644,
        "nauc_recall_at_20_max": 0.33757,
        "nauc_recall_at_20_std": 0.236412,
        "nauc_recall_at_20_diff1": 0.179746,
        "nauc_recall_at_100_max": 0.402337,
        "nauc_recall_at_100_std": 0.419714,
        "nauc_recall_at_100_diff1": 0.181332,
        "nauc_recall_at_1000_max": 0.444135,
        "nauc_recall_at_1000_std": 0.588948,
        "nauc_recall_at_1000_diff1": 0.201421,
        "nauc_precision_at_1_max": 0.207773,
        "nauc_precision_at_1_std": 0.032797,
        "nauc_precision_at_1_diff1": 0.264067,
        "nauc_precision_at_3_max": 0.249917,
        "nauc_precision_at_3_std": 0.103408,
        "nauc_precision_at_3_diff1": 0.183183,
        "nauc_precision_at_5_max": 0.257016,
        "nauc_precision_at_5_std": 0.134746,
        "nauc_precision_at_5_diff1": 0.162403,
        "nauc_precision_at_10_max": 0.305905,
        "nauc_precision_at_10_std": 0.19724,
        "nauc_precision_at_10_diff1": 0.163157,
        "nauc_precision_at_20_max": 0.321577,
        "nauc_precision_at_20_std": 0.256713,
        "nauc_precision_at_20_diff1": 0.155944,
        "nauc_precision_at_100_max": 0.322904,
        "nauc_precision_at_100_std": 0.374499,
        "nauc_precision_at_100_diff1": 0.13082,
        "nauc_precision_at_1000_max": 0.252997,
        "nauc_precision_at_1000_std": 0.376896,
        "nauc_precision_at_1000_diff1": 0.105339,
        "nauc_mrr_at_1_max": 0.207773,
        "nauc_mrr_at_1_std": 0.032797,
        "nauc_mrr_at_1_diff1": 0.264067,
        "nauc_mrr_at_3_max": 0.22443,
        "nauc_mrr_at_3_std": 0.064563,
        "nauc_mrr_at_3_diff1": 0.224809,
        "nauc_mrr_at_5_max": 0.227026,
        "nauc_mrr_at_5_std": 0.073004,
        "nauc_mrr_at_5_diff1": 0.217708,
        "nauc_mrr_at_10_max": 0.238333,
        "nauc_mrr_at_10_std": 0.084246,
        "nauc_mrr_at_10_diff1": 0.219675,
        "nauc_mrr_at_20_max": 0.240903,
        "nauc_mrr_at_20_std": 0.090106,
        "nauc_mrr_at_20_diff1": 0.220644,
        "nauc_mrr_at_100_max": 0.241929,
        "nauc_mrr_at_100_std": 0.093919,
        "nauc_mrr_at_100_diff1": 0.220712,
        "nauc_mrr_at_1000_max": 0.241815,
        "nauc_mrr_at_1000_std": 0.093855,
        "nauc_mrr_at_1000_diff1": 0.220764,
        "main_score": 0.25405,
        "hf_subset": "default",
        "languages": [
          "fas-Arab"
        ]
      }
    ]
  },
  "evaluation_time": 5421.155675411224,
  "kg_co2_emissions": null
}