{
  "dataset_revision": "7723397096199c4d6f367b445fccaf282c518abe",
  "task_name": "SciFact-Fa",
  "mteb_version": "1.34.14",
  "scores": {
    "test": [
      {
        "ndcg_at_1": 0.41667,
        "ndcg_at_3": 0.49182,
        "ndcg_at_5": 0.50883,
        "ndcg_at_10": 0.5336,
        "ndcg_at_20": 0.55439,
        "ndcg_at_100": 0.57253,
        "ndcg_at_1000": 0.58754,
        "map_at_1": 0.39511,
        "map_at_3": 0.46392,
        "map_at_5": 0.47631,
        "map_at_10": 0.488,
        "map_at_20": 0.49432,
        "map_at_100": 0.49709,
        "map_at_1000": 0.4976,
        "recall_at_1": 0.39511,
        "recall_at_3": 0.54283,
        "recall_at_5": 0.58556,
        "recall_at_10": 0.6575,
        "recall_at_20": 0.7365,
        "recall_at_100": 0.83033,
        "recall_at_1000": 0.95167,
        "precision_at_1": 0.41667,
        "precision_at_3": 0.19778,
        "precision_at_5": 0.13067,
        "precision_at_10": 0.07433,
        "precision_at_20": 0.04183,
        "precision_at_100": 0.00947,
        "precision_at_1000": 0.00108,
        "mrr_at_1": 0.416667,
        "mrr_at_3": 0.485,
        "mrr_at_5": 0.4935,
        "mrr_at_10": 0.502784,
        "mrr_at_20": 0.507924,
        "mrr_at_100": 0.510307,
        "mrr_at_1000": 0.510745,
        "nauc_ndcg_at_1_max": 0.293693,
        "nauc_ndcg_at_1_std": -0.046728,
        "nauc_ndcg_at_1_diff1": 0.555529,
        "nauc_ndcg_at_3_max": 0.25183,
        "nauc_ndcg_at_3_std": -0.035883,
        "nauc_ndcg_at_3_diff1": 0.494082,
        "nauc_ndcg_at_5_max": 0.253873,
        "nauc_ndcg_at_5_std": -0.033011,
        "nauc_ndcg_at_5_diff1": 0.499198,
        "nauc_ndcg_at_10_max": 0.268825,
        "nauc_ndcg_at_10_std": -0.018087,
        "nauc_ndcg_at_10_diff1": 0.501236,
        "nauc_ndcg_at_20_max": 0.279907,
        "nauc_ndcg_at_20_std": -0.004449,
        "nauc_ndcg_at_20_diff1": 0.508452,
        "nauc_ndcg_at_100_max": 0.283936,
        "nauc_ndcg_at_100_std": 0.002838,
        "nauc_ndcg_at_100_diff1": 0.509383,
        "nauc_ndcg_at_1000_max": 0.275583,
        "nauc_ndcg_at_1000_std": -0.005147,
        "nauc_ndcg_at_1000_diff1": 0.505316,
        "nauc_map_at_1_max": 0.267316,
        "nauc_map_at_1_std": -0.073616,
        "nauc_map_at_1_diff1": 0.557479,
        "nauc_map_at_3_max": 0.255764,
        "nauc_map_at_3_std": -0.044075,
        "nauc_map_at_3_diff1": 0.510409,
        "nauc_map_at_5_max": 0.255669,
        "nauc_map_at_5_std": -0.041064,
        "nauc_map_at_5_diff1": 0.511709,
        "nauc_map_at_10_max": 0.261937,
        "nauc_map_at_10_std": -0.033469,
        "nauc_map_at_10_diff1": 0.511781,
        "nauc_map_at_20_max": 0.267163,
        "nauc_map_at_20_std": -0.028704,
        "nauc_map_at_20_diff1": 0.513813,
        "nauc_map_at_100_max": 0.267699,
        "nauc_map_at_100_std": -0.027824,
        "nauc_map_at_100_diff1": 0.513859,
        "nauc_map_at_1000_max": 0.267369,
        "nauc_map_at_1000_std": -0.027972,
        "nauc_map_at_1000_diff1": 0.513655,
        "nauc_recall_at_1_max": 0.267316,
        "nauc_recall_at_1_std": -0.073616,
        "nauc_recall_at_1_diff1": 0.557479,
        "nauc_recall_at_3_max": 0.226518,
        "nauc_recall_at_3_std": -0.03517,
        "nauc_recall_at_3_diff1": 0.448301,
        "nauc_recall_at_5_max": 0.22711,
        "nauc_recall_at_5_std": -0.02549,
        "nauc_recall_at_5_diff1": 0.455219,
        "nauc_recall_at_10_max": 0.274226,
        "nauc_recall_at_10_std": 0.017839,
        "nauc_recall_at_10_diff1": 0.459208,
        "nauc_recall_at_20_max": 0.319353,
        "nauc_recall_at_20_std": 0.087077,
        "nauc_recall_at_20_diff1": 0.492862,
        "nauc_recall_at_100_max": 0.372493,
        "nauc_recall_at_100_std": 0.199682,
        "nauc_recall_at_100_diff1": 0.497542,
        "nauc_recall_at_1000_max": 0.207621,
        "nauc_recall_at_1000_std": 0.224138,
        "nauc_recall_at_1000_diff1": 0.317283,
        "nauc_precision_at_1_max": 0.293693,
        "nauc_precision_at_1_std": -0.046728,
        "nauc_precision_at_1_diff1": 0.555529,
        "nauc_precision_at_3_max": 0.25094,
        "nauc_precision_at_3_std": 0.021754,
        "nauc_precision_at_3_diff1": 0.394851,
        "nauc_precision_at_5_max": 0.224931,
        "nauc_precision_at_5_std": 0.032817,
        "nauc_precision_at_5_diff1": 0.353178,
        "nauc_precision_at_10_max": 0.251057,
        "nauc_precision_at_10_std": 0.091245,
        "nauc_precision_at_10_diff1": 0.300276,
        "nauc_precision_at_20_max": 0.269302,
        "nauc_precision_at_20_std": 0.15395,
        "nauc_precision_at_20_diff1": 0.263258,
        "nauc_precision_at_100_max": 0.24486,
        "nauc_precision_at_100_std": 0.212605,
        "nauc_precision_at_100_diff1": 0.176931,
        "nauc_precision_at_1000_max": 0.124477,
        "nauc_precision_at_1000_std": 0.200593,
        "nauc_precision_at_1000_diff1": -0.024665,
        "nauc_mrr_at_1_max": 0.293693,
        "nauc_mrr_at_1_std": -0.046728,
        "nauc_mrr_at_1_diff1": 0.555529,
        "nauc_mrr_at_3_max": 0.268173,
        "nauc_mrr_at_3_std": -0.030273,
        "nauc_mrr_at_3_diff1": 0.509264,
        "nauc_mrr_at_5_max": 0.271498,
        "nauc_mrr_at_5_std": -0.0272,
        "nauc_mrr_at_5_diff1": 0.512366,
        "nauc_mrr_at_10_max": 0.277628,
        "nauc_mrr_at_10_std": -0.02027,
        "nauc_mrr_at_10_diff1": 0.514118,
        "nauc_mrr_at_20_max": 0.279487,
        "nauc_mrr_at_20_std": -0.017579,
        "nauc_mrr_at_20_diff1": 0.515622,
        "nauc_mrr_at_100_max": 0.280148,
        "nauc_mrr_at_100_std": -0.017078,
        "nauc_mrr_at_100_diff1": 0.515803,
        "nauc_mrr_at_1000_max": 0.279826,
        "nauc_mrr_at_1000_std": -0.017208,
        "nauc_mrr_at_1000_diff1": 0.515618,
        "main_score": 0.5336,
        "hf_subset": "default",
        "languages": [
          "fas-Arab"
        ]
      }
    ]
  },
  "evaluation_time": 25.72119903564453,
  "kg_co2_emissions": null
}