{
  "dataset_revision": "9d32af6540970e2845028cbfffe6b0d0e8f52428",
  "task_name": "SynPerChatbotRAGFAQRetrieval",
  "mteb_version": "1.34.14",
  "scores": {
    "test": [
      {
        "ndcg_at_1": 0.40478,
        "ndcg_at_3": 0.50743,
        "ndcg_at_5": 0.54053,
        "ndcg_at_10": 0.57222,
        "ndcg_at_20": 0.59331,
        "ndcg_at_100": 0.6132,
        "ndcg_at_1000": 0.61921,
        "map_at_1": 0.40478,
        "map_at_3": 0.48191,
        "map_at_5": 0.50035,
        "map_at_10": 0.51352,
        "map_at_20": 0.51927,
        "map_at_100": 0.52208,
        "map_at_1000": 0.52234,
        "recall_at_1": 0.40478,
        "recall_at_3": 0.58142,
        "recall_at_5": 0.66145,
        "recall_at_10": 0.75897,
        "recall_at_20": 0.84269,
        "recall_at_100": 0.9494,
        "recall_at_1000": 0.99448,
        "precision_at_1": 0.40478,
        "precision_at_3": 0.19381,
        "precision_at_5": 0.13229,
        "precision_at_10": 0.0759,
        "precision_at_20": 0.04213,
        "precision_at_100": 0.00949,
        "precision_at_1000": 0.00099,
        "mrr_at_1": 0.404784,
        "mrr_at_3": 0.481907,
        "mrr_at_5": 0.500353,
        "mrr_at_10": 0.513517,
        "mrr_at_20": 0.519265,
        "mrr_at_100": 0.522077,
        "mrr_at_1000": 0.522345,
        "nauc_ndcg_at_1_max": 0.316126,
        "nauc_ndcg_at_1_std": -0.030214,
        "nauc_ndcg_at_1_diff1": 0.683673,
        "nauc_ndcg_at_3_max": 0.358739,
        "nauc_ndcg_at_3_std": -0.007515,
        "nauc_ndcg_at_3_diff1": 0.613827,
        "nauc_ndcg_at_5_max": 0.356264,
        "nauc_ndcg_at_5_std": -0.016771,
        "nauc_ndcg_at_5_diff1": 0.602801,
        "nauc_ndcg_at_10_max": 0.348594,
        "nauc_ndcg_at_10_std": -0.015296,
        "nauc_ndcg_at_10_diff1": 0.605475,
        "nauc_ndcg_at_20_max": 0.355174,
        "nauc_ndcg_at_20_std": -0.006528,
        "nauc_ndcg_at_20_diff1": 0.608958,
        "nauc_ndcg_at_100_max": 0.347381,
        "nauc_ndcg_at_100_std": -0.002405,
        "nauc_ndcg_at_100_diff1": 0.616784,
        "nauc_ndcg_at_1000_max": 0.347702,
        "nauc_ndcg_at_1000_std": -0.008308,
        "nauc_ndcg_at_1000_diff1": 0.617765,
        "nauc_map_at_1_max": 0.316126,
        "nauc_map_at_1_std": -0.030214,
        "nauc_map_at_1_diff1": 0.683673,
        "nauc_map_at_3_max": 0.345771,
        "nauc_map_at_3_std": -0.01414,
        "nauc_map_at_3_diff1": 0.630097,
        "nauc_map_at_5_max": 0.344408,
        "nauc_map_at_5_std": -0.019398,
        "nauc_map_at_5_diff1": 0.62463,
        "nauc_map_at_10_max": 0.341413,
        "nauc_map_at_10_std": -0.018817,
        "nauc_map_at_10_diff1": 0.625269,
        "nauc_map_at_20_max": 0.342862,
        "nauc_map_at_20_std": -0.01663,
        "nauc_map_at_20_diff1": 0.626295,
        "nauc_map_at_100_max": 0.341995,
        "nauc_map_at_100_std": -0.016246,
        "nauc_map_at_100_diff1": 0.627126,
        "nauc_map_at_1000_max": 0.341994,
        "nauc_map_at_1000_std": -0.016401,
        "nauc_map_at_1000_diff1": 0.627202,
        "nauc_recall_at_1_max": 0.316126,
        "nauc_recall_at_1_std": -0.030214,
        "nauc_recall_at_1_diff1": 0.683673,
        "nauc_recall_at_3_max": 0.399991,
        "nauc_recall_at_3_std": 0.013458,
        "nauc_recall_at_3_diff1": 0.563906,
        "nauc_recall_at_5_max": 0.397512,
        "nauc_recall_at_5_std": -0.008623,
        "nauc_recall_at_5_diff1": 0.5261,
        "nauc_recall_at_10_max": 0.374664,
        "nauc_recall_at_10_std": -0.00066,
        "nauc_recall_at_10_diff1": 0.52252,
        "nauc_recall_at_20_max": 0.43678,
        "nauc_recall_at_20_std": 0.070147,
        "nauc_recall_at_20_diff1": 0.513526,
        "nauc_recall_at_100_max": 0.363677,
        "nauc_recall_at_100_std": 0.338603,
        "nauc_recall_at_100_diff1": 0.569695,
        "nauc_recall_at_1000_max": 0.621845,
        "nauc_recall_at_1000_std": 0.829608,
        "nauc_recall_at_1000_diff1": 0.458949,
        "nauc_precision_at_1_max": 0.316126,
        "nauc_precision_at_1_std": -0.030214,
        "nauc_precision_at_1_diff1": 0.683673,
        "nauc_precision_at_3_max": 0.399991,
        "nauc_precision_at_3_std": 0.013458,
        "nauc_precision_at_3_diff1": 0.563906,
        "nauc_precision_at_5_max": 0.397512,
        "nauc_precision_at_5_std": -0.008623,
        "nauc_precision_at_5_diff1": 0.5261,
        "nauc_precision_at_10_max": 0.374664,
        "nauc_precision_at_10_std": -0.00066,
        "nauc_precision_at_10_diff1": 0.52252,
        "nauc_precision_at_20_max": 0.43678,
        "nauc_precision_at_20_std": 0.070147,
        "nauc_precision_at_20_diff1": 0.513526,
        "nauc_precision_at_100_max": 0.363677,
        "nauc_precision_at_100_std": 0.338603,
        "nauc_precision_at_100_diff1": 0.569695,
        "nauc_precision_at_1000_max": 0.621845,
        "nauc_precision_at_1000_std": 0.829608,
        "nauc_precision_at_1000_diff1": 0.458949,
        "nauc_mrr_at_1_max": 0.316126,
        "nauc_mrr_at_1_std": -0.030214,
        "nauc_mrr_at_1_diff1": 0.683673,
        "nauc_mrr_at_3_max": 0.345771,
        "nauc_mrr_at_3_std": -0.01414,
        "nauc_mrr_at_3_diff1": 0.630097,
        "nauc_mrr_at_5_max": 0.344408,
        "nauc_mrr_at_5_std": -0.019398,
        "nauc_mrr_at_5_diff1": 0.62463,
        "nauc_mrr_at_10_max": 0.341413,
        "nauc_mrr_at_10_std": -0.018817,
        "nauc_mrr_at_10_diff1": 0.625269,
        "nauc_mrr_at_20_max": 0.342862,
        "nauc_mrr_at_20_std": -0.01663,
        "nauc_mrr_at_20_diff1": 0.626295,
        "nauc_mrr_at_100_max": 0.341995,
        "nauc_mrr_at_100_std": -0.016246,
        "nauc_mrr_at_100_diff1": 0.627126,
        "nauc_mrr_at_1000_max": 0.341994,
        "nauc_mrr_at_1000_std": -0.016401,
        "nauc_mrr_at_1000_diff1": 0.627202,
        "main_score": 0.57222,
        "hf_subset": "default",
        "languages": [
          "fas-Arab"
        ]
      }
    ]
  },
  "evaluation_time": 11.720879316329956,
  "kg_co2_emissions": null
}