{
  "dataset_revision": "0f464636f91641cc6ef6f6f8f249c73f4a609982",
  "task_name": "Touche2020-Fa",
  "mteb_version": "1.34.14",
  "scores": {
    "test": [
      {
        "ndcg_at_1": 0.09184,
        "ndcg_at_3": 0.09091,
        "ndcg_at_5": 0.10389,
        "ndcg_at_10": 0.11911,
        "ndcg_at_20": 0.15286,
        "ndcg_at_100": 0.24378,
        "ndcg_at_1000": 0.36034,
        "map_at_1": 0.00923,
        "map_at_3": 0.0231,
        "map_at_5": 0.03084,
        "map_at_10": 0.04797,
        "map_at_20": 0.0676,
        "map_at_100": 0.09169,
        "map_at_1000": 0.10372,
        "recall_at_1": 0.00923,
        "recall_at_3": 0.02821,
        "recall_at_5": 0.04712,
        "recall_at_10": 0.09648,
        "recall_at_20": 0.1759,
        "recall_at_100": 0.36667,
        "recall_at_1000": 0.71985,
        "precision_at_1": 0.12245,
        "precision_at_3": 0.11565,
        "precision_at_5": 0.13061,
        "precision_at_10": 0.12653,
        "precision_at_20": 0.11633,
        "precision_at_100": 0.05796,
        "precision_at_1000": 0.01335,
        "mrr_at_1": 0.122449,
        "mrr_at_3": 0.183673,
        "mrr_at_5": 0.215306,
        "mrr_at_10": 0.243132,
        "mrr_at_20": 0.252453,
        "mrr_at_100": 0.258649,
        "mrr_at_1000": 0.258986,
        "nauc_ndcg_at_1_max": -0.222567,
        "nauc_ndcg_at_1_std": -0.292478,
        "nauc_ndcg_at_1_diff1": -0.018027,
        "nauc_ndcg_at_3_max": -0.189567,
        "nauc_ndcg_at_3_std": -0.317844,
        "nauc_ndcg_at_3_diff1": 0.267524,
        "nauc_ndcg_at_5_max": -0.191472,
        "nauc_ndcg_at_5_std": -0.281853,
        "nauc_ndcg_at_5_diff1": 0.193012,
        "nauc_ndcg_at_10_max": -0.157977,
        "nauc_ndcg_at_10_std": -0.3698,
        "nauc_ndcg_at_10_diff1": 0.315276,
        "nauc_ndcg_at_20_max": -0.173289,
        "nauc_ndcg_at_20_std": -0.411423,
        "nauc_ndcg_at_20_diff1": 0.382211,
        "nauc_ndcg_at_100_max": -0.082106,
        "nauc_ndcg_at_100_std": -0.158749,
        "nauc_ndcg_at_100_diff1": 0.430673,
        "nauc_ndcg_at_1000_max": -0.057661,
        "nauc_ndcg_at_1000_std": 0.134769,
        "nauc_ndcg_at_1000_diff1": 0.303745,
        "nauc_map_at_1_max": -0.195111,
        "nauc_map_at_1_std": -0.31979,
        "nauc_map_at_1_diff1": 0.138657,
        "nauc_map_at_3_max": -0.152179,
        "nauc_map_at_3_std": -0.367565,
        "nauc_map_at_3_diff1": 0.301038,
        "nauc_map_at_5_max": -0.173983,
        "nauc_map_at_5_std": -0.34279,
        "nauc_map_at_5_diff1": 0.267555,
        "nauc_map_at_10_max": -0.139422,
        "nauc_map_at_10_std": -0.361129,
        "nauc_map_at_10_diff1": 0.326457,
        "nauc_map_at_20_max": -0.12253,
        "nauc_map_at_20_std": -0.381677,
        "nauc_map_at_20_diff1": 0.364532,
        "nauc_map_at_100_max": -0.05332,
        "nauc_map_at_100_std": -0.26288,
        "nauc_map_at_100_diff1": 0.404167,
        "nauc_map_at_1000_max": -0.051947,
        "nauc_map_at_1000_std": -0.215718,
        "nauc_map_at_1000_diff1": 0.381789,
        "nauc_recall_at_1_max": -0.195111,
        "nauc_recall_at_1_std": -0.31979,
        "nauc_recall_at_1_diff1": 0.138657,
        "nauc_recall_at_3_max": -0.148452,
        "nauc_recall_at_3_std": -0.356413,
        "nauc_recall_at_3_diff1": 0.358997,
        "nauc_recall_at_5_max": -0.176175,
        "nauc_recall_at_5_std": -0.314414,
        "nauc_recall_at_5_diff1": 0.279023,
        "nauc_recall_at_10_max": -0.160338,
        "nauc_recall_at_10_std": -0.394299,
        "nauc_recall_at_10_diff1": 0.383356,
        "nauc_recall_at_20_max": -0.180343,
        "nauc_recall_at_20_std": -0.4243,
        "nauc_recall_at_20_diff1": 0.3832,
        "nauc_recall_at_100_max": -0.043004,
        "nauc_recall_at_100_std": -0.03525,
        "nauc_recall_at_100_diff1": 0.440638,
        "nauc_recall_at_1000_max": -0.019542,
        "nauc_recall_at_1000_std": 0.593497,
        "nauc_recall_at_1000_diff1": 0.13269,
        "nauc_precision_at_1_max": -0.250251,
        "nauc_precision_at_1_std": -0.284441,
        "nauc_precision_at_1_diff1": 0.058002,
        "nauc_precision_at_3_max": -0.195241,
        "nauc_precision_at_3_std": -0.338742,
        "nauc_precision_at_3_diff1": 0.355957,
        "nauc_precision_at_5_max": -0.187985,
        "nauc_precision_at_5_std": -0.285301,
        "nauc_precision_at_5_diff1": 0.253154,
        "nauc_precision_at_10_max": -0.131153,
        "nauc_precision_at_10_std": -0.355087,
        "nauc_precision_at_10_diff1": 0.341037,
        "nauc_precision_at_20_max": -0.143816,
        "nauc_precision_at_20_std": -0.357177,
        "nauc_precision_at_20_diff1": 0.379067,
        "nauc_precision_at_100_max": 0.05921,
        "nauc_precision_at_100_std": 0.209396,
        "nauc_precision_at_100_diff1": 0.315515,
        "nauc_precision_at_1000_max": 0.216005,
        "nauc_precision_at_1000_std": 0.700551,
        "nauc_precision_at_1000_diff1": -0.240595,
        "nauc_mrr_at_1_max": -0.250251,
        "nauc_mrr_at_1_std": -0.284441,
        "nauc_mrr_at_1_diff1": 0.058002,
        "nauc_mrr_at_3_max": -0.248968,
        "nauc_mrr_at_3_std": -0.307241,
        "nauc_mrr_at_3_diff1": 0.239325,
        "nauc_mrr_at_5_max": -0.239092,
        "nauc_mrr_at_5_std": -0.304419,
        "nauc_mrr_at_5_diff1": 0.220771,
        "nauc_mrr_at_10_max": -0.270648,
        "nauc_mrr_at_10_std": -0.351087,
        "nauc_mrr_at_10_diff1": 0.241224,
        "nauc_mrr_at_20_max": -0.288129,
        "nauc_mrr_at_20_std": -0.344905,
        "nauc_mrr_at_20_diff1": 0.245193,
        "nauc_mrr_at_100_max": -0.279812,
        "nauc_mrr_at_100_std": -0.332363,
        "nauc_mrr_at_100_diff1": 0.241254,
        "nauc_mrr_at_1000_max": -0.279221,
        "nauc_mrr_at_1000_std": -0.333508,
        "nauc_mrr_at_1000_diff1": 0.240557,
        "main_score": 0.11911,
        "hf_subset": "default",
        "languages": [
          "fas-Arab"
        ]
      }
    ]
  },
  "evaluation_time": 1296.6348824501038,
  "kg_co2_emissions": null
}