{
  "dataset_revision": "98e6c2d33dfa166ee326e8b1bc7ea82c7e6898dd",
  "task_name": "TRECCOVID-Fa",
  "mteb_version": "1.34.14",
  "scores": {
    "test": [
      {
        "ndcg_at_1": 0.38,
        "ndcg_at_3": 0.38112,
        "ndcg_at_5": 0.36912,
        "ndcg_at_10": 0.34299,
        "ndcg_at_20": 0.30353,
        "ndcg_at_100": 0.21363,
        "ndcg_at_1000": 0.20869,
        "map_at_1": 0.00106,
        "map_at_3": 0.00269,
        "map_at_5": 0.00382,
        "map_at_10": 0.0061,
        "map_at_20": 0.00942,
        "map_at_100": 0.02152,
        "map_at_1000": 0.04827,
        "recall_at_1": 0.00106,
        "recall_at_3": 0.00325,
        "recall_at_5": 0.00485,
        "recall_at_10": 0.00866,
        "recall_at_20": 0.01473,
        "recall_at_100": 0.04795,
        "recall_at_1000": 0.20212,
        "precision_at_1": 0.42,
        "precision_at_3": 0.42667,
        "precision_at_5": 0.408,
        "precision_at_10": 0.372,
        "precision_at_20": 0.317,
        "precision_at_100": 0.211,
        "precision_at_1000": 0.0948,
        "mrr_at_1": 0.44,
        "mrr_at_3": 0.533333,
        "mrr_at_5": 0.557333,
        "mrr_at_10": 0.572667,
        "mrr_at_20": 0.576538,
        "mrr_at_100": 0.577491,
        "mrr_at_1000": 0.577846,
        "nauc_ndcg_at_1_max": 0.028395,
        "nauc_ndcg_at_1_std": -0.049085,
        "nauc_ndcg_at_1_diff1": 0.044814,
        "nauc_ndcg_at_3_max": 0.126935,
        "nauc_ndcg_at_3_std": 0.055001,
        "nauc_ndcg_at_3_diff1": 0.00083,
        "nauc_ndcg_at_5_max": 0.197164,
        "nauc_ndcg_at_5_std": 0.086375,
        "nauc_ndcg_at_5_diff1": 0.082473,
        "nauc_ndcg_at_10_max": 0.24394,
        "nauc_ndcg_at_10_std": 0.186087,
        "nauc_ndcg_at_10_diff1": 0.103442,
        "nauc_ndcg_at_20_max": 0.301827,
        "nauc_ndcg_at_20_std": 0.209996,
        "nauc_ndcg_at_20_diff1": 0.129092,
        "nauc_ndcg_at_100_max": 0.296616,
        "nauc_ndcg_at_100_std": 0.11754,
        "nauc_ndcg_at_100_diff1": 0.115042,
        "nauc_ndcg_at_1000_max": 0.2324,
        "nauc_ndcg_at_1000_std": 0.052881,
        "nauc_ndcg_at_1000_diff1": 0.095035,
        "nauc_map_at_1_max": -0.019535,
        "nauc_map_at_1_std": -0.136536,
        "nauc_map_at_1_diff1": 0.023509,
        "nauc_map_at_3_max": 0.045006,
        "nauc_map_at_3_std": -0.018063,
        "nauc_map_at_3_diff1": -0.067242,
        "nauc_map_at_5_max": 0.188685,
        "nauc_map_at_5_std": 0.04374,
        "nauc_map_at_5_diff1": -0.006875,
        "nauc_map_at_10_max": 0.254806,
        "nauc_map_at_10_std": 0.173402,
        "nauc_map_at_10_diff1": -0.004382,
        "nauc_map_at_20_max": 0.344166,
        "nauc_map_at_20_std": 0.193085,
        "nauc_map_at_20_diff1": 0.017107,
        "nauc_map_at_100_max": 0.379449,
        "nauc_map_at_100_std": 0.127853,
        "nauc_map_at_100_diff1": 0.036267,
        "nauc_map_at_1000_max": 0.332298,
        "nauc_map_at_1000_std": 0.115015,
        "nauc_map_at_1000_diff1": 0.078041,
        "nauc_recall_at_1_max": -0.019535,
        "nauc_recall_at_1_std": -0.136536,
        "nauc_recall_at_1_diff1": 0.023509,
        "nauc_recall_at_3_max": 0.045609,
        "nauc_recall_at_3_std": -0.018956,
        "nauc_recall_at_3_diff1": -0.077005,
        "nauc_recall_at_5_max": 0.168812,
        "nauc_recall_at_5_std": 0.019666,
        "nauc_recall_at_5_diff1": 0.014165,
        "nauc_recall_at_10_max": 0.187583,
        "nauc_recall_at_10_std": 0.156447,
        "nauc_recall_at_10_diff1": 0.007936,
        "nauc_recall_at_20_max": 0.297885,
        "nauc_recall_at_20_std": 0.148683,
        "nauc_recall_at_20_diff1": 0.020633,
        "nauc_recall_at_100_max": 0.297477,
        "nauc_recall_at_100_std": 0.009224,
        "nauc_recall_at_100_diff1": 0.026032,
        "nauc_recall_at_1000_max": 0.210548,
        "nauc_recall_at_1000_std": 0.074475,
        "nauc_recall_at_1000_diff1": 0.085715,
        "nauc_precision_at_1_max": 0.021489,
        "nauc_precision_at_1_std": -0.047386,
        "nauc_precision_at_1_diff1": 0.003707,
        "nauc_precision_at_3_max": 0.22316,
        "nauc_precision_at_3_std": 0.155287,
        "nauc_precision_at_3_diff1": 0.000654,
        "nauc_precision_at_5_max": 0.323405,
        "nauc_precision_at_5_std": 0.190445,
        "nauc_precision_at_5_diff1": 0.134329,
        "nauc_precision_at_10_max": 0.321267,
        "nauc_precision_at_10_std": 0.301323,
        "nauc_precision_at_10_diff1": 0.155781,
        "nauc_precision_at_20_max": 0.385296,
        "nauc_precision_at_20_std": 0.287911,
        "nauc_precision_at_20_diff1": 0.172879,
        "nauc_precision_at_100_max": 0.344013,
        "nauc_precision_at_100_std": 0.111553,
        "nauc_precision_at_100_diff1": 0.151555,
        "nauc_precision_at_1000_max": 0.236874,
        "nauc_precision_at_1000_std": 0.133978,
        "nauc_precision_at_1000_diff1": 0.114167,
        "nauc_mrr_at_1_max": -0.026961,
        "nauc_mrr_at_1_std": -0.088088,
        "nauc_mrr_at_1_diff1": -0.052174,
        "nauc_mrr_at_3_max": 0.055768,
        "nauc_mrr_at_3_std": -0.07349,
        "nauc_mrr_at_3_diff1": 0.006007,
        "nauc_mrr_at_5_max": 0.044025,
        "nauc_mrr_at_5_std": -0.060263,
        "nauc_mrr_at_5_diff1": 0.018364,
        "nauc_mrr_at_10_max": 0.036363,
        "nauc_mrr_at_10_std": -0.053509,
        "nauc_mrr_at_10_diff1": 0.001061,
        "nauc_mrr_at_20_max": 0.035633,
        "nauc_mrr_at_20_std": -0.063045,
        "nauc_mrr_at_20_diff1": -0.00762,
        "nauc_mrr_at_100_max": 0.034591,
        "nauc_mrr_at_100_std": -0.066479,
        "nauc_mrr_at_100_diff1": -0.005824,
        "nauc_mrr_at_1000_max": 0.034173,
        "nauc_mrr_at_1000_std": -0.065348,
        "nauc_mrr_at_1000_diff1": -0.005163,
        "main_score": 0.34299,
        "hf_subset": "default",
        "languages": [
          "fas-Arab"
        ]
      }
    ]
  },
  "evaluation_time": 622.4307291507721,
  "kg_co2_emissions": null
}