{
  "dataset_revision": "fa97814be356fe4d18caadb457b4469bd34019ca",
  "task_name": "ArguAna-Fa",
  "mteb_version": "1.34.14",
  "scores": {
    "test": [
      {
        "ndcg_at_1": 0.1835,
        "ndcg_at_3": 0.28471,
        "ndcg_at_5": 0.33372,
        "ndcg_at_10": 0.3921,
        "ndcg_at_20": 0.42492,
        "ndcg_at_100": 0.45261,
        "ndcg_at_1000": 0.46016,
        "map_at_1": 0.1835,
        "map_at_3": 0.25865,
        "map_at_5": 0.28589,
        "map_at_10": 0.3101,
        "map_at_20": 0.31926,
        "map_at_100": 0.32347,
        "map_at_1000": 0.32378,
        "recall_at_1": 0.1835,
        "recall_at_3": 0.3606,
        "recall_at_5": 0.47937,
        "recall_at_10": 0.65932,
        "recall_at_20": 0.78805,
        "recall_at_100": 0.93172,
        "recall_at_1000": 0.99004,
        "precision_at_1": 0.1835,
        "precision_at_3": 0.1202,
        "precision_at_5": 0.09587,
        "precision_at_10": 0.06593,
        "precision_at_20": 0.0394,
        "precision_at_100": 0.00932,
        "precision_at_1000": 0.00099,
        "mrr_at_1": 0.185633,
        "mrr_at_3": 0.259483,
        "mrr_at_5": 0.28683,
        "mrr_at_10": 0.310984,
        "mrr_at_20": 0.320196,
        "mrr_at_100": 0.32441,
        "mrr_at_1000": 0.324719,
        "nauc_ndcg_at_1_max": -0.060337,
        "nauc_ndcg_at_1_std": -0.089566,
        "nauc_ndcg_at_1_diff1": 0.107851,
        "nauc_ndcg_at_3_max": -0.019599,
        "nauc_ndcg_at_3_std": -0.044978,
        "nauc_ndcg_at_3_diff1": 0.077289,
        "nauc_ndcg_at_5_max": -0.020292,
        "nauc_ndcg_at_5_std": -0.049826,
        "nauc_ndcg_at_5_diff1": 0.050398,
        "nauc_ndcg_at_10_max": 0.01621,
        "nauc_ndcg_at_10_std": -0.040495,
        "nauc_ndcg_at_10_diff1": 0.076611,
        "nauc_ndcg_at_20_max": 0.015525,
        "nauc_ndcg_at_20_std": -0.022741,
        "nauc_ndcg_at_20_diff1": 0.072727,
        "nauc_ndcg_at_100_max": 0.016447,
        "nauc_ndcg_at_100_std": -0.011385,
        "nauc_ndcg_at_100_diff1": 0.081815,
        "nauc_ndcg_at_1000_max": 0.00185,
        "nauc_ndcg_at_1000_std": -0.02706,
        "nauc_ndcg_at_1000_diff1": 0.077499,
        "nauc_map_at_1_max": -0.060337,
        "nauc_map_at_1_std": -0.089566,
        "nauc_map_at_1_diff1": 0.107851,
        "nauc_map_at_3_max": -0.027852,
        "nauc_map_at_3_std": -0.053348,
        "nauc_map_at_3_diff1": 0.082431,
        "nauc_map_at_5_max": -0.02819,
        "nauc_map_at_5_std": -0.056243,
        "nauc_map_at_5_diff1": 0.067428,
        "nauc_map_at_10_max": -0.012934,
        "nauc_map_at_10_std": -0.052047,
        "nauc_map_at_10_diff1": 0.078879,
        "nauc_map_at_20_max": -0.013457,
        "nauc_map_at_20_std": -0.047341,
        "nauc_map_at_20_diff1": 0.078086,
        "nauc_map_at_100_max": -0.013142,
        "nauc_map_at_100_std": -0.045552,
        "nauc_map_at_100_diff1": 0.079685,
        "nauc_map_at_1000_max": -0.013689,
        "nauc_map_at_1000_std": -0.046095,
        "nauc_map_at_1000_diff1": 0.079501,
        "nauc_recall_at_1_max": -0.060337,
        "nauc_recall_at_1_std": -0.089566,
        "nauc_recall_at_1_diff1": 0.107851,
        "nauc_recall_at_3_max": 0.00099,
        "nauc_recall_at_3_std": -0.024342,
        "nauc_recall_at_3_diff1": 0.064852,
        "nauc_recall_at_5_max": -0.000621,
        "nauc_recall_at_5_std": -0.034514,
        "nauc_recall_at_5_diff1": 0.003784,
        "nauc_recall_at_10_max": 0.120675,
        "nauc_recall_at_10_std": -0.003251,
        "nauc_recall_at_10_diff1": 0.076514,
        "nauc_recall_at_20_max": 0.159953,
        "nauc_recall_at_20_std": 0.10798,
        "nauc_recall_at_20_diff1": 0.052887,
        "nauc_recall_at_100_max": 0.412639,
        "nauc_recall_at_100_std": 0.533809,
        "nauc_recall_at_100_diff1": 0.169794,
        "nauc_recall_at_1000_max": -0.020312,
        "nauc_recall_at_1000_std": 0.686797,
        "nauc_recall_at_1000_diff1": -0.089486,
        "nauc_precision_at_1_max": -0.060337,
        "nauc_precision_at_1_std": -0.089566,
        "nauc_precision_at_1_diff1": 0.107851,
        "nauc_precision_at_3_max": 0.00099,
        "nauc_precision_at_3_std": -0.024342,
        "nauc_precision_at_3_diff1": 0.064852,
        "nauc_precision_at_5_max": -0.000621,
        "nauc_precision_at_5_std": -0.034514,
        "nauc_precision_at_5_diff1": 0.003784,
        "nauc_precision_at_10_max": 0.120675,
        "nauc_precision_at_10_std": -0.003251,
        "nauc_precision_at_10_diff1": 0.076514,
        "nauc_precision_at_20_max": 0.159953,
        "nauc_precision_at_20_std": 0.10798,
        "nauc_precision_at_20_diff1": 0.052887,
        "nauc_precision_at_100_max": 0.412639,
        "nauc_precision_at_100_std": 0.533809,
        "nauc_precision_at_100_diff1": 0.169794,
        "nauc_precision_at_1000_max": -0.020312,
        "nauc_precision_at_1000_std": 0.686797,
        "nauc_precision_at_1000_diff1": -0.089486,
        "nauc_mrr_at_1_max": -0.058737,
        "nauc_mrr_at_1_std": -0.083329,
        "nauc_mrr_at_1_diff1": 0.099054,
        "nauc_mrr_at_3_max": -0.031801,
        "nauc_mrr_at_3_std": -0.052307,
        "nauc_mrr_at_3_diff1": 0.072912,
        "nauc_mrr_at_5_max": -0.030475,
        "nauc_mrr_at_5_std": -0.05474,
        "nauc_mrr_at_5_diff1": 0.060292,
        "nauc_mrr_at_10_max": -0.015938,
        "nauc_mrr_at_10_std": -0.050907,
        "nauc_mrr_at_10_diff1": 0.071058,
        "nauc_mrr_at_20_max": -0.016215,
        "nauc_mrr_at_20_std": -0.045839,
        "nauc_mrr_at_20_diff1": 0.070304,
        "nauc_mrr_at_100_max": -0.015954,
        "nauc_mrr_at_100_std": -0.044043,
        "nauc_mrr_at_100_diff1": 0.071783,
        "nauc_mrr_at_1000_max": -0.016502,
        "nauc_mrr_at_1000_std": -0.044582,
        "nauc_mrr_at_1000_diff1": 0.071592,
        "main_score": 0.3921,
        "hf_subset": "default",
        "languages": [
          "fas-Arab"
        ]
      }
    ]
  },
  "evaluation_time": 32.666799783706665,
  "kg_co2_emissions": null
}