{
  "dataset_revision": "7f755e88647b4023df52da04d4e3d31a7de5fcb0",
  "task_name": "CQADupstackWordpressRetrieval-Fa",
  "mteb_version": "1.34.14",
  "scores": {
    "test": [
      {
        "ndcg_at_1": 0.15157,
        "ndcg_at_3": 0.17346,
        "ndcg_at_5": 0.1873,
        "ndcg_at_10": 0.20098,
        "ndcg_at_20": 0.21055,
        "ndcg_at_100": 0.23265,
        "ndcg_at_1000": 0.26417,
        "map_at_1": 0.13592,
        "map_at_3": 0.16013,
        "map_at_5": 0.16846,
        "map_at_10": 0.17416,
        "map_at_20": 0.17667,
        "map_at_100": 0.17955,
        "map_at_1000": 0.1806,
        "recall_at_1": 0.13592,
        "recall_at_3": 0.19196,
        "recall_at_5": 0.22585,
        "recall_at_10": 0.26633,
        "recall_at_20": 0.30363,
        "recall_at_100": 0.41981,
        "recall_at_1000": 0.66534,
        "precision_at_1": 0.15157,
        "precision_at_3": 0.07332,
        "precision_at_5": 0.0525,
        "precision_at_10": 0.03124,
        "precision_at_20": 0.01774,
        "precision_at_100": 0.00516,
        "precision_at_1000": 0.00085,
        "mrr_at_1": 0.151571,
        "mrr_at_3": 0.179606,
        "mrr_at_5": 0.187461,
        "mrr_at_10": 0.193225,
        "mrr_at_20": 0.196058,
        "mrr_at_100": 0.198635,
        "mrr_at_1000": 0.19959,
        "nauc_ndcg_at_1_max": 0.315642,
        "nauc_ndcg_at_1_std": 0.039519,
        "nauc_ndcg_at_1_diff1": 0.412176,
        "nauc_ndcg_at_3_max": 0.251922,
        "nauc_ndcg_at_3_std": 0.014606,
        "nauc_ndcg_at_3_diff1": 0.320249,
        "nauc_ndcg_at_5_max": 0.241658,
        "nauc_ndcg_at_5_std": 0.005324,
        "nauc_ndcg_at_5_diff1": 0.300071,
        "nauc_ndcg_at_10_max": 0.246324,
        "nauc_ndcg_at_10_std": 0.005443,
        "nauc_ndcg_at_10_diff1": 0.279245,
        "nauc_ndcg_at_20_max": 0.242875,
        "nauc_ndcg_at_20_std": 0.0093,
        "nauc_ndcg_at_20_diff1": 0.273148,
        "nauc_ndcg_at_100_max": 0.237243,
        "nauc_ndcg_at_100_std": 0.027852,
        "nauc_ndcg_at_100_diff1": 0.259984,
        "nauc_ndcg_at_1000_max": 0.238689,
        "nauc_ndcg_at_1000_std": 0.035383,
        "nauc_ndcg_at_1000_diff1": 0.256366,
        "nauc_map_at_1_max": 0.297855,
        "nauc_map_at_1_std": 0.037706,
        "nauc_map_at_1_diff1": 0.413703,
        "nauc_map_at_3_max": 0.257793,
        "nauc_map_at_3_std": 0.01402,
        "nauc_map_at_3_diff1": 0.341487,
        "nauc_map_at_5_max": 0.253555,
        "nauc_map_at_5_std": 0.011707,
        "nauc_map_at_5_diff1": 0.33051,
        "nauc_map_at_10_max": 0.256348,
        "nauc_map_at_10_std": 0.01127,
        "nauc_map_at_10_diff1": 0.320077,
        "nauc_map_at_20_max": 0.255281,
        "nauc_map_at_20_std": 0.012063,
        "nauc_map_at_20_diff1": 0.317988,
        "nauc_map_at_100_max": 0.254783,
        "nauc_map_at_100_std": 0.01492,
        "nauc_map_at_100_diff1": 0.316208,
        "nauc_map_at_1000_max": 0.254883,
        "nauc_map_at_1000_std": 0.01544,
        "nauc_map_at_1000_diff1": 0.316079,
        "nauc_recall_at_1_max": 0.297855,
        "nauc_recall_at_1_std": 0.037706,
        "nauc_recall_at_1_diff1": 0.413703,
        "nauc_recall_at_3_max": 0.207129,
        "nauc_recall_at_3_std": -0.004433,
        "nauc_recall_at_3_diff1": 0.260081,
        "nauc_recall_at_5_max": 0.191281,
        "nauc_recall_at_5_std": -0.015769,
        "nauc_recall_at_5_diff1": 0.217459,
        "nauc_recall_at_10_max": 0.20373,
        "nauc_recall_at_10_std": -0.013895,
        "nauc_recall_at_10_diff1": 0.173274,
        "nauc_recall_at_20_max": 0.191954,
        "nauc_recall_at_20_std": 0.000111,
        "nauc_recall_at_20_diff1": 0.1559,
        "nauc_recall_at_100_max": 0.164785,
        "nauc_recall_at_100_std": 0.072476,
        "nauc_recall_at_100_diff1": 0.102593,
        "nauc_recall_at_1000_max": 0.152309,
        "nauc_recall_at_1000_std": 0.122684,
        "nauc_recall_at_1000_diff1": 0.027622,
        "nauc_precision_at_1_max": 0.315642,
        "nauc_precision_at_1_std": 0.039519,
        "nauc_precision_at_1_diff1": 0.412176,
        "nauc_precision_at_3_max": 0.244844,
        "nauc_precision_at_3_std": 0.012939,
        "nauc_precision_at_3_diff1": 0.272975,
        "nauc_precision_at_5_max": 0.222296,
        "nauc_precision_at_5_std": 0.001241,
        "nauc_precision_at_5_diff1": 0.237412,
        "nauc_precision_at_10_max": 0.244221,
        "nauc_precision_at_10_std": 0.011769,
        "nauc_precision_at_10_diff1": 0.187992,
        "nauc_precision_at_20_max": 0.232785,
        "nauc_precision_at_20_std": 0.028753,
        "nauc_precision_at_20_diff1": 0.17543,
        "nauc_precision_at_100_max": 0.187282,
        "nauc_precision_at_100_std": 0.112004,
        "nauc_precision_at_100_diff1": 0.111534,
        "nauc_precision_at_1000_max": 0.112709,
        "nauc_precision_at_1000_std": 0.178132,
        "nauc_precision_at_1000_diff1": 0.068665,
        "nauc_mrr_at_1_max": 0.315642,
        "nauc_mrr_at_1_std": 0.039519,
        "nauc_mrr_at_1_diff1": 0.412176,
        "nauc_mrr_at_3_max": 0.281789,
        "nauc_mrr_at_3_std": 0.024328,
        "nauc_mrr_at_3_diff1": 0.343651,
        "nauc_mrr_at_5_max": 0.274496,
        "nauc_mrr_at_5_std": 0.019659,
        "nauc_mrr_at_5_diff1": 0.329801,
        "nauc_mrr_at_10_max": 0.274619,
        "nauc_mrr_at_10_std": 0.019021,
        "nauc_mrr_at_10_diff1": 0.320406,
        "nauc_mrr_at_20_max": 0.273288,
        "nauc_mrr_at_20_std": 0.020131,
        "nauc_mrr_at_20_diff1": 0.31839,
        "nauc_mrr_at_100_max": 0.272267,
        "nauc_mrr_at_100_std": 0.022226,
        "nauc_mrr_at_100_diff1": 0.31675,
        "nauc_mrr_at_1000_max": 0.272472,
        "nauc_mrr_at_1000_std": 0.022396,
        "nauc_mrr_at_1000_diff1": 0.3169,
        "main_score": 0.20098,
        "hf_subset": "default",
        "languages": [
          "fas-Arab"
        ]
      }
    ]
  },
  "evaluation_time": 180.421315908432,
  "kg_co2_emissions": null
}