{
  "dataset_revision": "029a2e69e7d9e68b6bdc471073606104417a5be7",
  "task_name": "CQADupstackEnglishRetrieval-Fa",
  "mteb_version": "1.34.14",
  "scores": {
    "test": [
      {
        "ndcg_at_1": 0.21911,
        "ndcg_at_3": 0.24918,
        "ndcg_at_5": 0.2609,
        "ndcg_at_10": 0.27663,
        "ndcg_at_20": 0.2914,
        "ndcg_at_100": 0.3181,
        "ndcg_at_1000": 0.34358,
        "map_at_1": 0.17764,
        "map_at_3": 0.22121,
        "map_at_5": 0.23058,
        "map_at_10": 0.23848,
        "map_at_20": 0.24332,
        "map_at_100": 0.24762,
        "map_at_1000": 0.24875,
        "recall_at_1": 0.17764,
        "recall_at_3": 0.263,
        "recall_at_5": 0.29733,
        "recall_at_10": 0.34651,
        "recall_at_20": 0.40207,
        "recall_at_100": 0.52939,
        "recall_at_1000": 0.70235,
        "precision_at_1": 0.21911,
        "precision_at_3": 0.11996,
        "precision_at_5": 0.08369,
        "precision_at_10": 0.05096,
        "precision_at_20": 0.03067,
        "precision_at_100": 0.00898,
        "precision_at_1000": 0.00136,
        "mrr_at_1": 0.219108,
        "mrr_at_3": 0.26465,
        "mrr_at_5": 0.273408,
        "mrr_at_10": 0.280741,
        "mrr_at_20": 0.284842,
        "mrr_at_100": 0.288275,
        "mrr_at_1000": 0.288923,
        "nauc_ndcg_at_1_max": 0.309604,
        "nauc_ndcg_at_1_std": -0.019627,
        "nauc_ndcg_at_1_diff1": 0.408687,
        "nauc_ndcg_at_3_max": 0.30514,
        "nauc_ndcg_at_3_std": 0.000794,
        "nauc_ndcg_at_3_diff1": 0.355827,
        "nauc_ndcg_at_5_max": 0.30215,
        "nauc_ndcg_at_5_std": 0.013716,
        "nauc_ndcg_at_5_diff1": 0.349169,
        "nauc_ndcg_at_10_max": 0.290811,
        "nauc_ndcg_at_10_std": 0.019555,
        "nauc_ndcg_at_10_diff1": 0.3338,
        "nauc_ndcg_at_20_max": 0.28594,
        "nauc_ndcg_at_20_std": 0.023845,
        "nauc_ndcg_at_20_diff1": 0.332551,
        "nauc_ndcg_at_100_max": 0.296283,
        "nauc_ndcg_at_100_std": 0.045834,
        "nauc_ndcg_at_100_diff1": 0.327784,
        "nauc_ndcg_at_1000_max": 0.301112,
        "nauc_ndcg_at_1000_std": 0.05422,
        "nauc_ndcg_at_1000_diff1": 0.328938,
        "nauc_map_at_1_max": 0.286054,
        "nauc_map_at_1_std": -0.04744,
        "nauc_map_at_1_diff1": 0.442054,
        "nauc_map_at_3_max": 0.293488,
        "nauc_map_at_3_std": -0.025271,
        "nauc_map_at_3_diff1": 0.380646,
        "nauc_map_at_5_max": 0.296565,
        "nauc_map_at_5_std": -0.012711,
        "nauc_map_at_5_diff1": 0.37362,
        "nauc_map_at_10_max": 0.294336,
        "nauc_map_at_10_std": -0.006664,
        "nauc_map_at_10_diff1": 0.364728,
        "nauc_map_at_20_max": 0.294821,
        "nauc_map_at_20_std": -0.002875,
        "nauc_map_at_20_diff1": 0.363611,
        "nauc_map_at_100_max": 0.297099,
        "nauc_map_at_100_std": 0.002458,
        "nauc_map_at_100_diff1": 0.362511,
        "nauc_map_at_1000_max": 0.297772,
        "nauc_map_at_1000_std": 0.003536,
        "nauc_map_at_1000_diff1": 0.362382,
        "nauc_recall_at_1_max": 0.286054,
        "nauc_recall_at_1_std": -0.04744,
        "nauc_recall_at_1_diff1": 0.442054,
        "nauc_recall_at_3_max": 0.272751,
        "nauc_recall_at_3_std": -0.012797,
        "nauc_recall_at_3_diff1": 0.327572,
        "nauc_recall_at_5_max": 0.267562,
        "nauc_recall_at_5_std": 0.022227,
        "nauc_recall_at_5_diff1": 0.302432,
        "nauc_recall_at_10_max": 0.240901,
        "nauc_recall_at_10_std": 0.040665,
        "nauc_recall_at_10_diff1": 0.261876,
        "nauc_recall_at_20_max": 0.22188,
        "nauc_recall_at_20_std": 0.05747,
        "nauc_recall_at_20_diff1": 0.251012,
        "nauc_recall_at_100_max": 0.2586,
        "nauc_recall_at_100_std": 0.144247,
        "nauc_recall_at_100_diff1": 0.224559,
        "nauc_recall_at_1000_max": 0.265004,
        "nauc_recall_at_1000_std": 0.216856,
        "nauc_recall_at_1000_diff1": 0.204835,
        "nauc_precision_at_1_max": 0.309604,
        "nauc_precision_at_1_std": -0.019627,
        "nauc_precision_at_1_diff1": 0.408687,
        "nauc_precision_at_3_max": 0.334385,
        "nauc_precision_at_3_std": 0.071874,
        "nauc_precision_at_3_diff1": 0.252755,
        "nauc_precision_at_5_max": 0.345104,
        "nauc_precision_at_5_std": 0.125949,
        "nauc_precision_at_5_diff1": 0.220677,
        "nauc_precision_at_10_max": 0.316242,
        "nauc_precision_at_10_std": 0.166123,
        "nauc_precision_at_10_diff1": 0.15106,
        "nauc_precision_at_20_max": 0.306024,
        "nauc_precision_at_20_std": 0.212461,
        "nauc_precision_at_20_diff1": 0.12662,
        "nauc_precision_at_100_max": 0.297773,
        "nauc_precision_at_100_std": 0.325821,
        "nauc_precision_at_100_diff1": 0.056905,
        "nauc_precision_at_1000_max": 0.228798,
        "nauc_precision_at_1000_std": 0.311897,
        "nauc_precision_at_1000_diff1": 0.001805,
        "nauc_mrr_at_1_max": 0.309604,
        "nauc_mrr_at_1_std": -0.019627,
        "nauc_mrr_at_1_diff1": 0.408687,
        "nauc_mrr_at_3_max": 0.306616,
        "nauc_mrr_at_3_std": 0.008527,
        "nauc_mrr_at_3_diff1": 0.356215,
        "nauc_mrr_at_5_max": 0.306591,
        "nauc_mrr_at_5_std": 0.01687,
        "nauc_mrr_at_5_diff1": 0.351007,
        "nauc_mrr_at_10_max": 0.302687,
        "nauc_mrr_at_10_std": 0.018939,
        "nauc_mrr_at_10_diff1": 0.345587,
        "nauc_mrr_at_20_max": 0.30155,
        "nauc_mrr_at_20_std": 0.020051,
        "nauc_mrr_at_20_diff1": 0.345573,
        "nauc_mrr_at_100_max": 0.302175,
        "nauc_mrr_at_100_std": 0.021914,
        "nauc_mrr_at_100_diff1": 0.344755,
        "nauc_mrr_at_1000_max": 0.302114,
        "nauc_mrr_at_1000_std": 0.021785,
        "nauc_mrr_at_1000_diff1": 0.344978,
        "main_score": 0.27663,
        "hf_subset": "default",
        "languages": [
          "fas-Arab"
        ]
      }
    ]
  },
  "evaluation_time": 72.5861804485321,
  "kg_co2_emissions": null
}