{
  "dataset_revision": "c6e2c8b6153958118ec04352dd82a30ea2e2cad5",
  "task_name": "CQADupstackStatsRetrieval-Fa",
  "mteb_version": "1.34.14",
  "scores": {
    "test": [
      {
        "ndcg_at_1": 0.15031,
        "ndcg_at_3": 0.18221,
        "ndcg_at_5": 0.19687,
        "ndcg_at_10": 0.21367,
        "ndcg_at_20": 0.22499,
        "ndcg_at_100": 0.25073,
        "ndcg_at_1000": 0.27514,
        "map_at_1": 0.13445,
        "map_at_3": 0.16615,
        "map_at_5": 0.17554,
        "map_at_10": 0.18294,
        "map_at_20": 0.18602,
        "map_at_100": 0.18937,
        "map_at_1000": 0.19023,
        "recall_at_1": 0.13445,
        "recall_at_3": 0.20305,
        "recall_at_5": 0.23921,
        "recall_at_10": 0.29053,
        "recall_at_20": 0.33361,
        "recall_at_100": 0.47078,
        "recall_at_1000": 0.65388,
        "precision_at_1": 0.15031,
        "precision_at_3": 0.08078,
        "precision_at_5": 0.05798,
        "precision_at_10": 0.03512,
        "precision_at_20": 0.02009,
        "precision_at_100": 0.00574,
        "precision_at_1000": 0.00084,
        "mrr_at_1": 0.150307,
        "mrr_at_3": 0.18635,
        "mrr_at_5": 0.194939,
        "mrr_at_10": 0.201982,
        "mrr_at_20": 0.205328,
        "mrr_at_100": 0.208414,
        "mrr_at_1000": 0.209186,
        "nauc_ndcg_at_1_max": 0.226917,
        "nauc_ndcg_at_1_std": 0.04714,
        "nauc_ndcg_at_1_diff1": 0.450783,
        "nauc_ndcg_at_3_max": 0.189461,
        "nauc_ndcg_at_3_std": 0.062539,
        "nauc_ndcg_at_3_diff1": 0.380387,
        "nauc_ndcg_at_5_max": 0.198236,
        "nauc_ndcg_at_5_std": 0.075416,
        "nauc_ndcg_at_5_diff1": 0.358645,
        "nauc_ndcg_at_10_max": 0.212571,
        "nauc_ndcg_at_10_std": 0.093382,
        "nauc_ndcg_at_10_diff1": 0.348833,
        "nauc_ndcg_at_20_max": 0.199596,
        "nauc_ndcg_at_20_std": 0.107378,
        "nauc_ndcg_at_20_diff1": 0.339925,
        "nauc_ndcg_at_100_max": 0.198756,
        "nauc_ndcg_at_100_std": 0.116263,
        "nauc_ndcg_at_100_diff1": 0.337872,
        "nauc_ndcg_at_1000_max": 0.201021,
        "nauc_ndcg_at_1000_std": 0.126262,
        "nauc_ndcg_at_1000_diff1": 0.340613,
        "nauc_map_at_1_max": 0.209798,
        "nauc_map_at_1_std": 0.006632,
        "nauc_map_at_1_diff1": 0.438194,
        "nauc_map_at_3_max": 0.18538,
        "nauc_map_at_3_std": 0.042057,
        "nauc_map_at_3_diff1": 0.391106,
        "nauc_map_at_5_max": 0.19446,
        "nauc_map_at_5_std": 0.054496,
        "nauc_map_at_5_diff1": 0.379796,
        "nauc_map_at_10_max": 0.201053,
        "nauc_map_at_10_std": 0.062349,
        "nauc_map_at_10_diff1": 0.373996,
        "nauc_map_at_20_max": 0.197365,
        "nauc_map_at_20_std": 0.066369,
        "nauc_map_at_20_diff1": 0.371263,
        "nauc_map_at_100_max": 0.197789,
        "nauc_map_at_100_std": 0.068118,
        "nauc_map_at_100_diff1": 0.370815,
        "nauc_map_at_1000_max": 0.197865,
        "nauc_map_at_1000_std": 0.06866,
        "nauc_map_at_1000_diff1": 0.371039,
        "nauc_recall_at_1_max": 0.209798,
        "nauc_recall_at_1_std": 0.006632,
        "nauc_recall_at_1_diff1": 0.438194,
        "nauc_recall_at_3_max": 0.16462,
        "nauc_recall_at_3_std": 0.063149,
        "nauc_recall_at_3_diff1": 0.345105,
        "nauc_recall_at_5_max": 0.18468,
        "nauc_recall_at_5_std": 0.096332,
        "nauc_recall_at_5_diff1": 0.299886,
        "nauc_recall_at_10_max": 0.223626,
        "nauc_recall_at_10_std": 0.139349,
        "nauc_recall_at_10_diff1": 0.283715,
        "nauc_recall_at_20_max": 0.178961,
        "nauc_recall_at_20_std": 0.178626,
        "nauc_recall_at_20_diff1": 0.252152,
        "nauc_recall_at_100_max": 0.161273,
        "nauc_recall_at_100_std": 0.210556,
        "nauc_recall_at_100_diff1": 0.24345,
        "nauc_recall_at_1000_max": 0.172902,
        "nauc_recall_at_1000_std": 0.29218,
        "nauc_recall_at_1000_diff1": 0.239368,
        "nauc_precision_at_1_max": 0.226917,
        "nauc_precision_at_1_std": 0.04714,
        "nauc_precision_at_1_diff1": 0.450783,
        "nauc_precision_at_3_max": 0.196911,
        "nauc_precision_at_3_std": 0.129736,
        "nauc_precision_at_3_diff1": 0.344661,
        "nauc_precision_at_5_max": 0.223662,
        "nauc_precision_at_5_std": 0.158301,
        "nauc_precision_at_5_diff1": 0.295025,
        "nauc_precision_at_10_max": 0.262112,
        "nauc_precision_at_10_std": 0.205204,
        "nauc_precision_at_10_diff1": 0.270983,
        "nauc_precision_at_20_max": 0.223658,
        "nauc_precision_at_20_std": 0.244762,
        "nauc_precision_at_20_diff1": 0.249458,
        "nauc_precision_at_100_max": 0.226544,
        "nauc_precision_at_100_std": 0.276707,
        "nauc_precision_at_100_diff1": 0.226584,
        "nauc_precision_at_1000_max": 0.162453,
        "nauc_precision_at_1000_std": 0.308761,
        "nauc_precision_at_1000_diff1": 0.153523,
        "nauc_mrr_at_1_max": 0.226917,
        "nauc_mrr_at_1_std": 0.04714,
        "nauc_mrr_at_1_diff1": 0.450783,
        "nauc_mrr_at_3_max": 0.208233,
        "nauc_mrr_at_3_std": 0.080238,
        "nauc_mrr_at_3_diff1": 0.394191,
        "nauc_mrr_at_5_max": 0.211504,
        "nauc_mrr_at_5_std": 0.088007,
        "nauc_mrr_at_5_diff1": 0.378809,
        "nauc_mrr_at_10_max": 0.21647,
        "nauc_mrr_at_10_std": 0.094086,
        "nauc_mrr_at_10_diff1": 0.3741,
        "nauc_mrr_at_20_max": 0.212639,
        "nauc_mrr_at_20_std": 0.09812,
        "nauc_mrr_at_20_diff1": 0.371054,
        "nauc_mrr_at_100_max": 0.212806,
        "nauc_mrr_at_100_std": 0.098393,
        "nauc_mrr_at_100_diff1": 0.370259,
        "nauc_mrr_at_1000_max": 0.212724,
        "nauc_mrr_at_1000_std": 0.098729,
        "nauc_mrr_at_1000_diff1": 0.370399,
        "main_score": 0.21367,
        "hf_subset": "default",
        "languages": [
          "fas-Arab"
        ]
      }
    ]
  },
  "evaluation_time": 170.03601098060608,
  "kg_co2_emissions": null
}