{
  "dataset_revision": "860d152c86fda27229270b6bf4e832ff374ac01b",
  "task_name": "CQADupstackTexRetrieval-Fa",
  "mteb_version": "1.34.14",
  "scores": {
    "test": [
      {
        "ndcg_at_1": 0.10633,
        "ndcg_at_3": 0.1268,
        "ndcg_at_5": 0.13632,
        "ndcg_at_10": 0.14732,
        "ndcg_at_20": 0.15881,
        "ndcg_at_100": 0.18344,
        "ndcg_at_1000": 0.21522,
        "map_at_1": 0.08311,
        "map_at_3": 0.11001,
        "map_at_5": 0.11639,
        "map_at_10": 0.12146,
        "map_at_20": 0.12481,
        "map_at_100": 0.12819,
        "map_at_1000": 0.12929,
        "recall_at_1": 0.08311,
        "recall_at_3": 0.1393,
        "recall_at_5": 0.16572,
        "recall_at_10": 0.1995,
        "recall_at_20": 0.24238,
        "recall_at_100": 0.36803,
        "recall_at_1000": 0.60611,
        "precision_at_1": 0.10633,
        "precision_at_3": 0.06228,
        "precision_at_5": 0.04508,
        "precision_at_10": 0.0276,
        "precision_at_20": 0.01707,
        "precision_at_100": 0.00542,
        "precision_at_1000": 0.00094,
        "mrr_at_1": 0.106332,
        "mrr_at_3": 0.13604,
        "mrr_at_5": 0.143164,
        "mrr_at_10": 0.148121,
        "mrr_at_20": 0.151564,
        "mrr_at_100": 0.154757,
        "mrr_at_1000": 0.15568,
        "nauc_ndcg_at_1_max": 0.302857,
        "nauc_ndcg_at_1_std": -0.028959,
        "nauc_ndcg_at_1_diff1": 0.40397,
        "nauc_ndcg_at_3_max": 0.264344,
        "nauc_ndcg_at_3_std": -0.031435,
        "nauc_ndcg_at_3_diff1": 0.323332,
        "nauc_ndcg_at_5_max": 0.249846,
        "nauc_ndcg_at_5_std": -0.01263,
        "nauc_ndcg_at_5_diff1": 0.309202,
        "nauc_ndcg_at_10_max": 0.242605,
        "nauc_ndcg_at_10_std": -0.003988,
        "nauc_ndcg_at_10_diff1": 0.297303,
        "nauc_ndcg_at_20_max": 0.240119,
        "nauc_ndcg_at_20_std": 0.007251,
        "nauc_ndcg_at_20_diff1": 0.286682,
        "nauc_ndcg_at_100_max": 0.23377,
        "nauc_ndcg_at_100_std": 0.021,
        "nauc_ndcg_at_100_diff1": 0.264647,
        "nauc_ndcg_at_1000_max": 0.242009,
        "nauc_ndcg_at_1000_std": 0.038425,
        "nauc_ndcg_at_1000_diff1": 0.254784,
        "nauc_map_at_1_max": 0.28906,
        "nauc_map_at_1_std": -0.03702,
        "nauc_map_at_1_diff1": 0.427905,
        "nauc_map_at_3_max": 0.266547,
        "nauc_map_at_3_std": -0.039084,
        "nauc_map_at_3_diff1": 0.348853,
        "nauc_map_at_5_max": 0.259252,
        "nauc_map_at_5_std": -0.026547,
        "nauc_map_at_5_diff1": 0.338645,
        "nauc_map_at_10_max": 0.256669,
        "nauc_map_at_10_std": -0.021187,
        "nauc_map_at_10_diff1": 0.332412,
        "nauc_map_at_20_max": 0.256087,
        "nauc_map_at_20_std": -0.017109,
        "nauc_map_at_20_diff1": 0.328294,
        "nauc_map_at_100_max": 0.255375,
        "nauc_map_at_100_std": -0.014156,
        "nauc_map_at_100_diff1": 0.324451,
        "nauc_map_at_1000_max": 0.255742,
        "nauc_map_at_1000_std": -0.013182,
        "nauc_map_at_1000_diff1": 0.323986,
        "nauc_recall_at_1_max": 0.28906,
        "nauc_recall_at_1_std": -0.03702,
        "nauc_recall_at_1_diff1": 0.427905,
        "nauc_recall_at_3_max": 0.233649,
        "nauc_recall_at_3_std": -0.035528,
        "nauc_recall_at_3_diff1": 0.276176,
        "nauc_recall_at_5_max": 0.207639,
        "nauc_recall_at_5_std": 0.001015,
        "nauc_recall_at_5_diff1": 0.250618,
        "nauc_recall_at_10_max": 0.189409,
        "nauc_recall_at_10_std": 0.019673,
        "nauc_recall_at_10_diff1": 0.220555,
        "nauc_recall_at_20_max": 0.183424,
        "nauc_recall_at_20_std": 0.046569,
        "nauc_recall_at_20_diff1": 0.195853,
        "nauc_recall_at_100_max": 0.157977,
        "nauc_recall_at_100_std": 0.078196,
        "nauc_recall_at_100_diff1": 0.129144,
        "nauc_recall_at_1000_max": 0.186068,
        "nauc_recall_at_1000_std": 0.171401,
        "nauc_recall_at_1000_diff1": 0.05225,
        "nauc_precision_at_1_max": 0.302857,
        "nauc_precision_at_1_std": -0.028959,
        "nauc_precision_at_1_diff1": 0.40397,
        "nauc_precision_at_3_max": 0.270612,
        "nauc_precision_at_3_std": -0.020588,
        "nauc_precision_at_3_diff1": 0.265235,
        "nauc_precision_at_5_max": 0.251336,
        "nauc_precision_at_5_std": 0.020862,
        "nauc_precision_at_5_diff1": 0.238158,
        "nauc_precision_at_10_max": 0.246399,
        "nauc_precision_at_10_std": 0.050597,
        "nauc_precision_at_10_diff1": 0.212052,
        "nauc_precision_at_20_max": 0.245548,
        "nauc_precision_at_20_std": 0.083809,
        "nauc_precision_at_20_diff1": 0.181716,
        "nauc_precision_at_100_max": 0.228444,
        "nauc_precision_at_100_std": 0.146567,
        "nauc_precision_at_100_diff1": 0.099996,
        "nauc_precision_at_1000_max": 0.225283,
        "nauc_precision_at_1000_std": 0.220648,
        "nauc_precision_at_1000_diff1": 0.041787,
        "nauc_mrr_at_1_max": 0.302857,
        "nauc_mrr_at_1_std": -0.028959,
        "nauc_mrr_at_1_diff1": 0.40397,
        "nauc_mrr_at_3_max": 0.27189,
        "nauc_mrr_at_3_std": -0.021974,
        "nauc_mrr_at_3_diff1": 0.332679,
        "nauc_mrr_at_5_max": 0.26472,
        "nauc_mrr_at_5_std": -0.009835,
        "nauc_mrr_at_5_diff1": 0.32139,
        "nauc_mrr_at_10_max": 0.262025,
        "nauc_mrr_at_10_std": -0.007322,
        "nauc_mrr_at_10_diff1": 0.316267,
        "nauc_mrr_at_20_max": 0.260893,
        "nauc_mrr_at_20_std": -0.003763,
        "nauc_mrr_at_20_diff1": 0.313071,
        "nauc_mrr_at_100_max": 0.260181,
        "nauc_mrr_at_100_std": -0.001427,
        "nauc_mrr_at_100_diff1": 0.310546,
        "nauc_mrr_at_1000_max": 0.260279,
        "nauc_mrr_at_1000_std": -0.001223,
        "nauc_mrr_at_1000_diff1": 0.310214,
        "main_score": 0.14732,
        "hf_subset": "default",
        "languages": [
          "fas-Arab"
        ]
      }
    ]
  },
  "evaluation_time": 311.8741965293884,
  "kg_co2_emissions": null
}