{
  "dataset_revision": "bcdaf4e30477eea9b9b17ecbb153ca403e5c3ebd",
  "task_name": "CQADupstackAndroidRetrieval-Fa",
  "mteb_version": "1.34.14",
  "scores": {
    "test": [
      {
        "ndcg_at_1": 0.28612,
        "ndcg_at_3": 0.31873,
        "ndcg_at_5": 0.34027,
        "ndcg_at_10": 0.36241,
        "ndcg_at_20": 0.38152,
        "ndcg_at_100": 0.41571,
        "ndcg_at_1000": 0.4422,
        "map_at_1": 0.22136,
        "map_at_3": 0.27879,
        "map_at_5": 0.29681,
        "map_at_10": 0.3087,
        "map_at_20": 0.31515,
        "map_at_100": 0.3208,
        "map_at_1000": 0.32216,
        "recall_at_1": 0.22136,
        "recall_at_3": 0.33253,
        "recall_at_5": 0.396,
        "recall_at_10": 0.46393,
        "recall_at_20": 0.5354,
        "recall_at_100": 0.6994,
        "recall_at_1000": 0.87674,
        "precision_at_1": 0.28612,
        "precision_at_3": 0.15737,
        "precision_at_5": 0.11617,
        "precision_at_10": 0.07139,
        "precision_at_20": 0.04235,
        "precision_at_100": 0.01203,
        "precision_at_1000": 0.00172,
        "mrr_at_1": 0.286123,
        "mrr_at_3": 0.340486,
        "mrr_at_5": 0.354936,
        "mrr_at_10": 0.364915,
        "mrr_at_20": 0.369878,
        "mrr_at_100": 0.3737,
        "mrr_at_1000": 0.37431,
        "nauc_ndcg_at_1_max": 0.423282,
        "nauc_ndcg_at_1_std": -0.000928,
        "nauc_ndcg_at_1_diff1": 0.494224,
        "nauc_ndcg_at_3_max": 0.373653,
        "nauc_ndcg_at_3_std": 0.007045,
        "nauc_ndcg_at_3_diff1": 0.428437,
        "nauc_ndcg_at_5_max": 0.377304,
        "nauc_ndcg_at_5_std": 0.001691,
        "nauc_ndcg_at_5_diff1": 0.422207,
        "nauc_ndcg_at_10_max": 0.36977,
        "nauc_ndcg_at_10_std": 0.023509,
        "nauc_ndcg_at_10_diff1": 0.409705,
        "nauc_ndcg_at_20_max": 0.37643,
        "nauc_ndcg_at_20_std": 0.035575,
        "nauc_ndcg_at_20_diff1": 0.409667,
        "nauc_ndcg_at_100_max": 0.374353,
        "nauc_ndcg_at_100_std": 0.050674,
        "nauc_ndcg_at_100_diff1": 0.403386,
        "nauc_ndcg_at_1000_max": 0.378886,
        "nauc_ndcg_at_1000_std": 0.052758,
        "nauc_ndcg_at_1000_diff1": 0.407813,
        "nauc_map_at_1_max": 0.364584,
        "nauc_map_at_1_std": -0.022743,
        "nauc_map_at_1_diff1": 0.490926,
        "nauc_map_at_3_max": 0.355249,
        "nauc_map_at_3_std": -0.00827,
        "nauc_map_at_3_diff1": 0.439931,
        "nauc_map_at_5_max": 0.364885,
        "nauc_map_at_5_std": -0.007138,
        "nauc_map_at_5_diff1": 0.433521,
        "nauc_map_at_10_max": 0.364974,
        "nauc_map_at_10_std": 0.005379,
        "nauc_map_at_10_diff1": 0.429109,
        "nauc_map_at_20_max": 0.370757,
        "nauc_map_at_20_std": 0.010121,
        "nauc_map_at_20_diff1": 0.43005,
        "nauc_map_at_100_max": 0.371261,
        "nauc_map_at_100_std": 0.013312,
        "nauc_map_at_100_diff1": 0.428565,
        "nauc_map_at_1000_max": 0.371481,
        "nauc_map_at_1000_std": 0.013474,
        "nauc_map_at_1000_diff1": 0.428658,
        "nauc_recall_at_1_max": 0.364584,
        "nauc_recall_at_1_std": -0.022743,
        "nauc_recall_at_1_diff1": 0.490926,
        "nauc_recall_at_3_max": 0.320344,
        "nauc_recall_at_3_std": 0.005996,
        "nauc_recall_at_3_diff1": 0.381953,
        "nauc_recall_at_5_max": 0.331325,
        "nauc_recall_at_5_std": 0.006872,
        "nauc_recall_at_5_diff1": 0.352334,
        "nauc_recall_at_10_max": 0.315105,
        "nauc_recall_at_10_std": 0.060955,
        "nauc_recall_at_10_diff1": 0.316862,
        "nauc_recall_at_20_max": 0.332012,
        "nauc_recall_at_20_std": 0.095426,
        "nauc_recall_at_20_diff1": 0.310311,
        "nauc_recall_at_100_max": 0.301421,
        "nauc_recall_at_100_std": 0.193747,
        "nauc_recall_at_100_diff1": 0.244433,
        "nauc_recall_at_1000_max": 0.363498,
        "nauc_recall_at_1000_std": 0.410298,
        "nauc_recall_at_1000_diff1": 0.218844,
        "nauc_precision_at_1_max": 0.423282,
        "nauc_precision_at_1_std": -0.000928,
        "nauc_precision_at_1_diff1": 0.494224,
        "nauc_precision_at_3_max": 0.373798,
        "nauc_precision_at_3_std": 0.03237,
        "nauc_precision_at_3_diff1": 0.33386,
        "nauc_precision_at_5_max": 0.36958,
        "nauc_precision_at_5_std": 0.036255,
        "nauc_precision_at_5_diff1": 0.291955,
        "nauc_precision_at_10_max": 0.326727,
        "nauc_precision_at_10_std": 0.109121,
        "nauc_precision_at_10_diff1": 0.221611,
        "nauc_precision_at_20_max": 0.32504,
        "nauc_precision_at_20_std": 0.141661,
        "nauc_precision_at_20_diff1": 0.174797,
        "nauc_precision_at_100_max": 0.189717,
        "nauc_precision_at_100_std": 0.125811,
        "nauc_precision_at_100_diff1": 0.033159,
        "nauc_precision_at_1000_max": 0.037143,
        "nauc_precision_at_1000_std": 0.026478,
        "nauc_precision_at_1000_diff1": -0.086058,
        "nauc_mrr_at_1_max": 0.423282,
        "nauc_mrr_at_1_std": -0.000928,
        "nauc_mrr_at_1_diff1": 0.494224,
        "nauc_mrr_at_3_max": 0.397286,
        "nauc_mrr_at_3_std": 0.009767,
        "nauc_mrr_at_3_diff1": 0.451838,
        "nauc_mrr_at_5_max": 0.39968,
        "nauc_mrr_at_5_std": 0.008663,
        "nauc_mrr_at_5_diff1": 0.447304,
        "nauc_mrr_at_10_max": 0.396655,
        "nauc_mrr_at_10_std": 0.015261,
        "nauc_mrr_at_10_diff1": 0.442105,
        "nauc_mrr_at_20_max": 0.396599,
        "nauc_mrr_at_20_std": 0.017236,
        "nauc_mrr_at_20_diff1": 0.441411,
        "nauc_mrr_at_100_max": 0.396276,
        "nauc_mrr_at_100_std": 0.018173,
        "nauc_mrr_at_100_diff1": 0.440705,
        "nauc_mrr_at_1000_max": 0.396276,
        "nauc_mrr_at_1000_std": 0.018123,
        "nauc_mrr_at_1000_diff1": 0.440878,
        "main_score": 0.36241,
        "hf_subset": "default",
        "languages": [
          "fas-Arab"
        ]
      }
    ]
  },
  "evaluation_time": 51.562209367752075,
  "kg_co2_emissions": null
}