{
  "dataset_revision": "c2a326387954aad66ff00d324a9278067b1e3bb6",
  "task_name": "CQADupstackUnixRetrieval-Fa",
  "mteb_version": "1.34.14",
  "scores": {
    "test": [
      {
        "ndcg_at_1": 0.17817,
        "ndcg_at_3": 0.19727,
        "ndcg_at_5": 0.21268,
        "ndcg_at_10": 0.22779,
        "ndcg_at_20": 0.24074,
        "ndcg_at_100": 0.26955,
        "ndcg_at_1000": 0.30088,
        "map_at_1": 0.14584,
        "map_at_3": 0.17855,
        "map_at_5": 0.18776,
        "map_at_10": 0.19467,
        "map_at_20": 0.19848,
        "map_at_100": 0.20257,
        "map_at_1000": 0.20373,
        "recall_at_1": 0.14584,
        "recall_at_3": 0.21556,
        "recall_at_5": 0.25581,
        "recall_at_10": 0.30026,
        "recall_at_20": 0.34746,
        "recall_at_100": 0.49121,
        "recall_at_1000": 0.72039,
        "precision_at_1": 0.17817,
        "precision_at_3": 0.08924,
        "precision_at_5": 0.06325,
        "precision_at_10": 0.03815,
        "precision_at_20": 0.02248,
        "precision_at_100": 0.00661,
        "precision_at_1000": 0.00105,
        "mrr_at_1": 0.178172,
        "mrr_at_3": 0.209733,
        "mrr_at_5": 0.2206,
        "mrr_at_10": 0.226719,
        "mrr_at_20": 0.230346,
        "mrr_at_100": 0.234352,
        "mrr_at_1000": 0.235255,
        "nauc_ndcg_at_1_max": 0.347446,
        "nauc_ndcg_at_1_std": -0.016397,
        "nauc_ndcg_at_1_diff1": 0.519494,
        "nauc_ndcg_at_3_max": 0.322671,
        "nauc_ndcg_at_3_std": -0.006821,
        "nauc_ndcg_at_3_diff1": 0.451868,
        "nauc_ndcg_at_5_max": 0.31051,
        "nauc_ndcg_at_5_std": 4e-05,
        "nauc_ndcg_at_5_diff1": 0.42136,
        "nauc_ndcg_at_10_max": 0.314464,
        "nauc_ndcg_at_10_std": 0.009106,
        "nauc_ndcg_at_10_diff1": 0.413027,
        "nauc_ndcg_at_20_max": 0.309543,
        "nauc_ndcg_at_20_std": 0.016714,
        "nauc_ndcg_at_20_diff1": 0.399615,
        "nauc_ndcg_at_100_max": 0.307777,
        "nauc_ndcg_at_100_std": 0.035946,
        "nauc_ndcg_at_100_diff1": 0.393833,
        "nauc_ndcg_at_1000_max": 0.317942,
        "nauc_ndcg_at_1000_std": 0.039838,
        "nauc_ndcg_at_1000_diff1": 0.3903,
        "nauc_map_at_1_max": 0.341248,
        "nauc_map_at_1_std": -0.024207,
        "nauc_map_at_1_diff1": 0.54063,
        "nauc_map_at_3_max": 0.323654,
        "nauc_map_at_3_std": -0.015323,
        "nauc_map_at_3_diff1": 0.474514,
        "nauc_map_at_5_max": 0.317295,
        "nauc_map_at_5_std": -0.009581,
        "nauc_map_at_5_diff1": 0.455734,
        "nauc_map_at_10_max": 0.319099,
        "nauc_map_at_10_std": -0.003921,
        "nauc_map_at_10_diff1": 0.451491,
        "nauc_map_at_20_max": 0.317675,
        "nauc_map_at_20_std": -0.000669,
        "nauc_map_at_20_diff1": 0.447174,
        "nauc_map_at_100_max": 0.317099,
        "nauc_map_at_100_std": 0.002179,
        "nauc_map_at_100_diff1": 0.446094,
        "nauc_map_at_1000_max": 0.317684,
        "nauc_map_at_1000_std": 0.0025,
        "nauc_map_at_1000_diff1": 0.445816,
        "nauc_recall_at_1_max": 0.341248,
        "nauc_recall_at_1_std": -0.024207,
        "nauc_recall_at_1_diff1": 0.54063,
        "nauc_recall_at_3_max": 0.296033,
        "nauc_recall_at_3_std": -0.006352,
        "nauc_recall_at_3_diff1": 0.395594,
        "nauc_recall_at_5_max": 0.27201,
        "nauc_recall_at_5_std": 0.012643,
        "nauc_recall_at_5_diff1": 0.331943,
        "nauc_recall_at_10_max": 0.275445,
        "nauc_recall_at_10_std": 0.030983,
        "nauc_recall_at_10_diff1": 0.307932,
        "nauc_recall_at_20_max": 0.25751,
        "nauc_recall_at_20_std": 0.050644,
        "nauc_recall_at_20_diff1": 0.267698,
        "nauc_recall_at_100_max": 0.242105,
        "nauc_recall_at_100_std": 0.127648,
        "nauc_recall_at_100_diff1": 0.238323,
        "nauc_recall_at_1000_max": 0.293581,
        "nauc_recall_at_1000_std": 0.190469,
        "nauc_recall_at_1000_diff1": 0.160714,
        "nauc_precision_at_1_max": 0.347446,
        "nauc_precision_at_1_std": -0.016397,
        "nauc_precision_at_1_diff1": 0.519494,
        "nauc_precision_at_3_max": 0.320043,
        "nauc_precision_at_3_std": 0.02778,
        "nauc_precision_at_3_diff1": 0.388234,
        "nauc_precision_at_5_max": 0.302043,
        "nauc_precision_at_5_std": 0.04716,
        "nauc_precision_at_5_diff1": 0.329332,
        "nauc_precision_at_10_max": 0.316788,
        "nauc_precision_at_10_std": 0.078273,
        "nauc_precision_at_10_diff1": 0.298163,
        "nauc_precision_at_20_max": 0.294909,
        "nauc_precision_at_20_std": 0.09968,
        "nauc_precision_at_20_diff1": 0.248291,
        "nauc_precision_at_100_max": 0.268226,
        "nauc_precision_at_100_std": 0.17575,
        "nauc_precision_at_100_diff1": 0.174927,
        "nauc_precision_at_1000_max": 0.216163,
        "nauc_precision_at_1000_std": 0.164339,
        "nauc_precision_at_1000_diff1": 0.023643,
        "nauc_mrr_at_1_max": 0.347446,
        "nauc_mrr_at_1_std": -0.016397,
        "nauc_mrr_at_1_diff1": 0.519494,
        "nauc_mrr_at_3_max": 0.333118,
        "nauc_mrr_at_3_std": -0.004636,
        "nauc_mrr_at_3_diff1": 0.458766,
        "nauc_mrr_at_5_max": 0.327814,
        "nauc_mrr_at_5_std": 0.000453,
        "nauc_mrr_at_5_diff1": 0.440422,
        "nauc_mrr_at_10_max": 0.329534,
        "nauc_mrr_at_10_std": 0.001989,
        "nauc_mrr_at_10_diff1": 0.438028,
        "nauc_mrr_at_20_max": 0.328027,
        "nauc_mrr_at_20_std": 0.00313,
        "nauc_mrr_at_20_diff1": 0.433953,
        "nauc_mrr_at_100_max": 0.327076,
        "nauc_mrr_at_100_std": 0.005955,
        "nauc_mrr_at_100_diff1": 0.432855,
        "nauc_mrr_at_1000_max": 0.327399,
        "nauc_mrr_at_1000_std": 0.005739,
        "nauc_mrr_at_1000_diff1": 0.432956,
        "main_score": 0.22779,
        "hf_subset": "default",
        "languages": [
          "fas-Arab"
        ]
      }
    ]
  },
  "evaluation_time": 168.45983147621155,
  "kg_co2_emissions": null
}