{
  "dataset_revision": "b92e24fab42ab599535a19ee744de5485ec92f64",
  "task_name": "CQADupstackMathematicaRetrieval-Fa",
  "mteb_version": "1.34.14",
  "scores": {
    "test": [
      {
        "ndcg_at_1": 0.10821,
        "ndcg_at_3": 0.12953,
        "ndcg_at_5": 0.14204,
        "ndcg_at_10": 0.15701,
        "ndcg_at_20": 0.17083,
        "ndcg_at_100": 0.19671,
        "ndcg_at_1000": 0.22838,
        "map_at_1": 0.08219,
        "map_at_3": 0.11144,
        "map_at_5": 0.11939,
        "map_at_10": 0.12577,
        "map_at_20": 0.12947,
        "map_at_100": 0.13299,
        "map_at_1000": 0.13401,
        "recall_at_1": 0.08219,
        "recall_at_3": 0.14649,
        "recall_at_5": 0.17895,
        "recall_at_10": 0.2236,
        "recall_at_20": 0.27401,
        "recall_at_100": 0.40581,
        "recall_at_1000": 0.6427,
        "precision_at_1": 0.10821,
        "precision_at_3": 0.06509,
        "precision_at_5": 0.04851,
        "precision_at_10": 0.03085,
        "precision_at_20": 0.01934,
        "precision_at_100": 0.00586,
        "precision_at_1000": 0.00099,
        "mrr_at_1": 0.108209,
        "mrr_at_3": 0.141584,
        "mrr_at_5": 0.150601,
        "mrr_at_10": 0.157781,
        "mrr_at_20": 0.161862,
        "mrr_at_100": 0.164834,
        "mrr_at_1000": 0.165723,
        "nauc_ndcg_at_1_max": 0.21152,
        "nauc_ndcg_at_1_std": 0.069518,
        "nauc_ndcg_at_1_diff1": 0.352595,
        "nauc_ndcg_at_3_max": 0.19016,
        "nauc_ndcg_at_3_std": 0.057566,
        "nauc_ndcg_at_3_diff1": 0.289741,
        "nauc_ndcg_at_5_max": 0.185064,
        "nauc_ndcg_at_5_std": 0.083637,
        "nauc_ndcg_at_5_diff1": 0.262745,
        "nauc_ndcg_at_10_max": 0.1939,
        "nauc_ndcg_at_10_std": 0.091224,
        "nauc_ndcg_at_10_diff1": 0.236833,
        "nauc_ndcg_at_20_max": 0.194857,
        "nauc_ndcg_at_20_std": 0.100984,
        "nauc_ndcg_at_20_diff1": 0.240681,
        "nauc_ndcg_at_100_max": 0.190643,
        "nauc_ndcg_at_100_std": 0.107826,
        "nauc_ndcg_at_100_diff1": 0.223107,
        "nauc_ndcg_at_1000_max": 0.18734,
        "nauc_ndcg_at_1000_std": 0.119213,
        "nauc_ndcg_at_1000_diff1": 0.225843,
        "nauc_map_at_1_max": 0.216609,
        "nauc_map_at_1_std": 0.082586,
        "nauc_map_at_1_diff1": 0.349301,
        "nauc_map_at_3_max": 0.196748,
        "nauc_map_at_3_std": 0.062151,
        "nauc_map_at_3_diff1": 0.304984,
        "nauc_map_at_5_max": 0.19528,
        "nauc_map_at_5_std": 0.078227,
        "nauc_map_at_5_diff1": 0.288088,
        "nauc_map_at_10_max": 0.200761,
        "nauc_map_at_10_std": 0.082412,
        "nauc_map_at_10_diff1": 0.275827,
        "nauc_map_at_20_max": 0.201402,
        "nauc_map_at_20_std": 0.085416,
        "nauc_map_at_20_diff1": 0.276256,
        "nauc_map_at_100_max": 0.199822,
        "nauc_map_at_100_std": 0.088006,
        "nauc_map_at_100_diff1": 0.273066,
        "nauc_map_at_1000_max": 0.199767,
        "nauc_map_at_1000_std": 0.088526,
        "nauc_map_at_1000_diff1": 0.273488,
        "nauc_recall_at_1_max": 0.216609,
        "nauc_recall_at_1_std": 0.082586,
        "nauc_recall_at_1_diff1": 0.349301,
        "nauc_recall_at_3_max": 0.16109,
        "nauc_recall_at_3_std": 0.044205,
        "nauc_recall_at_3_diff1": 0.247062,
        "nauc_recall_at_5_max": 0.160031,
        "nauc_recall_at_5_std": 0.094594,
        "nauc_recall_at_5_diff1": 0.205053,
        "nauc_recall_at_10_max": 0.183072,
        "nauc_recall_at_10_std": 0.100474,
        "nauc_recall_at_10_diff1": 0.152782,
        "nauc_recall_at_20_max": 0.181839,
        "nauc_recall_at_20_std": 0.124102,
        "nauc_recall_at_20_diff1": 0.164659,
        "nauc_recall_at_100_max": 0.16914,
        "nauc_recall_at_100_std": 0.132476,
        "nauc_recall_at_100_diff1": 0.100296,
        "nauc_recall_at_1000_max": 0.134954,
        "nauc_recall_at_1000_std": 0.19849,
        "nauc_recall_at_1000_diff1": 0.064945,
        "nauc_precision_at_1_max": 0.21152,
        "nauc_precision_at_1_std": 0.069518,
        "nauc_precision_at_1_diff1": 0.352595,
        "nauc_precision_at_3_max": 0.194827,
        "nauc_precision_at_3_std": 0.049511,
        "nauc_precision_at_3_diff1": 0.256551,
        "nauc_precision_at_5_max": 0.176616,
        "nauc_precision_at_5_std": 0.084463,
        "nauc_precision_at_5_diff1": 0.206713,
        "nauc_precision_at_10_max": 0.178205,
        "nauc_precision_at_10_std": 0.105701,
        "nauc_precision_at_10_diff1": 0.144045,
        "nauc_precision_at_20_max": 0.184733,
        "nauc_precision_at_20_std": 0.127027,
        "nauc_precision_at_20_diff1": 0.157072,
        "nauc_precision_at_100_max": 0.146089,
        "nauc_precision_at_100_std": 0.145528,
        "nauc_precision_at_100_diff1": 0.103283,
        "nauc_precision_at_1000_max": 0.077369,
        "nauc_precision_at_1000_std": 0.142245,
        "nauc_precision_at_1000_diff1": 0.091782,
        "nauc_mrr_at_1_max": 0.21152,
        "nauc_mrr_at_1_std": 0.069518,
        "nauc_mrr_at_1_diff1": 0.352595,
        "nauc_mrr_at_3_max": 0.189701,
        "nauc_mrr_at_3_std": 0.065145,
        "nauc_mrr_at_3_diff1": 0.293977,
        "nauc_mrr_at_5_max": 0.187513,
        "nauc_mrr_at_5_std": 0.076907,
        "nauc_mrr_at_5_diff1": 0.281609,
        "nauc_mrr_at_10_max": 0.191326,
        "nauc_mrr_at_10_std": 0.08177,
        "nauc_mrr_at_10_diff1": 0.271497,
        "nauc_mrr_at_20_max": 0.190293,
        "nauc_mrr_at_20_std": 0.084312,
        "nauc_mrr_at_20_diff1": 0.273117,
        "nauc_mrr_at_100_max": 0.190062,
        "nauc_mrr_at_100_std": 0.084849,
        "nauc_mrr_at_100_diff1": 0.271638,
        "nauc_mrr_at_1000_max": 0.189868,
        "nauc_mrr_at_1000_std": 0.085157,
        "nauc_mrr_at_1000_diff1": 0.271831,
        "main_score": 0.15701,
        "hf_subset": "default",
        "languages": [
          "fas-Arab"
        ]
      }
    ]
  },
  "evaluation_time": 79.76034188270569,
  "kg_co2_emissions": null
}