{
  "dataset_revision": "e907c4144dc27bc8a035d78d69e15f39c56623a9",
  "task_name": "CQADupstackGisRetrieval-Fa",
  "mteb_version": "1.34.14",
  "scores": {
    "test": [
      {
        "ndcg_at_1": 0.14463,
        "ndcg_at_3": 0.18856,
        "ndcg_at_5": 0.20248,
        "ndcg_at_10": 0.21789,
        "ndcg_at_20": 0.23002,
        "ndcg_at_100": 0.25939,
        "ndcg_at_1000": 0.28679,
        "map_at_1": 0.13522,
        "map_at_3": 0.17363,
        "map_at_5": 0.18146,
        "map_at_10": 0.18795,
        "map_at_20": 0.19133,
        "map_at_100": 0.19538,
        "map_at_1000": 0.19622,
        "recall_at_1": 0.13522,
        "recall_at_3": 0.22024,
        "recall_at_5": 0.25242,
        "recall_at_10": 0.29922,
        "recall_at_20": 0.34615,
        "recall_at_100": 0.49838,
        "recall_at_1000": 0.71948,
        "precision_at_1": 0.14463,
        "precision_at_3": 0.08098,
        "precision_at_5": 0.05695,
        "precision_at_10": 0.03379,
        "precision_at_20": 0.01955,
        "precision_at_100": 0.00584,
        "precision_at_1000": 0.00085,
        "mrr_at_1": 0.144633,
        "mrr_at_3": 0.184557,
        "mrr_at_5": 0.193089,
        "mrr_at_10": 0.199312,
        "mrr_at_20": 0.202577,
        "mrr_at_100": 0.206554,
        "mrr_at_1000": 0.207314,
        "nauc_ndcg_at_1_max": 0.283739,
        "nauc_ndcg_at_1_std": 0.00621,
        "nauc_ndcg_at_1_diff1": 0.455246,
        "nauc_ndcg_at_3_max": 0.26471,
        "nauc_ndcg_at_3_std": 0.003711,
        "nauc_ndcg_at_3_diff1": 0.337346,
        "nauc_ndcg_at_5_max": 0.266979,
        "nauc_ndcg_at_5_std": 0.014067,
        "nauc_ndcg_at_5_diff1": 0.330911,
        "nauc_ndcg_at_10_max": 0.255231,
        "nauc_ndcg_at_10_std": 0.020119,
        "nauc_ndcg_at_10_diff1": 0.309888,
        "nauc_ndcg_at_20_max": 0.255613,
        "nauc_ndcg_at_20_std": 0.021898,
        "nauc_ndcg_at_20_diff1": 0.306896,
        "nauc_ndcg_at_100_max": 0.263817,
        "nauc_ndcg_at_100_std": 0.051596,
        "nauc_ndcg_at_100_diff1": 0.303444,
        "nauc_ndcg_at_1000_max": 0.26677,
        "nauc_ndcg_at_1000_std": 0.060569,
        "nauc_ndcg_at_1000_diff1": 0.301629,
        "nauc_map_at_1_max": 0.257529,
        "nauc_map_at_1_std": -0.003587,
        "nauc_map_at_1_diff1": 0.463752,
        "nauc_map_at_3_max": 0.263841,
        "nauc_map_at_3_std": 0.004418,
        "nauc_map_at_3_diff1": 0.36394,
        "nauc_map_at_5_max": 0.265457,
        "nauc_map_at_5_std": 0.010464,
        "nauc_map_at_5_diff1": 0.36003,
        "nauc_map_at_10_max": 0.260304,
        "nauc_map_at_10_std": 0.01316,
        "nauc_map_at_10_diff1": 0.34921,
        "nauc_map_at_20_max": 0.260503,
        "nauc_map_at_20_std": 0.013783,
        "nauc_map_at_20_diff1": 0.348536,
        "nauc_map_at_100_max": 0.260632,
        "nauc_map_at_100_std": 0.018311,
        "nauc_map_at_100_diff1": 0.347649,
        "nauc_map_at_1000_max": 0.260944,
        "nauc_map_at_1000_std": 0.018827,
        "nauc_map_at_1000_diff1": 0.3476,
        "nauc_recall_at_1_max": 0.257529,
        "nauc_recall_at_1_std": -0.003587,
        "nauc_recall_at_1_diff1": 0.463752,
        "nauc_recall_at_3_max": 0.254128,
        "nauc_recall_at_3_std": 0.002196,
        "nauc_recall_at_3_diff1": 0.268646,
        "nauc_recall_at_5_max": 0.256629,
        "nauc_recall_at_5_std": 0.021819,
        "nauc_recall_at_5_diff1": 0.259739,
        "nauc_recall_at_10_max": 0.225571,
        "nauc_recall_at_10_std": 0.035237,
        "nauc_recall_at_10_diff1": 0.213837,
        "nauc_recall_at_20_max": 0.22464,
        "nauc_recall_at_20_std": 0.039462,
        "nauc_recall_at_20_diff1": 0.203217,
        "nauc_recall_at_100_max": 0.264755,
        "nauc_recall_at_100_std": 0.171521,
        "nauc_recall_at_100_diff1": 0.192459,
        "nauc_recall_at_1000_max": 0.273468,
        "nauc_recall_at_1000_std": 0.278528,
        "nauc_recall_at_1000_diff1": 0.122668,
        "nauc_precision_at_1_max": 0.283739,
        "nauc_precision_at_1_std": 0.00621,
        "nauc_precision_at_1_diff1": 0.455246,
        "nauc_precision_at_3_max": 0.28472,
        "nauc_precision_at_3_std": 0.010475,
        "nauc_precision_at_3_diff1": 0.262928,
        "nauc_precision_at_5_max": 0.287436,
        "nauc_precision_at_5_std": 0.02763,
        "nauc_precision_at_5_diff1": 0.251439,
        "nauc_precision_at_10_max": 0.253223,
        "nauc_precision_at_10_std": 0.03992,
        "nauc_precision_at_10_diff1": 0.202693,
        "nauc_precision_at_20_max": 0.254329,
        "nauc_precision_at_20_std": 0.046085,
        "nauc_precision_at_20_diff1": 0.196072,
        "nauc_precision_at_100_max": 0.281373,
        "nauc_precision_at_100_std": 0.144458,
        "nauc_precision_at_100_diff1": 0.146792,
        "nauc_precision_at_1000_max": 0.256087,
        "nauc_precision_at_1000_std": 0.218821,
        "nauc_precision_at_1000_diff1": 0.081972,
        "nauc_mrr_at_1_max": 0.283739,
        "nauc_mrr_at_1_std": 0.00621,
        "nauc_mrr_at_1_diff1": 0.455246,
        "nauc_mrr_at_3_max": 0.276468,
        "nauc_mrr_at_3_std": 0.005866,
        "nauc_mrr_at_3_diff1": 0.360706,
        "nauc_mrr_at_5_max": 0.277743,
        "nauc_mrr_at_5_std": 0.012644,
        "nauc_mrr_at_5_diff1": 0.356266,
        "nauc_mrr_at_10_max": 0.272572,
        "nauc_mrr_at_10_std": 0.015568,
        "nauc_mrr_at_10_diff1": 0.346979,
        "nauc_mrr_at_20_max": 0.27267,
        "nauc_mrr_at_20_std": 0.016066,
        "nauc_mrr_at_20_diff1": 0.346218,
        "nauc_mrr_at_100_max": 0.27279,
        "nauc_mrr_at_100_std": 0.019794,
        "nauc_mrr_at_100_diff1": 0.345345,
        "nauc_mrr_at_1000_max": 0.27293,
        "nauc_mrr_at_1000_std": 0.020266,
        "nauc_mrr_at_1000_diff1": 0.345232,
        "main_score": 0.21789,
        "hf_subset": "default",
        "languages": [
          "fas-Arab"
        ]
      }
    ]
  },
  "evaluation_time": 130.07032370567322,
  "kg_co2_emissions": null
}