{
  "dataset_revision": "e683ce7ecd0b47edc3e29fda7cfd75335be4a997",
  "task_name": "FiQA2018-Fa",
  "mteb_version": "1.34.14",
  "scores": {
    "test": [
      {
        "ndcg_at_1": 0.14043,
        "ndcg_at_3": 0.12579,
        "ndcg_at_5": 0.13517,
        "ndcg_at_10": 0.15224,
        "ndcg_at_20": 0.17044,
        "ndcg_at_100": 0.20747,
        "ndcg_at_1000": 0.25031,
        "map_at_1": 0.0661,
        "map_at_3": 0.09125,
        "map_at_5": 0.10049,
        "map_at_10": 0.10905,
        "map_at_20": 0.11486,
        "map_at_100": 0.12035,
        "map_at_1000": 0.12211,
        "recall_at_1": 0.0661,
        "recall_at_3": 0.11719,
        "recall_at_5": 0.14775,
        "recall_at_10": 0.20024,
        "recall_at_20": 0.25898,
        "recall_at_100": 0.41666,
        "recall_at_1000": 0.68623,
        "precision_at_1": 0.14043,
        "precision_at_3": 0.0823,
        "precision_at_5": 0.06512,
        "precision_at_10": 0.04383,
        "precision_at_20": 0.02886,
        "precision_at_100": 0.00988,
        "precision_at_1000": 0.00173,
        "mrr_at_1": 0.140432,
        "mrr_at_3": 0.173097,
        "mrr_at_5": 0.183745,
        "mrr_at_10": 0.19364,
        "mrr_at_20": 0.1987,
        "mrr_at_100": 0.203638,
        "mrr_at_1000": 0.204661,
        "nauc_ndcg_at_1_max": 0.177127,
        "nauc_ndcg_at_1_std": -0.069841,
        "nauc_ndcg_at_1_diff1": 0.415439,
        "nauc_ndcg_at_3_max": 0.164925,
        "nauc_ndcg_at_3_std": -0.034069,
        "nauc_ndcg_at_3_diff1": 0.358618,
        "nauc_ndcg_at_5_max": 0.165566,
        "nauc_ndcg_at_5_std": -0.047789,
        "nauc_ndcg_at_5_diff1": 0.337185,
        "nauc_ndcg_at_10_max": 0.160605,
        "nauc_ndcg_at_10_std": -0.042126,
        "nauc_ndcg_at_10_diff1": 0.326087,
        "nauc_ndcg_at_20_max": 0.169354,
        "nauc_ndcg_at_20_std": -0.027282,
        "nauc_ndcg_at_20_diff1": 0.320712,
        "nauc_ndcg_at_100_max": 0.175587,
        "nauc_ndcg_at_100_std": -0.007008,
        "nauc_ndcg_at_100_diff1": 0.305373,
        "nauc_ndcg_at_1000_max": 0.193148,
        "nauc_ndcg_at_1000_std": 0.032512,
        "nauc_ndcg_at_1000_diff1": 0.30122,
        "nauc_map_at_1_max": 0.160511,
        "nauc_map_at_1_std": -0.166771,
        "nauc_map_at_1_diff1": 0.398075,
        "nauc_map_at_3_max": 0.159695,
        "nauc_map_at_3_std": -0.101143,
        "nauc_map_at_3_diff1": 0.369043,
        "nauc_map_at_5_max": 0.165895,
        "nauc_map_at_5_std": -0.090096,
        "nauc_map_at_5_diff1": 0.353859,
        "nauc_map_at_10_max": 0.164293,
        "nauc_map_at_10_std": -0.078897,
        "nauc_map_at_10_diff1": 0.351198,
        "nauc_map_at_20_max": 0.17183,
        "nauc_map_at_20_std": -0.066403,
        "nauc_map_at_20_diff1": 0.35032,
        "nauc_map_at_100_max": 0.173517,
        "nauc_map_at_100_std": -0.060141,
        "nauc_map_at_100_diff1": 0.347705,
        "nauc_map_at_1000_max": 0.17445,
        "nauc_map_at_1000_std": -0.057194,
        "nauc_map_at_1000_diff1": 0.347224,
        "nauc_recall_at_1_max": 0.160511,
        "nauc_recall_at_1_std": -0.166771,
        "nauc_recall_at_1_diff1": 0.398075,
        "nauc_recall_at_3_max": 0.132999,
        "nauc_recall_at_3_std": -0.036978,
        "nauc_recall_at_3_diff1": 0.310154,
        "nauc_recall_at_5_max": 0.139379,
        "nauc_recall_at_5_std": -0.037892,
        "nauc_recall_at_5_diff1": 0.261664,
        "nauc_recall_at_10_max": 0.119494,
        "nauc_recall_at_10_std": -0.011062,
        "nauc_recall_at_10_diff1": 0.227415,
        "nauc_recall_at_20_max": 0.133332,
        "nauc_recall_at_20_std": 0.015928,
        "nauc_recall_at_20_diff1": 0.214645,
        "nauc_recall_at_100_max": 0.133557,
        "nauc_recall_at_100_std": 0.060348,
        "nauc_recall_at_100_diff1": 0.160683,
        "nauc_recall_at_1000_max": 0.183824,
        "nauc_recall_at_1000_std": 0.26555,
        "nauc_recall_at_1000_diff1": 0.08474,
        "nauc_precision_at_1_max": 0.177127,
        "nauc_precision_at_1_std": -0.069841,
        "nauc_precision_at_1_diff1": 0.415439,
        "nauc_precision_at_3_max": 0.181531,
        "nauc_precision_at_3_std": 0.02743,
        "nauc_precision_at_3_diff1": 0.343457,
        "nauc_precision_at_5_max": 0.181196,
        "nauc_precision_at_5_std": 0.042775,
        "nauc_precision_at_5_diff1": 0.298477,
        "nauc_precision_at_10_max": 0.172271,
        "nauc_precision_at_10_std": 0.076148,
        "nauc_precision_at_10_diff1": 0.286333,
        "nauc_precision_at_20_max": 0.180553,
        "nauc_precision_at_20_std": 0.111692,
        "nauc_precision_at_20_diff1": 0.256729,
        "nauc_precision_at_100_max": 0.18589,
        "nauc_precision_at_100_std": 0.167461,
        "nauc_precision_at_100_diff1": 0.188171,
        "nauc_precision_at_1000_max": 0.183473,
        "nauc_precision_at_1000_std": 0.240682,
        "nauc_precision_at_1000_diff1": 0.087157,
        "nauc_mrr_at_1_max": 0.177127,
        "nauc_mrr_at_1_std": -0.069841,
        "nauc_mrr_at_1_diff1": 0.415439,
        "nauc_mrr_at_3_max": 0.171158,
        "nauc_mrr_at_3_std": -0.02746,
        "nauc_mrr_at_3_diff1": 0.378309,
        "nauc_mrr_at_5_max": 0.168177,
        "nauc_mrr_at_5_std": -0.033524,
        "nauc_mrr_at_5_diff1": 0.364413,
        "nauc_mrr_at_10_max": 0.166522,
        "nauc_mrr_at_10_std": -0.032555,
        "nauc_mrr_at_10_diff1": 0.356519,
        "nauc_mrr_at_20_max": 0.165398,
        "nauc_mrr_at_20_std": -0.031812,
        "nauc_mrr_at_20_diff1": 0.354716,
        "nauc_mrr_at_100_max": 0.166083,
        "nauc_mrr_at_100_std": -0.030779,
        "nauc_mrr_at_100_diff1": 0.352456,
        "nauc_mrr_at_1000_max": 0.166573,
        "nauc_mrr_at_1000_std": -0.030023,
        "nauc_mrr_at_1000_diff1": 0.352702,
        "main_score": 0.15224,
        "hf_subset": "default",
        "languages": [
          "fas-Arab"
        ]
      }
    ]
  },
  "evaluation_time": 156.94106650352478,
  "kg_co2_emissions": null
}