{
  "dataset_revision": "1a43f4f5dcd71e6b14b275ae82c3237cdd4fd5fd",
  "task_name": "QuoraRetrieval-Fa",
  "mteb_version": "1.34.14",
  "scores": {
    "test": [
      {
        "ndcg_at_1": 0.6872,
        "ndcg_at_3": 0.73631,
        "ndcg_at_5": 0.75529,
        "ndcg_at_10": 0.77396,
        "ndcg_at_20": 0.78543,
        "ndcg_at_100": 0.79809,
        "ndcg_at_1000": 0.80228,
        "map_at_1": 0.59582,
        "map_at_3": 0.69491,
        "map_at_5": 0.71346,
        "map_at_10": 0.7256,
        "map_at_20": 0.7307,
        "map_at_100": 0.73385,
        "map_at_1000": 0.73419,
        "recall_at_1": 0.59582,
        "recall_at_3": 0.76424,
        "recall_at_5": 0.81511,
        "recall_at_10": 0.87112,
        "recall_at_20": 0.91101,
        "recall_at_100": 0.96509,
        "recall_at_1000": 0.99027,
        "precision_at_1": 0.6872,
        "precision_at_3": 0.3227,
        "precision_at_5": 0.21498,
        "precision_at_10": 0.11939,
        "precision_at_20": 0.06452,
        "precision_at_100": 0.01449,
        "precision_at_1000": 0.00154,
        "mrr_at_1": 0.6871,
        "mrr_at_3": 0.750717,
        "mrr_at_5": 0.759692,
        "mrr_at_10": 0.76548,
        "mrr_at_20": 0.767596,
        "mrr_at_100": 0.768566,
        "mrr_at_1000": 0.768646,
        "nauc_ndcg_at_1_max": 0.378757,
        "nauc_ndcg_at_1_std": -0.207146,
        "nauc_ndcg_at_1_diff1": 0.711691,
        "nauc_ndcg_at_3_max": 0.370775,
        "nauc_ndcg_at_3_std": -0.226816,
        "nauc_ndcg_at_3_diff1": 0.675149,
        "nauc_ndcg_at_5_max": 0.375101,
        "nauc_ndcg_at_5_std": -0.228799,
        "nauc_ndcg_at_5_diff1": 0.673762,
        "nauc_ndcg_at_10_max": 0.38444,
        "nauc_ndcg_at_10_std": -0.219616,
        "nauc_ndcg_at_10_diff1": 0.676199,
        "nauc_ndcg_at_20_max": 0.391163,
        "nauc_ndcg_at_20_std": -0.209611,
        "nauc_ndcg_at_20_diff1": 0.67751,
        "nauc_ndcg_at_100_max": 0.394713,
        "nauc_ndcg_at_100_std": -0.197155,
        "nauc_ndcg_at_100_diff1": 0.680071,
        "nauc_ndcg_at_1000_max": 0.392861,
        "nauc_ndcg_at_1000_std": -0.199499,
        "nauc_ndcg_at_1000_diff1": 0.680373,
        "nauc_map_at_1_max": 0.290604,
        "nauc_map_at_1_std": -0.252943,
        "nauc_map_at_1_diff1": 0.724934,
        "nauc_map_at_3_max": 0.344076,
        "nauc_map_at_3_std": -0.253683,
        "nauc_map_at_3_diff1": 0.688502,
        "nauc_map_at_5_max": 0.356127,
        "nauc_map_at_5_std": -0.247192,
        "nauc_map_at_5_diff1": 0.684771,
        "nauc_map_at_10_max": 0.364817,
        "nauc_map_at_10_std": -0.237683,
        "nauc_map_at_10_diff1": 0.684561,
        "nauc_map_at_20_max": 0.369072,
        "nauc_map_at_20_std": -0.231527,
        "nauc_map_at_20_diff1": 0.684182,
        "nauc_map_at_100_max": 0.371057,
        "nauc_map_at_100_std": -0.227196,
        "nauc_map_at_100_diff1": 0.684219,
        "nauc_map_at_1000_max": 0.371118,
        "nauc_map_at_1000_std": -0.227002,
        "nauc_map_at_1000_diff1": 0.684205,
        "nauc_recall_at_1_max": 0.290604,
        "nauc_recall_at_1_std": -0.252943,
        "nauc_recall_at_1_diff1": 0.724934,
        "nauc_recall_at_3_max": 0.33477,
        "nauc_recall_at_3_std": -0.261018,
        "nauc_recall_at_3_diff1": 0.639005,
        "nauc_recall_at_5_max": 0.353262,
        "nauc_recall_at_5_std": -0.257352,
        "nauc_recall_at_5_diff1": 0.618599,
        "nauc_recall_at_10_max": 0.381694,
        "nauc_recall_at_10_std": -0.225923,
        "nauc_recall_at_10_diff1": 0.601441,
        "nauc_recall_at_20_max": 0.420511,
        "nauc_recall_at_20_std": -0.162922,
        "nauc_recall_at_20_diff1": 0.582446,
        "nauc_recall_at_100_max": 0.513006,
        "nauc_recall_at_100_std": 0.074599,
        "nauc_recall_at_100_diff1": 0.597071,
        "nauc_recall_at_1000_max": 0.608785,
        "nauc_recall_at_1000_std": 0.288955,
        "nauc_recall_at_1000_diff1": 0.602913,
        "nauc_precision_at_1_max": 0.378757,
        "nauc_precision_at_1_std": -0.207146,
        "nauc_precision_at_1_diff1": 0.711691,
        "nauc_precision_at_3_max": 0.247201,
        "nauc_precision_at_3_std": 0.01335,
        "nauc_precision_at_3_diff1": 0.10574,
        "nauc_precision_at_5_max": 0.193805,
        "nauc_precision_at_5_std": 0.090451,
        "nauc_precision_at_5_diff1": -0.041411,
        "nauc_precision_at_10_max": 0.149563,
        "nauc_precision_at_10_std": 0.176594,
        "nauc_precision_at_10_diff1": -0.160333,
        "nauc_precision_at_20_max": 0.114254,
        "nauc_precision_at_20_std": 0.232947,
        "nauc_precision_at_20_diff1": -0.23563,
        "nauc_precision_at_100_max": 0.053856,
        "nauc_precision_at_100_std": 0.295106,
        "nauc_precision_at_100_diff1": -0.310864,
        "nauc_precision_at_1000_max": 0.011406,
        "nauc_precision_at_1000_std": 0.287464,
        "nauc_precision_at_1000_diff1": -0.338364,
        "nauc_mrr_at_1_max": 0.375155,
        "nauc_mrr_at_1_std": -0.205271,
        "nauc_mrr_at_1_diff1": 0.711919,
        "nauc_mrr_at_3_max": 0.395173,
        "nauc_mrr_at_3_std": -0.195115,
        "nauc_mrr_at_3_diff1": 0.690845,
        "nauc_mrr_at_5_max": 0.397151,
        "nauc_mrr_at_5_std": -0.193339,
        "nauc_mrr_at_5_diff1": 0.68997,
        "nauc_mrr_at_10_max": 0.39723,
        "nauc_mrr_at_10_std": -0.192259,
        "nauc_mrr_at_10_diff1": 0.6906,
        "nauc_mrr_at_20_max": 0.397135,
        "nauc_mrr_at_20_std": -0.191405,
        "nauc_mrr_at_20_diff1": 0.691046,
        "nauc_mrr_at_100_max": 0.396695,
        "nauc_mrr_at_100_std": -0.191543,
        "nauc_mrr_at_100_diff1": 0.691411,
        "nauc_mrr_at_1000_max": 0.396631,
        "nauc_mrr_at_1000_std": -0.191657,
        "nauc_mrr_at_1000_diff1": 0.691445,
        "main_score": 0.77396,
        "hf_subset": "default",
        "languages": [
          "fas-Arab"
        ]
      }
    ]
  },
  "evaluation_time": 296.0292031764984,
  "kg_co2_emissions": null
}