{
  "dataset_revision": "6611ebf4b4c1aaf8b021e4728440db2188291b8b",
  "task_name": "SCIDOCS-Fa",
  "mteb_version": "1.34.14",
  "scores": {
    "test": [
      {
        "ndcg_at_1": 0.149,
        "ndcg_at_3": 0.10697,
        "ndcg_at_5": 0.09329,
        "ndcg_at_10": 0.11225,
        "ndcg_at_20": 0.12832,
        "ndcg_at_100": 0.16498,
        "ndcg_at_1000": 0.21328,
        "map_at_1": 0.03015,
        "map_at_3": 0.04564,
        "map_at_5": 0.0536,
        "map_at_10": 0.06189,
        "map_at_20": 0.06684,
        "map_at_100": 0.07278,
        "map_at_1000": 0.07499,
        "recall_at_1": 0.03015,
        "recall_at_3": 0.05823,
        "recall_at_5": 0.08023,
        "recall_at_10": 0.11522,
        "recall_at_20": 0.15337,
        "recall_at_100": 0.27275,
        "recall_at_1000": 0.50955,
        "precision_at_1": 0.149,
        "precision_at_3": 0.09567,
        "precision_at_5": 0.079,
        "precision_at_10": 0.0567,
        "precision_at_20": 0.03775,
        "precision_at_100": 0.01343,
        "precision_at_1000": 0.00251,
        "mrr_at_1": 0.149,
        "mrr_at_3": 0.190667,
        "mrr_at_5": 0.203867,
        "mrr_at_10": 0.213833,
        "mrr_at_20": 0.21898,
        "mrr_at_100": 0.224377,
        "mrr_at_1000": 0.225435,
        "nauc_ndcg_at_1_max": 0.210502,
        "nauc_ndcg_at_1_std": 0.139993,
        "nauc_ndcg_at_1_diff1": 0.256433,
        "nauc_ndcg_at_3_max": 0.275802,
        "nauc_ndcg_at_3_std": 0.176693,
        "nauc_ndcg_at_3_diff1": 0.210685,
        "nauc_ndcg_at_5_max": 0.297084,
        "nauc_ndcg_at_5_std": 0.196236,
        "nauc_ndcg_at_5_diff1": 0.210882,
        "nauc_ndcg_at_10_max": 0.304008,
        "nauc_ndcg_at_10_std": 0.219958,
        "nauc_ndcg_at_10_diff1": 0.217789,
        "nauc_ndcg_at_20_max": 0.311108,
        "nauc_ndcg_at_20_std": 0.23682,
        "nauc_ndcg_at_20_diff1": 0.207591,
        "nauc_ndcg_at_100_max": 0.332976,
        "nauc_ndcg_at_100_std": 0.299969,
        "nauc_ndcg_at_100_diff1": 0.194961,
        "nauc_ndcg_at_1000_max": 0.339288,
        "nauc_ndcg_at_1000_std": 0.322118,
        "nauc_ndcg_at_1000_diff1": 0.18705,
        "nauc_map_at_1_max": 0.21223,
        "nauc_map_at_1_std": 0.142367,
        "nauc_map_at_1_diff1": 0.255358,
        "nauc_map_at_3_max": 0.271224,
        "nauc_map_at_3_std": 0.169462,
        "nauc_map_at_3_diff1": 0.215047,
        "nauc_map_at_5_max": 0.303162,
        "nauc_map_at_5_std": 0.192626,
        "nauc_map_at_5_diff1": 0.214105,
        "nauc_map_at_10_max": 0.306952,
        "nauc_map_at_10_std": 0.205521,
        "nauc_map_at_10_diff1": 0.221612,
        "nauc_map_at_20_max": 0.313346,
        "nauc_map_at_20_std": 0.217889,
        "nauc_map_at_20_diff1": 0.218398,
        "nauc_map_at_100_max": 0.324599,
        "nauc_map_at_100_std": 0.239305,
        "nauc_map_at_100_diff1": 0.2147,
        "nauc_map_at_1000_max": 0.326275,
        "nauc_map_at_1000_std": 0.243363,
        "nauc_map_at_1000_diff1": 0.213601,
        "nauc_recall_at_1_max": 0.21223,
        "nauc_recall_at_1_std": 0.142367,
        "nauc_recall_at_1_diff1": 0.255358,
        "nauc_recall_at_3_max": 0.300196,
        "nauc_recall_at_3_std": 0.187764,
        "nauc_recall_at_3_diff1": 0.185176,
        "nauc_recall_at_5_max": 0.320731,
        "nauc_recall_at_5_std": 0.213912,
        "nauc_recall_at_5_diff1": 0.185057,
        "nauc_recall_at_10_max": 0.323631,
        "nauc_recall_at_10_std": 0.252403,
        "nauc_recall_at_10_diff1": 0.197964,
        "nauc_recall_at_20_max": 0.319284,
        "nauc_recall_at_20_std": 0.268941,
        "nauc_recall_at_20_diff1": 0.169068,
        "nauc_recall_at_100_max": 0.33625,
        "nauc_recall_at_100_std": 0.386524,
        "nauc_recall_at_100_diff1": 0.130681,
        "nauc_recall_at_1000_max": 0.315852,
        "nauc_recall_at_1000_std": 0.420615,
        "nauc_recall_at_1000_diff1": 0.08891,
        "nauc_precision_at_1_max": 0.210502,
        "nauc_precision_at_1_std": 0.139993,
        "nauc_precision_at_1_diff1": 0.256433,
        "nauc_precision_at_3_max": 0.299727,
        "nauc_precision_at_3_std": 0.187692,
        "nauc_precision_at_3_diff1": 0.186876,
        "nauc_precision_at_5_max": 0.323073,
        "nauc_precision_at_5_std": 0.214198,
        "nauc_precision_at_5_diff1": 0.189374,
        "nauc_precision_at_10_max": 0.326267,
        "nauc_precision_at_10_std": 0.251941,
        "nauc_precision_at_10_diff1": 0.202932,
        "nauc_precision_at_20_max": 0.321868,
        "nauc_precision_at_20_std": 0.269015,
        "nauc_precision_at_20_diff1": 0.174497,
        "nauc_precision_at_100_max": 0.337598,
        "nauc_precision_at_100_std": 0.386677,
        "nauc_precision_at_100_diff1": 0.135872,
        "nauc_precision_at_1000_max": 0.313963,
        "nauc_precision_at_1000_std": 0.41368,
        "nauc_precision_at_1000_diff1": 0.101333,
        "nauc_mrr_at_1_max": 0.210502,
        "nauc_mrr_at_1_std": 0.139993,
        "nauc_mrr_at_1_diff1": 0.256433,
        "nauc_mrr_at_3_max": 0.257213,
        "nauc_mrr_at_3_std": 0.172199,
        "nauc_mrr_at_3_diff1": 0.22755,
        "nauc_mrr_at_5_max": 0.252758,
        "nauc_mrr_at_5_std": 0.172717,
        "nauc_mrr_at_5_diff1": 0.230664,
        "nauc_mrr_at_10_max": 0.255162,
        "nauc_mrr_at_10_std": 0.18355,
        "nauc_mrr_at_10_diff1": 0.230247,
        "nauc_mrr_at_20_max": 0.254527,
        "nauc_mrr_at_20_std": 0.185033,
        "nauc_mrr_at_20_diff1": 0.225746,
        "nauc_mrr_at_100_max": 0.254874,
        "nauc_mrr_at_100_std": 0.1878,
        "nauc_mrr_at_100_diff1": 0.225139,
        "nauc_mrr_at_1000_max": 0.255246,
        "nauc_mrr_at_1000_std": 0.187386,
        "nauc_mrr_at_1000_diff1": 0.225128,
        "main_score": 0.11225,
        "hf_subset": "default",
        "languages": [
          "fas-Arab"
        ]
      }
    ]
  },
  "evaluation_time": 94.43853807449341,
  "kg_co2_emissions": null
}