{
  "dataset_revision": "7723397096199c4d6f367b445fccaf282c518abe",
  "task_name": "SciFact-Fa",
  "mteb_version": "1.34.14",
  "scores": {
    "test": [
      {
        "ndcg_at_1": 0.32333,
        "ndcg_at_3": 0.39451,
        "ndcg_at_5": 0.41612,
        "ndcg_at_10": 0.44419,
        "ndcg_at_20": 0.45712,
        "ndcg_at_100": 0.48749,
        "ndcg_at_1000": 0.50802,
        "map_at_1": 0.30539,
        "map_at_3": 0.36978,
        "map_at_5": 0.38381,
        "map_at_10": 0.39587,
        "map_at_20": 0.39977,
        "map_at_100": 0.40421,
        "map_at_1000": 0.40489,
        "recall_at_1": 0.30539,
        "recall_at_3": 0.43994,
        "recall_at_5": 0.49589,
        "recall_at_10": 0.581,
        "recall_at_20": 0.629,
        "recall_at_100": 0.78744,
        "recall_at_1000": 0.95267,
        "precision_at_1": 0.32333,
        "precision_at_3": 0.16222,
        "precision_at_5": 0.11133,
        "precision_at_10": 0.06533,
        "precision_at_20": 0.03583,
        "precision_at_100": 0.00897,
        "precision_at_1000": 0.00108,
        "mrr_at_1": 0.323333,
        "mrr_at_3": 0.388333,
        "mrr_at_5": 0.4,
        "mrr_at_10": 0.41054,
        "mrr_at_20": 0.413798,
        "mrr_at_100": 0.417829,
        "mrr_at_1000": 0.418429,
        "nauc_ndcg_at_1_max": 0.38083,
        "nauc_ndcg_at_1_std": 0.184257,
        "nauc_ndcg_at_1_diff1": 0.651806,
        "nauc_ndcg_at_3_max": 0.349659,
        "nauc_ndcg_at_3_std": 0.181656,
        "nauc_ndcg_at_3_diff1": 0.588508,
        "nauc_ndcg_at_5_max": 0.372639,
        "nauc_ndcg_at_5_std": 0.220175,
        "nauc_ndcg_at_5_diff1": 0.591377,
        "nauc_ndcg_at_10_max": 0.364239,
        "nauc_ndcg_at_10_std": 0.220989,
        "nauc_ndcg_at_10_diff1": 0.584531,
        "nauc_ndcg_at_20_max": 0.35917,
        "nauc_ndcg_at_20_std": 0.228335,
        "nauc_ndcg_at_20_diff1": 0.582085,
        "nauc_ndcg_at_100_max": 0.379143,
        "nauc_ndcg_at_100_std": 0.246391,
        "nauc_ndcg_at_100_diff1": 0.587568,
        "nauc_ndcg_at_1000_max": 0.373512,
        "nauc_ndcg_at_1000_std": 0.232814,
        "nauc_ndcg_at_1000_diff1": 0.588547,
        "nauc_map_at_1_max": 0.338454,
        "nauc_map_at_1_std": 0.134644,
        "nauc_map_at_1_diff1": 0.664661,
        "nauc_map_at_3_max": 0.340154,
        "nauc_map_at_3_std": 0.164514,
        "nauc_map_at_3_diff1": 0.606378,
        "nauc_map_at_5_max": 0.359768,
        "nauc_map_at_5_std": 0.193895,
        "nauc_map_at_5_diff1": 0.609024,
        "nauc_map_at_10_max": 0.356208,
        "nauc_map_at_10_std": 0.195003,
        "nauc_map_at_10_diff1": 0.606812,
        "nauc_map_at_20_max": 0.355451,
        "nauc_map_at_20_std": 0.198567,
        "nauc_map_at_20_diff1": 0.6058,
        "nauc_map_at_100_max": 0.358206,
        "nauc_map_at_100_std": 0.200426,
        "nauc_map_at_100_diff1": 0.605736,
        "nauc_map_at_1000_max": 0.357826,
        "nauc_map_at_1000_std": 0.200067,
        "nauc_map_at_1000_diff1": 0.605751,
        "nauc_recall_at_1_max": 0.338454,
        "nauc_recall_at_1_std": 0.134644,
        "nauc_recall_at_1_diff1": 0.664661,
        "nauc_recall_at_3_max": 0.317876,
        "nauc_recall_at_3_std": 0.172112,
        "nauc_recall_at_3_diff1": 0.539296,
        "nauc_recall_at_5_max": 0.381994,
        "nauc_recall_at_5_std": 0.273921,
        "nauc_recall_at_5_diff1": 0.544794,
        "nauc_recall_at_10_max": 0.351909,
        "nauc_recall_at_10_std": 0.274653,
        "nauc_recall_at_10_diff1": 0.513041,
        "nauc_recall_at_20_max": 0.325822,
        "nauc_recall_at_20_std": 0.303678,
        "nauc_recall_at_20_diff1": 0.496063,
        "nauc_recall_at_100_max": 0.479795,
        "nauc_recall_at_100_std": 0.49959,
        "nauc_recall_at_100_diff1": 0.524313,
        "nauc_recall_at_1000_max": 0.597296,
        "nauc_recall_at_1000_std": 0.587131,
        "nauc_recall_at_1000_diff1": 0.427256,
        "nauc_precision_at_1_max": 0.38083,
        "nauc_precision_at_1_std": 0.184257,
        "nauc_precision_at_1_diff1": 0.651806,
        "nauc_precision_at_3_max": 0.411186,
        "nauc_precision_at_3_std": 0.262063,
        "nauc_precision_at_3_diff1": 0.486656,
        "nauc_precision_at_5_max": 0.46855,
        "nauc_precision_at_5_std": 0.373316,
        "nauc_precision_at_5_diff1": 0.463182,
        "nauc_precision_at_10_max": 0.423999,
        "nauc_precision_at_10_std": 0.364863,
        "nauc_precision_at_10_diff1": 0.397628,
        "nauc_precision_at_20_max": 0.377601,
        "nauc_precision_at_20_std": 0.388075,
        "nauc_precision_at_20_diff1": 0.339544,
        "nauc_precision_at_100_max": 0.448318,
        "nauc_precision_at_100_std": 0.465091,
        "nauc_precision_at_100_diff1": 0.251738,
        "nauc_precision_at_1000_max": 0.341307,
        "nauc_precision_at_1000_std": 0.360489,
        "nauc_precision_at_1000_diff1": 0.019952,
        "nauc_mrr_at_1_max": 0.38083,
        "nauc_mrr_at_1_std": 0.184257,
        "nauc_mrr_at_1_diff1": 0.651806,
        "nauc_mrr_at_3_max": 0.375696,
        "nauc_mrr_at_3_std": 0.199564,
        "nauc_mrr_at_3_diff1": 0.598811,
        "nauc_mrr_at_5_max": 0.385658,
        "nauc_mrr_at_5_std": 0.219496,
        "nauc_mrr_at_5_diff1": 0.599566,
        "nauc_mrr_at_10_max": 0.381402,
        "nauc_mrr_at_10_std": 0.218986,
        "nauc_mrr_at_10_diff1": 0.597208,
        "nauc_mrr_at_20_max": 0.380132,
        "nauc_mrr_at_20_std": 0.218975,
        "nauc_mrr_at_20_diff1": 0.597363,
        "nauc_mrr_at_100_max": 0.38141,
        "nauc_mrr_at_100_std": 0.221125,
        "nauc_mrr_at_100_diff1": 0.597419,
        "nauc_mrr_at_1000_max": 0.381173,
        "nauc_mrr_at_1000_std": 0.220801,
        "nauc_mrr_at_1000_diff1": 0.597418,
        "main_score": 0.44419,
        "hf_subset": "default",
        "languages": [
          "fas-Arab"
        ]
      }
    ]
  },
  "evaluation_time": 24.074583530426025,
  "kg_co2_emissions": null
}