{
  "dataset_revision": "da8f36a723da155738f5e3d8d84d543589bd5083",
  "task_name": "SynPerChatbotRAGTopicsRetrieval",
  "mteb_version": "1.34.14",
  "scores": {
    "test": [
      {
        "ndcg_at_1": 0.16835,
        "ndcg_at_3": 0.12177,
        "ndcg_at_5": 0.13806,
        "ndcg_at_10": 0.16166,
        "ndcg_at_20": 0.18738,
        "ndcg_at_100": 0.24833,
        "ndcg_at_1000": 0.32379,
        "map_at_1": 0.05362,
        "map_at_3": 0.07942,
        "map_at_5": 0.08944,
        "map_at_10": 0.09901,
        "map_at_20": 0.1065,
        "map_at_100": 0.11625,
        "map_at_1000": 0.12038,
        "recall_at_1": 0.05362,
        "recall_at_3": 0.10357,
        "recall_at_5": 0.13901,
        "recall_at_10": 0.19036,
        "recall_at_20": 0.26194,
        "recall_at_100": 0.49732,
        "recall_at_1000": 0.9216,
        "precision_at_1": 0.16835,
        "precision_at_3": 0.10794,
        "precision_at_5": 0.08703,
        "precision_at_10": 0.05971,
        "precision_at_20": 0.04126,
        "precision_at_100": 0.01589,
        "precision_at_1000": 0.00296,
        "mrr_at_1": 0.168353,
        "mrr_at_3": 0.220485,
        "mrr_at_5": 0.239252,
        "mrr_at_10": 0.252521,
        "mrr_at_20": 0.260678,
        "mrr_at_100": 0.267046,
        "mrr_at_1000": 0.26783,
        "nauc_ndcg_at_1_max": 0.09706,
        "nauc_ndcg_at_1_std": -0.233135,
        "nauc_ndcg_at_1_diff1": 0.329598,
        "nauc_ndcg_at_3_max": 0.086109,
        "nauc_ndcg_at_3_std": -0.209985,
        "nauc_ndcg_at_3_diff1": 0.298263,
        "nauc_ndcg_at_5_max": 0.113173,
        "nauc_ndcg_at_5_std": -0.200493,
        "nauc_ndcg_at_5_diff1": 0.28323,
        "nauc_ndcg_at_10_max": 0.126236,
        "nauc_ndcg_at_10_std": -0.197946,
        "nauc_ndcg_at_10_diff1": 0.291206,
        "nauc_ndcg_at_20_max": 0.132571,
        "nauc_ndcg_at_20_std": -0.187847,
        "nauc_ndcg_at_20_diff1": 0.278757,
        "nauc_ndcg_at_100_max": 0.118061,
        "nauc_ndcg_at_100_std": -0.19346,
        "nauc_ndcg_at_100_diff1": 0.263506,
        "nauc_ndcg_at_1000_max": 0.125995,
        "nauc_ndcg_at_1000_std": -0.176542,
        "nauc_ndcg_at_1000_diff1": 0.271822,
        "nauc_map_at_1_max": 0.11527,
        "nauc_map_at_1_std": -0.224592,
        "nauc_map_at_1_diff1": 0.333331,
        "nauc_map_at_3_max": 0.102401,
        "nauc_map_at_3_std": -0.212155,
        "nauc_map_at_3_diff1": 0.32273,
        "nauc_map_at_5_max": 0.117717,
        "nauc_map_at_5_std": -0.208239,
        "nauc_map_at_5_diff1": 0.313386,
        "nauc_map_at_10_max": 0.125445,
        "nauc_map_at_10_std": -0.209202,
        "nauc_map_at_10_diff1": 0.313941,
        "nauc_map_at_20_max": 0.126495,
        "nauc_map_at_20_std": -0.208118,
        "nauc_map_at_20_diff1": 0.308925,
        "nauc_map_at_100_max": 0.123467,
        "nauc_map_at_100_std": -0.211795,
        "nauc_map_at_100_diff1": 0.305812,
        "nauc_map_at_1000_max": 0.123952,
        "nauc_map_at_1000_std": -0.209503,
        "nauc_map_at_1000_diff1": 0.305776,
        "nauc_recall_at_1_max": 0.11527,
        "nauc_recall_at_1_std": -0.224592,
        "nauc_recall_at_1_diff1": 0.333331,
        "nauc_recall_at_3_max": 0.091876,
        "nauc_recall_at_3_std": -0.188381,
        "nauc_recall_at_3_diff1": 0.275072,
        "nauc_recall_at_5_max": 0.12421,
        "nauc_recall_at_5_std": -0.177766,
        "nauc_recall_at_5_diff1": 0.238813,
        "nauc_recall_at_10_max": 0.145084,
        "nauc_recall_at_10_std": -0.16206,
        "nauc_recall_at_10_diff1": 0.246133,
        "nauc_recall_at_20_max": 0.150661,
        "nauc_recall_at_20_std": -0.126776,
        "nauc_recall_at_20_diff1": 0.200167,
        "nauc_recall_at_100_max": 0.094306,
        "nauc_recall_at_100_std": -0.103422,
        "nauc_recall_at_100_diff1": 0.116836,
        "nauc_recall_at_1000_max": 0.22472,
        "nauc_recall_at_1000_std": 0.214917,
        "nauc_recall_at_1000_diff1": 0.029427,
        "nauc_precision_at_1_max": 0.09706,
        "nauc_precision_at_1_std": -0.233135,
        "nauc_precision_at_1_diff1": 0.329598,
        "nauc_precision_at_3_max": 0.069389,
        "nauc_precision_at_3_std": -0.200844,
        "nauc_precision_at_3_diff1": 0.276651,
        "nauc_precision_at_5_max": 0.100918,
        "nauc_precision_at_5_std": -0.192313,
        "nauc_precision_at_5_diff1": 0.238999,
        "nauc_precision_at_10_max": 0.116159,
        "nauc_precision_at_10_std": -0.182488,
        "nauc_precision_at_10_diff1": 0.24989,
        "nauc_precision_at_20_max": 0.116174,
        "nauc_precision_at_20_std": -0.146951,
        "nauc_precision_at_20_diff1": 0.203174,
        "nauc_precision_at_100_max": 0.035316,
        "nauc_precision_at_100_std": -0.138708,
        "nauc_precision_at_100_diff1": 0.110342,
        "nauc_precision_at_1000_max": -0.050293,
        "nauc_precision_at_1000_std": 0.006382,
        "nauc_precision_at_1000_diff1": -0.027054,
        "nauc_mrr_at_1_max": 0.09706,
        "nauc_mrr_at_1_std": -0.233135,
        "nauc_mrr_at_1_diff1": 0.329598,
        "nauc_mrr_at_3_max": 0.092725,
        "nauc_mrr_at_3_std": -0.204005,
        "nauc_mrr_at_3_diff1": 0.292316,
        "nauc_mrr_at_5_max": 0.097354,
        "nauc_mrr_at_5_std": -0.20535,
        "nauc_mrr_at_5_diff1": 0.27994,
        "nauc_mrr_at_10_max": 0.101809,
        "nauc_mrr_at_10_std": -0.201429,
        "nauc_mrr_at_10_diff1": 0.284756,
        "nauc_mrr_at_20_max": 0.104162,
        "nauc_mrr_at_20_std": -0.198054,
        "nauc_mrr_at_20_diff1": 0.283944,
        "nauc_mrr_at_100_max": 0.10247,
        "nauc_mrr_at_100_std": -0.198776,
        "nauc_mrr_at_100_diff1": 0.283908,
        "nauc_mrr_at_1000_max": 0.102327,
        "nauc_mrr_at_1000_std": -0.199192,
        "nauc_mrr_at_1000_diff1": 0.284095,
        "main_score": 0.16166,
        "hf_subset": "default",
        "languages": [
          "fas-Arab"
        ]
      }
    ]
  },
  "evaluation_time": 5.333612680435181,
  "kg_co2_emissions": null
}