{
  "dataset_revision": "086995ca4cea33f37a407c2fa5282f74913740ee",
  "task_name": "SynPerChatbotTopicsRetrieval",
  "mteb_version": "1.34.14",
  "scores": {
    "test": [
      {
        "ndcg_at_1": 0.09239,
        "ndcg_at_3": 0.07216,
        "ndcg_at_5": 0.0836,
        "ndcg_at_10": 0.09808,
        "ndcg_at_20": 0.11494,
        "ndcg_at_100": 0.17959,
        "ndcg_at_1000": 0.25768,
        "map_at_1": 0.02959,
        "map_at_3": 0.04568,
        "map_at_5": 0.052,
        "map_at_10": 0.05722,
        "map_at_20": 0.06147,
        "map_at_100": 0.07026,
        "map_at_1000": 0.07407,
        "recall_at_1": 0.02959,
        "recall_at_3": 0.06285,
        "recall_at_5": 0.08661,
        "recall_at_10": 0.11807,
        "recall_at_20": 0.16496,
        "recall_at_100": 0.41762,
        "recall_at_1000": 0.86488,
        "precision_at_1": 0.09239,
        "precision_at_3": 0.06571,
        "precision_at_5": 0.05439,
        "precision_at_10": 0.03722,
        "precision_at_20": 0.02606,
        "precision_at_100": 0.01329,
        "precision_at_1000": 0.00276,
        "mrr_at_1": 0.093038,
        "mrr_at_3": 0.132618,
        "mrr_at_5": 0.146248,
        "mrr_at_10": 0.15662,
        "mrr_at_20": 0.163507,
        "mrr_at_100": 0.172693,
        "mrr_at_1000": 0.173713,
        "nauc_ndcg_at_1_max": -0.038691,
        "nauc_ndcg_at_1_std": -0.217515,
        "nauc_ndcg_at_1_diff1": 0.32431,
        "nauc_ndcg_at_3_max": 0.007013,
        "nauc_ndcg_at_3_std": -0.179485,
        "nauc_ndcg_at_3_diff1": 0.270687,
        "nauc_ndcg_at_5_max": 0.036707,
        "nauc_ndcg_at_5_std": -0.144819,
        "nauc_ndcg_at_5_diff1": 0.255627,
        "nauc_ndcg_at_10_max": 0.041385,
        "nauc_ndcg_at_10_std": -0.121694,
        "nauc_ndcg_at_10_diff1": 0.233556,
        "nauc_ndcg_at_20_max": 0.046688,
        "nauc_ndcg_at_20_std": -0.112327,
        "nauc_ndcg_at_20_diff1": 0.257666,
        "nauc_ndcg_at_100_max": 0.033982,
        "nauc_ndcg_at_100_std": -0.115061,
        "nauc_ndcg_at_100_diff1": 0.230997,
        "nauc_ndcg_at_1000_max": 0.061208,
        "nauc_ndcg_at_1000_std": -0.079072,
        "nauc_ndcg_at_1000_diff1": 0.23297,
        "nauc_map_at_1_max": -0.018095,
        "nauc_map_at_1_std": -0.202491,
        "nauc_map_at_1_diff1": 0.322922,
        "nauc_map_at_3_max": 0.018225,
        "nauc_map_at_3_std": -0.173813,
        "nauc_map_at_3_diff1": 0.289661,
        "nauc_map_at_5_max": 0.03213,
        "nauc_map_at_5_std": -0.158388,
        "nauc_map_at_5_diff1": 0.27929,
        "nauc_map_at_10_max": 0.033872,
        "nauc_map_at_10_std": -0.146639,
        "nauc_map_at_10_diff1": 0.264273,
        "nauc_map_at_20_max": 0.035904,
        "nauc_map_at_20_std": -0.145052,
        "nauc_map_at_20_diff1": 0.272582,
        "nauc_map_at_100_max": 0.034785,
        "nauc_map_at_100_std": -0.144599,
        "nauc_map_at_100_diff1": 0.267625,
        "nauc_map_at_1000_max": 0.036014,
        "nauc_map_at_1000_std": -0.141755,
        "nauc_map_at_1000_diff1": 0.26671,
        "nauc_recall_at_1_max": -0.018095,
        "nauc_recall_at_1_std": -0.202491,
        "nauc_recall_at_1_diff1": 0.322922,
        "nauc_recall_at_3_max": 0.042039,
        "nauc_recall_at_3_std": -0.142324,
        "nauc_recall_at_3_diff1": 0.245088,
        "nauc_recall_at_5_max": 0.071147,
        "nauc_recall_at_5_std": -0.099997,
        "nauc_recall_at_5_diff1": 0.218933,
        "nauc_recall_at_10_max": 0.074792,
        "nauc_recall_at_10_std": -0.056193,
        "nauc_recall_at_10_diff1": 0.177397,
        "nauc_recall_at_20_max": 0.082286,
        "nauc_recall_at_20_std": -0.036536,
        "nauc_recall_at_20_diff1": 0.229017,
        "nauc_recall_at_100_max": 0.03059,
        "nauc_recall_at_100_std": -0.035274,
        "nauc_recall_at_100_diff1": 0.115629,
        "nauc_recall_at_1000_max": 0.226451,
        "nauc_recall_at_1000_std": 0.286868,
        "nauc_recall_at_1000_diff1": 0.027582,
        "nauc_precision_at_1_max": -0.038691,
        "nauc_precision_at_1_std": -0.217515,
        "nauc_precision_at_1_diff1": 0.32431,
        "nauc_precision_at_3_max": 0.025204,
        "nauc_precision_at_3_std": -0.162869,
        "nauc_precision_at_3_diff1": 0.247397,
        "nauc_precision_at_5_max": 0.054001,
        "nauc_precision_at_5_std": -0.125036,
        "nauc_precision_at_5_diff1": 0.223131,
        "nauc_precision_at_10_max": 0.05408,
        "nauc_precision_at_10_std": -0.082518,
        "nauc_precision_at_10_diff1": 0.17734,
        "nauc_precision_at_20_max": 0.056819,
        "nauc_precision_at_20_std": -0.064339,
        "nauc_precision_at_20_diff1": 0.225434,
        "nauc_precision_at_100_max": -0.000598,
        "nauc_precision_at_100_std": -0.069029,
        "nauc_precision_at_100_diff1": 0.102981,
        "nauc_precision_at_1000_max": 0.055873,
        "nauc_precision_at_1000_std": 0.09225,
        "nauc_precision_at_1000_diff1": -0.003062,
        "nauc_mrr_at_1_max": -0.031428,
        "nauc_mrr_at_1_std": -0.217276,
        "nauc_mrr_at_1_diff1": 0.318022,
        "nauc_mrr_at_3_max": -0.006156,
        "nauc_mrr_at_3_std": -0.187562,
        "nauc_mrr_at_3_diff1": 0.268874,
        "nauc_mrr_at_5_max": 0.007433,
        "nauc_mrr_at_5_std": -0.17062,
        "nauc_mrr_at_5_diff1": 0.25974,
        "nauc_mrr_at_10_max": 0.012221,
        "nauc_mrr_at_10_std": -0.15939,
        "nauc_mrr_at_10_diff1": 0.253223,
        "nauc_mrr_at_20_max": 0.013572,
        "nauc_mrr_at_20_std": -0.15453,
        "nauc_mrr_at_20_diff1": 0.259455,
        "nauc_mrr_at_100_max": 0.012268,
        "nauc_mrr_at_100_std": -0.155792,
        "nauc_mrr_at_100_diff1": 0.256898,
        "nauc_mrr_at_1000_max": 0.01225,
        "nauc_mrr_at_1000_std": -0.156038,
        "nauc_mrr_at_1000_diff1": 0.257238,
        "main_score": 0.09808,
        "hf_subset": "default",
        "languages": [
          "fas-Arab"
        ]
      }
    ]
  },
  "evaluation_time": 8.514331817626953,
  "kg_co2_emissions": null
}