{
  "dataset_revision": "98e6c2d33dfa166ee326e8b1bc7ea82c7e6898dd",
  "task_name": "TRECCOVID-Fa",
  "mteb_version": "1.34.14",
  "scores": {
    "test": [
      {
        "ndcg_at_1": 0.65,
        "ndcg_at_3": 0.5962,
        "ndcg_at_5": 0.57668,
        "ndcg_at_10": 0.55768,
        "ndcg_at_20": 0.52517,
        "ndcg_at_100": 0.42246,
        "ndcg_at_1000": 0.37184,
        "map_at_1": 0.00184,
        "map_at_3": 0.00468,
        "map_at_5": 0.00708,
        "map_at_10": 0.01282,
        "map_at_20": 0.02271,
        "map_at_100": 0.07127,
        "map_at_1000": 0.15816,
        "recall_at_1": 0.00184,
        "recall_at_3": 0.00499,
        "recall_at_5": 0.00773,
        "recall_at_10": 0.01519,
        "recall_at_20": 0.02872,
        "recall_at_100": 0.10497,
        "recall_at_1000": 0.35415,
        "precision_at_1": 0.68,
        "precision_at_3": 0.63333,
        "precision_at_5": 0.608,
        "precision_at_10": 0.592,
        "precision_at_20": 0.562,
        "precision_at_100": 0.44,
        "precision_at_1000": 0.1646,
        "mrr_at_1": 0.66,
        "mrr_at_3": 0.73,
        "mrr_at_5": 0.734,
        "mrr_at_10": 0.745905,
        "mrr_at_20": 0.746905,
        "mrr_at_100": 0.748601,
        "mrr_at_1000": 0.748601,
        "nauc_ndcg_at_1_max": 0.382456,
        "nauc_ndcg_at_1_std": 0.325608,
        "nauc_ndcg_at_1_diff1": 0.068159,
        "nauc_ndcg_at_3_max": 0.340256,
        "nauc_ndcg_at_3_std": 0.380771,
        "nauc_ndcg_at_3_diff1": 0.061693,
        "nauc_ndcg_at_5_max": 0.353732,
        "nauc_ndcg_at_5_std": 0.389474,
        "nauc_ndcg_at_5_diff1": 0.031145,
        "nauc_ndcg_at_10_max": 0.423304,
        "nauc_ndcg_at_10_std": 0.456146,
        "nauc_ndcg_at_10_diff1": 0.079956,
        "nauc_ndcg_at_20_max": 0.453425,
        "nauc_ndcg_at_20_std": 0.519966,
        "nauc_ndcg_at_20_diff1": 0.124427,
        "nauc_ndcg_at_100_max": 0.538732,
        "nauc_ndcg_at_100_std": 0.701493,
        "nauc_ndcg_at_100_diff1": 0.100154,
        "nauc_ndcg_at_1000_max": 0.622828,
        "nauc_ndcg_at_1000_std": 0.770712,
        "nauc_ndcg_at_1000_diff1": 0.112275,
        "nauc_map_at_1_max": 0.287224,
        "nauc_map_at_1_std": 0.087848,
        "nauc_map_at_1_diff1": 0.126426,
        "nauc_map_at_3_max": 0.293273,
        "nauc_map_at_3_std": 0.151012,
        "nauc_map_at_3_diff1": 0.133112,
        "nauc_map_at_5_max": 0.331519,
        "nauc_map_at_5_std": 0.185682,
        "nauc_map_at_5_diff1": 0.130854,
        "nauc_map_at_10_max": 0.399013,
        "nauc_map_at_10_std": 0.23029,
        "nauc_map_at_10_diff1": 0.157658,
        "nauc_map_at_20_max": 0.45496,
        "nauc_map_at_20_std": 0.325579,
        "nauc_map_at_20_diff1": 0.20044,
        "nauc_map_at_100_max": 0.603575,
        "nauc_map_at_100_std": 0.67718,
        "nauc_map_at_100_diff1": 0.211697,
        "nauc_map_at_1000_max": 0.629435,
        "nauc_map_at_1000_std": 0.832211,
        "nauc_map_at_1000_diff1": 0.124218,
        "nauc_recall_at_1_max": 0.287224,
        "nauc_recall_at_1_std": 0.087848,
        "nauc_recall_at_1_diff1": 0.126426,
        "nauc_recall_at_3_max": 0.302759,
        "nauc_recall_at_3_std": 0.16946,
        "nauc_recall_at_3_diff1": 0.152033,
        "nauc_recall_at_5_max": 0.344349,
        "nauc_recall_at_5_std": 0.187023,
        "nauc_recall_at_5_diff1": 0.143396,
        "nauc_recall_at_10_max": 0.398517,
        "nauc_recall_at_10_std": 0.21299,
        "nauc_recall_at_10_diff1": 0.156844,
        "nauc_recall_at_20_max": 0.419987,
        "nauc_recall_at_20_std": 0.282876,
        "nauc_recall_at_20_diff1": 0.207046,
        "nauc_recall_at_100_max": 0.545607,
        "nauc_recall_at_100_std": 0.579574,
        "nauc_recall_at_100_diff1": 0.206371,
        "nauc_recall_at_1000_max": 0.599756,
        "nauc_recall_at_1000_std": 0.745939,
        "nauc_recall_at_1000_diff1": 0.120684,
        "nauc_precision_at_1_max": 0.454219,
        "nauc_precision_at_1_std": 0.378758,
        "nauc_precision_at_1_diff1": 0.086483,
        "nauc_precision_at_3_max": 0.37103,
        "nauc_precision_at_3_std": 0.416424,
        "nauc_precision_at_3_diff1": 0.0357,
        "nauc_precision_at_5_max": 0.400441,
        "nauc_precision_at_5_std": 0.407262,
        "nauc_precision_at_5_diff1": 0.011705,
        "nauc_precision_at_10_max": 0.494201,
        "nauc_precision_at_10_std": 0.483242,
        "nauc_precision_at_10_diff1": 0.059658,
        "nauc_precision_at_20_max": 0.507566,
        "nauc_precision_at_20_std": 0.561916,
        "nauc_precision_at_20_diff1": 0.147926,
        "nauc_precision_at_100_max": 0.552035,
        "nauc_precision_at_100_std": 0.732672,
        "nauc_precision_at_100_diff1": 0.082463,
        "nauc_precision_at_1000_max": 0.434419,
        "nauc_precision_at_1000_std": 0.623963,
        "nauc_precision_at_1000_diff1": -0.095213,
        "nauc_mrr_at_1_max": 0.312622,
        "nauc_mrr_at_1_std": 0.240134,
        "nauc_mrr_at_1_diff1": 0.15417,
        "nauc_mrr_at_3_max": 0.374397,
        "nauc_mrr_at_3_std": 0.413164,
        "nauc_mrr_at_3_diff1": 0.185026,
        "nauc_mrr_at_5_max": 0.41037,
        "nauc_mrr_at_5_std": 0.404279,
        "nauc_mrr_at_5_diff1": 0.17041,
        "nauc_mrr_at_10_max": 0.387526,
        "nauc_mrr_at_10_std": 0.375035,
        "nauc_mrr_at_10_diff1": 0.133942,
        "nauc_mrr_at_20_max": 0.38599,
        "nauc_mrr_at_20_std": 0.372167,
        "nauc_mrr_at_20_diff1": 0.139841,
        "nauc_mrr_at_100_max": 0.382487,
        "nauc_mrr_at_100_std": 0.372152,
        "nauc_mrr_at_100_diff1": 0.143604,
        "nauc_mrr_at_1000_max": 0.382487,
        "nauc_mrr_at_1000_std": 0.372152,
        "nauc_mrr_at_1000_diff1": 0.143604,
        "main_score": 0.55768,
        "hf_subset": "default",
        "languages": [
          "fas-Arab"
        ]
      }
    ]
  },
  "evaluation_time": 584.6883053779602,
  "kg_co2_emissions": null
}