{
  "dataset_revision": "3b6ea595c94bac3448a2ad167ca2e06abd340d6e",
  "task_name": "WikipediaRetrievalMultilingual",
  "mteb_version": "1.34.14",
  "scores": {
    "test": [
      {
        "ndcg_at_1": 0.68267,
        "ndcg_at_3": 0.77351,
        "ndcg_at_5": 0.79472,
        "ndcg_at_10": 0.80952,
        "ndcg_at_20": 0.81483,
        "ndcg_at_100": 0.81887,
        "ndcg_at_1000": 0.82118,
        "map_at_1": 0.68267,
        "map_at_3": 0.75122,
        "map_at_5": 0.76302,
        "map_at_10": 0.76934,
        "map_at_20": 0.77075,
        "map_at_100": 0.77134,
        "map_at_1000": 0.77143,
        "recall_at_1": 0.68267,
        "recall_at_3": 0.838,
        "recall_at_5": 0.88933,
        "recall_at_10": 0.934,
        "recall_at_20": 0.95533,
        "recall_at_100": 0.97667,
        "recall_at_1000": 0.99467,
        "precision_at_1": 0.68267,
        "precision_at_3": 0.27933,
        "precision_at_5": 0.17787,
        "precision_at_10": 0.0934,
        "precision_at_20": 0.04777,
        "precision_at_100": 0.00977,
        "precision_at_1000": 0.00099,
        "mrr_at_1": 0.683333,
        "mrr_at_3": 0.751556,
        "mrr_at_5": 0.763356,
        "mrr_at_10": 0.769657,
        "mrr_at_20": 0.771068,
        "mrr_at_100": 0.771661,
        "mrr_at_1000": 0.771751,
        "nauc_ndcg_at_1_max": 0.417705,
        "nauc_ndcg_at_1_std": -0.053522,
        "nauc_ndcg_at_1_diff1": 0.708701,
        "nauc_ndcg_at_3_max": 0.442611,
        "nauc_ndcg_at_3_std": -0.062146,
        "nauc_ndcg_at_3_diff1": 0.667886,
        "nauc_ndcg_at_5_max": 0.457915,
        "nauc_ndcg_at_5_std": -0.049223,
        "nauc_ndcg_at_5_diff1": 0.66782,
        "nauc_ndcg_at_10_max": 0.459625,
        "nauc_ndcg_at_10_std": -0.027026,
        "nauc_ndcg_at_10_diff1": 0.674884,
        "nauc_ndcg_at_20_max": 0.454595,
        "nauc_ndcg_at_20_std": -0.029589,
        "nauc_ndcg_at_20_diff1": 0.672484,
        "nauc_ndcg_at_100_max": 0.451098,
        "nauc_ndcg_at_100_std": -0.034019,
        "nauc_ndcg_at_100_diff1": 0.673649,
        "nauc_ndcg_at_1000_max": 0.448362,
        "nauc_ndcg_at_1000_std": -0.037153,
        "nauc_ndcg_at_1000_diff1": 0.673764,
        "nauc_map_at_1_max": 0.417705,
        "nauc_map_at_1_std": -0.053522,
        "nauc_map_at_1_diff1": 0.708701,
        "nauc_map_at_3_max": 0.435036,
        "nauc_map_at_3_std": -0.060385,
        "nauc_map_at_3_diff1": 0.67959,
        "nauc_map_at_5_max": 0.442238,
        "nauc_map_at_5_std": -0.053918,
        "nauc_map_at_5_diff1": 0.679977,
        "nauc_map_at_10_max": 0.442277,
        "nauc_map_at_10_std": -0.046197,
        "nauc_map_at_10_diff1": 0.682458,
        "nauc_map_at_20_max": 0.440923,
        "nauc_map_at_20_std": -0.046965,
        "nauc_map_at_20_diff1": 0.681906,
        "nauc_map_at_100_max": 0.440615,
        "nauc_map_at_100_std": -0.047536,
        "nauc_map_at_100_diff1": 0.682128,
        "nauc_map_at_1000_max": 0.440534,
        "nauc_map_at_1000_std": -0.047639,
        "nauc_map_at_1000_diff1": 0.682102,
        "nauc_recall_at_1_max": 0.417705,
        "nauc_recall_at_1_std": -0.053522,
        "nauc_recall_at_1_diff1": 0.708701,
        "nauc_recall_at_3_max": 0.47381,
        "nauc_recall_at_3_std": -0.068907,
        "nauc_recall_at_3_diff1": 0.620085,
        "nauc_recall_at_5_max": 0.548304,
        "nauc_recall_at_5_std": -0.019402,
        "nauc_recall_at_5_diff1": 0.601526,
        "nauc_recall_at_10_max": 0.622471,
        "nauc_recall_at_10_std": 0.172891,
        "nauc_recall_at_10_diff1": 0.619236,
        "nauc_recall_at_20_max": 0.630775,
        "nauc_recall_at_20_std": 0.233134,
        "nauc_recall_at_20_diff1": 0.560008,
        "nauc_recall_at_100_max": 0.645778,
        "nauc_recall_at_100_std": 0.310297,
        "nauc_recall_at_100_diff1": 0.493651,
        "nauc_recall_at_1000_max": 0.652836,
        "nauc_recall_at_1000_std": 0.730451,
        "nauc_recall_at_1000_diff1": -0.020658,
        "nauc_precision_at_1_max": 0.417705,
        "nauc_precision_at_1_std": -0.053522,
        "nauc_precision_at_1_diff1": 0.708701,
        "nauc_precision_at_3_max": 0.47381,
        "nauc_precision_at_3_std": -0.068907,
        "nauc_precision_at_3_diff1": 0.620085,
        "nauc_precision_at_5_max": 0.548304,
        "nauc_precision_at_5_std": -0.019402,
        "nauc_precision_at_5_diff1": 0.601526,
        "nauc_precision_at_10_max": 0.622471,
        "nauc_precision_at_10_std": 0.172891,
        "nauc_precision_at_10_diff1": 0.619236,
        "nauc_precision_at_20_max": 0.630775,
        "nauc_precision_at_20_std": 0.233134,
        "nauc_precision_at_20_diff1": 0.560008,
        "nauc_precision_at_100_max": 0.645778,
        "nauc_precision_at_100_std": 0.310297,
        "nauc_precision_at_100_diff1": 0.493651,
        "nauc_precision_at_1000_max": 0.652836,
        "nauc_precision_at_1000_std": 0.730451,
        "nauc_precision_at_1000_diff1": -0.020658,
        "nauc_mrr_at_1_max": 0.418705,
        "nauc_mrr_at_1_std": -0.049274,
        "nauc_mrr_at_1_diff1": 0.707193,
        "nauc_mrr_at_3_max": 0.435665,
        "nauc_mrr_at_3_std": -0.057783,
        "nauc_mrr_at_3_diff1": 0.678639,
        "nauc_mrr_at_5_max": 0.442904,
        "nauc_mrr_at_5_std": -0.051183,
        "nauc_mrr_at_5_diff1": 0.67898,
        "nauc_mrr_at_10_max": 0.442792,
        "nauc_mrr_at_10_std": -0.043505,
        "nauc_mrr_at_10_diff1": 0.681458,
        "nauc_mrr_at_20_max": 0.441441,
        "nauc_mrr_at_20_std": -0.044255,
        "nauc_mrr_at_20_diff1": 0.680899,
        "nauc_mrr_at_100_max": 0.441133,
        "nauc_mrr_at_100_std": -0.044819,
        "nauc_mrr_at_100_diff1": 0.681118,
        "nauc_mrr_at_1000_max": 0.441053,
        "nauc_mrr_at_1000_std": -0.04492,
        "nauc_mrr_at_1000_diff1": 0.681092,
        "main_score": 0.80952,
        "hf_subset": "fa",
        "languages": [
          "fas-Arab"
        ]
      }
    ]
  },
  "evaluation_time": 20.74736714363098,
  "kg_co2_emissions": null
}