{
  "dataset_revision": "main",
  "task_name": "MIRACLRetrieval",
  "mteb_version": "1.25.8",
  "scores": {
    "dev": [
      {
        "ndcg_at_1": 0.46203,
        "ndcg_at_3": 0.48488,
        "ndcg_at_5": 0.51149,
        "ndcg_at_10": 0.55284,
        "ndcg_at_20": 0.57916,
        "ndcg_at_100": 0.6106,
        "ndcg_at_1000": 0.62259,
        "map_at_1": 0.29015,
        "map_at_3": 0.40851,
        "map_at_5": 0.43886,
        "map_at_10": 0.46541,
        "map_at_20": 0.47667,
        "map_at_100": 0.48411,
        "map_at_1000": 0.4849,
        "recall_at_1": 0.29015,
        "recall_at_3": 0.49513,
        "recall_at_5": 0.57784,
        "recall_at_10": 0.68552,
        "recall_at_20": 0.76777,
        "recall_at_100": 0.89871,
        "recall_at_1000": 0.97315,
        "precision_at_1": 0.46203,
        "precision_at_3": 0.29061,
        "precision_at_5": 0.21203,
        "precision_at_10": 0.13291,
        "precision_at_20": 0.07619,
        "precision_at_100": 0.0185,
        "precision_at_1000": 0.00203,
        "mrr_at_1": 0.462025,
        "mrr_at_3": 0.550105,
        "mrr_at_5": 0.567431,
        "mrr_at_10": 0.57983,
        "mrr_at_20": 0.583424,
        "mrr_at_100": 0.585255,
        "mrr_at_1000": 0.585461,
        "nauc_ndcg_at_1_max": 0.362516,
        "nauc_ndcg_at_1_std": 0.011623,
        "nauc_ndcg_at_1_diff1": 0.425845,
        "nauc_ndcg_at_3_max": 0.369036,
        "nauc_ndcg_at_3_std": 0.025864,
        "nauc_ndcg_at_3_diff1": 0.332005,
        "nauc_ndcg_at_5_max": 0.366465,
        "nauc_ndcg_at_5_std": 0.013744,
        "nauc_ndcg_at_5_diff1": 0.339029,
        "nauc_ndcg_at_10_max": 0.375557,
        "nauc_ndcg_at_10_std": 0.032555,
        "nauc_ndcg_at_10_diff1": 0.329997,
        "nauc_ndcg_at_20_max": 0.388777,
        "nauc_ndcg_at_20_std": 0.057354,
        "nauc_ndcg_at_20_diff1": 0.325652,
        "nauc_ndcg_at_100_max": 0.395739,
        "nauc_ndcg_at_100_std": 0.083339,
        "nauc_ndcg_at_100_diff1": 0.330313,
        "nauc_ndcg_at_1000_max": 0.39317,
        "nauc_ndcg_at_1000_std": 0.075663,
        "nauc_ndcg_at_1000_diff1": 0.335134,
        "nauc_map_at_1_max": 0.237116,
        "nauc_map_at_1_std": -0.059319,
        "nauc_map_at_1_diff1": 0.410595,
        "nauc_map_at_3_max": 0.334833,
        "nauc_map_at_3_std": -0.014133,
        "nauc_map_at_3_diff1": 0.357436,
        "nauc_map_at_5_max": 0.342569,
        "nauc_map_at_5_std": -0.010912,
        "nauc_map_at_5_diff1": 0.353195,
        "nauc_map_at_10_max": 0.352738,
        "nauc_map_at_10_std": 0.006942,
        "nauc_map_at_10_diff1": 0.341987,
        "nauc_map_at_20_max": 0.360234,
        "nauc_map_at_20_std": 0.019016,
        "nauc_map_at_20_diff1": 0.338723,
        "nauc_map_at_100_max": 0.363435,
        "nauc_map_at_100_std": 0.026445,
        "nauc_map_at_100_diff1": 0.339707,
        "nauc_map_at_1000_max": 0.363196,
        "nauc_map_at_1000_std": 0.026188,
        "nauc_map_at_1000_diff1": 0.340039,
        "nauc_recall_at_1_max": 0.237116,
        "nauc_recall_at_1_std": -0.059319,
        "nauc_recall_at_1_diff1": 0.410595,
        "nauc_recall_at_3_max": 0.327648,
        "nauc_recall_at_3_std": -0.004802,
        "nauc_recall_at_3_diff1": 0.27396,
        "nauc_recall_at_5_max": 0.317495,
        "nauc_recall_at_5_std": -0.015633,
        "nauc_recall_at_5_diff1": 0.267804,
        "nauc_recall_at_10_max": 0.326843,
        "nauc_recall_at_10_std": 0.026669,
        "nauc_recall_at_10_diff1": 0.237048,
        "nauc_recall_at_20_max": 0.360362,
        "nauc_recall_at_20_std": 0.103046,
        "nauc_recall_at_20_diff1": 0.211164,
        "nauc_recall_at_100_max": 0.432157,
        "nauc_recall_at_100_std": 0.370312,
        "nauc_recall_at_100_diff1": 0.197943,
        "nauc_recall_at_1000_max": 0.637605,
        "nauc_recall_at_1000_std": 0.653065,
        "nauc_recall_at_1000_diff1": 0.305143,
        "nauc_precision_at_1_max": 0.362516,
        "nauc_precision_at_1_std": 0.011623,
        "nauc_precision_at_1_diff1": 0.425845,
        "nauc_precision_at_3_max": 0.386901,
        "nauc_precision_at_3_std": 0.128896,
        "nauc_precision_at_3_diff1": 0.129099,
        "nauc_precision_at_5_max": 0.327588,
        "nauc_precision_at_5_std": 0.133506,
        "nauc_precision_at_5_diff1": 0.070186,
        "nauc_precision_at_10_max": 0.271791,
        "nauc_precision_at_10_std": 0.194495,
        "nauc_precision_at_10_diff1": -0.01977,
        "nauc_precision_at_20_max": 0.246487,
        "nauc_precision_at_20_std": 0.249324,
        "nauc_precision_at_20_diff1": -0.066252,
        "nauc_precision_at_100_max": 0.16102,
        "nauc_precision_at_100_std": 0.276543,
        "nauc_precision_at_100_diff1": -0.109606,
        "nauc_precision_at_1000_max": 0.094988,
        "nauc_precision_at_1000_std": 0.229244,
        "nauc_precision_at_1000_diff1": -0.129767,
        "nauc_mrr_at_1_max": 0.362516,
        "nauc_mrr_at_1_std": 0.011623,
        "nauc_mrr_at_1_diff1": 0.425845,
        "nauc_mrr_at_3_max": 0.40521,
        "nauc_mrr_at_3_std": 0.051355,
        "nauc_mrr_at_3_diff1": 0.368084,
        "nauc_mrr_at_5_max": 0.398827,
        "nauc_mrr_at_5_std": 0.051748,
        "nauc_mrr_at_5_diff1": 0.367838,
        "nauc_mrr_at_10_max": 0.399466,
        "nauc_mrr_at_10_std": 0.057752,
        "nauc_mrr_at_10_diff1": 0.371108,
        "nauc_mrr_at_20_max": 0.400233,
        "nauc_mrr_at_20_std": 0.058558,
        "nauc_mrr_at_20_diff1": 0.371832,
        "nauc_mrr_at_100_max": 0.400055,
        "nauc_mrr_at_100_std": 0.059391,
        "nauc_mrr_at_100_diff1": 0.373089,
        "nauc_mrr_at_1000_max": 0.400117,
        "nauc_mrr_at_1000_std": 0.059216,
        "nauc_mrr_at_1000_diff1": 0.373342,
        "main_score": 0.55284,
        "hf_subset": "fa",
        "languages": [
          "fas-Arab"
        ]
      }
    ]
  },
  "evaluation_time": 20444.818776130676,
  "kg_co2_emissions": null
}