{
  "dataset_revision": "45d9176b6fcba33abc58494ee82f18ee7e8ddbae",
  "task_name": "ClimateFEVER-Fa",
  "mteb_version": "1.34.14",
  "scores": {
    "test": [
      {
        "ndcg_at_1": 0.11466,
        "ndcg_at_3": 0.10575,
        "ndcg_at_5": 0.11678,
        "ndcg_at_10": 0.13295,
        "ndcg_at_20": 0.14967,
        "ndcg_at_100": 0.18273,
        "ndcg_at_1000": 0.21352,
        "map_at_1": 0.05248,
        "map_at_3": 0.07601,
        "map_at_5": 0.08372,
        "map_at_10": 0.08988,
        "map_at_20": 0.09472,
        "map_at_100": 0.09986,
        "map_at_1000": 0.10116,
        "recall_at_1": 0.05248,
        "recall_at_3": 0.10083,
        "recall_at_5": 0.12964,
        "recall_at_10": 0.16597,
        "recall_at_20": 0.21488,
        "recall_at_100": 0.34507,
        "recall_at_1000": 0.52524,
        "precision_at_1": 0.11466,
        "precision_at_3": 0.07839,
        "precision_at_5": 0.06215,
        "precision_at_10": 0.04195,
        "precision_at_20": 0.02765,
        "precision_at_100": 0.00937,
        "precision_at_1000": 0.0015,
        "mrr_at_1": 0.114658,
        "mrr_at_3": 0.158958,
        "mrr_at_5": 0.172085,
        "mrr_at_10": 0.18194,
        "mrr_at_20": 0.18766,
        "mrr_at_100": 0.192145,
        "mrr_at_1000": 0.192839,
        "nauc_ndcg_at_1_max": 0.324578,
        "nauc_ndcg_at_1_std": 0.178847,
        "nauc_ndcg_at_1_diff1": 0.318329,
        "nauc_ndcg_at_3_max": 0.326516,
        "nauc_ndcg_at_3_std": 0.2216,
        "nauc_ndcg_at_3_diff1": 0.26263,
        "nauc_ndcg_at_5_max": 0.335782,
        "nauc_ndcg_at_5_std": 0.232496,
        "nauc_ndcg_at_5_diff1": 0.252353,
        "nauc_ndcg_at_10_max": 0.340016,
        "nauc_ndcg_at_10_std": 0.242903,
        "nauc_ndcg_at_10_diff1": 0.244639,
        "nauc_ndcg_at_20_max": 0.340992,
        "nauc_ndcg_at_20_std": 0.254522,
        "nauc_ndcg_at_20_diff1": 0.244064,
        "nauc_ndcg_at_100_max": 0.356074,
        "nauc_ndcg_at_100_std": 0.288453,
        "nauc_ndcg_at_100_diff1": 0.234221,
        "nauc_ndcg_at_1000_max": 0.370189,
        "nauc_ndcg_at_1000_std": 0.316175,
        "nauc_ndcg_at_1000_diff1": 0.229671,
        "nauc_map_at_1_max": 0.293497,
        "nauc_map_at_1_std": 0.139009,
        "nauc_map_at_1_diff1": 0.355659,
        "nauc_map_at_3_max": 0.308098,
        "nauc_map_at_3_std": 0.192377,
        "nauc_map_at_3_diff1": 0.287315,
        "nauc_map_at_5_max": 0.320196,
        "nauc_map_at_5_std": 0.206215,
        "nauc_map_at_5_diff1": 0.280089,
        "nauc_map_at_10_max": 0.324194,
        "nauc_map_at_10_std": 0.212822,
        "nauc_map_at_10_diff1": 0.274687,
        "nauc_map_at_20_max": 0.324668,
        "nauc_map_at_20_std": 0.218764,
        "nauc_map_at_20_diff1": 0.27226,
        "nauc_map_at_100_max": 0.330288,
        "nauc_map_at_100_std": 0.229032,
        "nauc_map_at_100_diff1": 0.270559,
        "nauc_map_at_1000_max": 0.331545,
        "nauc_map_at_1000_std": 0.23133,
        "nauc_map_at_1000_diff1": 0.270541,
        "nauc_recall_at_1_max": 0.293497,
        "nauc_recall_at_1_std": 0.139009,
        "nauc_recall_at_1_diff1": 0.355659,
        "nauc_recall_at_3_max": 0.301523,
        "nauc_recall_at_3_std": 0.218533,
        "nauc_recall_at_3_diff1": 0.22616,
        "nauc_recall_at_5_max": 0.321475,
        "nauc_recall_at_5_std": 0.240472,
        "nauc_recall_at_5_diff1": 0.208719,
        "nauc_recall_at_10_max": 0.320397,
        "nauc_recall_at_10_std": 0.252002,
        "nauc_recall_at_10_diff1": 0.192236,
        "nauc_recall_at_20_max": 0.306912,
        "nauc_recall_at_20_std": 0.260406,
        "nauc_recall_at_20_diff1": 0.185303,
        "nauc_recall_at_100_max": 0.319421,
        "nauc_recall_at_100_std": 0.320116,
        "nauc_recall_at_100_diff1": 0.145304,
        "nauc_recall_at_1000_max": 0.344173,
        "nauc_recall_at_1000_std": 0.398604,
        "nauc_recall_at_1000_diff1": 0.110956,
        "nauc_precision_at_1_max": 0.324578,
        "nauc_precision_at_1_std": 0.178847,
        "nauc_precision_at_1_diff1": 0.318329,
        "nauc_precision_at_3_max": 0.358333,
        "nauc_precision_at_3_std": 0.275625,
        "nauc_precision_at_3_diff1": 0.195766,
        "nauc_precision_at_5_max": 0.379614,
        "nauc_precision_at_5_std": 0.304908,
        "nauc_precision_at_5_diff1": 0.185842,
        "nauc_precision_at_10_max": 0.375575,
        "nauc_precision_at_10_std": 0.311871,
        "nauc_precision_at_10_diff1": 0.17173,
        "nauc_precision_at_20_max": 0.356595,
        "nauc_precision_at_20_std": 0.323681,
        "nauc_precision_at_20_diff1": 0.16945,
        "nauc_precision_at_100_max": 0.355934,
        "nauc_precision_at_100_std": 0.378433,
        "nauc_precision_at_100_diff1": 0.132343,
        "nauc_precision_at_1000_max": 0.34226,
        "nauc_precision_at_1000_std": 0.410649,
        "nauc_precision_at_1000_diff1": 0.089153,
        "nauc_mrr_at_1_max": 0.324578,
        "nauc_mrr_at_1_std": 0.178847,
        "nauc_mrr_at_1_diff1": 0.318329,
        "nauc_mrr_at_3_max": 0.335014,
        "nauc_mrr_at_3_std": 0.223577,
        "nauc_mrr_at_3_diff1": 0.261253,
        "nauc_mrr_at_5_max": 0.343875,
        "nauc_mrr_at_5_std": 0.23398,
        "nauc_mrr_at_5_diff1": 0.258843,
        "nauc_mrr_at_10_max": 0.342542,
        "nauc_mrr_at_10_std": 0.236158,
        "nauc_mrr_at_10_diff1": 0.256971,
        "nauc_mrr_at_20_max": 0.342724,
        "nauc_mrr_at_20_std": 0.237918,
        "nauc_mrr_at_20_diff1": 0.257894,
        "nauc_mrr_at_100_max": 0.343384,
        "nauc_mrr_at_100_std": 0.239807,
        "nauc_mrr_at_100_diff1": 0.256979,
        "nauc_mrr_at_1000_max": 0.343467,
        "nauc_mrr_at_1000_std": 0.240025,
        "nauc_mrr_at_1000_diff1": 0.256915,
        "main_score": 0.13295,
        "hf_subset": "default",
        "languages": [
          "fas-Arab"
        ]
      }
    ]
  },
  "evaluation_time": 10750.477999210358,
  "kg_co2_emissions": null
}