{
  "dataset_revision": "e907c4144dc27bc8a035d78d69e15f39c56623a9",
  "task_name": "CQADupstackGisRetrieval-Fa",
  "mteb_version": "1.34.14",
  "scores": {
    "test": [
      {
        "ndcg_at_1": 0.14576,
        "ndcg_at_3": 0.17884,
        "ndcg_at_5": 0.19452,
        "ndcg_at_10": 0.21201,
        "ndcg_at_20": 0.22701,
        "ndcg_at_100": 0.25694,
        "ndcg_at_1000": 0.28146,
        "map_at_1": 0.13399,
        "map_at_3": 0.16585,
        "map_at_5": 0.17463,
        "map_at_10": 0.18239,
        "map_at_20": 0.1867,
        "map_at_100": 0.19077,
        "map_at_1000": 0.19163,
        "recall_at_1": 0.13399,
        "recall_at_3": 0.2033,
        "recall_at_5": 0.23945,
        "recall_at_10": 0.28956,
        "recall_at_20": 0.34635,
        "recall_at_100": 0.50502,
        "recall_at_1000": 0.69584,
        "precision_at_1": 0.14576,
        "precision_at_3": 0.07458,
        "precision_at_5": 0.05401,
        "precision_at_10": 0.03345,
        "precision_at_20": 0.02011,
        "precision_at_100": 0.0059,
        "precision_at_1000": 0.00083,
        "mrr_at_1": 0.145763,
        "mrr_at_3": 0.179284,
        "mrr_at_5": 0.188663,
        "mrr_at_10": 0.196109,
        "mrr_at_20": 0.200233,
        "mrr_at_100": 0.20404,
        "mrr_at_1000": 0.2048,
        "nauc_ndcg_at_1_max": 0.33024,
        "nauc_ndcg_at_1_std": 0.057051,
        "nauc_ndcg_at_1_diff1": 0.482452,
        "nauc_ndcg_at_3_max": 0.294568,
        "nauc_ndcg_at_3_std": 0.04217,
        "nauc_ndcg_at_3_diff1": 0.404357,
        "nauc_ndcg_at_5_max": 0.288952,
        "nauc_ndcg_at_5_std": 0.062046,
        "nauc_ndcg_at_5_diff1": 0.384024,
        "nauc_ndcg_at_10_max": 0.289328,
        "nauc_ndcg_at_10_std": 0.069663,
        "nauc_ndcg_at_10_diff1": 0.35512,
        "nauc_ndcg_at_20_max": 0.284433,
        "nauc_ndcg_at_20_std": 0.071624,
        "nauc_ndcg_at_20_diff1": 0.343478,
        "nauc_ndcg_at_100_max": 0.288575,
        "nauc_ndcg_at_100_std": 0.098316,
        "nauc_ndcg_at_100_diff1": 0.346143,
        "nauc_ndcg_at_1000_max": 0.292178,
        "nauc_ndcg_at_1000_std": 0.103464,
        "nauc_ndcg_at_1000_diff1": 0.345255,
        "nauc_map_at_1_max": 0.30195,
        "nauc_map_at_1_std": 0.038412,
        "nauc_map_at_1_diff1": 0.501674,
        "nauc_map_at_3_max": 0.292152,
        "nauc_map_at_3_std": 0.038517,
        "nauc_map_at_3_diff1": 0.429572,
        "nauc_map_at_5_max": 0.28892,
        "nauc_map_at_5_std": 0.051184,
        "nauc_map_at_5_diff1": 0.417074,
        "nauc_map_at_10_max": 0.290975,
        "nauc_map_at_10_std": 0.053865,
        "nauc_map_at_10_diff1": 0.402406,
        "nauc_map_at_20_max": 0.289412,
        "nauc_map_at_20_std": 0.05477,
        "nauc_map_at_20_diff1": 0.398349,
        "nauc_map_at_100_max": 0.28997,
        "nauc_map_at_100_std": 0.058828,
        "nauc_map_at_100_diff1": 0.398224,
        "nauc_map_at_1000_max": 0.289994,
        "nauc_map_at_1000_std": 0.059104,
        "nauc_map_at_1000_diff1": 0.398138,
        "nauc_recall_at_1_max": 0.30195,
        "nauc_recall_at_1_std": 0.038412,
        "nauc_recall_at_1_diff1": 0.501674,
        "nauc_recall_at_3_max": 0.27533,
        "nauc_recall_at_3_std": 0.040862,
        "nauc_recall_at_3_diff1": 0.351793,
        "nauc_recall_at_5_max": 0.260956,
        "nauc_recall_at_5_std": 0.08358,
        "nauc_recall_at_5_diff1": 0.313685,
        "nauc_recall_at_10_max": 0.261819,
        "nauc_recall_at_10_std": 0.10056,
        "nauc_recall_at_10_diff1": 0.249192,
        "nauc_recall_at_20_max": 0.239909,
        "nauc_recall_at_20_std": 0.102232,
        "nauc_recall_at_20_diff1": 0.212533,
        "nauc_recall_at_100_max": 0.254219,
        "nauc_recall_at_100_std": 0.216818,
        "nauc_recall_at_100_diff1": 0.225066,
        "nauc_recall_at_1000_max": 0.274861,
        "nauc_recall_at_1000_std": 0.293145,
        "nauc_recall_at_1000_diff1": 0.190258,
        "nauc_precision_at_1_max": 0.33024,
        "nauc_precision_at_1_std": 0.057051,
        "nauc_precision_at_1_diff1": 0.482452,
        "nauc_precision_at_3_max": 0.312627,
        "nauc_precision_at_3_std": 0.046204,
        "nauc_precision_at_3_diff1": 0.341946,
        "nauc_precision_at_5_max": 0.301368,
        "nauc_precision_at_5_std": 0.083356,
        "nauc_precision_at_5_diff1": 0.294738,
        "nauc_precision_at_10_max": 0.297638,
        "nauc_precision_at_10_std": 0.103446,
        "nauc_precision_at_10_diff1": 0.217295,
        "nauc_precision_at_20_max": 0.285843,
        "nauc_precision_at_20_std": 0.107966,
        "nauc_precision_at_20_diff1": 0.189905,
        "nauc_precision_at_100_max": 0.29192,
        "nauc_precision_at_100_std": 0.212372,
        "nauc_precision_at_100_diff1": 0.177586,
        "nauc_precision_at_1000_max": 0.291988,
        "nauc_precision_at_1000_std": 0.228241,
        "nauc_precision_at_1000_diff1": 0.095143,
        "nauc_mrr_at_1_max": 0.33024,
        "nauc_mrr_at_1_std": 0.057051,
        "nauc_mrr_at_1_diff1": 0.482452,
        "nauc_mrr_at_3_max": 0.315443,
        "nauc_mrr_at_3_std": 0.054701,
        "nauc_mrr_at_3_diff1": 0.409144,
        "nauc_mrr_at_5_max": 0.313936,
        "nauc_mrr_at_5_std": 0.063039,
        "nauc_mrr_at_5_diff1": 0.396603,
        "nauc_mrr_at_10_max": 0.312579,
        "nauc_mrr_at_10_std": 0.066762,
        "nauc_mrr_at_10_diff1": 0.385112,
        "nauc_mrr_at_20_max": 0.312206,
        "nauc_mrr_at_20_std": 0.067302,
        "nauc_mrr_at_20_diff1": 0.382276,
        "nauc_mrr_at_100_max": 0.31259,
        "nauc_mrr_at_100_std": 0.070614,
        "nauc_mrr_at_100_diff1": 0.382512,
        "nauc_mrr_at_1000_max": 0.312541,
        "nauc_mrr_at_1000_std": 0.070743,
        "nauc_mrr_at_1000_diff1": 0.38247,
        "main_score": 0.21201,
        "hf_subset": "default",
        "languages": [
          "fas-Arab"
        ]
      }
    ]
  },
  "evaluation_time": 144.40143465995789,
  "kg_co2_emissions": null
}