{
  "dataset_revision": "816ad7473d6813f77a0ca5e72b1ff7a52752d370",
  "task_name": "CQADupstackPhysicsRetrieval-Fa",
  "mteb_version": "1.34.14",
  "scores": {
    "test": [
      {
        "ndcg_at_1": 0.2435,
        "ndcg_at_3": 0.2831,
        "ndcg_at_5": 0.30149,
        "ndcg_at_10": 0.32332,
        "ndcg_at_20": 0.34307,
        "ndcg_at_100": 0.37512,
        "ndcg_at_1000": 0.40261,
        "map_at_1": 0.20028,
        "map_at_3": 0.25144,
        "map_at_5": 0.26423,
        "map_at_10": 0.27536,
        "map_at_20": 0.28176,
        "map_at_100": 0.28703,
        "map_at_1000": 0.28828,
        "recall_at_1": 0.20028,
        "recall_at_3": 0.30381,
        "recall_at_5": 0.35378,
        "recall_at_10": 0.42146,
        "recall_at_20": 0.49241,
        "recall_at_100": 0.64391,
        "recall_at_1000": 0.83231,
        "precision_at_1": 0.2435,
        "precision_at_3": 0.13346,
        "precision_at_5": 0.09644,
        "precision_at_10": 0.05929,
        "precision_at_20": 0.03542,
        "precision_at_100": 0.00995,
        "precision_at_1000": 0.00139,
        "mrr_at_1": 0.243503,
        "mrr_at_3": 0.30061,
        "mrr_at_5": 0.313122,
        "mrr_at_10": 0.323098,
        "mrr_at_20": 0.32825,
        "mrr_at_100": 0.33171,
        "mrr_at_1000": 0.332439,
        "nauc_ndcg_at_1_max": 0.265501,
        "nauc_ndcg_at_1_std": 0.002911,
        "nauc_ndcg_at_1_diff1": 0.425912,
        "nauc_ndcg_at_3_max": 0.244694,
        "nauc_ndcg_at_3_std": -0.005514,
        "nauc_ndcg_at_3_diff1": 0.353711,
        "nauc_ndcg_at_5_max": 0.236711,
        "nauc_ndcg_at_5_std": -0.001175,
        "nauc_ndcg_at_5_diff1": 0.340057,
        "nauc_ndcg_at_10_max": 0.224894,
        "nauc_ndcg_at_10_std": -0.006059,
        "nauc_ndcg_at_10_diff1": 0.34069,
        "nauc_ndcg_at_20_max": 0.231697,
        "nauc_ndcg_at_20_std": 0.013752,
        "nauc_ndcg_at_20_diff1": 0.330038,
        "nauc_ndcg_at_100_max": 0.230661,
        "nauc_ndcg_at_100_std": 0.030294,
        "nauc_ndcg_at_100_diff1": 0.32749,
        "nauc_ndcg_at_1000_max": 0.238085,
        "nauc_ndcg_at_1000_std": 0.033114,
        "nauc_ndcg_at_1000_diff1": 0.330334,
        "nauc_map_at_1_max": 0.227816,
        "nauc_map_at_1_std": -0.058396,
        "nauc_map_at_1_diff1": 0.434019,
        "nauc_map_at_3_max": 0.234605,
        "nauc_map_at_3_std": -0.023046,
        "nauc_map_at_3_diff1": 0.377876,
        "nauc_map_at_5_max": 0.232912,
        "nauc_map_at_5_std": -0.017547,
        "nauc_map_at_5_diff1": 0.367566,
        "nauc_map_at_10_max": 0.229347,
        "nauc_map_at_10_std": -0.016296,
        "nauc_map_at_10_diff1": 0.366894,
        "nauc_map_at_20_max": 0.231625,
        "nauc_map_at_20_std": -0.009969,
        "nauc_map_at_20_diff1": 0.36329,
        "nauc_map_at_100_max": 0.23167,
        "nauc_map_at_100_std": -0.006701,
        "nauc_map_at_100_diff1": 0.361595,
        "nauc_map_at_1000_max": 0.232228,
        "nauc_map_at_1000_std": -0.006223,
        "nauc_map_at_1000_diff1": 0.361676,
        "nauc_recall_at_1_max": 0.227816,
        "nauc_recall_at_1_std": -0.058396,
        "nauc_recall_at_1_diff1": 0.434019,
        "nauc_recall_at_3_max": 0.219102,
        "nauc_recall_at_3_std": -0.015954,
        "nauc_recall_at_3_diff1": 0.31747,
        "nauc_recall_at_5_max": 0.205238,
        "nauc_recall_at_5_std": -0.002896,
        "nauc_recall_at_5_diff1": 0.27809,
        "nauc_recall_at_10_max": 0.174491,
        "nauc_recall_at_10_std": -0.015915,
        "nauc_recall_at_10_diff1": 0.271447,
        "nauc_recall_at_20_max": 0.194838,
        "nauc_recall_at_20_std": 0.055509,
        "nauc_recall_at_20_diff1": 0.232045,
        "nauc_recall_at_100_max": 0.17786,
        "nauc_recall_at_100_std": 0.142532,
        "nauc_recall_at_100_diff1": 0.216381,
        "nauc_recall_at_1000_max": 0.211748,
        "nauc_recall_at_1000_std": 0.23117,
        "nauc_recall_at_1000_diff1": 0.196166,
        "nauc_precision_at_1_max": 0.265501,
        "nauc_precision_at_1_std": 0.002911,
        "nauc_precision_at_1_diff1": 0.425912,
        "nauc_precision_at_3_max": 0.264473,
        "nauc_precision_at_3_std": 0.066052,
        "nauc_precision_at_3_diff1": 0.264696,
        "nauc_precision_at_5_max": 0.235099,
        "nauc_precision_at_5_std": 0.089068,
        "nauc_precision_at_5_diff1": 0.204254,
        "nauc_precision_at_10_max": 0.204856,
        "nauc_precision_at_10_std": 0.09103,
        "nauc_precision_at_10_diff1": 0.175449,
        "nauc_precision_at_20_max": 0.201305,
        "nauc_precision_at_20_std": 0.146222,
        "nauc_precision_at_20_diff1": 0.107472,
        "nauc_precision_at_100_max": 0.157142,
        "nauc_precision_at_100_std": 0.204339,
        "nauc_precision_at_100_diff1": 0.030617,
        "nauc_precision_at_1000_max": 0.117095,
        "nauc_precision_at_1000_std": 0.19484,
        "nauc_precision_at_1000_diff1": -0.055057,
        "nauc_mrr_at_1_max": 0.265501,
        "nauc_mrr_at_1_std": 0.002911,
        "nauc_mrr_at_1_diff1": 0.425912,
        "nauc_mrr_at_3_max": 0.264403,
        "nauc_mrr_at_3_std": 0.016894,
        "nauc_mrr_at_3_diff1": 0.36195,
        "nauc_mrr_at_5_max": 0.262947,
        "nauc_mrr_at_5_std": 0.019813,
        "nauc_mrr_at_5_diff1": 0.354733,
        "nauc_mrr_at_10_max": 0.258724,
        "nauc_mrr_at_10_std": 0.015712,
        "nauc_mrr_at_10_diff1": 0.352685,
        "nauc_mrr_at_20_max": 0.260552,
        "nauc_mrr_at_20_std": 0.021136,
        "nauc_mrr_at_20_diff1": 0.35119,
        "nauc_mrr_at_100_max": 0.259637,
        "nauc_mrr_at_100_std": 0.021989,
        "nauc_mrr_at_100_diff1": 0.35133,
        "nauc_mrr_at_1000_max": 0.25987,
        "nauc_mrr_at_1000_std": 0.022064,
        "nauc_mrr_at_1000_diff1": 0.351543,
        "main_score": 0.32332,
        "hf_subset": "default",
        "languages": [
          "fas-Arab"
        ]
      }
    ]
  },
  "evaluation_time": 141.8321816921234,
  "kg_co2_emissions": null
}