{
  "dataset_revision": "bcdaf4e30477eea9b9b17ecbb153ca403e5c3ebd",
  "task_name": "CQADupstackAndroidRetrieval-Fa",
  "mteb_version": "1.34.14",
  "scores": {
    "test": [
      {
        "ndcg_at_1": 0.27182,
        "ndcg_at_3": 0.30438,
        "ndcg_at_5": 0.32081,
        "ndcg_at_10": 0.3439,
        "ndcg_at_20": 0.36673,
        "ndcg_at_100": 0.40062,
        "ndcg_at_1000": 0.42677,
        "map_at_1": 0.21062,
        "map_at_3": 0.26753,
        "map_at_5": 0.28241,
        "map_at_10": 0.29477,
        "map_at_20": 0.30238,
        "map_at_100": 0.30816,
        "map_at_1000": 0.30945,
        "recall_at_1": 0.21062,
        "recall_at_3": 0.32136,
        "recall_at_5": 0.36872,
        "recall_at_10": 0.43698,
        "recall_at_20": 0.52118,
        "recall_at_100": 0.67995,
        "recall_at_1000": 0.85915,
        "precision_at_1": 0.27182,
        "precision_at_3": 0.14878,
        "precision_at_5": 0.1073,
        "precision_at_10": 0.06695,
        "precision_at_20": 0.04113,
        "precision_at_100": 0.0117,
        "precision_at_1000": 0.00164,
        "mrr_at_1": 0.271817,
        "mrr_at_3": 0.324988,
        "mrr_at_5": 0.335503,
        "mrr_at_10": 0.345953,
        "mrr_at_20": 0.352136,
        "mrr_at_100": 0.356045,
        "mrr_at_1000": 0.356652,
        "nauc_ndcg_at_1_max": 0.449885,
        "nauc_ndcg_at_1_std": 0.05252,
        "nauc_ndcg_at_1_diff1": 0.518313,
        "nauc_ndcg_at_3_max": 0.434269,
        "nauc_ndcg_at_3_std": 0.06453,
        "nauc_ndcg_at_3_diff1": 0.451544,
        "nauc_ndcg_at_5_max": 0.42995,
        "nauc_ndcg_at_5_std": 0.063029,
        "nauc_ndcg_at_5_diff1": 0.439589,
        "nauc_ndcg_at_10_max": 0.424106,
        "nauc_ndcg_at_10_std": 0.066102,
        "nauc_ndcg_at_10_diff1": 0.436154,
        "nauc_ndcg_at_20_max": 0.428331,
        "nauc_ndcg_at_20_std": 0.087449,
        "nauc_ndcg_at_20_diff1": 0.427026,
        "nauc_ndcg_at_100_max": 0.426513,
        "nauc_ndcg_at_100_std": 0.094802,
        "nauc_ndcg_at_100_diff1": 0.4156,
        "nauc_ndcg_at_1000_max": 0.434952,
        "nauc_ndcg_at_1000_std": 0.108489,
        "nauc_ndcg_at_1000_diff1": 0.424081,
        "nauc_map_at_1_max": 0.407405,
        "nauc_map_at_1_std": 0.027226,
        "nauc_map_at_1_diff1": 0.510125,
        "nauc_map_at_3_max": 0.414557,
        "nauc_map_at_3_std": 0.044008,
        "nauc_map_at_3_diff1": 0.460632,
        "nauc_map_at_5_max": 0.418397,
        "nauc_map_at_5_std": 0.046477,
        "nauc_map_at_5_diff1": 0.454431,
        "nauc_map_at_10_max": 0.421214,
        "nauc_map_at_10_std": 0.050992,
        "nauc_map_at_10_diff1": 0.454105,
        "nauc_map_at_20_max": 0.425868,
        "nauc_map_at_20_std": 0.059534,
        "nauc_map_at_20_diff1": 0.451871,
        "nauc_map_at_100_max": 0.426624,
        "nauc_map_at_100_std": 0.062076,
        "nauc_map_at_100_diff1": 0.450419,
        "nauc_map_at_1000_max": 0.427261,
        "nauc_map_at_1000_std": 0.062994,
        "nauc_map_at_1000_diff1": 0.450901,
        "nauc_recall_at_1_max": 0.407405,
        "nauc_recall_at_1_std": 0.027226,
        "nauc_recall_at_1_diff1": 0.510125,
        "nauc_recall_at_3_max": 0.393061,
        "nauc_recall_at_3_std": 0.059019,
        "nauc_recall_at_3_diff1": 0.400422,
        "nauc_recall_at_5_max": 0.383823,
        "nauc_recall_at_5_std": 0.060745,
        "nauc_recall_at_5_diff1": 0.370089,
        "nauc_recall_at_10_max": 0.369434,
        "nauc_recall_at_10_std": 0.072145,
        "nauc_recall_at_10_diff1": 0.34918,
        "nauc_recall_at_20_max": 0.372634,
        "nauc_recall_at_20_std": 0.1441,
        "nauc_recall_at_20_diff1": 0.310678,
        "nauc_recall_at_100_max": 0.332896,
        "nauc_recall_at_100_std": 0.173507,
        "nauc_recall_at_100_diff1": 0.22044,
        "nauc_recall_at_1000_max": 0.387317,
        "nauc_recall_at_1000_std": 0.442305,
        "nauc_recall_at_1000_diff1": 0.184276,
        "nauc_precision_at_1_max": 0.449885,
        "nauc_precision_at_1_std": 0.05252,
        "nauc_precision_at_1_diff1": 0.518313,
        "nauc_precision_at_3_max": 0.435235,
        "nauc_precision_at_3_std": 0.096386,
        "nauc_precision_at_3_diff1": 0.372361,
        "nauc_precision_at_5_max": 0.419646,
        "nauc_precision_at_5_std": 0.116327,
        "nauc_precision_at_5_diff1": 0.328799,
        "nauc_precision_at_10_max": 0.383927,
        "nauc_precision_at_10_std": 0.137522,
        "nauc_precision_at_10_diff1": 0.296409,
        "nauc_precision_at_20_max": 0.377808,
        "nauc_precision_at_20_std": 0.192212,
        "nauc_precision_at_20_diff1": 0.238176,
        "nauc_precision_at_100_max": 0.259186,
        "nauc_precision_at_100_std": 0.204532,
        "nauc_precision_at_100_diff1": 0.099871,
        "nauc_precision_at_1000_max": 0.125093,
        "nauc_precision_at_1000_std": 0.150135,
        "nauc_precision_at_1000_diff1": 0.035306,
        "nauc_mrr_at_1_max": 0.449885,
        "nauc_mrr_at_1_std": 0.05252,
        "nauc_mrr_at_1_diff1": 0.518313,
        "nauc_mrr_at_3_max": 0.451475,
        "nauc_mrr_at_3_std": 0.069671,
        "nauc_mrr_at_3_diff1": 0.467328,
        "nauc_mrr_at_5_max": 0.447926,
        "nauc_mrr_at_5_std": 0.070053,
        "nauc_mrr_at_5_diff1": 0.459562,
        "nauc_mrr_at_10_max": 0.444662,
        "nauc_mrr_at_10_std": 0.072465,
        "nauc_mrr_at_10_diff1": 0.45963,
        "nauc_mrr_at_20_max": 0.445612,
        "nauc_mrr_at_20_std": 0.076632,
        "nauc_mrr_at_20_diff1": 0.458403,
        "nauc_mrr_at_100_max": 0.444817,
        "nauc_mrr_at_100_std": 0.075991,
        "nauc_mrr_at_100_diff1": 0.457515,
        "nauc_mrr_at_1000_max": 0.444888,
        "nauc_mrr_at_1000_std": 0.076113,
        "nauc_mrr_at_1000_diff1": 0.457839,
        "main_score": 0.3439,
        "hf_subset": "default",
        "languages": [
          "fas-Arab"
        ]
      }
    ]
  },
  "evaluation_time": 59.741376638412476,
  "kg_co2_emissions": null
}