{
  "dataset_revision": "13529e6e301e9d72f86def882cfbca04791d83f9",
  "task_name": "DBPedia-Fa",
  "mteb_version": "1.34.14",
  "scores": {
    "test": [
      {
        "ndcg_at_1": 0.35125,
        "ndcg_at_3": 0.29357,
        "ndcg_at_5": 0.26933,
        "ndcg_at_10": 0.24452,
        "ndcg_at_20": 0.23684,
        "ndcg_at_100": 0.26219,
        "ndcg_at_1000": 0.31554,
        "map_at_1": 0.05698,
        "map_at_3": 0.08335,
        "map_at_5": 0.09496,
        "map_at_10": 0.10639,
        "map_at_20": 0.11866,
        "map_at_100": 0.1365,
        "map_at_1000": 0.14416,
        "recall_at_1": 0.05698,
        "recall_at_3": 0.09534,
        "recall_at_5": 0.11648,
        "recall_at_10": 0.14769,
        "recall_at_20": 0.18585,
        "recall_at_100": 0.29343,
        "recall_at_1000": 0.47185,
        "precision_at_1": 0.455,
        "precision_at_3": 0.33083,
        "precision_at_5": 0.2685,
        "precision_at_10": 0.19,
        "precision_at_20": 0.13962,
        "precision_at_100": 0.0554,
        "precision_at_1000": 0.0122,
        "mrr_at_1": 0.455,
        "mrr_at_3": 0.522083,
        "mrr_at_5": 0.531708,
        "mrr_at_10": 0.541502,
        "mrr_at_20": 0.544298,
        "mrr_at_100": 0.546332,
        "mrr_at_1000": 0.54664,
        "nauc_ndcg_at_1_max": 0.426042,
        "nauc_ndcg_at_1_std": 0.270177,
        "nauc_ndcg_at_1_diff1": 0.316222,
        "nauc_ndcg_at_3_max": 0.433172,
        "nauc_ndcg_at_3_std": 0.320791,
        "nauc_ndcg_at_3_diff1": 0.206629,
        "nauc_ndcg_at_5_max": 0.428242,
        "nauc_ndcg_at_5_std": 0.32993,
        "nauc_ndcg_at_5_diff1": 0.175104,
        "nauc_ndcg_at_10_max": 0.405826,
        "nauc_ndcg_at_10_std": 0.322291,
        "nauc_ndcg_at_10_diff1": 0.163796,
        "nauc_ndcg_at_20_max": 0.388754,
        "nauc_ndcg_at_20_std": 0.310314,
        "nauc_ndcg_at_20_diff1": 0.169341,
        "nauc_ndcg_at_100_max": 0.377643,
        "nauc_ndcg_at_100_std": 0.341015,
        "nauc_ndcg_at_100_diff1": 0.160695,
        "nauc_ndcg_at_1000_max": 0.423525,
        "nauc_ndcg_at_1000_std": 0.41611,
        "nauc_ndcg_at_1000_diff1": 0.158094,
        "nauc_map_at_1_max": 0.134971,
        "nauc_map_at_1_std": 0.001213,
        "nauc_map_at_1_diff1": 0.227539,
        "nauc_map_at_3_max": 0.160561,
        "nauc_map_at_3_std": 0.034405,
        "nauc_map_at_3_diff1": 0.189005,
        "nauc_map_at_5_max": 0.182625,
        "nauc_map_at_5_std": 0.067859,
        "nauc_map_at_5_diff1": 0.162467,
        "nauc_map_at_10_max": 0.209897,
        "nauc_map_at_10_std": 0.112653,
        "nauc_map_at_10_diff1": 0.146124,
        "nauc_map_at_20_max": 0.251933,
        "nauc_map_at_20_std": 0.17353,
        "nauc_map_at_20_diff1": 0.133054,
        "nauc_map_at_100_max": 0.3115,
        "nauc_map_at_100_std": 0.257329,
        "nauc_map_at_100_diff1": 0.126199,
        "nauc_map_at_1000_max": 0.327166,
        "nauc_map_at_1000_std": 0.28482,
        "nauc_map_at_1000_diff1": 0.125075,
        "nauc_recall_at_1_max": 0.134971,
        "nauc_recall_at_1_std": 0.001213,
        "nauc_recall_at_1_diff1": 0.227539,
        "nauc_recall_at_3_max": 0.12437,
        "nauc_recall_at_3_std": 0.017385,
        "nauc_recall_at_3_diff1": 0.165395,
        "nauc_recall_at_5_max": 0.137961,
        "nauc_recall_at_5_std": 0.053693,
        "nauc_recall_at_5_diff1": 0.114962,
        "nauc_recall_at_10_max": 0.135823,
        "nauc_recall_at_10_std": 0.078493,
        "nauc_recall_at_10_diff1": 0.072902,
        "nauc_recall_at_20_max": 0.204537,
        "nauc_recall_at_20_std": 0.173556,
        "nauc_recall_at_20_diff1": 0.074778,
        "nauc_recall_at_100_max": 0.263219,
        "nauc_recall_at_100_std": 0.296748,
        "nauc_recall_at_100_diff1": 0.037392,
        "nauc_recall_at_1000_max": 0.328048,
        "nauc_recall_at_1000_std": 0.433094,
        "nauc_recall_at_1000_diff1": 0.037037,
        "nauc_precision_at_1_max": 0.499597,
        "nauc_precision_at_1_std": 0.333643,
        "nauc_precision_at_1_diff1": 0.317,
        "nauc_precision_at_3_max": 0.493436,
        "nauc_precision_at_3_std": 0.411695,
        "nauc_precision_at_3_diff1": 0.120125,
        "nauc_precision_at_5_max": 0.48349,
        "nauc_precision_at_5_std": 0.438999,
        "nauc_precision_at_5_diff1": 0.060775,
        "nauc_precision_at_10_max": 0.494168,
        "nauc_precision_at_10_std": 0.502698,
        "nauc_precision_at_10_diff1": 0.033005,
        "nauc_precision_at_20_max": 0.499362,
        "nauc_precision_at_20_std": 0.522205,
        "nauc_precision_at_20_diff1": 0.049941,
        "nauc_precision_at_100_max": 0.424588,
        "nauc_precision_at_100_std": 0.531863,
        "nauc_precision_at_100_diff1": 0.058811,
        "nauc_precision_at_1000_max": 0.146488,
        "nauc_precision_at_1000_std": 0.336604,
        "nauc_precision_at_1000_diff1": 0.098556,
        "nauc_mrr_at_1_max": 0.499597,
        "nauc_mrr_at_1_std": 0.333643,
        "nauc_mrr_at_1_diff1": 0.317,
        "nauc_mrr_at_3_max": 0.521316,
        "nauc_mrr_at_3_std": 0.37141,
        "nauc_mrr_at_3_diff1": 0.304088,
        "nauc_mrr_at_5_max": 0.519874,
        "nauc_mrr_at_5_std": 0.379171,
        "nauc_mrr_at_5_diff1": 0.29421,
        "nauc_mrr_at_10_max": 0.523408,
        "nauc_mrr_at_10_std": 0.380843,
        "nauc_mrr_at_10_diff1": 0.299134,
        "nauc_mrr_at_20_max": 0.523953,
        "nauc_mrr_at_20_std": 0.381318,
        "nauc_mrr_at_20_diff1": 0.30067,
        "nauc_mrr_at_100_max": 0.522913,
        "nauc_mrr_at_100_std": 0.38064,
        "nauc_mrr_at_100_diff1": 0.301216,
        "nauc_mrr_at_1000_max": 0.522981,
        "nauc_mrr_at_1000_std": 0.38066,
        "nauc_mrr_at_1000_diff1": 0.301122,
        "main_score": 0.24452,
        "hf_subset": "default",
        "languages": [
          "fas-Arab"
        ]
      }
    ]
  },
  "evaluation_time": 5993.010188102722,
  "kg_co2_emissions": null
}