{
  "dataset_revision": "c8129741af418d9ae43cfc1fc4f285704e26035f",
  "task_name": "FarsiParaphraseDetection",
  "mteb_version": "1.34.14",
  "scores": {
    "test": [
      {
        "similarity_accuracy": 0.918263,
        "similarity_accuracy_threshold": 0.468462,
        "similarity_f1": 0.895765,
        "similarity_f1_threshold": 0.468462,
        "similarity_precision": 0.985663,
        "similarity_recall": 0.820896,
        "similarity_ap": 0.945839,
        "cosine_accuracy": 0.918263,
        "cosine_accuracy_threshold": 0.468462,
        "cosine_f1": 0.895765,
        "cosine_f1_threshold": 0.468462,
        "cosine_precision": 0.985663,
        "cosine_recall": 0.820896,
        "cosine_ap": 0.945839,
        "manhattan_accuracy": 0.918263,
        "manhattan_accuracy_threshold": 22.722458,
        "manhattan_f1": 0.895765,
        "manhattan_f1_threshold": 22.722458,
        "manhattan_precision": 0.985663,
        "manhattan_recall": 0.820896,
        "manhattan_ap": 0.945467,
        "euclidean_accuracy": 0.918263,
        "euclidean_accuracy_threshold": 1.031055,
        "euclidean_f1": 0.895765,
        "euclidean_f1_threshold": 1.031055,
        "euclidean_precision": 0.985663,
        "euclidean_recall": 0.820896,
        "euclidean_ap": 0.945839,
        "dot_accuracy": 0.918263,
        "dot_accuracy_threshold": 0.468462,
        "dot_f1": 0.895765,
        "dot_f1_threshold": 0.468462,
        "dot_precision": 0.985663,
        "dot_recall": 0.820896,
        "dot_ap": 0.945839,
        "max_accuracy": 0.918263,
        "max_f1": 0.895765,
        "max_precision": 0.985663,
        "max_recall": 0.820896,
        "max_ap": 0.945839,
        "main_score": 0.945839,
        "hf_subset": "default",
        "languages": [
          "fas-Arab"
        ]
      }
    ]
  },
  "evaluation_time": 0.4293820858001709,
  "kg_co2_emissions": null
}