{
  "dataset_revision": "6611ebf4b4c1aaf8b021e4728440db2188291b8b",
  "task_name": "SCIDOCS-Fa",
  "mteb_version": "1.34.14",
  "scores": {
    "test": [
      {
        "ndcg_at_1": 0.148,
        "ndcg_at_3": 0.11426,
        "ndcg_at_5": 0.0956,
        "ndcg_at_10": 0.11402,
        "ndcg_at_20": 0.13148,
        "ndcg_at_100": 0.16961,
        "ndcg_at_1000": 0.21519,
        "map_at_1": 0.02993,
        "map_at_3": 0.04889,
        "map_at_5": 0.05554,
        "map_at_10": 0.0634,
        "map_at_20": 0.06874,
        "map_at_100": 0.07511,
        "map_at_1000": 0.07718,
        "recall_at_1": 0.02993,
        "recall_at_3": 0.06347,
        "recall_at_5": 0.08117,
        "recall_at_10": 0.11517,
        "recall_at_20": 0.15632,
        "recall_at_100": 0.28087,
        "recall_at_1000": 0.50568,
        "precision_at_1": 0.148,
        "precision_at_3": 0.104,
        "precision_at_5": 0.08,
        "precision_at_10": 0.0568,
        "precision_at_20": 0.03855,
        "precision_at_100": 0.01383,
        "precision_at_1000": 0.00249,
        "mrr_at_1": 0.148,
        "mrr_at_3": 0.2,
        "mrr_at_5": 0.21,
        "mrr_at_10": 0.220195,
        "mrr_at_20": 0.225867,
        "mrr_at_100": 0.230818,
        "mrr_at_1000": 0.231727,
        "nauc_ndcg_at_1_max": 0.250648,
        "nauc_ndcg_at_1_std": 0.087863,
        "nauc_ndcg_at_1_diff1": 0.262384,
        "nauc_ndcg_at_3_max": 0.260521,
        "nauc_ndcg_at_3_std": 0.145744,
        "nauc_ndcg_at_3_diff1": 0.198197,
        "nauc_ndcg_at_5_max": 0.28062,
        "nauc_ndcg_at_5_std": 0.162951,
        "nauc_ndcg_at_5_diff1": 0.204756,
        "nauc_ndcg_at_10_max": 0.305391,
        "nauc_ndcg_at_10_std": 0.18536,
        "nauc_ndcg_at_10_diff1": 0.212876,
        "nauc_ndcg_at_20_max": 0.311318,
        "nauc_ndcg_at_20_std": 0.217196,
        "nauc_ndcg_at_20_diff1": 0.211,
        "nauc_ndcg_at_100_max": 0.332847,
        "nauc_ndcg_at_100_std": 0.265628,
        "nauc_ndcg_at_100_diff1": 0.199373,
        "nauc_ndcg_at_1000_max": 0.33749,
        "nauc_ndcg_at_1000_std": 0.286711,
        "nauc_ndcg_at_1000_diff1": 0.192351,
        "nauc_map_at_1_max": 0.248705,
        "nauc_map_at_1_std": 0.08583,
        "nauc_map_at_1_diff1": 0.261414,
        "nauc_map_at_3_max": 0.266826,
        "nauc_map_at_3_std": 0.131056,
        "nauc_map_at_3_diff1": 0.204863,
        "nauc_map_at_5_max": 0.291152,
        "nauc_map_at_5_std": 0.149844,
        "nauc_map_at_5_diff1": 0.208953,
        "nauc_map_at_10_max": 0.309726,
        "nauc_map_at_10_std": 0.169853,
        "nauc_map_at_10_diff1": 0.216111,
        "nauc_map_at_20_max": 0.313685,
        "nauc_map_at_20_std": 0.186289,
        "nauc_map_at_20_diff1": 0.219277,
        "nauc_map_at_100_max": 0.321895,
        "nauc_map_at_100_std": 0.204409,
        "nauc_map_at_100_diff1": 0.213144,
        "nauc_map_at_1000_max": 0.322719,
        "nauc_map_at_1000_std": 0.209003,
        "nauc_map_at_1000_diff1": 0.211734,
        "nauc_recall_at_1_max": 0.248705,
        "nauc_recall_at_1_std": 0.08583,
        "nauc_recall_at_1_diff1": 0.261414,
        "nauc_recall_at_3_max": 0.26493,
        "nauc_recall_at_3_std": 0.179207,
        "nauc_recall_at_3_diff1": 0.167184,
        "nauc_recall_at_5_max": 0.293701,
        "nauc_recall_at_5_std": 0.198363,
        "nauc_recall_at_5_diff1": 0.184054,
        "nauc_recall_at_10_max": 0.33442,
        "nauc_recall_at_10_std": 0.231184,
        "nauc_recall_at_10_diff1": 0.199641,
        "nauc_recall_at_20_max": 0.325386,
        "nauc_recall_at_20_std": 0.281784,
        "nauc_recall_at_20_diff1": 0.187947,
        "nauc_recall_at_100_max": 0.337771,
        "nauc_recall_at_100_std": 0.35818,
        "nauc_recall_at_100_diff1": 0.144777,
        "nauc_recall_at_1000_max": 0.313385,
        "nauc_recall_at_1000_std": 0.378588,
        "nauc_recall_at_1000_diff1": 0.106439,
        "nauc_precision_at_1_max": 0.250648,
        "nauc_precision_at_1_std": 0.087863,
        "nauc_precision_at_1_diff1": 0.262384,
        "nauc_precision_at_3_max": 0.265311,
        "nauc_precision_at_3_std": 0.176713,
        "nauc_precision_at_3_diff1": 0.169313,
        "nauc_precision_at_5_max": 0.29424,
        "nauc_precision_at_5_std": 0.196825,
        "nauc_precision_at_5_diff1": 0.184972,
        "nauc_precision_at_10_max": 0.336215,
        "nauc_precision_at_10_std": 0.229332,
        "nauc_precision_at_10_diff1": 0.202477,
        "nauc_precision_at_20_max": 0.326553,
        "nauc_precision_at_20_std": 0.282085,
        "nauc_precision_at_20_diff1": 0.18907,
        "nauc_precision_at_100_max": 0.339095,
        "nauc_precision_at_100_std": 0.35706,
        "nauc_precision_at_100_diff1": 0.146572,
        "nauc_precision_at_1000_max": 0.31027,
        "nauc_precision_at_1000_std": 0.37226,
        "nauc_precision_at_1000_diff1": 0.111405,
        "nauc_mrr_at_1_max": 0.250648,
        "nauc_mrr_at_1_std": 0.087863,
        "nauc_mrr_at_1_diff1": 0.262384,
        "nauc_mrr_at_3_max": 0.245757,
        "nauc_mrr_at_3_std": 0.133395,
        "nauc_mrr_at_3_diff1": 0.214881,
        "nauc_mrr_at_5_max": 0.250946,
        "nauc_mrr_at_5_std": 0.137942,
        "nauc_mrr_at_5_diff1": 0.216566,
        "nauc_mrr_at_10_max": 0.257803,
        "nauc_mrr_at_10_std": 0.144715,
        "nauc_mrr_at_10_diff1": 0.217586,
        "nauc_mrr_at_20_max": 0.259523,
        "nauc_mrr_at_20_std": 0.150309,
        "nauc_mrr_at_20_diff1": 0.213921,
        "nauc_mrr_at_100_max": 0.260443,
        "nauc_mrr_at_100_std": 0.151614,
        "nauc_mrr_at_100_diff1": 0.214394,
        "nauc_mrr_at_1000_max": 0.260453,
        "nauc_mrr_at_1000_std": 0.151318,
        "nauc_mrr_at_1000_diff1": 0.214541,
        "main_score": 0.11402,
        "hf_subset": "default",
        "languages": [
          "fas-Arab"
        ]
      }
    ]
  },
  "evaluation_time": 98.40083003044128,
  "kg_co2_emissions": null
}