{
  "dataset_revision": "da8f36a723da155738f5e3d8d84d543589bd5083",
  "task_name": "SynPerChatbotRAGTopicsRetrieval",
  "mteb_version": "1.34.14",
  "scores": {
    "test": [
      {
        "ndcg_at_1": 0.19687,
        "ndcg_at_3": 0.13865,
        "ndcg_at_5": 0.15309,
        "ndcg_at_10": 0.1802,
        "ndcg_at_20": 0.2069,
        "ndcg_at_100": 0.26739,
        "ndcg_at_1000": 0.3393,
        "map_at_1": 0.06274,
        "map_at_3": 0.09011,
        "map_at_5": 0.10076,
        "map_at_10": 0.1115,
        "map_at_20": 0.11981,
        "map_at_100": 0.12953,
        "map_at_1000": 0.13346,
        "recall_at_1": 0.06274,
        "recall_at_3": 0.11564,
        "recall_at_5": 0.14971,
        "recall_at_10": 0.20836,
        "recall_at_20": 0.28126,
        "recall_at_100": 0.51513,
        "recall_at_1000": 0.922,
        "precision_at_1": 0.19687,
        "precision_at_3": 0.12205,
        "precision_at_5": 0.09494,
        "precision_at_10": 0.06587,
        "precision_at_20": 0.04494,
        "precision_at_100": 0.01649,
        "precision_at_1000": 0.00297,
        "mrr_at_1": 0.195952,
        "mrr_at_3": 0.252683,
        "mrr_at_5": 0.268599,
        "mrr_at_10": 0.285017,
        "mrr_at_20": 0.292275,
        "mrr_at_100": 0.298835,
        "mrr_at_1000": 0.299453,
        "nauc_ndcg_at_1_max": 0.167332,
        "nauc_ndcg_at_1_std": -0.104282,
        "nauc_ndcg_at_1_diff1": 0.338355,
        "nauc_ndcg_at_3_max": 0.184563,
        "nauc_ndcg_at_3_std": -0.107303,
        "nauc_ndcg_at_3_diff1": 0.317585,
        "nauc_ndcg_at_5_max": 0.202976,
        "nauc_ndcg_at_5_std": -0.099947,
        "nauc_ndcg_at_5_diff1": 0.293654,
        "nauc_ndcg_at_10_max": 0.219853,
        "nauc_ndcg_at_10_std": -0.09429,
        "nauc_ndcg_at_10_diff1": 0.280192,
        "nauc_ndcg_at_20_max": 0.219049,
        "nauc_ndcg_at_20_std": -0.09114,
        "nauc_ndcg_at_20_diff1": 0.277632,
        "nauc_ndcg_at_100_max": 0.227401,
        "nauc_ndcg_at_100_std": -0.072538,
        "nauc_ndcg_at_100_diff1": 0.272351,
        "nauc_ndcg_at_1000_max": 0.228813,
        "nauc_ndcg_at_1000_std": -0.059887,
        "nauc_ndcg_at_1000_diff1": 0.275027,
        "nauc_map_at_1_max": 0.174281,
        "nauc_map_at_1_std": -0.099735,
        "nauc_map_at_1_diff1": 0.33849,
        "nauc_map_at_3_max": 0.180584,
        "nauc_map_at_3_std": -0.102219,
        "nauc_map_at_3_diff1": 0.309106,
        "nauc_map_at_5_max": 0.189501,
        "nauc_map_at_5_std": -0.10382,
        "nauc_map_at_5_diff1": 0.298745,
        "nauc_map_at_10_max": 0.197954,
        "nauc_map_at_10_std": -0.101235,
        "nauc_map_at_10_diff1": 0.288928,
        "nauc_map_at_20_max": 0.199107,
        "nauc_map_at_20_std": -0.100544,
        "nauc_map_at_20_diff1": 0.286298,
        "nauc_map_at_100_max": 0.202711,
        "nauc_map_at_100_std": -0.095943,
        "nauc_map_at_100_diff1": 0.283202,
        "nauc_map_at_1000_max": 0.203261,
        "nauc_map_at_1000_std": -0.093593,
        "nauc_map_at_1000_diff1": 0.282113,
        "nauc_recall_at_1_max": 0.174281,
        "nauc_recall_at_1_std": -0.099735,
        "nauc_recall_at_1_diff1": 0.33849,
        "nauc_recall_at_3_max": 0.197939,
        "nauc_recall_at_3_std": -0.096081,
        "nauc_recall_at_3_diff1": 0.294462,
        "nauc_recall_at_5_max": 0.217931,
        "nauc_recall_at_5_std": -0.090508,
        "nauc_recall_at_5_diff1": 0.247121,
        "nauc_recall_at_10_max": 0.239514,
        "nauc_recall_at_10_std": -0.069216,
        "nauc_recall_at_10_diff1": 0.20342,
        "nauc_recall_at_20_max": 0.221302,
        "nauc_recall_at_20_std": -0.056475,
        "nauc_recall_at_20_diff1": 0.188452,
        "nauc_recall_at_100_max": 0.210327,
        "nauc_recall_at_100_std": 0.018257,
        "nauc_recall_at_100_diff1": 0.132963,
        "nauc_recall_at_1000_max": 0.317341,
        "nauc_recall_at_1000_std": 0.295862,
        "nauc_recall_at_1000_diff1": 0.05569,
        "nauc_precision_at_1_max": 0.167332,
        "nauc_precision_at_1_std": -0.104282,
        "nauc_precision_at_1_diff1": 0.338355,
        "nauc_precision_at_3_max": 0.187561,
        "nauc_precision_at_3_std": -0.108664,
        "nauc_precision_at_3_diff1": 0.297317,
        "nauc_precision_at_5_max": 0.206267,
        "nauc_precision_at_5_std": -0.101484,
        "nauc_precision_at_5_diff1": 0.247547,
        "nauc_precision_at_10_max": 0.22728,
        "nauc_precision_at_10_std": -0.087646,
        "nauc_precision_at_10_diff1": 0.205805,
        "nauc_precision_at_20_max": 0.192438,
        "nauc_precision_at_20_std": -0.081702,
        "nauc_precision_at_20_diff1": 0.187565,
        "nauc_precision_at_100_max": 0.155867,
        "nauc_precision_at_100_std": -0.021584,
        "nauc_precision_at_100_diff1": 0.1227,
        "nauc_precision_at_1000_max": 0.019969,
        "nauc_precision_at_1000_std": 0.037926,
        "nauc_precision_at_1000_diff1": -0.003777,
        "nauc_mrr_at_1_max": 0.16423,
        "nauc_mrr_at_1_std": -0.108395,
        "nauc_mrr_at_1_diff1": 0.342846,
        "nauc_mrr_at_3_max": 0.185061,
        "nauc_mrr_at_3_std": -0.104477,
        "nauc_mrr_at_3_diff1": 0.335258,
        "nauc_mrr_at_5_max": 0.191681,
        "nauc_mrr_at_5_std": -0.101743,
        "nauc_mrr_at_5_diff1": 0.319544,
        "nauc_mrr_at_10_max": 0.196454,
        "nauc_mrr_at_10_std": -0.100108,
        "nauc_mrr_at_10_diff1": 0.318133,
        "nauc_mrr_at_20_max": 0.196012,
        "nauc_mrr_at_20_std": -0.098311,
        "nauc_mrr_at_20_diff1": 0.318977,
        "nauc_mrr_at_100_max": 0.19537,
        "nauc_mrr_at_100_std": -0.098058,
        "nauc_mrr_at_100_diff1": 0.319985,
        "nauc_mrr_at_1000_max": 0.195204,
        "nauc_mrr_at_1000_std": -0.098115,
        "nauc_mrr_at_1000_diff1": 0.319914,
        "main_score": 0.1802,
        "hf_subset": "default",
        "languages": [
          "fas-Arab"
        ]
      }
    ]
  },
  "evaluation_time": 5.807343244552612,
  "kg_co2_emissions": null
}