{
  "dataset_revision": "086995ca4cea33f37a407c2fa5282f74913740ee",
  "task_name": "SynPerChatbotTopicsRetrieval",
  "mteb_version": "1.34.14",
  "scores": {
    "test": [
      {
        "ndcg_at_1": 0.09824,
        "ndcg_at_3": 0.08455,
        "ndcg_at_5": 0.09847,
        "ndcg_at_10": 0.12429,
        "ndcg_at_20": 0.14663,
        "ndcg_at_100": 0.20232,
        "ndcg_at_1000": 0.27799,
        "map_at_1": 0.03122,
        "map_at_3": 0.05199,
        "map_at_5": 0.05987,
        "map_at_10": 0.06915,
        "map_at_20": 0.07536,
        "map_at_100": 0.08381,
        "map_at_1000": 0.08763,
        "recall_at_1": 0.03122,
        "recall_at_3": 0.07606,
        "recall_at_5": 0.10535,
        "recall_at_10": 0.16094,
        "recall_at_20": 0.22242,
        "recall_at_100": 0.43885,
        "recall_at_1000": 0.87055,
        "precision_at_1": 0.09824,
        "precision_at_3": 0.08003,
        "precision_at_5": 0.06649,
        "precision_at_10": 0.05088,
        "precision_at_20": 0.0353,
        "precision_at_100": 0.014,
        "precision_at_1000": 0.00278,
        "mrr_at_1": 0.098243,
        "mrr_at_3": 0.153004,
        "mrr_at_5": 0.169594,
        "mrr_at_10": 0.187804,
        "mrr_at_20": 0.195918,
        "mrr_at_100": 0.202267,
        "mrr_at_1000": 0.203213,
        "nauc_ndcg_at_1_max": 0.092305,
        "nauc_ndcg_at_1_std": -0.122686,
        "nauc_ndcg_at_1_diff1": 0.271147,
        "nauc_ndcg_at_3_max": 0.137227,
        "nauc_ndcg_at_3_std": -0.091963,
        "nauc_ndcg_at_3_diff1": 0.186636,
        "nauc_ndcg_at_5_max": 0.149785,
        "nauc_ndcg_at_5_std": -0.077929,
        "nauc_ndcg_at_5_diff1": 0.189368,
        "nauc_ndcg_at_10_max": 0.155289,
        "nauc_ndcg_at_10_std": -0.059451,
        "nauc_ndcg_at_10_diff1": 0.180259,
        "nauc_ndcg_at_20_max": 0.164569,
        "nauc_ndcg_at_20_std": -0.042796,
        "nauc_ndcg_at_20_diff1": 0.179944,
        "nauc_ndcg_at_100_max": 0.185801,
        "nauc_ndcg_at_100_std": -0.016081,
        "nauc_ndcg_at_100_diff1": 0.182692,
        "nauc_ndcg_at_1000_max": 0.210236,
        "nauc_ndcg_at_1000_std": 0.013312,
        "nauc_ndcg_at_1000_diff1": 0.184212,
        "nauc_map_at_1_max": 0.10798,
        "nauc_map_at_1_std": -0.108171,
        "nauc_map_at_1_diff1": 0.277821,
        "nauc_map_at_3_max": 0.153768,
        "nauc_map_at_3_std": -0.079746,
        "nauc_map_at_3_diff1": 0.202062,
        "nauc_map_at_5_max": 0.15439,
        "nauc_map_at_5_std": -0.079719,
        "nauc_map_at_5_diff1": 0.202237,
        "nauc_map_at_10_max": 0.154646,
        "nauc_map_at_10_std": -0.074666,
        "nauc_map_at_10_diff1": 0.195868,
        "nauc_map_at_20_max": 0.156026,
        "nauc_map_at_20_std": -0.068475,
        "nauc_map_at_20_diff1": 0.195927,
        "nauc_map_at_100_max": 0.161599,
        "nauc_map_at_100_std": -0.061538,
        "nauc_map_at_100_diff1": 0.196364,
        "nauc_map_at_1000_max": 0.16453,
        "nauc_map_at_1000_std": -0.057742,
        "nauc_map_at_1000_diff1": 0.195155,
        "nauc_recall_at_1_max": 0.10798,
        "nauc_recall_at_1_std": -0.108171,
        "nauc_recall_at_1_diff1": 0.277821,
        "nauc_recall_at_3_max": 0.169543,
        "nauc_recall_at_3_std": -0.063605,
        "nauc_recall_at_3_diff1": 0.156678,
        "nauc_recall_at_5_max": 0.16766,
        "nauc_recall_at_5_std": -0.058526,
        "nauc_recall_at_5_diff1": 0.162579,
        "nauc_recall_at_10_max": 0.168141,
        "nauc_recall_at_10_std": -0.018737,
        "nauc_recall_at_10_diff1": 0.138646,
        "nauc_recall_at_20_max": 0.175346,
        "nauc_recall_at_20_std": 0.016688,
        "nauc_recall_at_20_diff1": 0.129353,
        "nauc_recall_at_100_max": 0.193106,
        "nauc_recall_at_100_std": 0.083679,
        "nauc_recall_at_100_diff1": 0.104574,
        "nauc_recall_at_1000_max": 0.381665,
        "nauc_recall_at_1000_std": 0.381107,
        "nauc_recall_at_1000_diff1": 0.062143,
        "nauc_precision_at_1_max": 0.092305,
        "nauc_precision_at_1_std": -0.122686,
        "nauc_precision_at_1_diff1": 0.271147,
        "nauc_precision_at_3_max": 0.151186,
        "nauc_precision_at_3_std": -0.082351,
        "nauc_precision_at_3_diff1": 0.151701,
        "nauc_precision_at_5_max": 0.147845,
        "nauc_precision_at_5_std": -0.077431,
        "nauc_precision_at_5_diff1": 0.156746,
        "nauc_precision_at_10_max": 0.148302,
        "nauc_precision_at_10_std": -0.041987,
        "nauc_precision_at_10_diff1": 0.134223,
        "nauc_precision_at_20_max": 0.151012,
        "nauc_precision_at_20_std": -0.008418,
        "nauc_precision_at_20_diff1": 0.124066,
        "nauc_precision_at_100_max": 0.152389,
        "nauc_precision_at_100_std": 0.046857,
        "nauc_precision_at_100_diff1": 0.095708,
        "nauc_precision_at_1000_max": 0.177291,
        "nauc_precision_at_1000_std": 0.174778,
        "nauc_precision_at_1000_diff1": 0.039227,
        "nauc_mrr_at_1_max": 0.092305,
        "nauc_mrr_at_1_std": -0.122686,
        "nauc_mrr_at_1_diff1": 0.271147,
        "nauc_mrr_at_3_max": 0.121967,
        "nauc_mrr_at_3_std": -0.099238,
        "nauc_mrr_at_3_diff1": 0.207052,
        "nauc_mrr_at_5_max": 0.122749,
        "nauc_mrr_at_5_std": -0.093797,
        "nauc_mrr_at_5_diff1": 0.203158,
        "nauc_mrr_at_10_max": 0.130074,
        "nauc_mrr_at_10_std": -0.081059,
        "nauc_mrr_at_10_diff1": 0.202047,
        "nauc_mrr_at_20_max": 0.135025,
        "nauc_mrr_at_20_std": -0.076176,
        "nauc_mrr_at_20_diff1": 0.202839,
        "nauc_mrr_at_100_max": 0.13524,
        "nauc_mrr_at_100_std": -0.075746,
        "nauc_mrr_at_100_diff1": 0.203955,
        "nauc_mrr_at_1000_max": 0.134667,
        "nauc_mrr_at_1000_std": -0.076377,
        "nauc_mrr_at_1000_diff1": 0.204078,
        "main_score": 0.12429,
        "hf_subset": "default",
        "languages": [
          "fas-Arab"
        ]
      }
    ]
  },
  "evaluation_time": 9.455146551132202,
  "kg_co2_emissions": null
}