{
  "dataset_revision": "9d32af6540970e2845028cbfffe6b0d0e8f52428",
  "task_name": "SynPerChatbotRAGFAQRetrieval",
  "mteb_version": "1.34.14",
  "scores": {
    "test": [
      {
        "ndcg_at_1": 0.13523,
        "ndcg_at_3": 0.20591,
        "ndcg_at_5": 0.2312,
        "ndcg_at_10": 0.26458,
        "ndcg_at_20": 0.29307,
        "ndcg_at_100": 0.33699,
        "ndcg_at_1000": 0.35992,
        "map_at_1": 0.13523,
        "map_at_3": 0.18783,
        "map_at_5": 0.20181,
        "map_at_10": 0.21561,
        "map_at_20": 0.22349,
        "map_at_100": 0.22954,
        "map_at_1000": 0.23036,
        "recall_at_1": 0.13523,
        "recall_at_3": 0.25851,
        "recall_at_5": 0.32015,
        "recall_at_10": 0.42318,
        "recall_at_20": 0.53542,
        "recall_at_100": 0.77277,
        "recall_at_1000": 0.95492,
        "precision_at_1": 0.13523,
        "precision_at_3": 0.08617,
        "precision_at_5": 0.06403,
        "precision_at_10": 0.04232,
        "precision_at_20": 0.02677,
        "precision_at_100": 0.00773,
        "precision_at_1000": 0.00095,
        "mrr_at_1": 0.135235,
        "mrr_at_3": 0.187826,
        "mrr_at_5": 0.201809,
        "mrr_at_10": 0.215609,
        "mrr_at_20": 0.223489,
        "mrr_at_100": 0.229541,
        "mrr_at_1000": 0.230363,
        "nauc_ndcg_at_1_max": -0.1215,
        "nauc_ndcg_at_1_std": -0.145083,
        "nauc_ndcg_at_1_diff1": 0.338916,
        "nauc_ndcg_at_3_max": -0.100547,
        "nauc_ndcg_at_3_std": -0.137831,
        "nauc_ndcg_at_3_diff1": 0.282042,
        "nauc_ndcg_at_5_max": -0.091041,
        "nauc_ndcg_at_5_std": -0.117227,
        "nauc_ndcg_at_5_diff1": 0.272721,
        "nauc_ndcg_at_10_max": -0.083563,
        "nauc_ndcg_at_10_std": -0.102399,
        "nauc_ndcg_at_10_diff1": 0.268036,
        "nauc_ndcg_at_20_max": -0.075279,
        "nauc_ndcg_at_20_std": -0.088678,
        "nauc_ndcg_at_20_diff1": 0.265667,
        "nauc_ndcg_at_100_max": -0.056491,
        "nauc_ndcg_at_100_std": -0.058389,
        "nauc_ndcg_at_100_diff1": 0.269531,
        "nauc_ndcg_at_1000_max": -0.069808,
        "nauc_ndcg_at_1000_std": -0.076362,
        "nauc_ndcg_at_1000_diff1": 0.272891,
        "nauc_map_at_1_max": -0.1215,
        "nauc_map_at_1_std": -0.145083,
        "nauc_map_at_1_diff1": 0.338916,
        "nauc_map_at_3_max": -0.103069,
        "nauc_map_at_3_std": -0.139346,
        "nauc_map_at_3_diff1": 0.291786,
        "nauc_map_at_5_max": -0.09738,
        "nauc_map_at_5_std": -0.127205,
        "nauc_map_at_5_diff1": 0.285432,
        "nauc_map_at_10_max": -0.094174,
        "nauc_map_at_10_std": -0.120526,
        "nauc_map_at_10_diff1": 0.283458,
        "nauc_map_at_20_max": -0.091599,
        "nauc_map_at_20_std": -0.116417,
        "nauc_map_at_20_diff1": 0.283269,
        "nauc_map_at_100_max": -0.08944,
        "nauc_map_at_100_std": -0.112333,
        "nauc_map_at_100_diff1": 0.283633,
        "nauc_map_at_1000_max": -0.08994,
        "nauc_map_at_1000_std": -0.112867,
        "nauc_map_at_1000_diff1": 0.283696,
        "nauc_recall_at_1_max": -0.1215,
        "nauc_recall_at_1_std": -0.145083,
        "nauc_recall_at_1_diff1": 0.338916,
        "nauc_recall_at_3_max": -0.095136,
        "nauc_recall_at_3_std": -0.134225,
        "nauc_recall_at_3_diff1": 0.259542,
        "nauc_recall_at_5_max": -0.076273,
        "nauc_recall_at_5_std": -0.092408,
        "nauc_recall_at_5_diff1": 0.244307,
        "nauc_recall_at_10_max": -0.05718,
        "nauc_recall_at_10_std": -0.055746,
        "nauc_recall_at_10_diff1": 0.232626,
        "nauc_recall_at_20_max": -0.02871,
        "nauc_recall_at_20_std": -0.007467,
        "nauc_recall_at_20_diff1": 0.219765,
        "nauc_recall_at_100_max": 0.134649,
        "nauc_recall_at_100_std": 0.248038,
        "nauc_recall_at_100_diff1": 0.222873,
        "nauc_recall_at_1000_max": 0.230175,
        "nauc_recall_at_1000_std": 0.497688,
        "nauc_recall_at_1000_diff1": 0.222888,
        "nauc_precision_at_1_max": -0.1215,
        "nauc_precision_at_1_std": -0.145083,
        "nauc_precision_at_1_diff1": 0.338916,
        "nauc_precision_at_3_max": -0.095136,
        "nauc_precision_at_3_std": -0.134225,
        "nauc_precision_at_3_diff1": 0.259542,
        "nauc_precision_at_5_max": -0.076273,
        "nauc_precision_at_5_std": -0.092408,
        "nauc_precision_at_5_diff1": 0.244307,
        "nauc_precision_at_10_max": -0.05718,
        "nauc_precision_at_10_std": -0.055746,
        "nauc_precision_at_10_diff1": 0.232626,
        "nauc_precision_at_20_max": -0.02871,
        "nauc_precision_at_20_std": -0.007467,
        "nauc_precision_at_20_diff1": 0.219765,
        "nauc_precision_at_100_max": 0.134649,
        "nauc_precision_at_100_std": 0.248038,
        "nauc_precision_at_100_diff1": 0.222873,
        "nauc_precision_at_1000_max": 0.230175,
        "nauc_precision_at_1000_std": 0.497688,
        "nauc_precision_at_1000_diff1": 0.222888,
        "nauc_mrr_at_1_max": -0.1215,
        "nauc_mrr_at_1_std": -0.145083,
        "nauc_mrr_at_1_diff1": 0.338916,
        "nauc_mrr_at_3_max": -0.103069,
        "nauc_mrr_at_3_std": -0.139346,
        "nauc_mrr_at_3_diff1": 0.291786,
        "nauc_mrr_at_5_max": -0.09738,
        "nauc_mrr_at_5_std": -0.127205,
        "nauc_mrr_at_5_diff1": 0.285432,
        "nauc_mrr_at_10_max": -0.094174,
        "nauc_mrr_at_10_std": -0.120526,
        "nauc_mrr_at_10_diff1": 0.283458,
        "nauc_mrr_at_20_max": -0.091599,
        "nauc_mrr_at_20_std": -0.116417,
        "nauc_mrr_at_20_diff1": 0.283269,
        "nauc_mrr_at_100_max": -0.08944,
        "nauc_mrr_at_100_std": -0.112333,
        "nauc_mrr_at_100_diff1": 0.283633,
        "nauc_mrr_at_1000_max": -0.08994,
        "nauc_mrr_at_1000_std": -0.112867,
        "nauc_mrr_at_1000_diff1": 0.283696,
        "main_score": 0.26458,
        "hf_subset": "default",
        "languages": [
          "fas-Arab"
        ]
      }
    ]
  },
  "evaluation_time": 10.462189197540283,
  "kg_co2_emissions": null
}