{
  "dataset_revision": "98e6c2d33dfa166ee326e8b1bc7ea82c7e6898dd",
  "task_name": "TRECCOVID-Fa",
  "mteb_version": "1.34.14",
  "scores": {
    "test": [
      {
        "ndcg_at_1": 0.63,
        "ndcg_at_3": 0.60939,
        "ndcg_at_5": 0.60139,
        "ndcg_at_10": 0.57168,
        "ndcg_at_20": 0.5307,
        "ndcg_at_100": 0.41599,
        "ndcg_at_1000": 0.35814,
        "map_at_1": 0.00175,
        "map_at_3": 0.00482,
        "map_at_5": 0.00748,
        "map_at_10": 0.01336,
        "map_at_20": 0.02244,
        "map_at_100": 0.06664,
        "map_at_1000": 0.15091,
        "recall_at_1": 0.00175,
        "recall_at_3": 0.00517,
        "recall_at_5": 0.00826,
        "recall_at_10": 0.01536,
        "recall_at_20": 0.02741,
        "recall_at_100": 0.09768,
        "recall_at_1000": 0.33597,
        "precision_at_1": 0.68,
        "precision_at_3": 0.65333,
        "precision_at_5": 0.64,
        "precision_at_10": 0.612,
        "precision_at_20": 0.558,
        "precision_at_100": 0.4286,
        "precision_at_1000": 0.16066,
        "mrr_at_1": 0.68,
        "mrr_at_3": 0.76,
        "mrr_at_5": 0.764,
        "mrr_at_10": 0.768222,
        "mrr_at_20": 0.769399,
        "mrr_at_100": 0.770479,
        "mrr_at_1000": 0.770589,
        "nauc_ndcg_at_1_max": 0.226313,
        "nauc_ndcg_at_1_std": 0.482011,
        "nauc_ndcg_at_1_diff1": 0.031467,
        "nauc_ndcg_at_3_max": 0.225637,
        "nauc_ndcg_at_3_std": 0.502873,
        "nauc_ndcg_at_3_diff1": -0.082969,
        "nauc_ndcg_at_5_max": 0.232895,
        "nauc_ndcg_at_5_std": 0.51497,
        "nauc_ndcg_at_5_diff1": -0.06717,
        "nauc_ndcg_at_10_max": 0.194744,
        "nauc_ndcg_at_10_std": 0.535106,
        "nauc_ndcg_at_10_diff1": -0.032952,
        "nauc_ndcg_at_20_max": 0.209442,
        "nauc_ndcg_at_20_std": 0.549054,
        "nauc_ndcg_at_20_diff1": -0.020191,
        "nauc_ndcg_at_100_max": 0.326032,
        "nauc_ndcg_at_100_std": 0.702885,
        "nauc_ndcg_at_100_diff1": -0.109562,
        "nauc_ndcg_at_1000_max": 0.371264,
        "nauc_ndcg_at_1000_std": 0.710811,
        "nauc_ndcg_at_1000_diff1": -0.046305,
        "nauc_map_at_1_max": 0.165632,
        "nauc_map_at_1_std": 0.046667,
        "nauc_map_at_1_diff1": 0.082525,
        "nauc_map_at_3_max": 0.210981,
        "nauc_map_at_3_std": 0.08316,
        "nauc_map_at_3_diff1": -0.007758,
        "nauc_map_at_5_max": 0.228351,
        "nauc_map_at_5_std": 0.128911,
        "nauc_map_at_5_diff1": 0.004512,
        "nauc_map_at_10_max": 0.237934,
        "nauc_map_at_10_std": 0.217045,
        "nauc_map_at_10_diff1": 0.022523,
        "nauc_map_at_20_max": 0.278416,
        "nauc_map_at_20_std": 0.287447,
        "nauc_map_at_20_diff1": 0.050674,
        "nauc_map_at_100_max": 0.434126,
        "nauc_map_at_100_std": 0.608665,
        "nauc_map_at_100_diff1": -0.07429,
        "nauc_map_at_1000_max": 0.409932,
        "nauc_map_at_1000_std": 0.747471,
        "nauc_map_at_1000_diff1": -0.10486,
        "nauc_recall_at_1_max": 0.165632,
        "nauc_recall_at_1_std": 0.046667,
        "nauc_recall_at_1_diff1": 0.082525,
        "nauc_recall_at_3_max": 0.196992,
        "nauc_recall_at_3_std": 0.067179,
        "nauc_recall_at_3_diff1": -0.001451,
        "nauc_recall_at_5_max": 0.212654,
        "nauc_recall_at_5_std": 0.102827,
        "nauc_recall_at_5_diff1": 0.003591,
        "nauc_recall_at_10_max": 0.209492,
        "nauc_recall_at_10_std": 0.179336,
        "nauc_recall_at_10_diff1": 0.016896,
        "nauc_recall_at_20_max": 0.275092,
        "nauc_recall_at_20_std": 0.245782,
        "nauc_recall_at_20_diff1": 0.036115,
        "nauc_recall_at_100_max": 0.412676,
        "nauc_recall_at_100_std": 0.55003,
        "nauc_recall_at_100_diff1": -0.077862,
        "nauc_recall_at_1000_max": 0.382057,
        "nauc_recall_at_1000_std": 0.715546,
        "nauc_recall_at_1000_diff1": -0.034511,
        "nauc_precision_at_1_max": 0.16889,
        "nauc_precision_at_1_std": 0.387223,
        "nauc_precision_at_1_diff1": 0.109288,
        "nauc_precision_at_3_max": 0.233126,
        "nauc_precision_at_3_std": 0.432919,
        "nauc_precision_at_3_diff1": -0.137235,
        "nauc_precision_at_5_max": 0.23368,
        "nauc_precision_at_5_std": 0.465864,
        "nauc_precision_at_5_diff1": -0.121513,
        "nauc_precision_at_10_max": 0.185861,
        "nauc_precision_at_10_std": 0.511765,
        "nauc_precision_at_10_diff1": -0.041506,
        "nauc_precision_at_20_max": 0.232841,
        "nauc_precision_at_20_std": 0.534434,
        "nauc_precision_at_20_diff1": -0.019686,
        "nauc_precision_at_100_max": 0.360192,
        "nauc_precision_at_100_std": 0.701742,
        "nauc_precision_at_100_diff1": -0.133949,
        "nauc_precision_at_1000_max": 0.275315,
        "nauc_precision_at_1000_std": 0.613182,
        "nauc_precision_at_1000_diff1": -0.077022,
        "nauc_mrr_at_1_max": 0.16889,
        "nauc_mrr_at_1_std": 0.387223,
        "nauc_mrr_at_1_diff1": 0.109288,
        "nauc_mrr_at_3_max": 0.142189,
        "nauc_mrr_at_3_std": 0.416449,
        "nauc_mrr_at_3_diff1": 0.06793,
        "nauc_mrr_at_5_max": 0.15542,
        "nauc_mrr_at_5_std": 0.412749,
        "nauc_mrr_at_5_diff1": 0.058395,
        "nauc_mrr_at_10_max": 0.1447,
        "nauc_mrr_at_10_std": 0.404145,
        "nauc_mrr_at_10_diff1": 0.066921,
        "nauc_mrr_at_20_max": 0.152227,
        "nauc_mrr_at_20_std": 0.400685,
        "nauc_mrr_at_20_diff1": 0.061503,
        "nauc_mrr_at_100_max": 0.151857,
        "nauc_mrr_at_100_std": 0.401979,
        "nauc_mrr_at_100_diff1": 0.062483,
        "nauc_mrr_at_1000_max": 0.151744,
        "nauc_mrr_at_1000_std": 0.401724,
        "nauc_mrr_at_1000_diff1": 0.062215,
        "main_score": 0.57168,
        "hf_subset": "default",
        "languages": [
          "fas-Arab"
        ]
      }
    ]
  },
  "evaluation_time": 625.0243685245514,
  "kg_co2_emissions": null
}