{
  "dataset_revision": "f22eecc8ad7f25875a77b5e5e23d484b7cc74c59",
  "task_name": "MSMARCO-FaHardNegatives",
  "mteb_version": "1.38.33",
  "scores": {
    "test": [
      {
        "ndcg_at_1": 0.6124,
        "ndcg_at_3": 0.61101,
        "ndcg_at_5": 0.6119,
        "ndcg_at_10": 0.58178,
        "ndcg_at_20": 0.58155,
        "ndcg_at_100": 0.6311,
        "ndcg_at_1000": 0.74951,
        "map_at_1": 0.01428,
        "map_at_3": 0.03699,
        "map_at_5": 0.061,
        "map_at_10": 0.09792,
        "map_at_20": 0.15922,
        "map_at_100": 0.36581,
        "map_at_1000": 0.51245,
        "recall_at_1": 0.01428,
        "recall_at_3": 0.03917,
        "recall_at_5": 0.07066,
        "recall_at_10": 0.12456,
        "recall_at_20": 0.22034,
        "recall_at_100": 0.59414,
        "recall_at_1000": 0.93457,
        "precision_at_1": 0.81395,
        "precision_at_3": 0.78295,
        "precision_at_5": 0.77674,
        "precision_at_10": 0.68837,
        "precision_at_20": 0.63605,
        "precision_at_100": 0.44512,
        "precision_at_1000": 0.08842,
        "mrr_at_1": 0.813953,
        "mrr_at_3": 0.852713,
        "mrr_at_5": 0.857364,
        "mrr_at_10": 0.863824,
        "mrr_at_20": 0.865048,
        "mrr_at_100": 0.865048,
        "mrr_at_1000": 0.865048,
        "nauc_ndcg_at_1_max": 0.25809,
        "nauc_ndcg_at_1_std": 0.358727,
        "nauc_ndcg_at_1_diff1": -0.310183,
        "nauc_ndcg_at_3_max": 0.386137,
        "nauc_ndcg_at_3_std": 0.434107,
        "nauc_ndcg_at_3_diff1": -0.306268,
        "nauc_ndcg_at_5_max": 0.38109,
        "nauc_ndcg_at_5_std": 0.432629,
        "nauc_ndcg_at_5_diff1": -0.320489,
        "nauc_ndcg_at_10_max": 0.301444,
        "nauc_ndcg_at_10_std": 0.425444,
        "nauc_ndcg_at_10_diff1": -0.392668,
        "nauc_ndcg_at_20_max": 0.359439,
        "nauc_ndcg_at_20_std": 0.481656,
        "nauc_ndcg_at_20_diff1": -0.445638,
        "nauc_ndcg_at_100_max": 0.466108,
        "nauc_ndcg_at_100_std": 0.598856,
        "nauc_ndcg_at_100_diff1": -0.273001,
        "nauc_ndcg_at_1000_max": 0.545782,
        "nauc_ndcg_at_1000_std": 0.697369,
        "nauc_ndcg_at_1000_diff1": -0.28008,
        "nauc_map_at_1_max": 0.060556,
        "nauc_map_at_1_std": -0.157348,
        "nauc_map_at_1_diff1": 0.158834,
        "nauc_map_at_3_max": 0.099399,
        "nauc_map_at_3_std": -0.186107,
        "nauc_map_at_3_diff1": 0.171697,
        "nauc_map_at_5_max": 0.082644,
        "nauc_map_at_5_std": -0.211025,
        "nauc_map_at_5_diff1": 0.152238,
        "nauc_map_at_10_max": 0.08413,
        "nauc_map_at_10_std": -0.198584,
        "nauc_map_at_10_diff1": 0.091501,
        "nauc_map_at_20_max": 0.174364,
        "nauc_map_at_20_std": -0.111765,
        "nauc_map_at_20_diff1": -0.006739,
        "nauc_map_at_100_max": 0.365467,
        "nauc_map_at_100_std": 0.311229,
        "nauc_map_at_100_diff1": -0.222459,
        "nauc_map_at_1000_max": 0.423338,
        "nauc_map_at_1000_std": 0.659563,
        "nauc_map_at_1000_diff1": -0.416176,
        "nauc_recall_at_1_max": 0.060556,
        "nauc_recall_at_1_std": -0.157348,
        "nauc_recall_at_1_diff1": 0.158834,
        "nauc_recall_at_3_max": 0.088176,
        "nauc_recall_at_3_std": -0.193018,
        "nauc_recall_at_3_diff1": 0.203211,
        "nauc_recall_at_5_max": 0.003843,
        "nauc_recall_at_5_std": -0.259973,
        "nauc_recall_at_5_diff1": 0.261926,
        "nauc_recall_at_10_max": -0.062375,
        "nauc_recall_at_10_std": -0.306886,
        "nauc_recall_at_10_diff1": 0.27104,
        "nauc_recall_at_20_max": -0.017088,
        "nauc_recall_at_20_std": -0.26513,
        "nauc_recall_at_20_diff1": 0.220532,
        "nauc_recall_at_100_max": 0.196282,
        "nauc_recall_at_100_std": -0.008169,
        "nauc_recall_at_100_diff1": 0.265554,
        "nauc_recall_at_1000_max": 0.715191,
        "nauc_recall_at_1000_std": 0.720633,
        "nauc_recall_at_1000_diff1": 0.422236,
        "nauc_precision_at_1_max": 0.569655,
        "nauc_precision_at_1_std": 0.624799,
        "nauc_precision_at_1_diff1": -0.634505,
        "nauc_precision_at_3_max": 0.463256,
        "nauc_precision_at_3_std": 0.503322,
        "nauc_precision_at_3_diff1": -0.509744,
        "nauc_precision_at_5_max": 0.453479,
        "nauc_precision_at_5_std": 0.484645,
        "nauc_precision_at_5_diff1": -0.573957,
        "nauc_precision_at_10_max": 0.29306,
        "nauc_precision_at_10_std": 0.443246,
        "nauc_precision_at_10_diff1": -0.529577,
        "nauc_precision_at_20_max": 0.396628,
        "nauc_precision_at_20_std": 0.552234,
        "nauc_precision_at_20_diff1": -0.547244,
        "nauc_precision_at_100_max": 0.292365,
        "nauc_precision_at_100_std": 0.630095,
        "nauc_precision_at_100_diff1": -0.423844,
        "nauc_precision_at_1000_max": 0.171361,
        "nauc_precision_at_1000_std": 0.508308,
        "nauc_precision_at_1000_diff1": -0.391165,
        "nauc_mrr_at_1_max": 0.569655,
        "nauc_mrr_at_1_std": 0.624799,
        "nauc_mrr_at_1_diff1": -0.634505,
        "nauc_mrr_at_3_max": 0.682782,
        "nauc_mrr_at_3_std": 0.704586,
        "nauc_mrr_at_3_diff1": -0.517152,
        "nauc_mrr_at_5_max": 0.681454,
        "nauc_mrr_at_5_std": 0.698902,
        "nauc_mrr_at_5_diff1": -0.496082,
        "nauc_mrr_at_10_max": 0.673878,
        "nauc_mrr_at_10_std": 0.69668,
        "nauc_mrr_at_10_diff1": -0.50616,
        "nauc_mrr_at_20_max": 0.670757,
        "nauc_mrr_at_20_std": 0.693778,
        "nauc_mrr_at_20_diff1": -0.519331,
        "nauc_mrr_at_100_max": 0.670757,
        "nauc_mrr_at_100_std": 0.693778,
        "nauc_mrr_at_100_diff1": -0.519331,
        "nauc_mrr_at_1000_max": 0.670757,
        "nauc_mrr_at_1000_std": 0.693778,
        "nauc_mrr_at_1000_diff1": -0.519331,
        "main_score": 0.58178,
        "hf_subset": "default",
        "languages": [
          "fas-Arab"
        ]
      }
    ]
  },
  "evaluation_time": 7.36960506439209,
  "kg_co2_emissions": null
}