{
  "dataset_revision": "35dd709a0d846ae987541cf8ca978562636260f0",
  "task_name": "NeuCLIR2022RetrievalHardNegatives",
  "mteb_version": "1.38.33",
  "scores": {
    "test": [
      {
        "ndcg_at_1": 0.22963,
        "ndcg_at_3": 0.2859,
        "ndcg_at_5": 0.28823,
        "ndcg_at_10": 0.31432,
        "ndcg_at_20": 0.35271,
        "ndcg_at_100": 0.44772,
        "ndcg_at_1000": 0.52269,
        "map_at_1": 0.01407,
        "map_at_3": 0.04837,
        "map_at_5": 0.06424,
        "map_at_10": 0.09941,
        "map_at_20": 0.13867,
        "map_at_100": 0.22362,
        "map_at_1000": 0.27076,
        "recall_at_1": 0.01407,
        "recall_at_3": 0.07165,
        "recall_at_5": 0.10965,
        "recall_at_10": 0.21069,
        "recall_at_20": 0.34093,
        "recall_at_100": 0.68447,
        "recall_at_1000": 0.95536,
        "precision_at_1": 0.33333,
        "precision_at_3": 0.4,
        "precision_at_5": 0.35111,
        "precision_at_10": 0.32444,
        "precision_at_20": 0.28333,
        "precision_at_100": 0.17044,
        "precision_at_1000": 0.03109,
        "mrr_at_1": 0.333333,
        "mrr_at_3": 0.474074,
        "mrr_at_5": 0.497407,
        "mrr_at_10": 0.509286,
        "mrr_at_20": 0.514185,
        "mrr_at_100": 0.515383,
        "mrr_at_1000": 0.515383,
        "nauc_ndcg_at_1_max": 0.212561,
        "nauc_ndcg_at_1_std": 0.213282,
        "nauc_ndcg_at_1_diff1": 0.027346,
        "nauc_ndcg_at_3_max": 0.222861,
        "nauc_ndcg_at_3_std": 0.17947,
        "nauc_ndcg_at_3_diff1": -0.031179,
        "nauc_ndcg_at_5_max": 0.300321,
        "nauc_ndcg_at_5_std": 0.241124,
        "nauc_ndcg_at_5_diff1": -0.034851,
        "nauc_ndcg_at_10_max": 0.258498,
        "nauc_ndcg_at_10_std": 0.217473,
        "nauc_ndcg_at_10_diff1": -0.067181,
        "nauc_ndcg_at_20_max": 0.212169,
        "nauc_ndcg_at_20_std": 0.179362,
        "nauc_ndcg_at_20_diff1": -0.136005,
        "nauc_ndcg_at_100_max": 0.328057,
        "nauc_ndcg_at_100_std": 0.308627,
        "nauc_ndcg_at_100_diff1": 0.057335,
        "nauc_ndcg_at_1000_max": 0.281173,
        "nauc_ndcg_at_1000_std": 0.291372,
        "nauc_ndcg_at_1000_diff1": 0.003628,
        "nauc_map_at_1_max": 0.24113,
        "nauc_map_at_1_std": 0.0884,
        "nauc_map_at_1_diff1": 0.164166,
        "nauc_map_at_3_max": 0.227452,
        "nauc_map_at_3_std": 0.066895,
        "nauc_map_at_3_diff1": 0.16697,
        "nauc_map_at_5_max": 0.322424,
        "nauc_map_at_5_std": 0.134683,
        "nauc_map_at_5_diff1": 0.174298,
        "nauc_map_at_10_max": 0.230772,
        "nauc_map_at_10_std": 0.044533,
        "nauc_map_at_10_diff1": 0.035177,
        "nauc_map_at_20_max": 0.216346,
        "nauc_map_at_20_std": 0.030089,
        "nauc_map_at_20_diff1": -0.065216,
        "nauc_map_at_100_max": 0.308146,
        "nauc_map_at_100_std": 0.252026,
        "nauc_map_at_100_diff1": -0.026557,
        "nauc_map_at_1000_max": 0.286573,
        "nauc_map_at_1000_std": 0.342914,
        "nauc_map_at_1000_diff1": -0.07244,
        "nauc_recall_at_1_max": 0.24113,
        "nauc_recall_at_1_std": 0.0884,
        "nauc_recall_at_1_diff1": 0.164166,
        "nauc_recall_at_3_max": 0.293328,
        "nauc_recall_at_3_std": 0.116105,
        "nauc_recall_at_3_diff1": 0.196888,
        "nauc_recall_at_5_max": 0.361441,
        "nauc_recall_at_5_std": 0.099016,
        "nauc_recall_at_5_diff1": 0.19464,
        "nauc_recall_at_10_max": 0.073316,
        "nauc_recall_at_10_std": -0.068424,
        "nauc_recall_at_10_diff1": -0.020304,
        "nauc_recall_at_20_max": 0.010655,
        "nauc_recall_at_20_std": -0.150618,
        "nauc_recall_at_20_diff1": -0.115748,
        "nauc_recall_at_100_max": 0.263094,
        "nauc_recall_at_100_std": 0.163325,
        "nauc_recall_at_100_diff1": 0.270259,
        "nauc_recall_at_1000_max": 0.515393,
        "nauc_recall_at_1000_std": 0.646942,
        "nauc_recall_at_1000_diff1": 0.130414,
        "nauc_precision_at_1_max": 0.235342,
        "nauc_precision_at_1_std": 0.272675,
        "nauc_precision_at_1_diff1": 0.039776,
        "nauc_precision_at_3_max": 0.187961,
        "nauc_precision_at_3_std": 0.231716,
        "nauc_precision_at_3_diff1": -0.028197,
        "nauc_precision_at_5_max": 0.244699,
        "nauc_precision_at_5_std": 0.281545,
        "nauc_precision_at_5_diff1": -0.035725,
        "nauc_precision_at_10_max": 0.142265,
        "nauc_precision_at_10_std": 0.232446,
        "nauc_precision_at_10_diff1": -0.074359,
        "nauc_precision_at_20_max": 0.132201,
        "nauc_precision_at_20_std": 0.253622,
        "nauc_precision_at_20_diff1": -0.160629,
        "nauc_precision_at_100_max": 0.177191,
        "nauc_precision_at_100_std": 0.389221,
        "nauc_precision_at_100_diff1": -0.099788,
        "nauc_precision_at_1000_max": 0.162378,
        "nauc_precision_at_1000_std": 0.406327,
        "nauc_precision_at_1000_diff1": -0.11574,
        "nauc_mrr_at_1_max": 0.235342,
        "nauc_mrr_at_1_std": 0.272675,
        "nauc_mrr_at_1_diff1": 0.039776,
        "nauc_mrr_at_3_max": 0.308817,
        "nauc_mrr_at_3_std": 0.307818,
        "nauc_mrr_at_3_diff1": 0.066245,
        "nauc_mrr_at_5_max": 0.300261,
        "nauc_mrr_at_5_std": 0.273725,
        "nauc_mrr_at_5_diff1": 0.07555,
        "nauc_mrr_at_10_max": 0.294588,
        "nauc_mrr_at_10_std": 0.281598,
        "nauc_mrr_at_10_diff1": 0.072449,
        "nauc_mrr_at_20_max": 0.285702,
        "nauc_mrr_at_20_std": 0.274716,
        "nauc_mrr_at_20_diff1": 0.062003,
        "nauc_mrr_at_100_max": 0.287499,
        "nauc_mrr_at_100_std": 0.277816,
        "nauc_mrr_at_100_diff1": 0.064196,
        "nauc_mrr_at_1000_max": 0.287499,
        "nauc_mrr_at_1000_std": 0.277816,
        "nauc_mrr_at_1000_diff1": 0.064196,
        "main_score": 0.35271,
        "hf_subset": "fas",
        "languages": [
          "fas-Arab"
        ]
      }
    ]
  },
  "evaluation_time": 38.12989568710327,
  "kg_co2_emissions": null
}