{
  "dataset_revision": "cf7db7133d355e1ab152c8bd5cd25ecbd4114270",
  "task_name": "NQ-FaHardNegatives",
  "mteb_version": "1.38.33",
  "scores": {
    "test": [
      {
        "ndcg_at_1": 0.154,
        "ndcg_at_3": 0.21597,
        "ndcg_at_5": 0.24884,
        "ndcg_at_10": 0.2843,
        "ndcg_at_20": 0.31391,
        "ndcg_at_100": 0.35445,
        "ndcg_at_1000": 0.37322,
        "map_at_1": 0.135,
        "map_at_3": 0.19222,
        "map_at_5": 0.21151,
        "map_at_10": 0.22622,
        "map_at_20": 0.23495,
        "map_at_100": 0.24127,
        "map_at_1000": 0.24202,
        "recall_at_1": 0.135,
        "recall_at_3": 0.26233,
        "recall_at_5": 0.3385,
        "recall_at_10": 0.445,
        "recall_at_20": 0.55442,
        "recall_at_100": 0.75883,
        "recall_at_1000": 0.902,
        "precision_at_1": 0.154,
        "precision_at_3": 0.101,
        "precision_at_5": 0.0792,
        "precision_at_10": 0.0521,
        "precision_at_20": 0.0331,
        "precision_at_100": 0.00925,
        "precision_at_1000": 0.0011,
        "mrr_at_1": 0.154,
        "mrr_at_3": 0.215,
        "mrr_at_5": 0.23235,
        "mrr_at_10": 0.24704,
        "mrr_at_20": 0.254901,
        "mrr_at_100": 0.259887,
        "mrr_at_1000": 0.260465,
        "nauc_ndcg_at_1_max": 0.251375,
        "nauc_ndcg_at_1_std": 0.016945,
        "nauc_ndcg_at_1_diff1": 0.31549,
        "nauc_ndcg_at_3_max": 0.2489,
        "nauc_ndcg_at_3_std": 0.044805,
        "nauc_ndcg_at_3_diff1": 0.230999,
        "nauc_ndcg_at_5_max": 0.277069,
        "nauc_ndcg_at_5_std": 0.05841,
        "nauc_ndcg_at_5_diff1": 0.217859,
        "nauc_ndcg_at_10_max": 0.293896,
        "nauc_ndcg_at_10_std": 0.090116,
        "nauc_ndcg_at_10_diff1": 0.214349,
        "nauc_ndcg_at_20_max": 0.311685,
        "nauc_ndcg_at_20_std": 0.123798,
        "nauc_ndcg_at_20_diff1": 0.213616,
        "nauc_ndcg_at_100_max": 0.329663,
        "nauc_ndcg_at_100_std": 0.160272,
        "nauc_ndcg_at_100_diff1": 0.213373,
        "nauc_ndcg_at_1000_max": 0.319094,
        "nauc_ndcg_at_1000_std": 0.14478,
        "nauc_ndcg_at_1000_diff1": 0.215089,
        "nauc_map_at_1_max": 0.247735,
        "nauc_map_at_1_std": 0.016961,
        "nauc_map_at_1_diff1": 0.302504,
        "nauc_map_at_3_max": 0.245986,
        "nauc_map_at_3_std": 0.037376,
        "nauc_map_at_3_diff1": 0.242943,
        "nauc_map_at_5_max": 0.264163,
        "nauc_map_at_5_std": 0.046051,
        "nauc_map_at_5_diff1": 0.234885,
        "nauc_map_at_10_max": 0.272566,
        "nauc_map_at_10_std": 0.061328,
        "nauc_map_at_10_diff1": 0.234036,
        "nauc_map_at_20_max": 0.279024,
        "nauc_map_at_20_std": 0.072297,
        "nauc_map_at_20_diff1": 0.234001,
        "nauc_map_at_100_max": 0.280982,
        "nauc_map_at_100_std": 0.07709,
        "nauc_map_at_100_diff1": 0.23415,
        "nauc_map_at_1000_max": 0.28071,
        "nauc_map_at_1000_std": 0.076672,
        "nauc_map_at_1000_diff1": 0.234235,
        "nauc_recall_at_1_max": 0.247735,
        "nauc_recall_at_1_std": 0.016961,
        "nauc_recall_at_1_diff1": 0.302504,
        "nauc_recall_at_3_max": 0.244513,
        "nauc_recall_at_3_std": 0.054474,
        "nauc_recall_at_3_diff1": 0.187205,
        "nauc_recall_at_5_max": 0.29584,
        "nauc_recall_at_5_std": 0.077897,
        "nauc_recall_at_5_diff1": 0.162579,
        "nauc_recall_at_10_max": 0.329458,
        "nauc_recall_at_10_std": 0.150141,
        "nauc_recall_at_10_diff1": 0.147621,
        "nauc_recall_at_20_max": 0.386848,
        "nauc_recall_at_20_std": 0.262707,
        "nauc_recall_at_20_diff1": 0.139512,
        "nauc_recall_at_100_max": 0.550736,
        "nauc_recall_at_100_std": 0.556421,
        "nauc_recall_at_100_diff1": 0.110651,
        "nauc_recall_at_1000_max": 0.591582,
        "nauc_recall_at_1000_std": 0.699504,
        "nauc_recall_at_1000_diff1": 0.027336,
        "nauc_precision_at_1_max": 0.251375,
        "nauc_precision_at_1_std": 0.016945,
        "nauc_precision_at_1_diff1": 0.31549,
        "nauc_precision_at_3_max": 0.267274,
        "nauc_precision_at_3_std": 0.066285,
        "nauc_precision_at_3_diff1": 0.208129,
        "nauc_precision_at_5_max": 0.314456,
        "nauc_precision_at_5_std": 0.094512,
        "nauc_precision_at_5_diff1": 0.176396,
        "nauc_precision_at_10_max": 0.350312,
        "nauc_precision_at_10_std": 0.169301,
        "nauc_precision_at_10_diff1": 0.164911,
        "nauc_precision_at_20_max": 0.372131,
        "nauc_precision_at_20_std": 0.255986,
        "nauc_precision_at_20_diff1": 0.144541,
        "nauc_precision_at_100_max": 0.366906,
        "nauc_precision_at_100_std": 0.393212,
        "nauc_precision_at_100_diff1": 0.088524,
        "nauc_precision_at_1000_max": 0.248227,
        "nauc_precision_at_1000_std": 0.310506,
        "nauc_precision_at_1000_diff1": 0.029364,
        "nauc_mrr_at_1_max": 0.251375,
        "nauc_mrr_at_1_std": 0.016945,
        "nauc_mrr_at_1_diff1": 0.31549,
        "nauc_mrr_at_3_max": 0.250695,
        "nauc_mrr_at_3_std": 0.044207,
        "nauc_mrr_at_3_diff1": 0.255561,
        "nauc_mrr_at_5_max": 0.265853,
        "nauc_mrr_at_5_std": 0.052538,
        "nauc_mrr_at_5_diff1": 0.246972,
        "nauc_mrr_at_10_max": 0.272985,
        "nauc_mrr_at_10_std": 0.066573,
        "nauc_mrr_at_10_diff1": 0.246391,
        "nauc_mrr_at_20_max": 0.276735,
        "nauc_mrr_at_20_std": 0.074853,
        "nauc_mrr_at_20_diff1": 0.246196,
        "nauc_mrr_at_100_max": 0.278596,
        "nauc_mrr_at_100_std": 0.078741,
        "nauc_mrr_at_100_diff1": 0.245952,
        "nauc_mrr_at_1000_max": 0.278182,
        "nauc_mrr_at_1000_std": 0.078124,
        "nauc_mrr_at_1000_diff1": 0.246159,
        "main_score": 0.2843,
        "hf_subset": "default",
        "languages": [
          "fas-Arab"
        ]
      }
    ]
  },
  "evaluation_time": 242.39134168624878,
  "kg_co2_emissions": null
}