{
  "dataset_revision": "c3262adb1c32ac0c3ea8de6393a44366edaa62e1",
  "task_name": "WebFAQRetrieval",
  "mteb_version": "1.38.33",
  "scores": {
    "test": [
      {
        "ndcg_at_1": 0.5503,
        "ndcg_at_3": 0.63593,
        "ndcg_at_5": 0.6567,
        "ndcg_at_10": 0.67433,
        "ndcg_at_20": 0.68724,
        "ndcg_at_100": 0.70196,
        "ndcg_at_1000": 0.70893,
        "map_at_1": 0.5503,
        "map_at_3": 0.61517,
        "map_at_5": 0.62673,
        "map_at_10": 0.63404,
        "map_at_20": 0.6376,
        "map_at_100": 0.63967,
        "map_at_1000": 0.63994,
        "recall_at_1": 0.5503,
        "recall_at_3": 0.6959,
        "recall_at_5": 0.7462,
        "recall_at_10": 0.8005,
        "recall_at_20": 0.8514,
        "recall_at_100": 0.9302,
        "recall_at_1000": 0.9852,
        "precision_at_1": 0.5503,
        "precision_at_3": 0.23197,
        "precision_at_5": 0.14924,
        "precision_at_10": 0.08005,
        "precision_at_20": 0.04257,
        "precision_at_100": 0.0093,
        "precision_at_1000": 0.00099,
        "mrr_at_1": 0.5503,
        "mrr_at_3": 0.6151,
        "mrr_at_5": 0.626735,
        "mrr_at_10": 0.634033,
        "mrr_at_20": 0.637592,
        "mrr_at_100": 0.639666,
        "mrr_at_1000": 0.639927,
        "nauc_ndcg_at_1_max": 0.396247,
        "nauc_ndcg_at_1_std": -0.104197,
        "nauc_ndcg_at_1_diff1": 0.714884,
        "nauc_ndcg_at_3_max": 0.396593,
        "nauc_ndcg_at_3_std": -0.093076,
        "nauc_ndcg_at_3_diff1": 0.667477,
        "nauc_ndcg_at_5_max": 0.402609,
        "nauc_ndcg_at_5_std": -0.085036,
        "nauc_ndcg_at_5_diff1": 0.666409,
        "nauc_ndcg_at_10_max": 0.399627,
        "nauc_ndcg_at_10_std": -0.081189,
        "nauc_ndcg_at_10_diff1": 0.664003,
        "nauc_ndcg_at_20_max": 0.400284,
        "nauc_ndcg_at_20_std": -0.074104,
        "nauc_ndcg_at_20_diff1": 0.665014,
        "nauc_ndcg_at_100_max": 0.401784,
        "nauc_ndcg_at_100_std": -0.074334,
        "nauc_ndcg_at_100_diff1": 0.669051,
        "nauc_ndcg_at_1000_max": 0.402017,
        "nauc_ndcg_at_1000_std": -0.07793,
        "nauc_ndcg_at_1000_diff1": 0.672152,
        "nauc_map_at_1_max": 0.396247,
        "nauc_map_at_1_std": -0.104197,
        "nauc_map_at_1_diff1": 0.714884,
        "nauc_map_at_3_max": 0.39686,
        "nauc_map_at_3_std": -0.096116,
        "nauc_map_at_3_diff1": 0.680033,
        "nauc_map_at_5_max": 0.400018,
        "nauc_map_at_5_std": -0.091936,
        "nauc_map_at_5_diff1": 0.679953,
        "nauc_map_at_10_max": 0.39893,
        "nauc_map_at_10_std": -0.090607,
        "nauc_map_at_10_diff1": 0.679299,
        "nauc_map_at_20_max": 0.399145,
        "nauc_map_at_20_std": -0.088876,
        "nauc_map_at_20_diff1": 0.67971,
        "nauc_map_at_100_max": 0.399303,
        "nauc_map_at_100_std": -0.089064,
        "nauc_map_at_100_diff1": 0.6802,
        "nauc_map_at_1000_max": 0.399311,
        "nauc_map_at_1000_std": -0.089161,
        "nauc_map_at_1000_diff1": 0.680312,
        "nauc_recall_at_1_max": 0.396247,
        "nauc_recall_at_1_std": -0.104197,
        "nauc_recall_at_1_diff1": 0.714884,
        "nauc_recall_at_3_max": 0.395535,
        "nauc_recall_at_3_std": -0.082925,
        "nauc_recall_at_3_diff1": 0.625743,
        "nauc_recall_at_5_max": 0.413227,
        "nauc_recall_at_5_std": -0.057746,
        "nauc_recall_at_5_diff1": 0.615294,
        "nauc_recall_at_10_max": 0.401719,
        "nauc_recall_at_10_std": -0.035214,
        "nauc_recall_at_10_diff1": 0.593941,
        "nauc_recall_at_20_max": 0.405995,
        "nauc_recall_at_20_std": 0.027145,
        "nauc_recall_at_20_diff1": 0.579228,
        "nauc_recall_at_100_max": 0.439988,
        "nauc_recall_at_100_std": 0.131351,
        "nauc_recall_at_100_diff1": 0.568658,
        "nauc_recall_at_1000_max": 0.603739,
        "nauc_recall_at_1000_std": 0.416932,
        "nauc_recall_at_1000_diff1": 0.571189,
        "nauc_precision_at_1_max": 0.396247,
        "nauc_precision_at_1_std": -0.104197,
        "nauc_precision_at_1_diff1": 0.714884,
        "nauc_precision_at_3_max": 0.395535,
        "nauc_precision_at_3_std": -0.082925,
        "nauc_precision_at_3_diff1": 0.625743,
        "nauc_precision_at_5_max": 0.413227,
        "nauc_precision_at_5_std": -0.057746,
        "nauc_precision_at_5_diff1": 0.615294,
        "nauc_precision_at_10_max": 0.401719,
        "nauc_precision_at_10_std": -0.035214,
        "nauc_precision_at_10_diff1": 0.593941,
        "nauc_precision_at_20_max": 0.405995,
        "nauc_precision_at_20_std": 0.027145,
        "nauc_precision_at_20_diff1": 0.579228,
        "nauc_precision_at_100_max": 0.439988,
        "nauc_precision_at_100_std": 0.131351,
        "nauc_precision_at_100_diff1": 0.568658,
        "nauc_precision_at_1000_max": 0.603739,
        "nauc_precision_at_1000_std": 0.416932,
        "nauc_precision_at_1000_diff1": 0.571189,
        "nauc_mrr_at_1_max": 0.394892,
        "nauc_mrr_at_1_std": -0.104051,
        "nauc_mrr_at_1_diff1": 0.714884,
        "nauc_mrr_at_3_max": 0.396276,
        "nauc_mrr_at_3_std": -0.096196,
        "nauc_mrr_at_3_diff1": 0.68004,
        "nauc_mrr_at_5_max": 0.399469,
        "nauc_mrr_at_5_std": -0.091777,
        "nauc_mrr_at_5_diff1": 0.679983,
        "nauc_mrr_at_10_max": 0.398343,
        "nauc_mrr_at_10_std": -0.090486,
        "nauc_mrr_at_10_diff1": 0.6793,
        "nauc_mrr_at_20_max": 0.398501,
        "nauc_mrr_at_20_std": -0.088801,
        "nauc_mrr_at_20_diff1": 0.679717,
        "nauc_mrr_at_100_max": 0.398653,
        "nauc_mrr_at_100_std": -0.088996,
        "nauc_mrr_at_100_diff1": 0.680206,
        "nauc_mrr_at_1000_max": 0.39866,
        "nauc_mrr_at_1000_std": -0.089092,
        "nauc_mrr_at_1000_diff1": 0.680318,
        "main_score": 0.67433,
        "hf_subset": "fas",
        "languages": [
          "fas-Arab"
        ]
      }
    ]
  },
  "evaluation_time": 207.9387080669403,
  "kg_co2_emissions": null
}