{
  "dataset_revision": "a30774c99c358b3e04948b0eb8bd21f26461ef42",
  "task_name": "FEVER-FaHardNegatives",
  "mteb_version": "1.38.33",
  "scores": {
    "test": [
      {
        "ndcg_at_1": 0.064,
        "ndcg_at_3": 0.09363,
        "ndcg_at_5": 0.10978,
        "ndcg_at_10": 0.12996,
        "ndcg_at_20": 0.14844,
        "ndcg_at_100": 0.17983,
        "ndcg_at_1000": 0.20885,
        "map_at_1": 0.0589,
        "map_at_3": 0.08357,
        "map_at_5": 0.09237,
        "map_at_10": 0.1008,
        "map_at_20": 0.10584,
        "map_at_100": 0.10986,
        "map_at_1000": 0.11085,
        "recall_at_1": 0.0589,
        "recall_at_3": 0.1154,
        "recall_at_5": 0.15447,
        "recall_at_10": 0.21655,
        "recall_at_20": 0.28875,
        "recall_at_100": 0.45873,
        "recall_at_1000": 0.68773,
        "precision_at_1": 0.064,
        "precision_at_3": 0.04167,
        "precision_at_5": 0.0334,
        "precision_at_10": 0.0233,
        "precision_at_20": 0.01555,
        "precision_at_100": 0.00504,
        "precision_at_1000": 0.00077,
        "mrr_at_1": 0.064,
        "mrr_at_3": 0.0905,
        "mrr_at_5": 0.09975,
        "mrr_at_10": 0.108318,
        "mrr_at_20": 0.113589,
        "mrr_at_100": 0.117588,
        "mrr_at_1000": 0.118514,
        "nauc_ndcg_at_1_max": 0.063154,
        "nauc_ndcg_at_1_std": -0.000373,
        "nauc_ndcg_at_1_diff1": 0.135485,
        "nauc_ndcg_at_3_max": 0.025092,
        "nauc_ndcg_at_3_std": -0.014561,
        "nauc_ndcg_at_3_diff1": 0.134819,
        "nauc_ndcg_at_5_max": 0.020973,
        "nauc_ndcg_at_5_std": -0.007474,
        "nauc_ndcg_at_5_diff1": 0.108393,
        "nauc_ndcg_at_10_max": 0.015618,
        "nauc_ndcg_at_10_std": 0.025153,
        "nauc_ndcg_at_10_diff1": 0.096804,
        "nauc_ndcg_at_20_max": -0.001837,
        "nauc_ndcg_at_20_std": 0.029497,
        "nauc_ndcg_at_20_diff1": 0.084077,
        "nauc_ndcg_at_100_max": 0.005916,
        "nauc_ndcg_at_100_std": 0.038677,
        "nauc_ndcg_at_100_diff1": 0.089997,
        "nauc_ndcg_at_1000_max": -0.017513,
        "nauc_ndcg_at_1000_std": 0.014075,
        "nauc_ndcg_at_1000_diff1": 0.105011,
        "nauc_map_at_1_max": 0.05276,
        "nauc_map_at_1_std": -0.01955,
        "nauc_map_at_1_diff1": 0.140004,
        "nauc_map_at_3_max": 0.025383,
        "nauc_map_at_3_std": -0.022477,
        "nauc_map_at_3_diff1": 0.136768,
        "nauc_map_at_5_max": 0.023372,
        "nauc_map_at_5_std": -0.01709,
        "nauc_map_at_5_diff1": 0.119547,
        "nauc_map_at_10_max": 0.021458,
        "nauc_map_at_10_std": 0.001016,
        "nauc_map_at_10_diff1": 0.112997,
        "nauc_map_at_20_max": 0.016034,
        "nauc_map_at_20_std": 0.003751,
        "nauc_map_at_20_diff1": 0.108022,
        "nauc_map_at_100_max": 0.018144,
        "nauc_map_at_100_std": 0.006459,
        "nauc_map_at_100_diff1": 0.108464,
        "nauc_map_at_1000_max": 0.017318,
        "nauc_map_at_1000_std": 0.005532,
        "nauc_map_at_1000_diff1": 0.108996,
        "nauc_recall_at_1_max": 0.05276,
        "nauc_recall_at_1_std": -0.01955,
        "nauc_recall_at_1_diff1": 0.140004,
        "nauc_recall_at_3_max": 0.012952,
        "nauc_recall_at_3_std": -0.01499,
        "nauc_recall_at_3_diff1": 0.136247,
        "nauc_recall_at_5_max": 0.008424,
        "nauc_recall_at_5_std": -0.001199,
        "nauc_recall_at_5_diff1": 0.090126,
        "nauc_recall_at_10_max": 0.001693,
        "nauc_recall_at_10_std": 0.065771,
        "nauc_recall_at_10_diff1": 0.069071,
        "nauc_recall_at_20_max": -0.038914,
        "nauc_recall_at_20_std": 0.071003,
        "nauc_recall_at_20_diff1": 0.043567,
        "nauc_recall_at_100_max": -0.020022,
        "nauc_recall_at_100_std": 0.089527,
        "nauc_recall_at_100_diff1": 0.066617,
        "nauc_recall_at_1000_max": -0.172912,
        "nauc_recall_at_1000_std": -0.04848,
        "nauc_recall_at_1000_diff1": 0.153409,
        "nauc_precision_at_1_max": 0.063154,
        "nauc_precision_at_1_std": -0.000373,
        "nauc_precision_at_1_diff1": 0.135485,
        "nauc_precision_at_3_max": 0.021357,
        "nauc_precision_at_3_std": -0.00169,
        "nauc_precision_at_3_diff1": 0.129225,
        "nauc_precision_at_5_max": 0.016462,
        "nauc_precision_at_5_std": 0.013524,
        "nauc_precision_at_5_diff1": 0.082162,
        "nauc_precision_at_10_max": 0.005961,
        "nauc_precision_at_10_std": 0.072189,
        "nauc_precision_at_10_diff1": 0.063456,
        "nauc_precision_at_20_max": -0.033418,
        "nauc_precision_at_20_std": 0.074783,
        "nauc_precision_at_20_diff1": 0.036134,
        "nauc_precision_at_100_max": -0.009803,
        "nauc_precision_at_100_std": 0.100246,
        "nauc_precision_at_100_diff1": 0.047977,
        "nauc_precision_at_1000_max": -0.106771,
        "nauc_precision_at_1000_std": 0.010149,
        "nauc_precision_at_1000_diff1": 0.094228,
        "nauc_mrr_at_1_max": 0.063154,
        "nauc_mrr_at_1_std": -0.000373,
        "nauc_mrr_at_1_diff1": 0.135485,
        "nauc_mrr_at_3_max": 0.035246,
        "nauc_mrr_at_3_std": -0.006624,
        "nauc_mrr_at_3_diff1": 0.129859,
        "nauc_mrr_at_5_max": 0.031149,
        "nauc_mrr_at_5_std": -0.003683,
        "nauc_mrr_at_5_diff1": 0.113176,
        "nauc_mrr_at_10_max": 0.028399,
        "nauc_mrr_at_10_std": 0.011926,
        "nauc_mrr_at_10_diff1": 0.106083,
        "nauc_mrr_at_20_max": 0.022748,
        "nauc_mrr_at_20_std": 0.013884,
        "nauc_mrr_at_20_diff1": 0.101254,
        "nauc_mrr_at_100_max": 0.0249,
        "nauc_mrr_at_100_std": 0.015802,
        "nauc_mrr_at_100_diff1": 0.102532,
        "nauc_mrr_at_1000_max": 0.024049,
        "nauc_mrr_at_1000_std": 0.014974,
        "nauc_mrr_at_1000_diff1": 0.102975,
        "main_score": 0.12996,
        "hf_subset": "default",
        "languages": [
          "fas-Arab"
        ]
      }
    ]
  },
  "evaluation_time": 1271.5678913593292,
  "kg_co2_emissions": null
}