{
  "dataset_revision": "b591262de1a2498c3618a4dd386d590450e85dcd",
  "task_name": "HotpotQA-FaHardNegatives",
  "mteb_version": "1.38.33",
  "scores": {
    "test": [
      {
        "ndcg_at_1": 0.236,
        "ndcg_at_3": 0.20464,
        "ndcg_at_5": 0.22324,
        "ndcg_at_10": 0.2454,
        "ndcg_at_20": 0.25912,
        "ndcg_at_100": 0.2908,
        "ndcg_at_1000": 0.32543,
        "map_at_1": 0.118,
        "map_at_3": 0.16242,
        "map_at_5": 0.17252,
        "map_at_10": 0.18243,
        "map_at_20": 0.18649,
        "map_at_100": 0.19123,
        "map_at_1000": 0.19266,
        "recall_at_1": 0.118,
        "recall_at_3": 0.202,
        "recall_at_5": 0.239,
        "recall_at_10": 0.295,
        "recall_at_20": 0.3395,
        "recall_at_100": 0.4815,
        "recall_at_1000": 0.713,
        "precision_at_1": 0.236,
        "precision_at_3": 0.13467,
        "precision_at_5": 0.0956,
        "precision_at_10": 0.059,
        "precision_at_20": 0.03395,
        "precision_at_100": 0.00963,
        "precision_at_1000": 0.00143,
        "mrr_at_1": 0.236,
        "mrr_at_3": 0.294167,
        "mrr_at_5": 0.307467,
        "mrr_at_10": 0.317387,
        "mrr_at_20": 0.321435,
        "mrr_at_100": 0.325534,
        "mrr_at_1000": 0.326321,
        "nauc_ndcg_at_1_max": 0.352447,
        "nauc_ndcg_at_1_std": 0.080831,
        "nauc_ndcg_at_1_diff1": 0.466038,
        "nauc_ndcg_at_3_max": 0.364331,
        "nauc_ndcg_at_3_std": 0.144297,
        "nauc_ndcg_at_3_diff1": 0.382343,
        "nauc_ndcg_at_5_max": 0.360932,
        "nauc_ndcg_at_5_std": 0.149812,
        "nauc_ndcg_at_5_diff1": 0.368482,
        "nauc_ndcg_at_10_max": 0.361423,
        "nauc_ndcg_at_10_std": 0.163374,
        "nauc_ndcg_at_10_diff1": 0.357455,
        "nauc_ndcg_at_20_max": 0.363713,
        "nauc_ndcg_at_20_std": 0.18297,
        "nauc_ndcg_at_20_diff1": 0.357002,
        "nauc_ndcg_at_100_max": 0.368673,
        "nauc_ndcg_at_100_std": 0.204268,
        "nauc_ndcg_at_100_diff1": 0.35115,
        "nauc_ndcg_at_1000_max": 0.370631,
        "nauc_ndcg_at_1000_std": 0.209103,
        "nauc_ndcg_at_1000_diff1": 0.348567,
        "nauc_map_at_1_max": 0.352447,
        "nauc_map_at_1_std": 0.080831,
        "nauc_map_at_1_diff1": 0.466038,
        "nauc_map_at_3_max": 0.360535,
        "nauc_map_at_3_std": 0.136126,
        "nauc_map_at_3_diff1": 0.390622,
        "nauc_map_at_5_max": 0.358023,
        "nauc_map_at_5_std": 0.140975,
        "nauc_map_at_5_diff1": 0.378067,
        "nauc_map_at_10_max": 0.360443,
        "nauc_map_at_10_std": 0.150103,
        "nauc_map_at_10_diff1": 0.371084,
        "nauc_map_at_20_max": 0.360207,
        "nauc_map_at_20_std": 0.156668,
        "nauc_map_at_20_diff1": 0.370287,
        "nauc_map_at_100_max": 0.360821,
        "nauc_map_at_100_std": 0.161872,
        "nauc_map_at_100_diff1": 0.368133,
        "nauc_map_at_1000_max": 0.360975,
        "nauc_map_at_1000_std": 0.162238,
        "nauc_map_at_1000_diff1": 0.367986,
        "nauc_recall_at_1_max": 0.352447,
        "nauc_recall_at_1_std": 0.080831,
        "nauc_recall_at_1_diff1": 0.466038,
        "nauc_recall_at_3_max": 0.365929,
        "nauc_recall_at_3_std": 0.175822,
        "nauc_recall_at_3_diff1": 0.33718,
        "nauc_recall_at_5_max": 0.352341,
        "nauc_recall_at_5_std": 0.181742,
        "nauc_recall_at_5_diff1": 0.304187,
        "nauc_recall_at_10_max": 0.333488,
        "nauc_recall_at_10_std": 0.201461,
        "nauc_recall_at_10_diff1": 0.261974,
        "nauc_recall_at_20_max": 0.334172,
        "nauc_recall_at_20_std": 0.252923,
        "nauc_recall_at_20_diff1": 0.258338,
        "nauc_recall_at_100_max": 0.316933,
        "nauc_recall_at_100_std": 0.313432,
        "nauc_recall_at_100_diff1": 0.203505,
        "nauc_recall_at_1000_max": 0.288196,
        "nauc_recall_at_1000_std": 0.35754,
        "nauc_recall_at_1000_diff1": 0.121925,
        "nauc_precision_at_1_max": 0.352447,
        "nauc_precision_at_1_std": 0.080831,
        "nauc_precision_at_1_diff1": 0.466038,
        "nauc_precision_at_3_max": 0.365929,
        "nauc_precision_at_3_std": 0.175822,
        "nauc_precision_at_3_diff1": 0.33718,
        "nauc_precision_at_5_max": 0.352341,
        "nauc_precision_at_5_std": 0.181742,
        "nauc_precision_at_5_diff1": 0.304187,
        "nauc_precision_at_10_max": 0.333488,
        "nauc_precision_at_10_std": 0.201461,
        "nauc_precision_at_10_diff1": 0.261974,
        "nauc_precision_at_20_max": 0.334172,
        "nauc_precision_at_20_std": 0.252923,
        "nauc_precision_at_20_diff1": 0.258338,
        "nauc_precision_at_100_max": 0.316933,
        "nauc_precision_at_100_std": 0.313432,
        "nauc_precision_at_100_diff1": 0.203505,
        "nauc_precision_at_1000_max": 0.288196,
        "nauc_precision_at_1000_std": 0.35754,
        "nauc_precision_at_1000_diff1": 0.121925,
        "nauc_mrr_at_1_max": 0.352447,
        "nauc_mrr_at_1_std": 0.080831,
        "nauc_mrr_at_1_diff1": 0.466038,
        "nauc_mrr_at_3_max": 0.363976,
        "nauc_mrr_at_3_std": 0.124932,
        "nauc_mrr_at_3_diff1": 0.409037,
        "nauc_mrr_at_5_max": 0.362935,
        "nauc_mrr_at_5_std": 0.127184,
        "nauc_mrr_at_5_diff1": 0.406416,
        "nauc_mrr_at_10_max": 0.360776,
        "nauc_mrr_at_10_std": 0.129909,
        "nauc_mrr_at_10_diff1": 0.405057,
        "nauc_mrr_at_20_max": 0.363516,
        "nauc_mrr_at_20_std": 0.135788,
        "nauc_mrr_at_20_diff1": 0.406418,
        "nauc_mrr_at_100_max": 0.363646,
        "nauc_mrr_at_100_std": 0.13589,
        "nauc_mrr_at_100_diff1": 0.406472,
        "nauc_mrr_at_1000_max": 0.363491,
        "nauc_mrr_at_1000_std": 0.135581,
        "nauc_mrr_at_1000_diff1": 0.406464,
        "main_score": 0.2454,
        "hf_subset": "default",
        "languages": [
          "fas-Arab"
        ]
      }
    ]
  },
  "evaluation_time": 1118.367509841919,
  "kg_co2_emissions": null
}