{
  "dataset_revision": "b591262de1a2498c3618a4dd386d590450e85dcd",
  "task_name": "HotpotQA-FaHardNegatives",
  "mteb_version": "1.38.33",
  "scores": {
    "test": [
      {
        "ndcg_at_1": 0.385,
        "ndcg_at_3": 0.30008,
        "ndcg_at_5": 0.32441,
        "ndcg_at_10": 0.34622,
        "ndcg_at_20": 0.3634,
        "ndcg_at_100": 0.39429,
        "ndcg_at_1000": 0.42284,
        "map_at_1": 0.1925,
        "map_at_3": 0.244,
        "map_at_5": 0.2591,
        "map_at_10": 0.26943,
        "map_at_20": 0.27476,
        "map_at_100": 0.2799,
        "map_at_1000": 0.28119,
        "recall_at_1": 0.1925,
        "recall_at_3": 0.2825,
        "recall_at_5": 0.3305,
        "recall_at_10": 0.3845,
        "recall_at_20": 0.4395,
        "recall_at_100": 0.576,
        "recall_at_1000": 0.7655,
        "precision_at_1": 0.385,
        "precision_at_3": 0.18833,
        "precision_at_5": 0.1322,
        "precision_at_10": 0.0769,
        "precision_at_20": 0.04395,
        "precision_at_100": 0.01152,
        "precision_at_1000": 0.00153,
        "mrr_at_1": 0.385,
        "mrr_at_3": 0.438667,
        "mrr_at_5": 0.452667,
        "mrr_at_10": 0.462144,
        "mrr_at_20": 0.467087,
        "mrr_at_100": 0.470541,
        "mrr_at_1000": 0.471066,
        "nauc_ndcg_at_1_max": 0.436331,
        "nauc_ndcg_at_1_std": 0.116307,
        "nauc_ndcg_at_1_diff1": 0.602764,
        "nauc_ndcg_at_3_max": 0.402767,
        "nauc_ndcg_at_3_std": 0.145767,
        "nauc_ndcg_at_3_diff1": 0.502241,
        "nauc_ndcg_at_5_max": 0.388256,
        "nauc_ndcg_at_5_std": 0.155402,
        "nauc_ndcg_at_5_diff1": 0.49045,
        "nauc_ndcg_at_10_max": 0.390701,
        "nauc_ndcg_at_10_std": 0.178148,
        "nauc_ndcg_at_10_diff1": 0.47043,
        "nauc_ndcg_at_20_max": 0.404185,
        "nauc_ndcg_at_20_std": 0.194027,
        "nauc_ndcg_at_20_diff1": 0.469107,
        "nauc_ndcg_at_100_max": 0.399426,
        "nauc_ndcg_at_100_std": 0.224896,
        "nauc_ndcg_at_100_diff1": 0.456387,
        "nauc_ndcg_at_1000_max": 0.401095,
        "nauc_ndcg_at_1000_std": 0.235359,
        "nauc_ndcg_at_1000_diff1": 0.457869,
        "nauc_map_at_1_max": 0.436331,
        "nauc_map_at_1_std": 0.116307,
        "nauc_map_at_1_diff1": 0.602764,
        "nauc_map_at_3_max": 0.390474,
        "nauc_map_at_3_std": 0.133324,
        "nauc_map_at_3_diff1": 0.494533,
        "nauc_map_at_5_max": 0.381227,
        "nauc_map_at_5_std": 0.143247,
        "nauc_map_at_5_diff1": 0.485893,
        "nauc_map_at_10_max": 0.38233,
        "nauc_map_at_10_std": 0.156009,
        "nauc_map_at_10_diff1": 0.473863,
        "nauc_map_at_20_max": 0.388113,
        "nauc_map_at_20_std": 0.162878,
        "nauc_map_at_20_diff1": 0.474187,
        "nauc_map_at_100_max": 0.387014,
        "nauc_map_at_100_std": 0.169275,
        "nauc_map_at_100_diff1": 0.471131,
        "nauc_map_at_1000_max": 0.387028,
        "nauc_map_at_1000_std": 0.169949,
        "nauc_map_at_1000_diff1": 0.470944,
        "nauc_recall_at_1_max": 0.436331,
        "nauc_recall_at_1_std": 0.116307,
        "nauc_recall_at_1_diff1": 0.602764,
        "nauc_recall_at_3_max": 0.376681,
        "nauc_recall_at_3_std": 0.160794,
        "nauc_recall_at_3_diff1": 0.436723,
        "nauc_recall_at_5_max": 0.333186,
        "nauc_recall_at_5_std": 0.172462,
        "nauc_recall_at_5_diff1": 0.398475,
        "nauc_recall_at_10_max": 0.333487,
        "nauc_recall_at_10_std": 0.225251,
        "nauc_recall_at_10_diff1": 0.342219,
        "nauc_recall_at_20_max": 0.355671,
        "nauc_recall_at_20_std": 0.266225,
        "nauc_recall_at_20_diff1": 0.31474,
        "nauc_recall_at_100_max": 0.29023,
        "nauc_recall_at_100_std": 0.37456,
        "nauc_recall_at_100_diff1": 0.209611,
        "nauc_recall_at_1000_max": 0.224707,
        "nauc_recall_at_1000_std": 0.487589,
        "nauc_recall_at_1000_diff1": 0.096227,
        "nauc_precision_at_1_max": 0.436331,
        "nauc_precision_at_1_std": 0.116307,
        "nauc_precision_at_1_diff1": 0.602764,
        "nauc_precision_at_3_max": 0.376681,
        "nauc_precision_at_3_std": 0.160794,
        "nauc_precision_at_3_diff1": 0.436723,
        "nauc_precision_at_5_max": 0.333186,
        "nauc_precision_at_5_std": 0.172462,
        "nauc_precision_at_5_diff1": 0.398475,
        "nauc_precision_at_10_max": 0.333487,
        "nauc_precision_at_10_std": 0.225251,
        "nauc_precision_at_10_diff1": 0.342219,
        "nauc_precision_at_20_max": 0.355671,
        "nauc_precision_at_20_std": 0.266225,
        "nauc_precision_at_20_diff1": 0.31474,
        "nauc_precision_at_100_max": 0.29023,
        "nauc_precision_at_100_std": 0.37456,
        "nauc_precision_at_100_diff1": 0.209611,
        "nauc_precision_at_1000_max": 0.224707,
        "nauc_precision_at_1000_std": 0.487589,
        "nauc_precision_at_1000_diff1": 0.096227,
        "nauc_mrr_at_1_max": 0.436331,
        "nauc_mrr_at_1_std": 0.116307,
        "nauc_mrr_at_1_diff1": 0.602764,
        "nauc_mrr_at_3_max": 0.436567,
        "nauc_mrr_at_3_std": 0.146812,
        "nauc_mrr_at_3_diff1": 0.563524,
        "nauc_mrr_at_5_max": 0.430219,
        "nauc_mrr_at_5_std": 0.14832,
        "nauc_mrr_at_5_diff1": 0.560085,
        "nauc_mrr_at_10_max": 0.432321,
        "nauc_mrr_at_10_std": 0.155406,
        "nauc_mrr_at_10_diff1": 0.556565,
        "nauc_mrr_at_20_max": 0.434836,
        "nauc_mrr_at_20_std": 0.156727,
        "nauc_mrr_at_20_diff1": 0.556623,
        "nauc_mrr_at_100_max": 0.434661,
        "nauc_mrr_at_100_std": 0.158196,
        "nauc_mrr_at_100_diff1": 0.556482,
        "nauc_mrr_at_1000_max": 0.434756,
        "nauc_mrr_at_1000_std": 0.158095,
        "nauc_mrr_at_1000_diff1": 0.556667,
        "main_score": 0.34622,
        "hf_subset": "default",
        "languages": [
          "fas-Arab"
        ]
      }
    ]
  },
  "evaluation_time": 336.91484355926514,
  "kg_co2_emissions": null
}