{
  "dataset_revision": "c6e2c8b6153958118ec04352dd82a30ea2e2cad5",
  "task_name": "CQADupstackStatsRetrieval-Fa",
  "mteb_version": "1.34.14",
  "scores": {
    "test": [
      {
        "ndcg_at_1": 0.15644,
        "ndcg_at_3": 0.18756,
        "ndcg_at_5": 0.20333,
        "ndcg_at_10": 0.21883,
        "ndcg_at_20": 0.23505,
        "ndcg_at_100": 0.26379,
        "ndcg_at_1000": 0.28535,
        "map_at_1": 0.13721,
        "map_at_3": 0.17033,
        "map_at_5": 0.18003,
        "map_at_10": 0.18662,
        "map_at_20": 0.191,
        "map_at_100": 0.19515,
        "map_at_1000": 0.19588,
        "recall_at_1": 0.13721,
        "recall_at_3": 0.20927,
        "recall_at_5": 0.2497,
        "recall_at_10": 0.29632,
        "recall_at_20": 0.35866,
        "recall_at_100": 0.50911,
        "recall_at_1000": 0.67154,
        "precision_at_1": 0.15644,
        "precision_at_3": 0.08589,
        "precision_at_5": 0.06104,
        "precision_at_10": 0.03681,
        "precision_at_20": 0.02224,
        "precision_at_100": 0.00626,
        "precision_at_1000": 0.00088,
        "mrr_at_1": 0.156442,
        "mrr_at_3": 0.191462,
        "mrr_at_5": 0.201355,
        "mrr_at_10": 0.208674,
        "mrr_at_20": 0.213216,
        "mrr_at_100": 0.216673,
        "mrr_at_1000": 0.217317,
        "nauc_ndcg_at_1_max": 0.183702,
        "nauc_ndcg_at_1_std": 0.034018,
        "nauc_ndcg_at_1_diff1": 0.407035,
        "nauc_ndcg_at_3_max": 0.187632,
        "nauc_ndcg_at_3_std": 0.053596,
        "nauc_ndcg_at_3_diff1": 0.355398,
        "nauc_ndcg_at_5_max": 0.185411,
        "nauc_ndcg_at_5_std": 0.056683,
        "nauc_ndcg_at_5_diff1": 0.342398,
        "nauc_ndcg_at_10_max": 0.180926,
        "nauc_ndcg_at_10_std": 0.069531,
        "nauc_ndcg_at_10_diff1": 0.331066,
        "nauc_ndcg_at_20_max": 0.176706,
        "nauc_ndcg_at_20_std": 0.08202,
        "nauc_ndcg_at_20_diff1": 0.318471,
        "nauc_ndcg_at_100_max": 0.176499,
        "nauc_ndcg_at_100_std": 0.108232,
        "nauc_ndcg_at_100_diff1": 0.323097,
        "nauc_ndcg_at_1000_max": 0.176169,
        "nauc_ndcg_at_1000_std": 0.118286,
        "nauc_ndcg_at_1000_diff1": 0.310676,
        "nauc_map_at_1_max": 0.177545,
        "nauc_map_at_1_std": 0.00238,
        "nauc_map_at_1_diff1": 0.42557,
        "nauc_map_at_3_max": 0.183311,
        "nauc_map_at_3_std": 0.036974,
        "nauc_map_at_3_diff1": 0.374534,
        "nauc_map_at_5_max": 0.183799,
        "nauc_map_at_5_std": 0.040082,
        "nauc_map_at_5_diff1": 0.364725,
        "nauc_map_at_10_max": 0.182819,
        "nauc_map_at_10_std": 0.046796,
        "nauc_map_at_10_diff1": 0.358965,
        "nauc_map_at_20_max": 0.18141,
        "nauc_map_at_20_std": 0.050472,
        "nauc_map_at_20_diff1": 0.355518,
        "nauc_map_at_100_max": 0.181653,
        "nauc_map_at_100_std": 0.055233,
        "nauc_map_at_100_diff1": 0.355858,
        "nauc_map_at_1000_max": 0.181783,
        "nauc_map_at_1000_std": 0.055796,
        "nauc_map_at_1000_diff1": 0.355419,
        "nauc_recall_at_1_max": 0.177545,
        "nauc_recall_at_1_std": 0.00238,
        "nauc_recall_at_1_diff1": 0.42557,
        "nauc_recall_at_3_max": 0.179428,
        "nauc_recall_at_3_std": 0.060733,
        "nauc_recall_at_3_diff1": 0.327296,
        "nauc_recall_at_5_max": 0.178902,
        "nauc_recall_at_5_std": 0.072322,
        "nauc_recall_at_5_diff1": 0.296835,
        "nauc_recall_at_10_max": 0.164242,
        "nauc_recall_at_10_std": 0.097068,
        "nauc_recall_at_10_diff1": 0.267138,
        "nauc_recall_at_20_max": 0.149049,
        "nauc_recall_at_20_std": 0.133589,
        "nauc_recall_at_20_diff1": 0.224772,
        "nauc_recall_at_100_max": 0.140189,
        "nauc_recall_at_100_std": 0.240103,
        "nauc_recall_at_100_diff1": 0.240112,
        "nauc_recall_at_1000_max": 0.124918,
        "nauc_recall_at_1000_std": 0.336541,
        "nauc_recall_at_1000_diff1": 0.134941,
        "nauc_precision_at_1_max": 0.183702,
        "nauc_precision_at_1_std": 0.034018,
        "nauc_precision_at_1_diff1": 0.407035,
        "nauc_precision_at_3_max": 0.207607,
        "nauc_precision_at_3_std": 0.1135,
        "nauc_precision_at_3_diff1": 0.28413,
        "nauc_precision_at_5_max": 0.197521,
        "nauc_precision_at_5_std": 0.129595,
        "nauc_precision_at_5_diff1": 0.25439,
        "nauc_precision_at_10_max": 0.197321,
        "nauc_precision_at_10_std": 0.175768,
        "nauc_precision_at_10_diff1": 0.222725,
        "nauc_precision_at_20_max": 0.186693,
        "nauc_precision_at_20_std": 0.219357,
        "nauc_precision_at_20_diff1": 0.18888,
        "nauc_precision_at_100_max": 0.177395,
        "nauc_precision_at_100_std": 0.30205,
        "nauc_precision_at_100_diff1": 0.187458,
        "nauc_precision_at_1000_max": 0.110213,
        "nauc_precision_at_1000_std": 0.309735,
        "nauc_precision_at_1000_diff1": 0.023717,
        "nauc_mrr_at_1_max": 0.183702,
        "nauc_mrr_at_1_std": 0.034018,
        "nauc_mrr_at_1_diff1": 0.407035,
        "nauc_mrr_at_3_max": 0.188641,
        "nauc_mrr_at_3_std": 0.059899,
        "nauc_mrr_at_3_diff1": 0.351433,
        "nauc_mrr_at_5_max": 0.186262,
        "nauc_mrr_at_5_std": 0.063887,
        "nauc_mrr_at_5_diff1": 0.345111,
        "nauc_mrr_at_10_max": 0.184848,
        "nauc_mrr_at_10_std": 0.06929,
        "nauc_mrr_at_10_diff1": 0.34092,
        "nauc_mrr_at_20_max": 0.183299,
        "nauc_mrr_at_20_std": 0.072154,
        "nauc_mrr_at_20_diff1": 0.336992,
        "nauc_mrr_at_100_max": 0.183156,
        "nauc_mrr_at_100_std": 0.07502,
        "nauc_mrr_at_100_diff1": 0.337349,
        "nauc_mrr_at_1000_max": 0.183364,
        "nauc_mrr_at_1000_std": 0.075368,
        "nauc_mrr_at_1000_diff1": 0.337078,
        "main_score": 0.21883,
        "hf_subset": "default",
        "languages": [
          "fas-Arab"
        ]
      }
    ]
  },
  "evaluation_time": 174.85557317733765,
  "kg_co2_emissions": null
}