{
  "dataset_revision": "13529e6e301e9d72f86def882cfbca04791d83f9",
  "task_name": "DBPedia-Fa",
  "mteb_version": "1.34.14",
  "scores": {
    "test": [
      {
        "ndcg_at_1": 0.36875,
        "ndcg_at_3": 0.30085,
        "ndcg_at_5": 0.27664,
        "ndcg_at_10": 0.25644,
        "ndcg_at_20": 0.24782,
        "ndcg_at_100": 0.27567,
        "ndcg_at_1000": 0.33547,
        "map_at_1": 0.0583,
        "map_at_3": 0.08856,
        "map_at_5": 0.09984,
        "map_at_10": 0.11449,
        "map_at_20": 0.12744,
        "map_at_100": 0.14705,
        "map_at_1000": 0.15539,
        "recall_at_1": 0.0583,
        "recall_at_3": 0.10017,
        "recall_at_5": 0.12233,
        "recall_at_10": 0.15618,
        "recall_at_20": 0.19635,
        "recall_at_100": 0.31511,
        "recall_at_1000": 0.51518,
        "precision_at_1": 0.465,
        "precision_at_3": 0.33667,
        "precision_at_5": 0.277,
        "precision_at_10": 0.203,
        "precision_at_20": 0.14538,
        "precision_at_100": 0.05707,
        "precision_at_1000": 0.01291,
        "mrr_at_1": 0.465,
        "mrr_at_3": 0.52875,
        "mrr_at_5": 0.5415,
        "mrr_at_10": 0.55015,
        "mrr_at_20": 0.553019,
        "mrr_at_100": 0.556112,
        "mrr_at_1000": 0.556402,
        "nauc_ndcg_at_1_max": 0.517812,
        "nauc_ndcg_at_1_std": 0.334635,
        "nauc_ndcg_at_1_diff1": 0.369172,
        "nauc_ndcg_at_3_max": 0.511663,
        "nauc_ndcg_at_3_std": 0.345518,
        "nauc_ndcg_at_3_diff1": 0.28338,
        "nauc_ndcg_at_5_max": 0.499936,
        "nauc_ndcg_at_5_std": 0.358529,
        "nauc_ndcg_at_5_diff1": 0.2452,
        "nauc_ndcg_at_10_max": 0.470087,
        "nauc_ndcg_at_10_std": 0.359565,
        "nauc_ndcg_at_10_diff1": 0.234212,
        "nauc_ndcg_at_20_max": 0.442492,
        "nauc_ndcg_at_20_std": 0.34857,
        "nauc_ndcg_at_20_diff1": 0.244649,
        "nauc_ndcg_at_100_max": 0.431501,
        "nauc_ndcg_at_100_std": 0.371065,
        "nauc_ndcg_at_100_diff1": 0.239294,
        "nauc_ndcg_at_1000_max": 0.471101,
        "nauc_ndcg_at_1000_std": 0.455976,
        "nauc_ndcg_at_1000_diff1": 0.215604,
        "nauc_map_at_1_max": 0.143291,
        "nauc_map_at_1_std": -0.026955,
        "nauc_map_at_1_diff1": 0.392743,
        "nauc_map_at_3_max": 0.188106,
        "nauc_map_at_3_std": 0.036022,
        "nauc_map_at_3_diff1": 0.336279,
        "nauc_map_at_5_max": 0.214747,
        "nauc_map_at_5_std": 0.07435,
        "nauc_map_at_5_diff1": 0.30914,
        "nauc_map_at_10_max": 0.252989,
        "nauc_map_at_10_std": 0.131118,
        "nauc_map_at_10_diff1": 0.287262,
        "nauc_map_at_20_max": 0.293779,
        "nauc_map_at_20_std": 0.189904,
        "nauc_map_at_20_diff1": 0.266605,
        "nauc_map_at_100_max": 0.358921,
        "nauc_map_at_100_std": 0.288828,
        "nauc_map_at_100_diff1": 0.233898,
        "nauc_map_at_1000_max": 0.373285,
        "nauc_map_at_1000_std": 0.321277,
        "nauc_map_at_1000_diff1": 0.228117,
        "nauc_recall_at_1_max": 0.143291,
        "nauc_recall_at_1_std": -0.026955,
        "nauc_recall_at_1_diff1": 0.392743,
        "nauc_recall_at_3_max": 0.161452,
        "nauc_recall_at_3_std": 0.014159,
        "nauc_recall_at_3_diff1": 0.289946,
        "nauc_recall_at_5_max": 0.155699,
        "nauc_recall_at_5_std": 0.033801,
        "nauc_recall_at_5_diff1": 0.231537,
        "nauc_recall_at_10_max": 0.17835,
        "nauc_recall_at_10_std": 0.093694,
        "nauc_recall_at_10_diff1": 0.212918,
        "nauc_recall_at_20_max": 0.227054,
        "nauc_recall_at_20_std": 0.172345,
        "nauc_recall_at_20_diff1": 0.191745,
        "nauc_recall_at_100_max": 0.299242,
        "nauc_recall_at_100_std": 0.304142,
        "nauc_recall_at_100_diff1": 0.157929,
        "nauc_recall_at_1000_max": 0.313994,
        "nauc_recall_at_1000_std": 0.434674,
        "nauc_recall_at_1000_diff1": 0.084893,
        "nauc_precision_at_1_max": 0.583783,
        "nauc_precision_at_1_std": 0.39281,
        "nauc_precision_at_1_diff1": 0.373527,
        "nauc_precision_at_3_max": 0.550787,
        "nauc_precision_at_3_std": 0.439711,
        "nauc_precision_at_3_diff1": 0.155063,
        "nauc_precision_at_5_max": 0.54283,
        "nauc_precision_at_5_std": 0.488704,
        "nauc_precision_at_5_diff1": 0.061467,
        "nauc_precision_at_10_max": 0.522885,
        "nauc_precision_at_10_std": 0.533625,
        "nauc_precision_at_10_diff1": 0.012361,
        "nauc_precision_at_20_max": 0.529282,
        "nauc_precision_at_20_std": 0.586323,
        "nauc_precision_at_20_diff1": -0.014249,
        "nauc_precision_at_100_max": 0.481005,
        "nauc_precision_at_100_std": 0.623516,
        "nauc_precision_at_100_diff1": -0.02941,
        "nauc_precision_at_1000_max": 0.163989,
        "nauc_precision_at_1000_std": 0.429293,
        "nauc_precision_at_1000_diff1": 0.05674,
        "nauc_mrr_at_1_max": 0.583783,
        "nauc_mrr_at_1_std": 0.39281,
        "nauc_mrr_at_1_diff1": 0.373527,
        "nauc_mrr_at_3_max": 0.607524,
        "nauc_mrr_at_3_std": 0.413144,
        "nauc_mrr_at_3_diff1": 0.330381,
        "nauc_mrr_at_5_max": 0.601444,
        "nauc_mrr_at_5_std": 0.4178,
        "nauc_mrr_at_5_diff1": 0.319815,
        "nauc_mrr_at_10_max": 0.599018,
        "nauc_mrr_at_10_std": 0.421985,
        "nauc_mrr_at_10_diff1": 0.324121,
        "nauc_mrr_at_20_max": 0.600843,
        "nauc_mrr_at_20_std": 0.423361,
        "nauc_mrr_at_20_diff1": 0.324111,
        "nauc_mrr_at_100_max": 0.600276,
        "nauc_mrr_at_100_std": 0.42315,
        "nauc_mrr_at_100_diff1": 0.324476,
        "nauc_mrr_at_1000_max": 0.600253,
        "nauc_mrr_at_1000_std": 0.423134,
        "nauc_mrr_at_1000_diff1": 0.324713,
        "main_score": 0.25644,
        "hf_subset": "default",
        "languages": [
          "fas-Arab"
        ]
      }
    ]
  },
  "evaluation_time": 5991.024742603302,
  "kg_co2_emissions": null
}