{
  "dataset_revision": "e683ce7ecd0b47edc3e29fda7cfd75335be4a997",
  "task_name": "FiQA2018-Fa",
  "mteb_version": "1.34.14",
  "scores": {
    "test": [
      {
        "ndcg_at_1": 0.16204,
        "ndcg_at_3": 0.15786,
        "ndcg_at_5": 0.1665,
        "ndcg_at_10": 0.18431,
        "ndcg_at_20": 0.20039,
        "ndcg_at_100": 0.23629,
        "ndcg_at_1000": 0.27946,
        "map_at_1": 0.07491,
        "map_at_3": 0.11242,
        "map_at_5": 0.12252,
        "map_at_10": 0.13289,
        "map_at_20": 0.13755,
        "map_at_100": 0.14334,
        "map_at_1000": 0.14525,
        "recall_at_1": 0.07491,
        "recall_at_3": 0.15184,
        "recall_at_5": 0.18493,
        "recall_at_10": 0.23965,
        "recall_at_20": 0.28978,
        "recall_at_100": 0.44288,
        "recall_at_1000": 0.71283,
        "precision_at_1": 0.16204,
        "precision_at_3": 0.10854,
        "precision_at_5": 0.08179,
        "precision_at_10": 0.05432,
        "precision_at_20": 0.03356,
        "precision_at_100": 0.01068,
        "precision_at_1000": 0.00181,
        "mrr_at_1": 0.162037,
        "mrr_at_3": 0.211677,
        "mrr_at_5": 0.221862,
        "mrr_at_10": 0.231303,
        "mrr_at_20": 0.236813,
        "mrr_at_100": 0.241067,
        "mrr_at_1000": 0.241976,
        "nauc_ndcg_at_1_max": 0.254778,
        "nauc_ndcg_at_1_std": -0.063122,
        "nauc_ndcg_at_1_diff1": 0.363639,
        "nauc_ndcg_at_3_max": 0.184013,
        "nauc_ndcg_at_3_std": -0.042151,
        "nauc_ndcg_at_3_diff1": 0.280379,
        "nauc_ndcg_at_5_max": 0.167681,
        "nauc_ndcg_at_5_std": -0.049819,
        "nauc_ndcg_at_5_diff1": 0.251882,
        "nauc_ndcg_at_10_max": 0.184055,
        "nauc_ndcg_at_10_std": -0.050189,
        "nauc_ndcg_at_10_diff1": 0.242123,
        "nauc_ndcg_at_20_max": 0.190567,
        "nauc_ndcg_at_20_std": -0.025298,
        "nauc_ndcg_at_20_diff1": 0.241402,
        "nauc_ndcg_at_100_max": 0.1878,
        "nauc_ndcg_at_100_std": 0.003655,
        "nauc_ndcg_at_100_diff1": 0.233356,
        "nauc_ndcg_at_1000_max": 0.206406,
        "nauc_ndcg_at_1000_std": 0.024694,
        "nauc_ndcg_at_1000_diff1": 0.239369,
        "nauc_map_at_1_max": 0.197483,
        "nauc_map_at_1_std": -0.088119,
        "nauc_map_at_1_diff1": 0.352848,
        "nauc_map_at_3_max": 0.172755,
        "nauc_map_at_3_std": -0.072857,
        "nauc_map_at_3_diff1": 0.296928,
        "nauc_map_at_5_max": 0.165366,
        "nauc_map_at_5_std": -0.0738,
        "nauc_map_at_5_diff1": 0.283451,
        "nauc_map_at_10_max": 0.178217,
        "nauc_map_at_10_std": -0.064513,
        "nauc_map_at_10_diff1": 0.273537,
        "nauc_map_at_20_max": 0.181392,
        "nauc_map_at_20_std": -0.053576,
        "nauc_map_at_20_diff1": 0.271614,
        "nauc_map_at_100_max": 0.181943,
        "nauc_map_at_100_std": -0.045934,
        "nauc_map_at_100_diff1": 0.26949,
        "nauc_map_at_1000_max": 0.183468,
        "nauc_map_at_1000_std": -0.044144,
        "nauc_map_at_1000_diff1": 0.270185,
        "nauc_recall_at_1_max": 0.197483,
        "nauc_recall_at_1_std": -0.088119,
        "nauc_recall_at_1_diff1": 0.352848,
        "nauc_recall_at_3_max": 0.125875,
        "nauc_recall_at_3_std": -0.049466,
        "nauc_recall_at_3_diff1": 0.217743,
        "nauc_recall_at_5_max": 0.114263,
        "nauc_recall_at_5_std": -0.043782,
        "nauc_recall_at_5_diff1": 0.169758,
        "nauc_recall_at_10_max": 0.152676,
        "nauc_recall_at_10_std": -0.03245,
        "nauc_recall_at_10_diff1": 0.156134,
        "nauc_recall_at_20_max": 0.16026,
        "nauc_recall_at_20_std": 0.029759,
        "nauc_recall_at_20_diff1": 0.145074,
        "nauc_recall_at_100_max": 0.137344,
        "nauc_recall_at_100_std": 0.105987,
        "nauc_recall_at_100_diff1": 0.108042,
        "nauc_recall_at_1000_max": 0.19446,
        "nauc_recall_at_1000_std": 0.235309,
        "nauc_recall_at_1000_diff1": 0.07669,
        "nauc_precision_at_1_max": 0.254778,
        "nauc_precision_at_1_std": -0.063122,
        "nauc_precision_at_1_diff1": 0.363639,
        "nauc_precision_at_3_max": 0.195449,
        "nauc_precision_at_3_std": -0.009962,
        "nauc_precision_at_3_diff1": 0.238335,
        "nauc_precision_at_5_max": 0.160404,
        "nauc_precision_at_5_std": -0.00572,
        "nauc_precision_at_5_diff1": 0.181492,
        "nauc_precision_at_10_max": 0.193426,
        "nauc_precision_at_10_std": 0.024976,
        "nauc_precision_at_10_diff1": 0.142341,
        "nauc_precision_at_20_max": 0.20725,
        "nauc_precision_at_20_std": 0.082172,
        "nauc_precision_at_20_diff1": 0.152435,
        "nauc_precision_at_100_max": 0.170391,
        "nauc_precision_at_100_std": 0.154283,
        "nauc_precision_at_100_diff1": 0.112455,
        "nauc_precision_at_1000_max": 0.181362,
        "nauc_precision_at_1000_std": 0.201813,
        "nauc_precision_at_1000_diff1": 0.083133,
        "nauc_mrr_at_1_max": 0.254778,
        "nauc_mrr_at_1_std": -0.063122,
        "nauc_mrr_at_1_diff1": 0.363639,
        "nauc_mrr_at_3_max": 0.21767,
        "nauc_mrr_at_3_std": -0.044628,
        "nauc_mrr_at_3_diff1": 0.294229,
        "nauc_mrr_at_5_max": 0.21069,
        "nauc_mrr_at_5_std": -0.042981,
        "nauc_mrr_at_5_diff1": 0.279372,
        "nauc_mrr_at_10_max": 0.213163,
        "nauc_mrr_at_10_std": -0.043125,
        "nauc_mrr_at_10_diff1": 0.280091,
        "nauc_mrr_at_20_max": 0.213813,
        "nauc_mrr_at_20_std": -0.039419,
        "nauc_mrr_at_20_diff1": 0.280682,
        "nauc_mrr_at_100_max": 0.212565,
        "nauc_mrr_at_100_std": -0.037444,
        "nauc_mrr_at_100_diff1": 0.279914,
        "nauc_mrr_at_1000_max": 0.213012,
        "nauc_mrr_at_1000_std": -0.037343,
        "nauc_mrr_at_1000_diff1": 0.2803,
        "main_score": 0.18431,
        "hf_subset": "default",
        "languages": [
          "fas-Arab"
        ]
      }
    ]
  },
  "evaluation_time": 179.3876976966858,
  "kg_co2_emissions": null
}