{
  "dataset_revision": "70aa71825a791e87210c0355a01f538aa611feae",
  "task_name": "NFCorpus-Fa",
  "mteb_version": "1.34.14",
  "scores": {
    "test": [
      {
        "ndcg_at_1": 0.36223,
        "ndcg_at_3": 0.31977,
        "ndcg_at_5": 0.29757,
        "ndcg_at_10": 0.27561,
        "ndcg_at_20": 0.25801,
        "ndcg_at_100": 0.25367,
        "ndcg_at_1000": 0.34364,
        "map_at_1": 0.04143,
        "map_at_3": 0.06678,
        "map_at_5": 0.07674,
        "map_at_10": 0.09242,
        "map_at_20": 0.10265,
        "map_at_100": 0.1166,
        "map_at_1000": 0.1295,
        "recall_at_1": 0.04143,
        "recall_at_3": 0.07911,
        "recall_at_5": 0.09625,
        "recall_at_10": 0.13398,
        "recall_at_20": 0.17089,
        "recall_at_100": 0.26346,
        "recall_at_1000": 0.58458,
        "precision_at_1": 0.3839,
        "precision_at_3": 0.30237,
        "precision_at_5": 0.25697,
        "precision_at_10": 0.20805,
        "precision_at_20": 0.1548,
        "precision_at_100": 0.06715,
        "precision_at_1000": 0.01963,
        "mrr_at_1": 0.383901,
        "mrr_at_3": 0.452528,
        "mrr_at_5": 0.460423,
        "mrr_at_10": 0.469211,
        "mrr_at_20": 0.473885,
        "mrr_at_100": 0.476345,
        "mrr_at_1000": 0.476851,
        "nauc_ndcg_at_1_max": 0.423605,
        "nauc_ndcg_at_1_std": 0.174074,
        "nauc_ndcg_at_1_diff1": 0.427029,
        "nauc_ndcg_at_3_max": 0.402769,
        "nauc_ndcg_at_3_std": 0.205406,
        "nauc_ndcg_at_3_diff1": 0.317218,
        "nauc_ndcg_at_5_max": 0.403627,
        "nauc_ndcg_at_5_std": 0.221334,
        "nauc_ndcg_at_5_diff1": 0.285734,
        "nauc_ndcg_at_10_max": 0.411919,
        "nauc_ndcg_at_10_std": 0.267022,
        "nauc_ndcg_at_10_diff1": 0.250374,
        "nauc_ndcg_at_20_max": 0.407094,
        "nauc_ndcg_at_20_std": 0.265929,
        "nauc_ndcg_at_20_diff1": 0.228727,
        "nauc_ndcg_at_100_max": 0.432145,
        "nauc_ndcg_at_100_std": 0.263239,
        "nauc_ndcg_at_100_diff1": 0.236513,
        "nauc_ndcg_at_1000_max": 0.503116,
        "nauc_ndcg_at_1000_std": 0.315423,
        "nauc_ndcg_at_1000_diff1": 0.255328,
        "nauc_map_at_1_max": 0.238002,
        "nauc_map_at_1_std": -0.131249,
        "nauc_map_at_1_diff1": 0.453782,
        "nauc_map_at_3_max": 0.242509,
        "nauc_map_at_3_std": -0.088923,
        "nauc_map_at_3_diff1": 0.361375,
        "nauc_map_at_5_max": 0.254866,
        "nauc_map_at_5_std": -0.062831,
        "nauc_map_at_5_diff1": 0.329103,
        "nauc_map_at_10_max": 0.276754,
        "nauc_map_at_10_std": 0.006101,
        "nauc_map_at_10_diff1": 0.285232,
        "nauc_map_at_20_max": 0.301473,
        "nauc_map_at_20_std": 0.043497,
        "nauc_map_at_20_diff1": 0.271108,
        "nauc_map_at_100_max": 0.33282,
        "nauc_map_at_100_std": 0.111081,
        "nauc_map_at_100_diff1": 0.244188,
        "nauc_map_at_1000_max": 0.351494,
        "nauc_map_at_1000_std": 0.160211,
        "nauc_map_at_1000_diff1": 0.229322,
        "nauc_recall_at_1_max": 0.238002,
        "nauc_recall_at_1_std": -0.131249,
        "nauc_recall_at_1_diff1": 0.453782,
        "nauc_recall_at_3_max": 0.203154,
        "nauc_recall_at_3_std": -0.090432,
        "nauc_recall_at_3_diff1": 0.275005,
        "nauc_recall_at_5_max": 0.201796,
        "nauc_recall_at_5_std": -0.074293,
        "nauc_recall_at_5_diff1": 0.231255,
        "nauc_recall_at_10_max": 0.224328,
        "nauc_recall_at_10_std": 0.031457,
        "nauc_recall_at_10_diff1": 0.186038,
        "nauc_recall_at_20_max": 0.229549,
        "nauc_recall_at_20_std": 0.065024,
        "nauc_recall_at_20_diff1": 0.156305,
        "nauc_recall_at_100_max": 0.270678,
        "nauc_recall_at_100_std": 0.157312,
        "nauc_recall_at_100_diff1": 0.102063,
        "nauc_recall_at_1000_max": 0.261976,
        "nauc_recall_at_1000_std": 0.224216,
        "nauc_recall_at_1000_diff1": 0.072929,
        "nauc_precision_at_1_max": 0.45671,
        "nauc_precision_at_1_std": 0.194443,
        "nauc_precision_at_1_diff1": 0.423466,
        "nauc_precision_at_3_max": 0.411105,
        "nauc_precision_at_3_std": 0.268578,
        "nauc_precision_at_3_diff1": 0.225067,
        "nauc_precision_at_5_max": 0.395178,
        "nauc_precision_at_5_std": 0.313908,
        "nauc_precision_at_5_diff1": 0.147073,
        "nauc_precision_at_10_max": 0.403306,
        "nauc_precision_at_10_std": 0.419487,
        "nauc_precision_at_10_diff1": 0.064609,
        "nauc_precision_at_20_max": 0.371289,
        "nauc_precision_at_20_std": 0.453994,
        "nauc_precision_at_20_diff1": 0.005023,
        "nauc_precision_at_100_max": 0.279769,
        "nauc_precision_at_100_std": 0.508654,
        "nauc_precision_at_100_diff1": -0.075754,
        "nauc_precision_at_1000_max": 0.162469,
        "nauc_precision_at_1000_std": 0.435321,
        "nauc_precision_at_1000_diff1": -0.097965,
        "nauc_mrr_at_1_max": 0.45671,
        "nauc_mrr_at_1_std": 0.194443,
        "nauc_mrr_at_1_diff1": 0.423466,
        "nauc_mrr_at_3_max": 0.479507,
        "nauc_mrr_at_3_std": 0.227276,
        "nauc_mrr_at_3_diff1": 0.39066,
        "nauc_mrr_at_5_max": 0.47939,
        "nauc_mrr_at_5_std": 0.233623,
        "nauc_mrr_at_5_diff1": 0.388701,
        "nauc_mrr_at_10_max": 0.488383,
        "nauc_mrr_at_10_std": 0.246855,
        "nauc_mrr_at_10_diff1": 0.38873,
        "nauc_mrr_at_20_max": 0.489946,
        "nauc_mrr_at_20_std": 0.248338,
        "nauc_mrr_at_20_diff1": 0.387757,
        "nauc_mrr_at_100_max": 0.489955,
        "nauc_mrr_at_100_std": 0.246366,
        "nauc_mrr_at_100_diff1": 0.387424,
        "nauc_mrr_at_1000_max": 0.489658,
        "nauc_mrr_at_1000_std": 0.246332,
        "nauc_mrr_at_1000_diff1": 0.387454,
        "main_score": 0.27561,
        "hf_subset": "default",
        "languages": [
          "fas-Arab"
        ]
      }
    ]
  },
  "evaluation_time": 19.01039218902588,
  "kg_co2_emissions": null
}