{
  "dataset_revision": "0f464636f91641cc6ef6f6f8f249c73f4a609982",
  "task_name": "Touche2020-Fa",
  "mteb_version": "1.34.14",
  "scores": {
    "test": [
      {
        "ndcg_at_1": 0.2449,
        "ndcg_at_3": 0.25281,
        "ndcg_at_5": 0.22949,
        "ndcg_at_10": 0.20299,
        "ndcg_at_20": 0.22395,
        "ndcg_at_100": 0.32597,
        "ndcg_at_1000": 0.44404,
        "map_at_1": 0.02452,
        "map_at_3": 0.05361,
        "map_at_5": 0.06788,
        "map_at_10": 0.08602,
        "map_at_20": 0.10707,
        "map_at_100": 0.13905,
        "map_at_1000": 0.15401,
        "recall_at_1": 0.02452,
        "recall_at_3": 0.06241,
        "recall_at_5": 0.08678,
        "recall_at_10": 0.12993,
        "recall_at_20": 0.2091,
        "recall_at_100": 0.43004,
        "recall_at_1000": 0.79288,
        "precision_at_1": 0.28571,
        "precision_at_3": 0.27891,
        "precision_at_5": 0.23673,
        "precision_at_10": 0.17959,
        "precision_at_20": 0.15102,
        "precision_at_100": 0.0698,
        "precision_at_1000": 0.01469,
        "mrr_at_1": 0.285714,
        "mrr_at_3": 0.394558,
        "mrr_at_5": 0.417007,
        "mrr_at_10": 0.421542,
        "mrr_at_20": 0.433286,
        "mrr_at_100": 0.438393,
        "mrr_at_1000": 0.438393,
        "nauc_ndcg_at_1_max": -0.29469,
        "nauc_ndcg_at_1_std": -0.123664,
        "nauc_ndcg_at_1_diff1": 0.136014,
        "nauc_ndcg_at_3_max": -0.165806,
        "nauc_ndcg_at_3_std": 0.094171,
        "nauc_ndcg_at_3_diff1": 0.134541,
        "nauc_ndcg_at_5_max": -0.197791,
        "nauc_ndcg_at_5_std": 0.083219,
        "nauc_ndcg_at_5_diff1": 0.123309,
        "nauc_ndcg_at_10_max": -0.154277,
        "nauc_ndcg_at_10_std": 0.08468,
        "nauc_ndcg_at_10_diff1": 0.07189,
        "nauc_ndcg_at_20_max": -0.22151,
        "nauc_ndcg_at_20_std": 0.015636,
        "nauc_ndcg_at_20_diff1": 0.100616,
        "nauc_ndcg_at_100_max": -0.283114,
        "nauc_ndcg_at_100_std": 0.145696,
        "nauc_ndcg_at_100_diff1": 0.006919,
        "nauc_ndcg_at_1000_max": -0.218746,
        "nauc_ndcg_at_1000_std": 0.31639,
        "nauc_ndcg_at_1000_diff1": -0.024535,
        "nauc_map_at_1_max": -0.247445,
        "nauc_map_at_1_std": -0.11994,
        "nauc_map_at_1_diff1": 0.166887,
        "nauc_map_at_3_max": -0.111635,
        "nauc_map_at_3_std": 0.06415,
        "nauc_map_at_3_diff1": 0.163438,
        "nauc_map_at_5_max": -0.110192,
        "nauc_map_at_5_std": 0.05462,
        "nauc_map_at_5_diff1": 0.14478,
        "nauc_map_at_10_max": -0.063409,
        "nauc_map_at_10_std": 0.078174,
        "nauc_map_at_10_diff1": 0.103312,
        "nauc_map_at_20_max": -0.105023,
        "nauc_map_at_20_std": 0.040927,
        "nauc_map_at_20_diff1": 0.124063,
        "nauc_map_at_100_max": -0.141858,
        "nauc_map_at_100_std": 0.090768,
        "nauc_map_at_100_diff1": 0.07816,
        "nauc_map_at_1000_max": -0.140711,
        "nauc_map_at_1000_std": 0.133615,
        "nauc_map_at_1000_diff1": 0.057949,
        "nauc_recall_at_1_max": -0.247445,
        "nauc_recall_at_1_std": -0.11994,
        "nauc_recall_at_1_diff1": 0.166887,
        "nauc_recall_at_3_max": -0.101248,
        "nauc_recall_at_3_std": 0.085349,
        "nauc_recall_at_3_diff1": 0.175467,
        "nauc_recall_at_5_max": -0.135,
        "nauc_recall_at_5_std": 0.045153,
        "nauc_recall_at_5_diff1": 0.156653,
        "nauc_recall_at_10_max": -0.102182,
        "nauc_recall_at_10_std": 0.04031,
        "nauc_recall_at_10_diff1": 0.101031,
        "nauc_recall_at_20_max": -0.225955,
        "nauc_recall_at_20_std": -0.047689,
        "nauc_recall_at_20_diff1": 0.105385,
        "nauc_recall_at_100_max": -0.331939,
        "nauc_recall_at_100_std": 0.179225,
        "nauc_recall_at_100_diff1": -0.039218,
        "nauc_recall_at_1000_max": -0.217271,
        "nauc_recall_at_1000_std": 0.684872,
        "nauc_recall_at_1000_diff1": -0.245935,
        "nauc_precision_at_1_max": -0.311076,
        "nauc_precision_at_1_std": -0.156082,
        "nauc_precision_at_1_diff1": 0.141286,
        "nauc_precision_at_3_max": -0.142385,
        "nauc_precision_at_3_std": 0.119586,
        "nauc_precision_at_3_diff1": 0.127078,
        "nauc_precision_at_5_max": -0.175745,
        "nauc_precision_at_5_std": 0.084215,
        "nauc_precision_at_5_diff1": 0.117097,
        "nauc_precision_at_10_max": -0.13483,
        "nauc_precision_at_10_std": 0.065745,
        "nauc_precision_at_10_diff1": 0.036454,
        "nauc_precision_at_20_max": -0.20132,
        "nauc_precision_at_20_std": 0.057601,
        "nauc_precision_at_20_diff1": 0.025887,
        "nauc_precision_at_100_max": -0.174268,
        "nauc_precision_at_100_std": 0.436092,
        "nauc_precision_at_100_diff1": -0.252873,
        "nauc_precision_at_1000_max": 0.338416,
        "nauc_precision_at_1000_std": 0.611097,
        "nauc_precision_at_1000_diff1": -0.189044,
        "nauc_mrr_at_1_max": -0.311076,
        "nauc_mrr_at_1_std": -0.156082,
        "nauc_mrr_at_1_diff1": 0.141286,
        "nauc_mrr_at_3_max": -0.283425,
        "nauc_mrr_at_3_std": -0.078915,
        "nauc_mrr_at_3_diff1": 0.15253,
        "nauc_mrr_at_5_max": -0.290193,
        "nauc_mrr_at_5_std": -0.079453,
        "nauc_mrr_at_5_diff1": 0.173554,
        "nauc_mrr_at_10_max": -0.299752,
        "nauc_mrr_at_10_std": -0.089794,
        "nauc_mrr_at_10_diff1": 0.163964,
        "nauc_mrr_at_20_max": -0.307746,
        "nauc_mrr_at_20_std": -0.084516,
        "nauc_mrr_at_20_diff1": 0.149885,
        "nauc_mrr_at_100_max": -0.303819,
        "nauc_mrr_at_100_std": -0.086126,
        "nauc_mrr_at_100_diff1": 0.153626,
        "nauc_mrr_at_1000_max": -0.303819,
        "nauc_mrr_at_1000_std": -0.086126,
        "nauc_mrr_at_1000_diff1": 0.153626,
        "main_score": 0.20299,
        "hf_subset": "default",
        "languages": [
          "fas-Arab"
        ]
      }
    ]
  },
  "evaluation_time": 1297.4799444675446,
  "kg_co2_emissions": null
}