{
  "dataset_revision": "3b6ea595c94bac3448a2ad167ca2e06abd340d6e",
  "task_name": "WikipediaRetrievalMultilingual",
  "mteb_version": "1.34.14",
  "scores": {
    "test": [
      {
        "ndcg_at_1": 0.73933,
        "ndcg_at_3": 0.81512,
        "ndcg_at_5": 0.83712,
        "ndcg_at_10": 0.84808,
        "ndcg_at_20": 0.85032,
        "ndcg_at_100": 0.85427,
        "ndcg_at_1000": 0.85591,
        "map_at_1": 0.73933,
        "map_at_3": 0.797,
        "map_at_5": 0.80923,
        "map_at_10": 0.81386,
        "map_at_20": 0.8145,
        "map_at_100": 0.81514,
        "map_at_1000": 0.8152,
        "recall_at_1": 0.73933,
        "recall_at_3": 0.86733,
        "recall_at_5": 0.92067,
        "recall_at_10": 0.954,
        "recall_at_20": 0.96267,
        "recall_at_100": 0.98267,
        "recall_at_1000": 0.99533,
        "precision_at_1": 0.73933,
        "precision_at_3": 0.28911,
        "precision_at_5": 0.18413,
        "precision_at_10": 0.0954,
        "precision_at_20": 0.04813,
        "precision_at_100": 0.00983,
        "precision_at_1000": 0.001,
        "mrr_at_1": 0.738667,
        "mrr_at_3": 0.796667,
        "mrr_at_5": 0.809033,
        "mrr_at_10": 0.813545,
        "mrr_at_20": 0.814187,
        "mrr_at_100": 0.81482,
        "mrr_at_1000": 0.814888,
        "nauc_ndcg_at_1_max": 0.467476,
        "nauc_ndcg_at_1_std": -0.10634,
        "nauc_ndcg_at_1_diff1": 0.71692,
        "nauc_ndcg_at_3_max": 0.479473,
        "nauc_ndcg_at_3_std": -0.092955,
        "nauc_ndcg_at_3_diff1": 0.681867,
        "nauc_ndcg_at_5_max": 0.482633,
        "nauc_ndcg_at_5_std": -0.074895,
        "nauc_ndcg_at_5_diff1": 0.680552,
        "nauc_ndcg_at_10_max": 0.488384,
        "nauc_ndcg_at_10_std": -0.066327,
        "nauc_ndcg_at_10_diff1": 0.682164,
        "nauc_ndcg_at_20_max": 0.489501,
        "nauc_ndcg_at_20_std": -0.064948,
        "nauc_ndcg_at_20_diff1": 0.684272,
        "nauc_ndcg_at_100_max": 0.485073,
        "nauc_ndcg_at_100_std": -0.067662,
        "nauc_ndcg_at_100_diff1": 0.685599,
        "nauc_ndcg_at_1000_max": 0.482162,
        "nauc_ndcg_at_1000_std": -0.073818,
        "nauc_ndcg_at_1000_diff1": 0.687717,
        "nauc_map_at_1_max": 0.467476,
        "nauc_map_at_1_std": -0.10634,
        "nauc_map_at_1_diff1": 0.71692,
        "nauc_map_at_3_max": 0.475905,
        "nauc_map_at_3_std": -0.096904,
        "nauc_map_at_3_diff1": 0.692242,
        "nauc_map_at_5_max": 0.47713,
        "nauc_map_at_5_std": -0.088124,
        "nauc_map_at_5_diff1": 0.692086,
        "nauc_map_at_10_max": 0.47888,
        "nauc_map_at_10_std": -0.085248,
        "nauc_map_at_10_diff1": 0.692855,
        "nauc_map_at_20_max": 0.479173,
        "nauc_map_at_20_std": -0.084817,
        "nauc_map_at_20_diff1": 0.693461,
        "nauc_map_at_100_max": 0.478707,
        "nauc_map_at_100_std": -0.084978,
        "nauc_map_at_100_diff1": 0.693624,
        "nauc_map_at_1000_max": 0.478616,
        "nauc_map_at_1000_std": -0.085163,
        "nauc_map_at_1000_diff1": 0.693713,
        "nauc_recall_at_1_max": 0.467476,
        "nauc_recall_at_1_std": -0.10634,
        "nauc_recall_at_1_diff1": 0.71692,
        "nauc_recall_at_3_max": 0.494289,
        "nauc_recall_at_3_std": -0.076575,
        "nauc_recall_at_3_diff1": 0.638809,
        "nauc_recall_at_5_max": 0.518549,
        "nauc_recall_at_5_std": 0.013268,
        "nauc_recall_at_5_diff1": 0.607878,
        "nauc_recall_at_10_max": 0.599616,
        "nauc_recall_at_10_std": 0.151193,
        "nauc_recall_at_10_diff1": 0.572078,
        "nauc_recall_at_20_max": 0.639022,
        "nauc_recall_at_20_std": 0.215453,
        "nauc_recall_at_20_diff1": 0.574055,
        "nauc_recall_at_100_max": 0.623824,
        "nauc_recall_at_100_std": 0.40311,
        "nauc_recall_at_100_diff1": 0.502783,
        "nauc_recall_at_1000_max": 0.366547,
        "nauc_recall_at_1000_std": 0.314593,
        "nauc_recall_at_1000_diff1": 0.439843,
        "nauc_precision_at_1_max": 0.467476,
        "nauc_precision_at_1_std": -0.10634,
        "nauc_precision_at_1_diff1": 0.71692,
        "nauc_precision_at_3_max": 0.494289,
        "nauc_precision_at_3_std": -0.076575,
        "nauc_precision_at_3_diff1": 0.638809,
        "nauc_precision_at_5_max": 0.518549,
        "nauc_precision_at_5_std": 0.013268,
        "nauc_precision_at_5_diff1": 0.607878,
        "nauc_precision_at_10_max": 0.599616,
        "nauc_precision_at_10_std": 0.151193,
        "nauc_precision_at_10_diff1": 0.572078,
        "nauc_precision_at_20_max": 0.639022,
        "nauc_precision_at_20_std": 0.215453,
        "nauc_precision_at_20_diff1": 0.574055,
        "nauc_precision_at_100_max": 0.623824,
        "nauc_precision_at_100_std": 0.40311,
        "nauc_precision_at_100_diff1": 0.502783,
        "nauc_precision_at_1000_max": 0.366547,
        "nauc_precision_at_1000_std": 0.314593,
        "nauc_precision_at_1000_diff1": 0.439843,
        "nauc_mrr_at_1_max": 0.463182,
        "nauc_mrr_at_1_std": -0.106613,
        "nauc_mrr_at_1_diff1": 0.71831,
        "nauc_mrr_at_3_max": 0.473216,
        "nauc_mrr_at_3_std": -0.097086,
        "nauc_mrr_at_3_diff1": 0.693142,
        "nauc_mrr_at_5_max": 0.475963,
        "nauc_mrr_at_5_std": -0.087064,
        "nauc_mrr_at_5_diff1": 0.692808,
        "nauc_mrr_at_10_max": 0.476226,
        "nauc_mrr_at_10_std": -0.085246,
        "nauc_mrr_at_10_diff1": 0.693797,
        "nauc_mrr_at_20_max": 0.476515,
        "nauc_mrr_at_20_std": -0.084831,
        "nauc_mrr_at_20_diff1": 0.694402,
        "nauc_mrr_at_100_max": 0.476041,
        "nauc_mrr_at_100_std": -0.084992,
        "nauc_mrr_at_100_diff1": 0.694569,
        "nauc_mrr_at_1000_max": 0.475948,
        "nauc_mrr_at_1000_std": -0.085177,
        "nauc_mrr_at_1000_diff1": 0.694658,
        "main_score": 0.84808,
        "hf_subset": "fa",
        "languages": [
          "fas-Arab"
        ]
      }
    ]
  },
  "evaluation_time": 23.84338092803955,
  "kg_co2_emissions": null
}