{
  "dataset_revision": "b591262de1a2498c3618a4dd386d590450e85dcd",
  "task_name": "HotpotQA-FaHardNegatives",
  "mteb_version": "1.38.33",
  "scores": {
    "test": [
      {
        "ndcg_at_1": 0.058,
        "ndcg_at_3": 0.04667,
        "ndcg_at_5": 0.05343,
        "ndcg_at_10": 0.06202,
        "ndcg_at_20": 0.07183,
        "ndcg_at_100": 0.09302,
        "ndcg_at_1000": 0.1235,
        "map_at_1": 0.029,
        "map_at_3": 0.03617,
        "map_at_5": 0.03932,
        "map_at_10": 0.04265,
        "map_at_20": 0.04518,
        "map_at_100": 0.04782,
        "map_at_1000": 0.04879,
        "recall_at_1": 0.029,
        "recall_at_3": 0.0445,
        "recall_at_5": 0.058,
        "recall_at_10": 0.08,
        "recall_at_20": 0.112,
        "recall_at_100": 0.207,
        "recall_at_1000": 0.414,
        "precision_at_1": 0.058,
        "precision_at_3": 0.02967,
        "precision_at_5": 0.0232,
        "precision_at_10": 0.016,
        "precision_at_20": 0.0112,
        "precision_at_100": 0.00414,
        "precision_at_1000": 0.00083,
        "mrr_at_1": 0.059,
        "mrr_at_3": 0.0715,
        "mrr_at_5": 0.0773,
        "mrr_at_10": 0.08197,
        "mrr_at_20": 0.085502,
        "mrr_at_100": 0.089279,
        "mrr_at_1000": 0.090304,
        "nauc_ndcg_at_1_max": 0.212665,
        "nauc_ndcg_at_1_std": 0.039192,
        "nauc_ndcg_at_1_diff1": 0.269455,
        "nauc_ndcg_at_3_max": 0.211139,
        "nauc_ndcg_at_3_std": 0.039288,
        "nauc_ndcg_at_3_diff1": 0.194942,
        "nauc_ndcg_at_5_max": 0.221675,
        "nauc_ndcg_at_5_std": 0.031452,
        "nauc_ndcg_at_5_diff1": 0.183068,
        "nauc_ndcg_at_10_max": 0.237372,
        "nauc_ndcg_at_10_std": 0.032617,
        "nauc_ndcg_at_10_diff1": 0.168289,
        "nauc_ndcg_at_20_max": 0.240936,
        "nauc_ndcg_at_20_std": 0.04507,
        "nauc_ndcg_at_20_diff1": 0.14906,
        "nauc_ndcg_at_100_max": 0.237801,
        "nauc_ndcg_at_100_std": 0.080841,
        "nauc_ndcg_at_100_diff1": 0.137911,
        "nauc_ndcg_at_1000_max": 0.240677,
        "nauc_ndcg_at_1000_std": 0.097674,
        "nauc_ndcg_at_1000_diff1": 0.116278,
        "nauc_map_at_1_max": 0.212665,
        "nauc_map_at_1_std": 0.039192,
        "nauc_map_at_1_diff1": 0.269455,
        "nauc_map_at_3_max": 0.211535,
        "nauc_map_at_3_std": 0.040667,
        "nauc_map_at_3_diff1": 0.210748,
        "nauc_map_at_5_max": 0.217538,
        "nauc_map_at_5_std": 0.034887,
        "nauc_map_at_5_diff1": 0.2002,
        "nauc_map_at_10_max": 0.23079,
        "nauc_map_at_10_std": 0.032151,
        "nauc_map_at_10_diff1": 0.19115,
        "nauc_map_at_20_max": 0.232751,
        "nauc_map_at_20_std": 0.037375,
        "nauc_map_at_20_diff1": 0.183541,
        "nauc_map_at_100_max": 0.231377,
        "nauc_map_at_100_std": 0.046854,
        "nauc_map_at_100_diff1": 0.181032,
        "nauc_map_at_1000_max": 0.231257,
        "nauc_map_at_1000_std": 0.048421,
        "nauc_map_at_1000_diff1": 0.179114,
        "nauc_recall_at_1_max": 0.212665,
        "nauc_recall_at_1_std": 0.039192,
        "nauc_recall_at_1_diff1": 0.269455,
        "nauc_recall_at_3_max": 0.210595,
        "nauc_recall_at_3_std": 0.046792,
        "nauc_recall_at_3_diff1": 0.161979,
        "nauc_recall_at_5_max": 0.232467,
        "nauc_recall_at_5_std": 0.030006,
        "nauc_recall_at_5_diff1": 0.147293,
        "nauc_recall_at_10_max": 0.259358,
        "nauc_recall_at_10_std": 0.032645,
        "nauc_recall_at_10_diff1": 0.122384,
        "nauc_recall_at_20_max": 0.261134,
        "nauc_recall_at_20_std": 0.060939,
        "nauc_recall_at_20_diff1": 0.087893,
        "nauc_recall_at_100_max": 0.241948,
        "nauc_recall_at_100_std": 0.138674,
        "nauc_recall_at_100_diff1": 0.069723,
        "nauc_recall_at_1000_max": 0.220597,
        "nauc_recall_at_1000_std": 0.164429,
        "nauc_recall_at_1000_diff1": 0.007908,
        "nauc_precision_at_1_max": 0.212665,
        "nauc_precision_at_1_std": 0.039192,
        "nauc_precision_at_1_diff1": 0.269455,
        "nauc_precision_at_3_max": 0.210595,
        "nauc_precision_at_3_std": 0.046792,
        "nauc_precision_at_3_diff1": 0.161979,
        "nauc_precision_at_5_max": 0.232467,
        "nauc_precision_at_5_std": 0.030006,
        "nauc_precision_at_5_diff1": 0.147293,
        "nauc_precision_at_10_max": 0.259358,
        "nauc_precision_at_10_std": 0.032645,
        "nauc_precision_at_10_diff1": 0.122384,
        "nauc_precision_at_20_max": 0.261134,
        "nauc_precision_at_20_std": 0.060939,
        "nauc_precision_at_20_diff1": 0.087893,
        "nauc_precision_at_100_max": 0.241948,
        "nauc_precision_at_100_std": 0.138674,
        "nauc_precision_at_100_diff1": 0.069723,
        "nauc_precision_at_1000_max": 0.220597,
        "nauc_precision_at_1000_std": 0.164429,
        "nauc_precision_at_1000_diff1": 0.007908,
        "nauc_mrr_at_1_max": 0.207865,
        "nauc_mrr_at_1_std": 0.028787,
        "nauc_mrr_at_1_diff1": 0.255147,
        "nauc_mrr_at_3_max": 0.209254,
        "nauc_mrr_at_3_std": 0.027931,
        "nauc_mrr_at_3_diff1": 0.202095,
        "nauc_mrr_at_5_max": 0.214774,
        "nauc_mrr_at_5_std": 0.02522,
        "nauc_mrr_at_5_diff1": 0.196015,
        "nauc_mrr_at_10_max": 0.219203,
        "nauc_mrr_at_10_std": 0.029303,
        "nauc_mrr_at_10_diff1": 0.190709,
        "nauc_mrr_at_20_max": 0.220873,
        "nauc_mrr_at_20_std": 0.032562,
        "nauc_mrr_at_20_diff1": 0.184662,
        "nauc_mrr_at_100_max": 0.220587,
        "nauc_mrr_at_100_std": 0.038198,
        "nauc_mrr_at_100_diff1": 0.182998,
        "nauc_mrr_at_1000_max": 0.220887,
        "nauc_mrr_at_1000_std": 0.038205,
        "nauc_mrr_at_1000_diff1": 0.182338,
        "main_score": 0.06202,
        "hf_subset": "default",
        "languages": [
          "fas-Arab"
        ]
      }
    ]
  },
  "evaluation_time": 283.4843385219574,
  "kg_co2_emissions": null
}