{
  "dataset_revision": "f22eecc8ad7f25875a77b5e5e23d484b7cc74c59",
  "task_name": "MSMARCO-FaHardNegatives",
  "mteb_version": "1.38.33",
  "scores": {
    "test": [
      {
        "ndcg_at_1": 0.27907,
        "ndcg_at_3": 0.25208,
        "ndcg_at_5": 0.2357,
        "ndcg_at_10": 0.23327,
        "ndcg_at_20": 0.2408,
        "ndcg_at_100": 0.2976,
        "ndcg_at_1000": 0.46123,
        "map_at_1": 0.00891,
        "map_at_3": 0.01503,
        "map_at_5": 0.02045,
        "map_at_10": 0.03449,
        "map_at_20": 0.05321,
        "map_at_100": 0.13004,
        "map_at_1000": 0.2068,
        "recall_at_1": 0.00891,
        "recall_at_3": 0.01643,
        "recall_at_5": 0.02642,
        "recall_at_10": 0.05502,
        "recall_at_20": 0.09575,
        "recall_at_100": 0.29874,
        "recall_at_1000": 0.71307,
        "precision_at_1": 0.4186,
        "precision_at_3": 0.37209,
        "precision_at_5": 0.33488,
        "precision_at_10": 0.32093,
        "precision_at_20": 0.30465,
        "precision_at_100": 0.22907,
        "precision_at_1000": 0.06416,
        "mrr_at_1": 0.418605,
        "mrr_at_3": 0.5,
        "mrr_at_5": 0.515116,
        "mrr_at_10": 0.533592,
        "mrr_at_20": 0.534755,
        "mrr_at_100": 0.53801,
        "mrr_at_1000": 0.538347,
        "nauc_ndcg_at_1_max": 0.283909,
        "nauc_ndcg_at_1_std": 0.177656,
        "nauc_ndcg_at_1_diff1": 0.007831,
        "nauc_ndcg_at_3_max": 0.381415,
        "nauc_ndcg_at_3_std": 0.336023,
        "nauc_ndcg_at_3_diff1": 0.115875,
        "nauc_ndcg_at_5_max": 0.466674,
        "nauc_ndcg_at_5_std": 0.43056,
        "nauc_ndcg_at_5_diff1": 0.120958,
        "nauc_ndcg_at_10_max": 0.449124,
        "nauc_ndcg_at_10_std": 0.392584,
        "nauc_ndcg_at_10_diff1": 0.149772,
        "nauc_ndcg_at_20_max": 0.507663,
        "nauc_ndcg_at_20_std": 0.468972,
        "nauc_ndcg_at_20_diff1": 0.136469,
        "nauc_ndcg_at_100_max": 0.570707,
        "nauc_ndcg_at_100_std": 0.586625,
        "nauc_ndcg_at_100_diff1": 0.055321,
        "nauc_ndcg_at_1000_max": 0.586251,
        "nauc_ndcg_at_1000_std": 0.653584,
        "nauc_ndcg_at_1000_diff1": 0.129556,
        "nauc_map_at_1_max": 0.070375,
        "nauc_map_at_1_std": 0.02375,
        "nauc_map_at_1_diff1": 0.245306,
        "nauc_map_at_3_max": 0.212297,
        "nauc_map_at_3_std": 0.175594,
        "nauc_map_at_3_diff1": 0.189522,
        "nauc_map_at_5_max": 0.270688,
        "nauc_map_at_5_std": 0.268552,
        "nauc_map_at_5_diff1": 0.149083,
        "nauc_map_at_10_max": 0.276678,
        "nauc_map_at_10_std": 0.241721,
        "nauc_map_at_10_diff1": 0.161485,
        "nauc_map_at_20_max": 0.336867,
        "nauc_map_at_20_std": 0.363304,
        "nauc_map_at_20_diff1": 0.083021,
        "nauc_map_at_100_max": 0.567233,
        "nauc_map_at_100_std": 0.640732,
        "nauc_map_at_100_diff1": 0.018434,
        "nauc_map_at_1000_max": 0.609049,
        "nauc_map_at_1000_std": 0.658273,
        "nauc_map_at_1000_diff1": 0.056535,
        "nauc_recall_at_1_max": 0.070375,
        "nauc_recall_at_1_std": 0.02375,
        "nauc_recall_at_1_diff1": 0.245306,
        "nauc_recall_at_3_max": 0.244761,
        "nauc_recall_at_3_std": 0.222157,
        "nauc_recall_at_3_diff1": 0.176004,
        "nauc_recall_at_5_max": 0.275046,
        "nauc_recall_at_5_std": 0.333831,
        "nauc_recall_at_5_diff1": 0.113924,
        "nauc_recall_at_10_max": 0.196763,
        "nauc_recall_at_10_std": 0.215018,
        "nauc_recall_at_10_diff1": 0.205425,
        "nauc_recall_at_20_max": 0.269971,
        "nauc_recall_at_20_std": 0.362414,
        "nauc_recall_at_20_diff1": 0.121273,
        "nauc_recall_at_100_max": 0.453546,
        "nauc_recall_at_100_std": 0.621612,
        "nauc_recall_at_100_diff1": 0.011881,
        "nauc_recall_at_1000_max": 0.580091,
        "nauc_recall_at_1000_std": 0.74036,
        "nauc_recall_at_1000_diff1": 0.148145,
        "nauc_precision_at_1_max": 0.325659,
        "nauc_precision_at_1_std": 0.161251,
        "nauc_precision_at_1_diff1": 0.053507,
        "nauc_precision_at_3_max": 0.443627,
        "nauc_precision_at_3_std": 0.369337,
        "nauc_precision_at_3_diff1": 0.079759,
        "nauc_precision_at_5_max": 0.534236,
        "nauc_precision_at_5_std": 0.496001,
        "nauc_precision_at_5_diff1": 0.063655,
        "nauc_precision_at_10_max": 0.503194,
        "nauc_precision_at_10_std": 0.409411,
        "nauc_precision_at_10_diff1": 0.137031,
        "nauc_precision_at_20_max": 0.538274,
        "nauc_precision_at_20_std": 0.490614,
        "nauc_precision_at_20_diff1": 0.076395,
        "nauc_precision_at_100_max": 0.544224,
        "nauc_precision_at_100_std": 0.522283,
        "nauc_precision_at_100_diff1": 0.067193,
        "nauc_precision_at_1000_max": 0.315282,
        "nauc_precision_at_1000_std": 0.256028,
        "nauc_precision_at_1000_diff1": 0.061604,
        "nauc_mrr_at_1_max": 0.325659,
        "nauc_mrr_at_1_std": 0.161251,
        "nauc_mrr_at_1_diff1": 0.053507,
        "nauc_mrr_at_3_max": 0.363418,
        "nauc_mrr_at_3_std": 0.233451,
        "nauc_mrr_at_3_diff1": 0.053602,
        "nauc_mrr_at_5_max": 0.385299,
        "nauc_mrr_at_5_std": 0.261779,
        "nauc_mrr_at_5_diff1": 0.068037,
        "nauc_mrr_at_10_max": 0.384393,
        "nauc_mrr_at_10_std": 0.245271,
        "nauc_mrr_at_10_diff1": 0.096835,
        "nauc_mrr_at_20_max": 0.382456,
        "nauc_mrr_at_20_std": 0.244044,
        "nauc_mrr_at_20_diff1": 0.095141,
        "nauc_mrr_at_100_max": 0.378395,
        "nauc_mrr_at_100_std": 0.246402,
        "nauc_mrr_at_100_diff1": 0.090654,
        "nauc_mrr_at_1000_max": 0.378632,
        "nauc_mrr_at_1000_std": 0.245829,
        "nauc_mrr_at_1000_diff1": 0.090379,
        "main_score": 0.23327,
        "hf_subset": "default",
        "languages": [
          "fas-Arab"
        ]
      }
    ]
  },
  "evaluation_time": 12.069839000701904,
  "kg_co2_emissions": null
}