{
  "dataset_revision": "35dd709a0d846ae987541cf8ca978562636260f0",
  "task_name": "NeuCLIR2022RetrievalHardNegatives",
  "mteb_version": "1.38.33",
  "scores": {
    "test": [
      {
        "ndcg_at_1": 0.05185,
        "ndcg_at_3": 0.06937,
        "ndcg_at_5": 0.06353,
        "ndcg_at_10": 0.06784,
        "ndcg_at_20": 0.08217,
        "ndcg_at_100": 0.1376,
        "ndcg_at_1000": 0.27997,
        "map_at_1": 0.00386,
        "map_at_3": 0.00879,
        "map_at_5": 0.0099,
        "map_at_10": 0.0146,
        "map_at_20": 0.01965,
        "map_at_100": 0.03586,
        "map_at_1000": 0.05833,
        "recall_at_1": 0.00386,
        "recall_at_3": 0.01551,
        "recall_at_5": 0.01878,
        "recall_at_10": 0.03648,
        "recall_at_20": 0.07918,
        "recall_at_100": 0.26049,
        "recall_at_1000": 0.76744,
        "precision_at_1": 0.11111,
        "precision_at_3": 0.11111,
        "precision_at_5": 0.08889,
        "precision_at_10": 0.09111,
        "precision_at_20": 0.08333,
        "precision_at_100": 0.05689,
        "precision_at_1000": 0.02242,
        "mrr_at_1": 0.111111,
        "mrr_at_3": 0.17037,
        "mrr_at_5": 0.183704,
        "mrr_at_10": 0.199004,
        "mrr_at_20": 0.212356,
        "mrr_at_100": 0.21729,
        "mrr_at_1000": 0.218029,
        "nauc_ndcg_at_1_max": 0.349394,
        "nauc_ndcg_at_1_std": -0.318785,
        "nauc_ndcg_at_1_diff1": -0.127981,
        "nauc_ndcg_at_3_max": 0.410739,
        "nauc_ndcg_at_3_std": -0.282566,
        "nauc_ndcg_at_3_diff1": -0.2975,
        "nauc_ndcg_at_5_max": 0.358199,
        "nauc_ndcg_at_5_std": -0.293025,
        "nauc_ndcg_at_5_diff1": -0.327991,
        "nauc_ndcg_at_10_max": 0.313657,
        "nauc_ndcg_at_10_std": -0.282159,
        "nauc_ndcg_at_10_diff1": -0.320161,
        "nauc_ndcg_at_20_max": 0.334595,
        "nauc_ndcg_at_20_std": -0.217284,
        "nauc_ndcg_at_20_diff1": -0.269482,
        "nauc_ndcg_at_100_max": 0.332837,
        "nauc_ndcg_at_100_std": 0.123716,
        "nauc_ndcg_at_100_diff1": -0.200342,
        "nauc_ndcg_at_1000_max": 0.209467,
        "nauc_ndcg_at_1000_std": 0.16506,
        "nauc_ndcg_at_1000_diff1": -0.139507,
        "nauc_map_at_1_max": 0.090318,
        "nauc_map_at_1_std": -0.131237,
        "nauc_map_at_1_diff1": -0.004442,
        "nauc_map_at_3_max": 0.335266,
        "nauc_map_at_3_std": 0.042419,
        "nauc_map_at_3_diff1": -0.09903,
        "nauc_map_at_5_max": 0.272344,
        "nauc_map_at_5_std": 0.010606,
        "nauc_map_at_5_diff1": -0.105651,
        "nauc_map_at_10_max": 0.300885,
        "nauc_map_at_10_std": -0.072774,
        "nauc_map_at_10_diff1": -0.109459,
        "nauc_map_at_20_max": 0.361479,
        "nauc_map_at_20_std": -0.091144,
        "nauc_map_at_20_diff1": -0.125497,
        "nauc_map_at_100_max": 0.376961,
        "nauc_map_at_100_std": 0.005326,
        "nauc_map_at_100_diff1": -0.154608,
        "nauc_map_at_1000_max": 0.306376,
        "nauc_map_at_1000_std": 0.021176,
        "nauc_map_at_1000_diff1": -0.139503,
        "nauc_recall_at_1_max": 0.090318,
        "nauc_recall_at_1_std": -0.131237,
        "nauc_recall_at_1_diff1": -0.004442,
        "nauc_recall_at_3_max": 0.379253,
        "nauc_recall_at_3_std": 0.096756,
        "nauc_recall_at_3_diff1": -0.202232,
        "nauc_recall_at_5_max": 0.264574,
        "nauc_recall_at_5_std": 0.032067,
        "nauc_recall_at_5_diff1": -0.183774,
        "nauc_recall_at_10_max": 0.293585,
        "nauc_recall_at_10_std": -0.088629,
        "nauc_recall_at_10_diff1": -0.226018,
        "nauc_recall_at_20_max": 0.336891,
        "nauc_recall_at_20_std": -0.076464,
        "nauc_recall_at_20_diff1": -0.028053,
        "nauc_recall_at_100_max": 0.364503,
        "nauc_recall_at_100_std": 0.329153,
        "nauc_recall_at_100_diff1": -0.104791,
        "nauc_recall_at_1000_max": 0.387772,
        "nauc_recall_at_1000_std": 0.241929,
        "nauc_recall_at_1000_diff1": -0.284121,
        "nauc_precision_at_1_max": 0.214291,
        "nauc_precision_at_1_std": -0.240445,
        "nauc_precision_at_1_diff1": -0.008081,
        "nauc_precision_at_3_max": 0.405434,
        "nauc_precision_at_3_std": -0.203569,
        "nauc_precision_at_3_diff1": -0.172501,
        "nauc_precision_at_5_max": 0.311233,
        "nauc_precision_at_5_std": -0.243762,
        "nauc_precision_at_5_diff1": -0.228694,
        "nauc_precision_at_10_max": 0.306036,
        "nauc_precision_at_10_std": -0.280488,
        "nauc_precision_at_10_diff1": -0.204105,
        "nauc_precision_at_20_max": 0.291909,
        "nauc_precision_at_20_std": -0.270203,
        "nauc_precision_at_20_diff1": -0.221826,
        "nauc_precision_at_100_max": 0.177843,
        "nauc_precision_at_100_std": -0.105992,
        "nauc_precision_at_100_diff1": -0.177814,
        "nauc_precision_at_1000_max": -0.083734,
        "nauc_precision_at_1000_std": 0.131466,
        "nauc_precision_at_1000_diff1": 0.015266,
        "nauc_mrr_at_1_max": 0.214291,
        "nauc_mrr_at_1_std": -0.240445,
        "nauc_mrr_at_1_diff1": -0.008081,
        "nauc_mrr_at_3_max": 0.269699,
        "nauc_mrr_at_3_std": -0.162696,
        "nauc_mrr_at_3_diff1": -0.119774,
        "nauc_mrr_at_5_max": 0.244699,
        "nauc_mrr_at_5_std": -0.175271,
        "nauc_mrr_at_5_diff1": -0.13611,
        "nauc_mrr_at_10_max": 0.246516,
        "nauc_mrr_at_10_std": -0.170656,
        "nauc_mrr_at_10_diff1": -0.150967,
        "nauc_mrr_at_20_max": 0.237551,
        "nauc_mrr_at_20_std": -0.170686,
        "nauc_mrr_at_20_diff1": -0.132615,
        "nauc_mrr_at_100_max": 0.236905,
        "nauc_mrr_at_100_std": -0.159424,
        "nauc_mrr_at_100_diff1": -0.125017,
        "nauc_mrr_at_1000_max": 0.23774,
        "nauc_mrr_at_1000_std": -0.161188,
        "nauc_mrr_at_1000_diff1": -0.126058,
        "main_score": 0.08217,
        "hf_subset": "fas",
        "languages": [
          "fas-Arab"
        ]
      }
    ]
  },
  "evaluation_time": 40.21383714675903,
  "kg_co2_emissions": null
}