{
  "dataset_revision": "a30774c99c358b3e04948b0eb8bd21f26461ef42",
  "task_name": "FEVER-FaHardNegatives",
  "mteb_version": "1.38.33",
  "scores": {
    "test": [
      {
        "ndcg_at_1": 0.002,
        "ndcg_at_3": 0.00426,
        "ndcg_at_5": 0.00547,
        "ndcg_at_10": 0.00666,
        "ndcg_at_20": 0.00745,
        "ndcg_at_100": 0.01202,
        "ndcg_at_1000": 0.02083,
        "map_at_1": 0.002,
        "map_at_3": 0.00367,
        "map_at_5": 0.00432,
        "map_at_10": 0.00481,
        "map_at_20": 0.00504,
        "map_at_100": 0.00557,
        "map_at_1000": 0.00581,
        "recall_at_1": 0.002,
        "recall_at_3": 0.006,
        "recall_at_5": 0.009,
        "recall_at_10": 0.0125,
        "recall_at_20": 0.0155,
        "recall_at_100": 0.041,
        "recall_at_1000": 0.11376,
        "precision_at_1": 0.002,
        "precision_at_3": 0.002,
        "precision_at_5": 0.0018,
        "precision_at_10": 0.0013,
        "precision_at_20": 0.0008,
        "precision_at_100": 0.00044,
        "precision_at_1000": 0.00012,
        "mrr_at_1": 0.002,
        "mrr_at_3": 0.003667,
        "mrr_at_5": 0.004317,
        "mrr_at_10": 0.004862,
        "mrr_at_20": 0.005097,
        "mrr_at_100": 0.005665,
        "mrr_at_1000": 0.005927,
        "nauc_ndcg_at_1_max": 0.380199,
        "nauc_ndcg_at_1_std": -0.322646,
        "nauc_ndcg_at_1_diff1": 0.830963,
        "nauc_ndcg_at_3_max": 0.519332,
        "nauc_ndcg_at_3_std": -0.037881,
        "nauc_ndcg_at_3_diff1": 0.383382,
        "nauc_ndcg_at_5_max": 0.506356,
        "nauc_ndcg_at_5_std": -0.060263,
        "nauc_ndcg_at_5_diff1": 0.294185,
        "nauc_ndcg_at_10_max": 0.394247,
        "nauc_ndcg_at_10_std": -0.076014,
        "nauc_ndcg_at_10_diff1": 0.242006,
        "nauc_ndcg_at_20_max": 0.368524,
        "nauc_ndcg_at_20_std": -0.11465,
        "nauc_ndcg_at_20_diff1": 0.177165,
        "nauc_ndcg_at_100_max": 0.207363,
        "nauc_ndcg_at_100_std": 0.006166,
        "nauc_ndcg_at_100_diff1": 0.16709,
        "nauc_ndcg_at_1000_max": 0.100637,
        "nauc_ndcg_at_1000_std": 0.05531,
        "nauc_ndcg_at_1000_diff1": 0.171946,
        "nauc_map_at_1_max": 0.380199,
        "nauc_map_at_1_std": -0.322646,
        "nauc_map_at_1_diff1": 0.830963,
        "nauc_map_at_3_max": 0.49289,
        "nauc_map_at_3_std": -0.105727,
        "nauc_map_at_3_diff1": 0.448765,
        "nauc_map_at_5_max": 0.485711,
        "nauc_map_at_5_std": -0.112553,
        "nauc_map_at_5_diff1": 0.376792,
        "nauc_map_at_10_max": 0.423321,
        "nauc_map_at_10_std": -0.119176,
        "nauc_map_at_10_diff1": 0.336842,
        "nauc_map_at_20_max": 0.41197,
        "nauc_map_at_20_std": -0.134108,
        "nauc_map_at_20_diff1": 0.304522,
        "nauc_map_at_100_max": 0.368745,
        "nauc_map_at_100_std": -0.108705,
        "nauc_map_at_100_diff1": 0.299233,
        "nauc_map_at_1000_max": 0.350749,
        "nauc_map_at_1000_std": -0.097761,
        "nauc_map_at_1000_diff1": 0.294979,
        "nauc_recall_at_1_max": 0.380199,
        "nauc_recall_at_1_std": -0.322646,
        "nauc_recall_at_1_diff1": 0.830963,
        "nauc_recall_at_3_max": 0.568017,
        "nauc_recall_at_3_std": 0.089437,
        "nauc_recall_at_3_diff1": 0.266434,
        "nauc_recall_at_5_max": 0.536714,
        "nauc_recall_at_5_std": 0.016606,
        "nauc_recall_at_5_diff1": 0.172793,
        "nauc_recall_at_10_max": 0.359968,
        "nauc_recall_at_10_std": -0.030405,
        "nauc_recall_at_10_diff1": 0.132986,
        "nauc_recall_at_20_max": 0.316816,
        "nauc_recall_at_20_std": -0.109532,
        "nauc_recall_at_20_diff1": 0.034958,
        "nauc_recall_at_100_max": 0.079126,
        "nauc_recall_at_100_std": 0.092653,
        "nauc_recall_at_100_diff1": 0.094577,
        "nauc_recall_at_1000_max": -0.006693,
        "nauc_recall_at_1000_std": 0.106269,
        "nauc_recall_at_1000_diff1": 0.143502,
        "nauc_precision_at_1_max": 0.380199,
        "nauc_precision_at_1_std": -0.322646,
        "nauc_precision_at_1_diff1": 0.830963,
        "nauc_precision_at_3_max": 0.568017,
        "nauc_precision_at_3_std": 0.089437,
        "nauc_precision_at_3_diff1": 0.266434,
        "nauc_precision_at_5_max": 0.536714,
        "nauc_precision_at_5_std": 0.016606,
        "nauc_precision_at_5_diff1": 0.172793,
        "nauc_precision_at_10_max": 0.324018,
        "nauc_precision_at_10_std": -0.01678,
        "nauc_precision_at_10_diff1": 0.115622,
        "nauc_precision_at_20_max": 0.288956,
        "nauc_precision_at_20_std": -0.095989,
        "nauc_precision_at_20_diff1": 0.023913,
        "nauc_precision_at_100_max": 0.080896,
        "nauc_precision_at_100_std": 0.11674,
        "nauc_precision_at_100_diff1": 0.067048,
        "nauc_precision_at_1000_max": 0.008861,
        "nauc_precision_at_1000_std": 0.129393,
        "nauc_precision_at_1000_diff1": 0.131287,
        "nauc_mrr_at_1_max": 0.380199,
        "nauc_mrr_at_1_std": -0.322646,
        "nauc_mrr_at_1_diff1": 0.830963,
        "nauc_mrr_at_3_max": 0.49289,
        "nauc_mrr_at_3_std": -0.105727,
        "nauc_mrr_at_3_diff1": 0.448765,
        "nauc_mrr_at_5_max": 0.485711,
        "nauc_mrr_at_5_std": -0.112553,
        "nauc_mrr_at_5_diff1": 0.376792,
        "nauc_mrr_at_10_max": 0.411918,
        "nauc_mrr_at_10_std": -0.114114,
        "nauc_mrr_at_10_diff1": 0.329355,
        "nauc_mrr_at_20_max": 0.401215,
        "nauc_mrr_at_20_std": -0.129116,
        "nauc_mrr_at_20_diff1": 0.297731,
        "nauc_mrr_at_100_max": 0.358162,
        "nauc_mrr_at_100_std": -0.100248,
        "nauc_mrr_at_100_diff1": 0.289056,
        "nauc_mrr_at_1000_max": 0.340392,
        "nauc_mrr_at_1000_std": -0.088637,
        "nauc_mrr_at_1000_diff1": 0.284734,
        "main_score": 0.00666,
        "hf_subset": "default",
        "languages": [
          "fas-Arab"
        ]
      }
    ]
  },
  "evaluation_time": 384.8218972682953,
  "kg_co2_emissions": null
}