{
  "dataset_revision": "f22eecc8ad7f25875a77b5e5e23d484b7cc74c59",
  "task_name": "MSMARCO-FaHardNegatives",
  "mteb_version": "1.38.33",
  "scores": {
    "test": [
      {
        "ndcg_at_1": 0.26357,
        "ndcg_at_3": 0.21904,
        "ndcg_at_5": 0.23399,
        "ndcg_at_10": 0.24333,
        "ndcg_at_20": 0.25441,
        "ndcg_at_100": 0.32332,
        "ndcg_at_1000": 0.48049,
        "map_at_1": 0.00873,
        "map_at_3": 0.01677,
        "map_at_5": 0.02262,
        "map_at_10": 0.03501,
        "map_at_20": 0.0555,
        "map_at_100": 0.14152,
        "map_at_1000": 0.21521,
        "recall_at_1": 0.00873,
        "recall_at_3": 0.01888,
        "recall_at_5": 0.02931,
        "recall_at_10": 0.05583,
        "recall_at_20": 0.09691,
        "recall_at_100": 0.33126,
        "recall_at_1000": 0.71489,
        "precision_at_1": 0.39535,
        "precision_at_3": 0.32558,
        "precision_at_5": 0.35349,
        "precision_at_10": 0.35814,
        "precision_at_20": 0.33605,
        "precision_at_100": 0.24791,
        "precision_at_1000": 0.06521,
        "mrr_at_1": 0.395349,
        "mrr_at_3": 0.472868,
        "mrr_at_5": 0.504264,
        "mrr_at_10": 0.524677,
        "mrr_at_20": 0.524677,
        "mrr_at_100": 0.529749,
        "mrr_at_1000": 0.529863,
        "nauc_ndcg_at_1_max": 0.098234,
        "nauc_ndcg_at_1_std": 0.255354,
        "nauc_ndcg_at_1_diff1": -0.143093,
        "nauc_ndcg_at_3_max": 0.178633,
        "nauc_ndcg_at_3_std": 0.316792,
        "nauc_ndcg_at_3_diff1": -0.165221,
        "nauc_ndcg_at_5_max": 0.249766,
        "nauc_ndcg_at_5_std": 0.34067,
        "nauc_ndcg_at_5_diff1": -0.143116,
        "nauc_ndcg_at_10_max": 0.261806,
        "nauc_ndcg_at_10_std": 0.397015,
        "nauc_ndcg_at_10_diff1": -0.227528,
        "nauc_ndcg_at_20_max": 0.289746,
        "nauc_ndcg_at_20_std": 0.459269,
        "nauc_ndcg_at_20_diff1": -0.14836,
        "nauc_ndcg_at_100_max": 0.382063,
        "nauc_ndcg_at_100_std": 0.682926,
        "nauc_ndcg_at_100_diff1": 0.004153,
        "nauc_ndcg_at_1000_max": 0.347317,
        "nauc_ndcg_at_1000_std": 0.747724,
        "nauc_ndcg_at_1000_diff1": -0.022143,
        "nauc_map_at_1_max": -0.047167,
        "nauc_map_at_1_std": 0.240028,
        "nauc_map_at_1_diff1": -0.029794,
        "nauc_map_at_3_max": -0.03353,
        "nauc_map_at_3_std": 0.218129,
        "nauc_map_at_3_diff1": -0.030382,
        "nauc_map_at_5_max": 0.043363,
        "nauc_map_at_5_std": 0.262536,
        "nauc_map_at_5_diff1": 0.019332,
        "nauc_map_at_10_max": 0.166103,
        "nauc_map_at_10_std": 0.356357,
        "nauc_map_at_10_diff1": -0.028763,
        "nauc_map_at_20_max": 0.24633,
        "nauc_map_at_20_std": 0.462267,
        "nauc_map_at_20_diff1": 0.048585,
        "nauc_map_at_100_max": 0.410535,
        "nauc_map_at_100_std": 0.741809,
        "nauc_map_at_100_diff1": 0.14397,
        "nauc_map_at_1000_max": 0.434695,
        "nauc_map_at_1000_std": 0.725913,
        "nauc_map_at_1000_diff1": 0.0521,
        "nauc_recall_at_1_max": -0.047167,
        "nauc_recall_at_1_std": 0.240028,
        "nauc_recall_at_1_diff1": -0.029794,
        "nauc_recall_at_3_max": -0.02226,
        "nauc_recall_at_3_std": 0.213417,
        "nauc_recall_at_3_diff1": -0.042497,
        "nauc_recall_at_5_max": 0.071685,
        "nauc_recall_at_5_std": 0.268026,
        "nauc_recall_at_5_diff1": 0.021907,
        "nauc_recall_at_10_max": 0.171616,
        "nauc_recall_at_10_std": 0.383336,
        "nauc_recall_at_10_diff1": -0.035141,
        "nauc_recall_at_20_max": 0.222733,
        "nauc_recall_at_20_std": 0.468896,
        "nauc_recall_at_20_diff1": 0.089127,
        "nauc_recall_at_100_max": 0.317604,
        "nauc_recall_at_100_std": 0.709214,
        "nauc_recall_at_100_diff1": 0.190032,
        "nauc_recall_at_1000_max": 0.257011,
        "nauc_recall_at_1000_std": 0.829065,
        "nauc_recall_at_1000_diff1": 0.013496,
        "nauc_precision_at_1_max": 0.137725,
        "nauc_precision_at_1_std": 0.449469,
        "nauc_precision_at_1_diff1": -0.13228,
        "nauc_precision_at_3_max": 0.234449,
        "nauc_precision_at_3_std": 0.456607,
        "nauc_precision_at_3_diff1": -0.110248,
        "nauc_precision_at_5_max": 0.34707,
        "nauc_precision_at_5_std": 0.405974,
        "nauc_precision_at_5_diff1": -0.044617,
        "nauc_precision_at_10_max": 0.378761,
        "nauc_precision_at_10_std": 0.440053,
        "nauc_precision_at_10_diff1": -0.158568,
        "nauc_precision_at_20_max": 0.354239,
        "nauc_precision_at_20_std": 0.461868,
        "nauc_precision_at_20_diff1": -0.065397,
        "nauc_precision_at_100_max": 0.403521,
        "nauc_precision_at_100_std": 0.528561,
        "nauc_precision_at_100_diff1": -0.008194,
        "nauc_precision_at_1000_max": 0.169806,
        "nauc_precision_at_1000_std": 0.233108,
        "nauc_precision_at_1000_diff1": -0.109293,
        "nauc_mrr_at_1_max": 0.137725,
        "nauc_mrr_at_1_std": 0.449469,
        "nauc_mrr_at_1_diff1": -0.13228,
        "nauc_mrr_at_3_max": 0.138636,
        "nauc_mrr_at_3_std": 0.502648,
        "nauc_mrr_at_3_diff1": -0.175431,
        "nauc_mrr_at_5_max": 0.175543,
        "nauc_mrr_at_5_std": 0.507524,
        "nauc_mrr_at_5_diff1": -0.166536,
        "nauc_mrr_at_10_max": 0.16014,
        "nauc_mrr_at_10_std": 0.511041,
        "nauc_mrr_at_10_diff1": -0.142796,
        "nauc_mrr_at_20_max": 0.16014,
        "nauc_mrr_at_20_std": 0.511041,
        "nauc_mrr_at_20_diff1": -0.142796,
        "nauc_mrr_at_100_max": 0.160748,
        "nauc_mrr_at_100_std": 0.50736,
        "nauc_mrr_at_100_diff1": -0.143453,
        "nauc_mrr_at_1000_max": 0.160442,
        "nauc_mrr_at_1000_std": 0.50718,
        "nauc_mrr_at_1000_diff1": -0.143871,
        "main_score": 0.24333,
        "hf_subset": "default",
        "languages": [
          "fas-Arab"
        ]
      }
    ]
  },
  "evaluation_time": 30.37786054611206,
  "kg_co2_emissions": null
}