{
  "dataset_revision": "cf7db7133d355e1ab152c8bd5cd25ecbd4114270",
  "task_name": "NQ-FaHardNegatives",
  "mteb_version": "1.38.33",
  "scores": {
    "test": [
      {
        "ndcg_at_1": 0.012,
        "ndcg_at_3": 0.01729,
        "ndcg_at_5": 0.02059,
        "ndcg_at_10": 0.02732,
        "ndcg_at_20": 0.03253,
        "ndcg_at_100": 0.05466,
        "ndcg_at_1000": 0.08849,
        "map_at_1": 0.01,
        "map_at_3": 0.015,
        "map_at_5": 0.01672,
        "map_at_10": 0.01936,
        "map_at_20": 0.02078,
        "map_at_100": 0.02351,
        "map_at_1000": 0.02458,
        "recall_at_1": 0.01,
        "recall_at_3": 0.0215,
        "recall_at_5": 0.0295,
        "recall_at_10": 0.04967,
        "recall_at_20": 0.06875,
        "recall_at_100": 0.18808,
        "recall_at_1000": 0.45592,
        "precision_at_1": 0.012,
        "precision_at_3": 0.00833,
        "precision_at_5": 0.0068,
        "precision_at_10": 0.0058,
        "precision_at_20": 0.00415,
        "precision_at_100": 0.00225,
        "precision_at_1000": 0.00055,
        "mrr_at_1": 0.012,
        "mrr_at_3": 0.0175,
        "mrr_at_5": 0.01945,
        "mrr_at_10": 0.022565,
        "mrr_at_20": 0.024257,
        "mrr_at_100": 0.027155,
        "mrr_at_1000": 0.028189,
        "nauc_ndcg_at_1_max": -0.169126,
        "nauc_ndcg_at_1_std": 0.209686,
        "nauc_ndcg_at_1_diff1": 0.01071,
        "nauc_ndcg_at_3_max": -0.010948,
        "nauc_ndcg_at_3_std": 0.270165,
        "nauc_ndcg_at_3_diff1": 0.018019,
        "nauc_ndcg_at_5_max": 0.001907,
        "nauc_ndcg_at_5_std": 0.261975,
        "nauc_ndcg_at_5_diff1": -0.015616,
        "nauc_ndcg_at_10_max": 0.046579,
        "nauc_ndcg_at_10_std": 0.267628,
        "nauc_ndcg_at_10_diff1": 0.041621,
        "nauc_ndcg_at_20_max": 0.08892,
        "nauc_ndcg_at_20_std": 0.22325,
        "nauc_ndcg_at_20_diff1": 0.080416,
        "nauc_ndcg_at_100_max": 0.107363,
        "nauc_ndcg_at_100_std": 0.285886,
        "nauc_ndcg_at_100_diff1": 0.094346,
        "nauc_ndcg_at_1000_max": 0.112089,
        "nauc_ndcg_at_1000_std": 0.291319,
        "nauc_ndcg_at_1000_diff1": 0.113288,
        "nauc_map_at_1_max": -0.196163,
        "nauc_map_at_1_std": 0.209713,
        "nauc_map_at_1_diff1": -0.03751,
        "nauc_map_at_3_max": -0.039889,
        "nauc_map_at_3_std": 0.261599,
        "nauc_map_at_3_diff1": 0.010035,
        "nauc_map_at_5_max": -0.027402,
        "nauc_map_at_5_std": 0.256149,
        "nauc_map_at_5_diff1": -0.011454,
        "nauc_map_at_10_max": 0.003609,
        "nauc_map_at_10_std": 0.260086,
        "nauc_map_at_10_diff1": 0.020558,
        "nauc_map_at_20_max": 0.026224,
        "nauc_map_at_20_std": 0.244886,
        "nauc_map_at_20_diff1": 0.036239,
        "nauc_map_at_100_max": 0.037425,
        "nauc_map_at_100_std": 0.258386,
        "nauc_map_at_100_diff1": 0.046875,
        "nauc_map_at_1000_max": 0.038377,
        "nauc_map_at_1000_std": 0.258974,
        "nauc_map_at_1000_diff1": 0.048986,
        "nauc_recall_at_1_max": -0.196163,
        "nauc_recall_at_1_std": 0.209713,
        "nauc_recall_at_1_diff1": -0.03751,
        "nauc_recall_at_3_max": 0.030544,
        "nauc_recall_at_3_std": 0.280074,
        "nauc_recall_at_3_diff1": 0.022326,
        "nauc_recall_at_5_max": 0.046022,
        "nauc_recall_at_5_std": 0.270718,
        "nauc_recall_at_5_diff1": -0.034376,
        "nauc_recall_at_10_max": 0.105462,
        "nauc_recall_at_10_std": 0.277199,
        "nauc_recall_at_10_diff1": 0.065317,
        "nauc_recall_at_20_max": 0.166799,
        "nauc_recall_at_20_std": 0.191622,
        "nauc_recall_at_20_diff1": 0.127871,
        "nauc_recall_at_100_max": 0.150621,
        "nauc_recall_at_100_std": 0.310535,
        "nauc_recall_at_100_diff1": 0.119202,
        "nauc_recall_at_1000_max": 0.154738,
        "nauc_recall_at_1000_std": 0.315155,
        "nauc_recall_at_1000_diff1": 0.154771,
        "nauc_precision_at_1_max": -0.169126,
        "nauc_precision_at_1_std": 0.209686,
        "nauc_precision_at_1_diff1": 0.01071,
        "nauc_precision_at_3_max": 0.056507,
        "nauc_precision_at_3_std": 0.296217,
        "nauc_precision_at_3_diff1": 0.023826,
        "nauc_precision_at_5_max": 0.048714,
        "nauc_precision_at_5_std": 0.272353,
        "nauc_precision_at_5_diff1": -0.032324,
        "nauc_precision_at_10_max": 0.086619,
        "nauc_precision_at_10_std": 0.276787,
        "nauc_precision_at_10_diff1": 0.068813,
        "nauc_precision_at_20_max": 0.141714,
        "nauc_precision_at_20_std": 0.194701,
        "nauc_precision_at_20_diff1": 0.134292,
        "nauc_precision_at_100_max": 0.146493,
        "nauc_precision_at_100_std": 0.326985,
        "nauc_precision_at_100_diff1": 0.122688,
        "nauc_precision_at_1000_max": 0.126284,
        "nauc_precision_at_1000_std": 0.295371,
        "nauc_precision_at_1000_diff1": 0.130972,
        "nauc_mrr_at_1_max": -0.169126,
        "nauc_mrr_at_1_std": 0.209686,
        "nauc_mrr_at_1_diff1": 0.01071,
        "nauc_mrr_at_3_max": -0.022377,
        "nauc_mrr_at_3_std": 0.266552,
        "nauc_mrr_at_3_diff1": 0.02999,
        "nauc_mrr_at_5_max": -0.018278,
        "nauc_mrr_at_5_std": 0.257338,
        "nauc_mrr_at_5_diff1": 0.007459,
        "nauc_mrr_at_10_max": 0.004543,
        "nauc_mrr_at_10_std": 0.260585,
        "nauc_mrr_at_10_diff1": 0.036602,
        "nauc_mrr_at_20_max": 0.021215,
        "nauc_mrr_at_20_std": 0.240671,
        "nauc_mrr_at_20_diff1": 0.054676,
        "nauc_mrr_at_100_max": 0.03017,
        "nauc_mrr_at_100_std": 0.253611,
        "nauc_mrr_at_100_diff1": 0.058976,
        "nauc_mrr_at_1000_max": 0.030717,
        "nauc_mrr_at_1000_std": 0.25358,
        "nauc_mrr_at_1000_diff1": 0.061116,
        "main_score": 0.02732,
        "hf_subset": "default",
        "languages": [
          "fas-Arab"
        ]
      }
    ]
  },
  "evaluation_time": 856.9003138542175,
  "kg_co2_emissions": null
}