{
  "dataset_revision": "e9c7ad03f29a55ab14eae730146961b8cdc14227",
  "task_name": "CQADupstackGamingRetrieval-Fa",
  "mteb_version": "1.34.14",
  "scores": {
    "test": [
      {
        "ndcg_at_1": 0.14357,
        "ndcg_at_3": 0.17401,
        "ndcg_at_5": 0.18835,
        "ndcg_at_10": 0.20765,
        "ndcg_at_20": 0.22316,
        "ndcg_at_100": 0.25133,
        "ndcg_at_1000": 0.28199,
        "map_at_1": 0.12378,
        "map_at_3": 0.15646,
        "map_at_5": 0.16515,
        "map_at_10": 0.17335,
        "map_at_20": 0.17795,
        "map_at_100": 0.18181,
        "map_at_1000": 0.18292,
        "recall_at_1": 0.12378,
        "recall_at_3": 0.1963,
        "recall_at_5": 0.23239,
        "recall_at_10": 0.29123,
        "recall_at_20": 0.3498,
        "recall_at_100": 0.49412,
        "recall_at_1000": 0.72501,
        "precision_at_1": 0.14357,
        "precision_at_3": 0.07921,
        "precision_at_5": 0.05655,
        "precision_at_10": 0.03592,
        "precision_at_20": 0.02179,
        "precision_at_100": 0.00637,
        "precision_at_1000": 0.00098,
        "mrr_at_1": 0.143574,
        "mrr_at_3": 0.178056,
        "mrr_at_5": 0.187524,
        "mrr_at_10": 0.196444,
        "mrr_at_20": 0.201094,
        "mrr_at_100": 0.204799,
        "mrr_at_1000": 0.20568,
        "nauc_ndcg_at_1_max": 0.174012,
        "nauc_ndcg_at_1_std": -0.098812,
        "nauc_ndcg_at_1_diff1": 0.427385,
        "nauc_ndcg_at_3_max": 0.147774,
        "nauc_ndcg_at_3_std": -0.080674,
        "nauc_ndcg_at_3_diff1": 0.344717,
        "nauc_ndcg_at_5_max": 0.150661,
        "nauc_ndcg_at_5_std": -0.068038,
        "nauc_ndcg_at_5_diff1": 0.332669,
        "nauc_ndcg_at_10_max": 0.139521,
        "nauc_ndcg_at_10_std": -0.055541,
        "nauc_ndcg_at_10_diff1": 0.312362,
        "nauc_ndcg_at_20_max": 0.137162,
        "nauc_ndcg_at_20_std": -0.049312,
        "nauc_ndcg_at_20_diff1": 0.311897,
        "nauc_ndcg_at_100_max": 0.148781,
        "nauc_ndcg_at_100_std": -0.02628,
        "nauc_ndcg_at_100_diff1": 0.302086,
        "nauc_ndcg_at_1000_max": 0.155467,
        "nauc_ndcg_at_1000_std": -0.018269,
        "nauc_ndcg_at_1000_diff1": 0.30578,
        "nauc_map_at_1_max": 0.147852,
        "nauc_map_at_1_std": -0.12242,
        "nauc_map_at_1_diff1": 0.430129,
        "nauc_map_at_3_max": 0.141329,
        "nauc_map_at_3_std": -0.098293,
        "nauc_map_at_3_diff1": 0.365812,
        "nauc_map_at_5_max": 0.144686,
        "nauc_map_at_5_std": -0.088872,
        "nauc_map_at_5_diff1": 0.357212,
        "nauc_map_at_10_max": 0.14035,
        "nauc_map_at_10_std": -0.081837,
        "nauc_map_at_10_diff1": 0.346687,
        "nauc_map_at_20_max": 0.14055,
        "nauc_map_at_20_std": -0.078315,
        "nauc_map_at_20_diff1": 0.346525,
        "nauc_map_at_100_max": 0.142282,
        "nauc_map_at_100_std": -0.074527,
        "nauc_map_at_100_diff1": 0.344716,
        "nauc_map_at_1000_max": 0.142723,
        "nauc_map_at_1000_std": -0.073825,
        "nauc_map_at_1000_diff1": 0.34473,
        "nauc_recall_at_1_max": 0.147852,
        "nauc_recall_at_1_std": -0.12242,
        "nauc_recall_at_1_diff1": 0.430129,
        "nauc_recall_at_3_max": 0.128028,
        "nauc_recall_at_3_std": -0.076173,
        "nauc_recall_at_3_diff1": 0.302289,
        "nauc_recall_at_5_max": 0.139528,
        "nauc_recall_at_5_std": -0.046431,
        "nauc_recall_at_5_diff1": 0.270332,
        "nauc_recall_at_10_max": 0.117966,
        "nauc_recall_at_10_std": -0.01326,
        "nauc_recall_at_10_diff1": 0.219877,
        "nauc_recall_at_20_max": 0.110474,
        "nauc_recall_at_20_std": 0.004293,
        "nauc_recall_at_20_diff1": 0.217643,
        "nauc_recall_at_100_max": 0.147104,
        "nauc_recall_at_100_std": 0.09259,
        "nauc_recall_at_100_diff1": 0.169993,
        "nauc_recall_at_1000_max": 0.175258,
        "nauc_recall_at_1000_std": 0.181714,
        "nauc_recall_at_1000_diff1": 0.154142,
        "nauc_precision_at_1_max": 0.174012,
        "nauc_precision_at_1_std": -0.098812,
        "nauc_precision_at_1_diff1": 0.427385,
        "nauc_precision_at_3_max": 0.155821,
        "nauc_precision_at_3_std": -0.04088,
        "nauc_precision_at_3_diff1": 0.295347,
        "nauc_precision_at_5_max": 0.160108,
        "nauc_precision_at_5_std": -0.007838,
        "nauc_precision_at_5_diff1": 0.265951,
        "nauc_precision_at_10_max": 0.145711,
        "nauc_precision_at_10_std": 0.038954,
        "nauc_precision_at_10_diff1": 0.217627,
        "nauc_precision_at_20_max": 0.151335,
        "nauc_precision_at_20_std": 0.067909,
        "nauc_precision_at_20_diff1": 0.212129,
        "nauc_precision_at_100_max": 0.212797,
        "nauc_precision_at_100_std": 0.184842,
        "nauc_precision_at_100_diff1": 0.145518,
        "nauc_precision_at_1000_max": 0.265787,
        "nauc_precision_at_1000_std": 0.253319,
        "nauc_precision_at_1000_diff1": 0.071016,
        "nauc_mrr_at_1_max": 0.174012,
        "nauc_mrr_at_1_std": -0.098812,
        "nauc_mrr_at_1_diff1": 0.427385,
        "nauc_mrr_at_3_max": 0.156767,
        "nauc_mrr_at_3_std": -0.079914,
        "nauc_mrr_at_3_diff1": 0.366831,
        "nauc_mrr_at_5_max": 0.159781,
        "nauc_mrr_at_5_std": -0.06968,
        "nauc_mrr_at_5_diff1": 0.358102,
        "nauc_mrr_at_10_max": 0.156793,
        "nauc_mrr_at_10_std": -0.06289,
        "nauc_mrr_at_10_diff1": 0.348843,
        "nauc_mrr_at_20_max": 0.156332,
        "nauc_mrr_at_20_std": -0.060935,
        "nauc_mrr_at_20_diff1": 0.347268,
        "nauc_mrr_at_100_max": 0.157951,
        "nauc_mrr_at_100_std": -0.058438,
        "nauc_mrr_at_100_diff1": 0.346007,
        "nauc_mrr_at_1000_max": 0.157902,
        "nauc_mrr_at_1000_std": -0.058263,
        "nauc_mrr_at_1000_diff1": 0.346189,
        "main_score": 0.20765,
        "hf_subset": "default",
        "languages": [
          "fas-Arab"
        ]
      }
    ]
  },
  "evaluation_time": 105.72640657424927,
  "kg_co2_emissions": null
}