{
  "dataset_revision": "c6e2c8b6153958118ec04352dd82a30ea2e2cad5",
  "task_name": "CQADupstackStatsRetrieval-Fa",
  "mteb_version": "1.34.14",
  "scores": {
    "test": [
      {
        "ndcg_at_1": 0.10429,
        "ndcg_at_3": 0.12668,
        "ndcg_at_5": 0.13225,
        "ndcg_at_10": 0.14442,
        "ndcg_at_20": 0.15579,
        "ndcg_at_100": 0.17726,
        "ndcg_at_1000": 0.20119,
        "map_at_1": 0.09656,
        "map_at_3": 0.11816,
        "map_at_5": 0.12114,
        "map_at_10": 0.12622,
        "map_at_20": 0.12922,
        "map_at_100": 0.13217,
        "map_at_1000": 0.13289,
        "recall_at_1": 0.09656,
        "recall_at_3": 0.14238,
        "recall_at_5": 0.15459,
        "recall_at_10": 0.19139,
        "recall_at_20": 0.2351,
        "recall_at_100": 0.34763,
        "recall_at_1000": 0.53331,
        "precision_at_1": 0.10429,
        "precision_at_3": 0.05317,
        "precision_at_5": 0.0362,
        "precision_at_10": 0.0227,
        "precision_at_20": 0.01396,
        "precision_at_100": 0.00414,
        "precision_at_1000": 0.00069,
        "mrr_at_1": 0.104294,
        "mrr_at_3": 0.125256,
        "mrr_at_5": 0.13001,
        "mrr_at_10": 0.135427,
        "mrr_at_20": 0.138759,
        "mrr_at_100": 0.141722,
        "mrr_at_1000": 0.142409,
        "nauc_ndcg_at_1_max": 0.148952,
        "nauc_ndcg_at_1_std": -0.092549,
        "nauc_ndcg_at_1_diff1": 0.399019,
        "nauc_ndcg_at_3_max": 0.117775,
        "nauc_ndcg_at_3_std": -0.074422,
        "nauc_ndcg_at_3_diff1": 0.32338,
        "nauc_ndcg_at_5_max": 0.097361,
        "nauc_ndcg_at_5_std": -0.064521,
        "nauc_ndcg_at_5_diff1": 0.307015,
        "nauc_ndcg_at_10_max": 0.095374,
        "nauc_ndcg_at_10_std": -0.043773,
        "nauc_ndcg_at_10_diff1": 0.287798,
        "nauc_ndcg_at_20_max": 0.084368,
        "nauc_ndcg_at_20_std": -0.03134,
        "nauc_ndcg_at_20_diff1": 0.288066,
        "nauc_ndcg_at_100_max": 0.081751,
        "nauc_ndcg_at_100_std": -0.005429,
        "nauc_ndcg_at_100_diff1": 0.28201,
        "nauc_ndcg_at_1000_max": 0.082246,
        "nauc_ndcg_at_1000_std": 0.014001,
        "nauc_ndcg_at_1000_diff1": 0.265536,
        "nauc_map_at_1_max": 0.164982,
        "nauc_map_at_1_std": -0.111118,
        "nauc_map_at_1_diff1": 0.40608,
        "nauc_map_at_3_max": 0.134746,
        "nauc_map_at_3_std": -0.080459,
        "nauc_map_at_3_diff1": 0.342165,
        "nauc_map_at_5_max": 0.123223,
        "nauc_map_at_5_std": -0.074466,
        "nauc_map_at_5_diff1": 0.333593,
        "nauc_map_at_10_max": 0.120858,
        "nauc_map_at_10_std": -0.064182,
        "nauc_map_at_10_diff1": 0.324182,
        "nauc_map_at_20_max": 0.117352,
        "nauc_map_at_20_std": -0.060738,
        "nauc_map_at_20_diff1": 0.323987,
        "nauc_map_at_100_max": 0.116423,
        "nauc_map_at_100_std": -0.056696,
        "nauc_map_at_100_diff1": 0.322361,
        "nauc_map_at_1000_max": 0.116174,
        "nauc_map_at_1000_std": -0.05596,
        "nauc_map_at_1000_diff1": 0.321831,
        "nauc_recall_at_1_max": 0.164982,
        "nauc_recall_at_1_std": -0.111118,
        "nauc_recall_at_1_diff1": 0.40608,
        "nauc_recall_at_3_max": 0.093815,
        "nauc_recall_at_3_std": -0.06233,
        "nauc_recall_at_3_diff1": 0.284439,
        "nauc_recall_at_5_max": 0.056619,
        "nauc_recall_at_5_std": -0.046457,
        "nauc_recall_at_5_diff1": 0.258362,
        "nauc_recall_at_10_max": 0.058423,
        "nauc_recall_at_10_std": -0.002181,
        "nauc_recall_at_10_diff1": 0.220824,
        "nauc_recall_at_20_max": 0.027188,
        "nauc_recall_at_20_std": 0.029647,
        "nauc_recall_at_20_diff1": 0.226892,
        "nauc_recall_at_100_max": 0.027895,
        "nauc_recall_at_100_std": 0.117848,
        "nauc_recall_at_100_diff1": 0.213419,
        "nauc_recall_at_1000_max": 0.031947,
        "nauc_recall_at_1000_std": 0.2237,
        "nauc_recall_at_1000_diff1": 0.117945,
        "nauc_precision_at_1_max": 0.148952,
        "nauc_precision_at_1_std": -0.092549,
        "nauc_precision_at_1_diff1": 0.399019,
        "nauc_precision_at_3_max": 0.074027,
        "nauc_precision_at_3_std": -0.043231,
        "nauc_precision_at_3_diff1": 0.26733,
        "nauc_precision_at_5_max": 0.023496,
        "nauc_precision_at_5_std": -0.016115,
        "nauc_precision_at_5_diff1": 0.228521,
        "nauc_precision_at_10_max": 0.023219,
        "nauc_precision_at_10_std": 0.02879,
        "nauc_precision_at_10_diff1": 0.184955,
        "nauc_precision_at_20_max": -0.003534,
        "nauc_precision_at_20_std": 0.060299,
        "nauc_precision_at_20_diff1": 0.182115,
        "nauc_precision_at_100_max": -0.000901,
        "nauc_precision_at_100_std": 0.147994,
        "nauc_precision_at_100_diff1": 0.157926,
        "nauc_precision_at_1000_max": 0.009542,
        "nauc_precision_at_1000_std": 0.246507,
        "nauc_precision_at_1000_diff1": 0.013105,
        "nauc_mrr_at_1_max": 0.148952,
        "nauc_mrr_at_1_std": -0.092549,
        "nauc_mrr_at_1_diff1": 0.399019,
        "nauc_mrr_at_3_max": 0.112261,
        "nauc_mrr_at_3_std": -0.074178,
        "nauc_mrr_at_3_diff1": 0.32701,
        "nauc_mrr_at_5_max": 0.096931,
        "nauc_mrr_at_5_std": -0.067688,
        "nauc_mrr_at_5_diff1": 0.314002,
        "nauc_mrr_at_10_max": 0.096886,
        "nauc_mrr_at_10_std": -0.058066,
        "nauc_mrr_at_10_diff1": 0.30557,
        "nauc_mrr_at_20_max": 0.094438,
        "nauc_mrr_at_20_std": -0.053341,
        "nauc_mrr_at_20_diff1": 0.305169,
        "nauc_mrr_at_100_max": 0.093591,
        "nauc_mrr_at_100_std": -0.05031,
        "nauc_mrr_at_100_diff1": 0.303872,
        "nauc_mrr_at_1000_max": 0.093503,
        "nauc_mrr_at_1000_std": -0.049797,
        "nauc_mrr_at_1000_diff1": 0.303685,
        "main_score": 0.14442,
        "hf_subset": "default",
        "languages": [
          "fas-Arab"
        ]
      }
    ]
  },
  "evaluation_time": 183.30449771881104,
  "kg_co2_emissions": null
}