{
  "dataset_revision": "c6e2c8b6153958118ec04352dd82a30ea2e2cad5",
  "task_name": "CQADupstackStatsRetrieval-Fa",
  "mteb_version": "1.34.14",
  "scores": {
    "test": [
      {
        "ndcg_at_1": 0.09816,
        "ndcg_at_3": 0.12349,
        "ndcg_at_5": 0.13952,
        "ndcg_at_10": 0.15596,
        "ndcg_at_20": 0.16887,
        "ndcg_at_100": 0.1903,
        "ndcg_at_1000": 0.21478,
        "map_at_1": 0.08966,
        "map_at_3": 0.11307,
        "map_at_5": 0.12248,
        "map_at_10": 0.12937,
        "map_at_20": 0.13289,
        "map_at_100": 0.13594,
        "map_at_1000": 0.13671,
        "recall_at_1": 0.08966,
        "recall_at_3": 0.14149,
        "recall_at_5": 0.17906,
        "recall_at_10": 0.22853,
        "recall_at_20": 0.27707,
        "recall_at_100": 0.38631,
        "recall_at_1000": 0.57562,
        "precision_at_1": 0.09816,
        "precision_at_3": 0.05266,
        "precision_at_5": 0.0408,
        "precision_at_10": 0.02653,
        "precision_at_20": 0.01633,
        "precision_at_100": 0.00465,
        "precision_at_1000": 0.00074,
        "mrr_at_1": 0.09816,
        "mrr_at_3": 0.123211,
        "mrr_at_5": 0.132873,
        "mrr_at_10": 0.140043,
        "mrr_at_20": 0.143889,
        "mrr_at_100": 0.147075,
        "mrr_at_1000": 0.147768,
        "nauc_ndcg_at_1_max": 0.097494,
        "nauc_ndcg_at_1_std": -0.146293,
        "nauc_ndcg_at_1_diff1": 0.239074,
        "nauc_ndcg_at_3_max": 0.078338,
        "nauc_ndcg_at_3_std": -0.106538,
        "nauc_ndcg_at_3_diff1": 0.196211,
        "nauc_ndcg_at_5_max": 0.059401,
        "nauc_ndcg_at_5_std": -0.079772,
        "nauc_ndcg_at_5_diff1": 0.169976,
        "nauc_ndcg_at_10_max": 0.039072,
        "nauc_ndcg_at_10_std": -0.077709,
        "nauc_ndcg_at_10_diff1": 0.163711,
        "nauc_ndcg_at_20_max": 0.041945,
        "nauc_ndcg_at_20_std": -0.066788,
        "nauc_ndcg_at_20_diff1": 0.160578,
        "nauc_ndcg_at_100_max": 0.051481,
        "nauc_ndcg_at_100_std": -0.030728,
        "nauc_ndcg_at_100_diff1": 0.165071,
        "nauc_ndcg_at_1000_max": 0.047109,
        "nauc_ndcg_at_1000_std": -0.017992,
        "nauc_ndcg_at_1000_diff1": 0.158092,
        "nauc_map_at_1_max": 0.117573,
        "nauc_map_at_1_std": -0.172389,
        "nauc_map_at_1_diff1": 0.260412,
        "nauc_map_at_3_max": 0.089557,
        "nauc_map_at_3_std": -0.126212,
        "nauc_map_at_3_diff1": 0.211403,
        "nauc_map_at_5_max": 0.077507,
        "nauc_map_at_5_std": -0.105281,
        "nauc_map_at_5_diff1": 0.194509,
        "nauc_map_at_10_max": 0.067064,
        "nauc_map_at_10_std": -0.103476,
        "nauc_map_at_10_diff1": 0.191248,
        "nauc_map_at_20_max": 0.066884,
        "nauc_map_at_20_std": -0.100261,
        "nauc_map_at_20_diff1": 0.189169,
        "nauc_map_at_100_max": 0.068758,
        "nauc_map_at_100_std": -0.094006,
        "nauc_map_at_100_diff1": 0.19001,
        "nauc_map_at_1000_max": 0.068854,
        "nauc_map_at_1000_std": -0.093411,
        "nauc_map_at_1000_diff1": 0.190118,
        "nauc_recall_at_1_max": 0.117573,
        "nauc_recall_at_1_std": -0.172389,
        "nauc_recall_at_1_diff1": 0.260412,
        "nauc_recall_at_3_max": 0.063154,
        "nauc_recall_at_3_std": -0.085311,
        "nauc_recall_at_3_diff1": 0.161177,
        "nauc_recall_at_5_max": 0.028093,
        "nauc_recall_at_5_std": -0.038879,
        "nauc_recall_at_5_diff1": 0.124147,
        "nauc_recall_at_10_max": -0.013176,
        "nauc_recall_at_10_std": -0.038748,
        "nauc_recall_at_10_diff1": 0.116352,
        "nauc_recall_at_20_max": -0.001757,
        "nauc_recall_at_20_std": -0.011606,
        "nauc_recall_at_20_diff1": 0.110169,
        "nauc_recall_at_100_max": 0.029265,
        "nauc_recall_at_100_std": 0.11063,
        "nauc_recall_at_100_diff1": 0.123811,
        "nauc_recall_at_1000_max": -0.015497,
        "nauc_recall_at_1000_std": 0.192064,
        "nauc_recall_at_1000_diff1": 0.063886,
        "nauc_precision_at_1_max": 0.097494,
        "nauc_precision_at_1_std": -0.146293,
        "nauc_precision_at_1_diff1": 0.239074,
        "nauc_precision_at_3_max": 0.042448,
        "nauc_precision_at_3_std": -0.053074,
        "nauc_precision_at_3_diff1": 0.153662,
        "nauc_precision_at_5_max": 0.014791,
        "nauc_precision_at_5_std": -0.003322,
        "nauc_precision_at_5_diff1": 0.106538,
        "nauc_precision_at_10_max": -0.027043,
        "nauc_precision_at_10_std": -0.002368,
        "nauc_precision_at_10_diff1": 0.101715,
        "nauc_precision_at_20_max": -0.004494,
        "nauc_precision_at_20_std": 0.031173,
        "nauc_precision_at_20_diff1": 0.107417,
        "nauc_precision_at_100_max": 0.031135,
        "nauc_precision_at_100_std": 0.144406,
        "nauc_precision_at_100_diff1": 0.134694,
        "nauc_precision_at_1000_max": 0.039994,
        "nauc_precision_at_1000_std": 0.199415,
        "nauc_precision_at_1000_diff1": 0.079876,
        "nauc_mrr_at_1_max": 0.097494,
        "nauc_mrr_at_1_std": -0.146293,
        "nauc_mrr_at_1_diff1": 0.239074,
        "nauc_mrr_at_3_max": 0.073492,
        "nauc_mrr_at_3_std": -0.097789,
        "nauc_mrr_at_3_diff1": 0.192926,
        "nauc_mrr_at_5_max": 0.062762,
        "nauc_mrr_at_5_std": -0.085731,
        "nauc_mrr_at_5_diff1": 0.177862,
        "nauc_mrr_at_10_max": 0.053074,
        "nauc_mrr_at_10_std": -0.084983,
        "nauc_mrr_at_10_diff1": 0.174969,
        "nauc_mrr_at_20_max": 0.055436,
        "nauc_mrr_at_20_std": -0.081548,
        "nauc_mrr_at_20_diff1": 0.17566,
        "nauc_mrr_at_100_max": 0.057389,
        "nauc_mrr_at_100_std": -0.0762,
        "nauc_mrr_at_100_diff1": 0.176105,
        "nauc_mrr_at_1000_max": 0.057208,
        "nauc_mrr_at_1000_std": -0.075871,
        "nauc_mrr_at_1000_diff1": 0.175901,
        "main_score": 0.15596,
        "hf_subset": "default",
        "languages": [
          "fas-Arab"
        ]
      }
    ]
  },
  "evaluation_time": 175.0409495830536,
  "kg_co2_emissions": null
}