{
  "dataset_revision": "b92e24fab42ab599535a19ee744de5485ec92f64",
  "task_name": "CQADupstackMathematicaRetrieval-Fa",
  "mteb_version": "1.34.14",
  "scores": {
    "test": [
      {
        "ndcg_at_1": 0.0709,
        "ndcg_at_3": 0.08378,
        "ndcg_at_5": 0.09192,
        "ndcg_at_10": 0.10815,
        "ndcg_at_20": 0.1196,
        "ndcg_at_100": 0.14647,
        "ndcg_at_1000": 0.18156,
        "map_at_1": 0.05874,
        "map_at_3": 0.07442,
        "map_at_5": 0.0791,
        "map_at_10": 0.08586,
        "map_at_20": 0.08889,
        "map_at_100": 0.09253,
        "map_at_1000": 0.09365,
        "recall_at_1": 0.05874,
        "recall_at_3": 0.09156,
        "recall_at_5": 0.11262,
        "recall_at_10": 0.16045,
        "recall_at_20": 0.20407,
        "recall_at_100": 0.33985,
        "recall_at_1000": 0.60032,
        "precision_at_1": 0.0709,
        "precision_at_3": 0.03897,
        "precision_at_5": 0.02886,
        "precision_at_10": 0.02077,
        "precision_at_20": 0.01318,
        "precision_at_100": 0.00455,
        "precision_at_1000": 0.00089,
        "mrr_at_1": 0.070896,
        "mrr_at_3": 0.091003,
        "mrr_at_5": 0.096725,
        "mrr_at_10": 0.104592,
        "mrr_at_20": 0.108054,
        "mrr_at_100": 0.112012,
        "mrr_at_1000": 0.11305,
        "nauc_ndcg_at_1_max": 0.162633,
        "nauc_ndcg_at_1_std": -0.000493,
        "nauc_ndcg_at_1_diff1": 0.333063,
        "nauc_ndcg_at_3_max": 0.158275,
        "nauc_ndcg_at_3_std": -0.003032,
        "nauc_ndcg_at_3_diff1": 0.289402,
        "nauc_ndcg_at_5_max": 0.154308,
        "nauc_ndcg_at_5_std": -0.001779,
        "nauc_ndcg_at_5_diff1": 0.268668,
        "nauc_ndcg_at_10_max": 0.131076,
        "nauc_ndcg_at_10_std": 0.031702,
        "nauc_ndcg_at_10_diff1": 0.213994,
        "nauc_ndcg_at_20_max": 0.129724,
        "nauc_ndcg_at_20_std": 0.03964,
        "nauc_ndcg_at_20_diff1": 0.216473,
        "nauc_ndcg_at_100_max": 0.121767,
        "nauc_ndcg_at_100_std": 0.053749,
        "nauc_ndcg_at_100_diff1": 0.213197,
        "nauc_ndcg_at_1000_max": 0.135345,
        "nauc_ndcg_at_1000_std": 0.073384,
        "nauc_ndcg_at_1000_diff1": 0.20738,
        "nauc_map_at_1_max": 0.143134,
        "nauc_map_at_1_std": -0.011207,
        "nauc_map_at_1_diff1": 0.347873,
        "nauc_map_at_3_max": 0.151502,
        "nauc_map_at_3_std": -0.006617,
        "nauc_map_at_3_diff1": 0.298831,
        "nauc_map_at_5_max": 0.150214,
        "nauc_map_at_5_std": -0.004993,
        "nauc_map_at_5_diff1": 0.287,
        "nauc_map_at_10_max": 0.137732,
        "nauc_map_at_10_std": 0.010338,
        "nauc_map_at_10_diff1": 0.258849,
        "nauc_map_at_20_max": 0.137812,
        "nauc_map_at_20_std": 0.014541,
        "nauc_map_at_20_diff1": 0.259572,
        "nauc_map_at_100_max": 0.13613,
        "nauc_map_at_100_std": 0.016889,
        "nauc_map_at_100_diff1": 0.258529,
        "nauc_map_at_1000_max": 0.137114,
        "nauc_map_at_1000_std": 0.0179,
        "nauc_map_at_1000_diff1": 0.25858,
        "nauc_recall_at_1_max": 0.143134,
        "nauc_recall_at_1_std": -0.011207,
        "nauc_recall_at_1_diff1": 0.347873,
        "nauc_recall_at_3_max": 0.160113,
        "nauc_recall_at_3_std": 0.00263,
        "nauc_recall_at_3_diff1": 0.269648,
        "nauc_recall_at_5_max": 0.149307,
        "nauc_recall_at_5_std": 0.006794,
        "nauc_recall_at_5_diff1": 0.227256,
        "nauc_recall_at_10_max": 0.095421,
        "nauc_recall_at_10_std": 0.073823,
        "nauc_recall_at_10_diff1": 0.122422,
        "nauc_recall_at_20_max": 0.093737,
        "nauc_recall_at_20_std": 0.086671,
        "nauc_recall_at_20_diff1": 0.134485,
        "nauc_recall_at_100_max": 0.076492,
        "nauc_recall_at_100_std": 0.115697,
        "nauc_recall_at_100_diff1": 0.138965,
        "nauc_recall_at_1000_max": 0.114272,
        "nauc_recall_at_1000_std": 0.214072,
        "nauc_recall_at_1000_diff1": 0.096795,
        "nauc_precision_at_1_max": 0.162633,
        "nauc_precision_at_1_std": -0.000493,
        "nauc_precision_at_1_diff1": 0.333063,
        "nauc_precision_at_3_max": 0.188048,
        "nauc_precision_at_3_std": 0.021198,
        "nauc_precision_at_3_diff1": 0.278542,
        "nauc_precision_at_5_max": 0.176235,
        "nauc_precision_at_5_std": 0.015634,
        "nauc_precision_at_5_diff1": 0.239086,
        "nauc_precision_at_10_max": 0.144711,
        "nauc_precision_at_10_std": 0.082948,
        "nauc_precision_at_10_diff1": 0.135248,
        "nauc_precision_at_20_max": 0.135073,
        "nauc_precision_at_20_std": 0.084956,
        "nauc_precision_at_20_diff1": 0.14585,
        "nauc_precision_at_100_max": 0.113875,
        "nauc_precision_at_100_std": 0.131847,
        "nauc_precision_at_100_diff1": 0.129653,
        "nauc_precision_at_1000_max": 0.131009,
        "nauc_precision_at_1000_std": 0.143004,
        "nauc_precision_at_1000_diff1": 0.03893,
        "nauc_mrr_at_1_max": 0.162633,
        "nauc_mrr_at_1_std": -0.000493,
        "nauc_mrr_at_1_diff1": 0.333063,
        "nauc_mrr_at_3_max": 0.164703,
        "nauc_mrr_at_3_std": 0.001126,
        "nauc_mrr_at_3_diff1": 0.289202,
        "nauc_mrr_at_5_max": 0.160012,
        "nauc_mrr_at_5_std": -0.003667,
        "nauc_mrr_at_5_diff1": 0.274855,
        "nauc_mrr_at_10_max": 0.152071,
        "nauc_mrr_at_10_std": 0.010467,
        "nauc_mrr_at_10_diff1": 0.249143,
        "nauc_mrr_at_20_max": 0.150732,
        "nauc_mrr_at_20_std": 0.012581,
        "nauc_mrr_at_20_diff1": 0.250414,
        "nauc_mrr_at_100_max": 0.14778,
        "nauc_mrr_at_100_std": 0.013712,
        "nauc_mrr_at_100_diff1": 0.248672,
        "nauc_mrr_at_1000_max": 0.14833,
        "nauc_mrr_at_1000_std": 0.014192,
        "nauc_mrr_at_1000_diff1": 0.248882,
        "main_score": 0.10815,
        "hf_subset": "default",
        "languages": [
          "fas-Arab"
        ]
      }
    ]
  },
  "evaluation_time": 80.74111413955688,
  "kg_co2_emissions": null
}