{
  "dataset_revision": "c2a326387954aad66ff00d324a9278067b1e3bb6",
  "task_name": "CQADupstackUnixRetrieval-Fa",
  "mteb_version": "1.34.14",
  "scores": {
    "test": [
      {
        "ndcg_at_1": 0.1166,
        "ndcg_at_3": 0.13592,
        "ndcg_at_5": 0.14432,
        "ndcg_at_10": 0.15908,
        "ndcg_at_20": 0.17161,
        "ndcg_at_100": 0.198,
        "ndcg_at_1000": 0.22788,
        "map_at_1": 0.10178,
        "map_at_3": 0.12451,
        "map_at_5": 0.12957,
        "map_at_10": 0.13545,
        "map_at_20": 0.13875,
        "map_at_100": 0.14231,
        "map_at_1000": 0.14336,
        "recall_at_1": 0.10178,
        "recall_at_3": 0.15146,
        "recall_at_5": 0.17214,
        "recall_at_10": 0.2166,
        "recall_at_20": 0.26345,
        "recall_at_100": 0.39705,
        "recall_at_1000": 0.61935,
        "precision_at_1": 0.1166,
        "precision_at_3": 0.05939,
        "precision_at_5": 0.04123,
        "precision_at_10": 0.02631,
        "precision_at_20": 0.01623,
        "precision_at_100": 0.00514,
        "precision_at_1000": 0.00086,
        "mrr_at_1": 0.116604,
        "mrr_at_3": 0.140081,
        "mrr_at_5": 0.145911,
        "mrr_at_10": 0.152984,
        "mrr_at_20": 0.15709,
        "mrr_at_100": 0.160783,
        "mrr_at_1000": 0.161716,
        "nauc_ndcg_at_1_max": 0.200583,
        "nauc_ndcg_at_1_std": -0.040574,
        "nauc_ndcg_at_1_diff1": 0.446532,
        "nauc_ndcg_at_3_max": 0.170685,
        "nauc_ndcg_at_3_std": 0.010701,
        "nauc_ndcg_at_3_diff1": 0.386409,
        "nauc_ndcg_at_5_max": 0.165766,
        "nauc_ndcg_at_5_std": 0.020142,
        "nauc_ndcg_at_5_diff1": 0.375329,
        "nauc_ndcg_at_10_max": 0.155383,
        "nauc_ndcg_at_10_std": 0.029303,
        "nauc_ndcg_at_10_diff1": 0.354223,
        "nauc_ndcg_at_20_max": 0.15945,
        "nauc_ndcg_at_20_std": 0.04587,
        "nauc_ndcg_at_20_diff1": 0.344284,
        "nauc_ndcg_at_100_max": 0.164656,
        "nauc_ndcg_at_100_std": 0.054803,
        "nauc_ndcg_at_100_diff1": 0.333455,
        "nauc_ndcg_at_1000_max": 0.171472,
        "nauc_ndcg_at_1000_std": 0.072402,
        "nauc_ndcg_at_1000_diff1": 0.334689,
        "nauc_map_at_1_max": 0.191665,
        "nauc_map_at_1_std": -0.025287,
        "nauc_map_at_1_diff1": 0.46513,
        "nauc_map_at_3_max": 0.169597,
        "nauc_map_at_3_std": 0.002249,
        "nauc_map_at_3_diff1": 0.405406,
        "nauc_map_at_5_max": 0.169221,
        "nauc_map_at_5_std": 0.00875,
        "nauc_map_at_5_diff1": 0.397925,
        "nauc_map_at_10_max": 0.162644,
        "nauc_map_at_10_std": 0.010925,
        "nauc_map_at_10_diff1": 0.38748,
        "nauc_map_at_20_max": 0.164061,
        "nauc_map_at_20_std": 0.01603,
        "nauc_map_at_20_diff1": 0.384474,
        "nauc_map_at_100_max": 0.164469,
        "nauc_map_at_100_std": 0.017084,
        "nauc_map_at_100_diff1": 0.382635,
        "nauc_map_at_1000_max": 0.164945,
        "nauc_map_at_1000_std": 0.018144,
        "nauc_map_at_1000_diff1": 0.382579,
        "nauc_recall_at_1_max": 0.191665,
        "nauc_recall_at_1_std": -0.025287,
        "nauc_recall_at_1_diff1": 0.46513,
        "nauc_recall_at_3_max": 0.151155,
        "nauc_recall_at_3_std": 0.03932,
        "nauc_recall_at_3_diff1": 0.352666,
        "nauc_recall_at_5_max": 0.148826,
        "nauc_recall_at_5_std": 0.054391,
        "nauc_recall_at_5_diff1": 0.331409,
        "nauc_recall_at_10_max": 0.125099,
        "nauc_recall_at_10_std": 0.074432,
        "nauc_recall_at_10_diff1": 0.276325,
        "nauc_recall_at_20_max": 0.138226,
        "nauc_recall_at_20_std": 0.116997,
        "nauc_recall_at_20_diff1": 0.255062,
        "nauc_recall_at_100_max": 0.148356,
        "nauc_recall_at_100_std": 0.138147,
        "nauc_recall_at_100_diff1": 0.212761,
        "nauc_recall_at_1000_max": 0.164351,
        "nauc_recall_at_1000_std": 0.240443,
        "nauc_recall_at_1000_diff1": 0.19784,
        "nauc_precision_at_1_max": 0.200583,
        "nauc_precision_at_1_std": -0.040574,
        "nauc_precision_at_1_diff1": 0.446532,
        "nauc_precision_at_3_max": 0.16844,
        "nauc_precision_at_3_std": 0.02679,
        "nauc_precision_at_3_diff1": 0.343869,
        "nauc_precision_at_5_max": 0.160888,
        "nauc_precision_at_5_std": 0.053068,
        "nauc_precision_at_5_diff1": 0.321964,
        "nauc_precision_at_10_max": 0.147846,
        "nauc_precision_at_10_std": 0.087825,
        "nauc_precision_at_10_diff1": 0.277954,
        "nauc_precision_at_20_max": 0.157871,
        "nauc_precision_at_20_std": 0.135281,
        "nauc_precision_at_20_diff1": 0.242479,
        "nauc_precision_at_100_max": 0.188688,
        "nauc_precision_at_100_std": 0.176916,
        "nauc_precision_at_100_diff1": 0.184123,
        "nauc_precision_at_1000_max": 0.215361,
        "nauc_precision_at_1000_std": 0.234666,
        "nauc_precision_at_1000_diff1": 0.109825,
        "nauc_mrr_at_1_max": 0.200583,
        "nauc_mrr_at_1_std": -0.040574,
        "nauc_mrr_at_1_diff1": 0.446532,
        "nauc_mrr_at_3_max": 0.185136,
        "nauc_mrr_at_3_std": -0.010258,
        "nauc_mrr_at_3_diff1": 0.392953,
        "nauc_mrr_at_5_max": 0.182194,
        "nauc_mrr_at_5_std": -0.003493,
        "nauc_mrr_at_5_diff1": 0.38352,
        "nauc_mrr_at_10_max": 0.177654,
        "nauc_mrr_at_10_std": 0.001764,
        "nauc_mrr_at_10_diff1": 0.373192,
        "nauc_mrr_at_20_max": 0.178446,
        "nauc_mrr_at_20_std": 0.00677,
        "nauc_mrr_at_20_diff1": 0.36914,
        "nauc_mrr_at_100_max": 0.179547,
        "nauc_mrr_at_100_std": 0.007451,
        "nauc_mrr_at_100_diff1": 0.368183,
        "nauc_mrr_at_1000_max": 0.179512,
        "nauc_mrr_at_1000_std": 0.007855,
        "nauc_mrr_at_1000_diff1": 0.368137,
        "main_score": 0.15908,
        "hf_subset": "default",
        "languages": [
          "fas-Arab"
        ]
      }
    ]
  },
  "evaluation_time": 191.93452191352844,
  "kg_co2_emissions": null
}