{
  "dataset_revision": "029a2e69e7d9e68b6bdc471073606104417a5be7",
  "task_name": "CQADupstackEnglishRetrieval-Fa",
  "mteb_version": "1.34.14",
  "scores": {
    "test": [
      {
        "ndcg_at_1": 0.1293,
        "ndcg_at_3": 0.1451,
        "ndcg_at_5": 0.15438,
        "ndcg_at_10": 0.16617,
        "ndcg_at_20": 0.17699,
        "ndcg_at_100": 0.20126,
        "ndcg_at_1000": 0.2301,
        "map_at_1": 0.10514,
        "map_at_3": 0.12889,
        "map_at_5": 0.13509,
        "map_at_10": 0.14031,
        "map_at_20": 0.14335,
        "map_at_100": 0.14687,
        "map_at_1000": 0.14787,
        "recall_at_1": 0.10514,
        "recall_at_3": 0.15576,
        "recall_at_5": 0.18056,
        "recall_at_10": 0.21634,
        "recall_at_20": 0.25723,
        "recall_at_100": 0.37322,
        "recall_at_1000": 0.57932,
        "precision_at_1": 0.1293,
        "precision_at_3": 0.06773,
        "precision_at_5": 0.04828,
        "precision_at_10": 0.03,
        "precision_at_20": 0.01847,
        "precision_at_100": 0.00615,
        "precision_at_1000": 0.00108,
        "mrr_at_1": 0.129299,
        "mrr_at_3": 0.156476,
        "mrr_at_5": 0.163418,
        "mrr_at_10": 0.169722,
        "mrr_at_20": 0.173105,
        "mrr_at_100": 0.176454,
        "mrr_at_1000": 0.177237,
        "nauc_ndcg_at_1_max": 0.199054,
        "nauc_ndcg_at_1_std": 0.107759,
        "nauc_ndcg_at_1_diff1": 0.415357,
        "nauc_ndcg_at_3_max": 0.166927,
        "nauc_ndcg_at_3_std": 0.08965,
        "nauc_ndcg_at_3_diff1": 0.366076,
        "nauc_ndcg_at_5_max": 0.166975,
        "nauc_ndcg_at_5_std": 0.078983,
        "nauc_ndcg_at_5_diff1": 0.349416,
        "nauc_ndcg_at_10_max": 0.162163,
        "nauc_ndcg_at_10_std": 0.085507,
        "nauc_ndcg_at_10_diff1": 0.334743,
        "nauc_ndcg_at_20_max": 0.156802,
        "nauc_ndcg_at_20_std": 0.085777,
        "nauc_ndcg_at_20_diff1": 0.326075,
        "nauc_ndcg_at_100_max": 0.148679,
        "nauc_ndcg_at_100_std": 0.103614,
        "nauc_ndcg_at_100_diff1": 0.306598,
        "nauc_ndcg_at_1000_max": 0.154796,
        "nauc_ndcg_at_1000_std": 0.114944,
        "nauc_ndcg_at_1000_diff1": 0.303916,
        "nauc_map_at_1_max": 0.179312,
        "nauc_map_at_1_std": 0.066484,
        "nauc_map_at_1_diff1": 0.422188,
        "nauc_map_at_3_max": 0.164173,
        "nauc_map_at_3_std": 0.073426,
        "nauc_map_at_3_diff1": 0.383447,
        "nauc_map_at_5_max": 0.165842,
        "nauc_map_at_5_std": 0.071101,
        "nauc_map_at_5_diff1": 0.37215,
        "nauc_map_at_10_max": 0.165247,
        "nauc_map_at_10_std": 0.075536,
        "nauc_map_at_10_diff1": 0.365611,
        "nauc_map_at_20_max": 0.164042,
        "nauc_map_at_20_std": 0.076841,
        "nauc_map_at_20_diff1": 0.362891,
        "nauc_map_at_100_max": 0.163048,
        "nauc_map_at_100_std": 0.081504,
        "nauc_map_at_100_diff1": 0.358934,
        "nauc_map_at_1000_max": 0.163541,
        "nauc_map_at_1000_std": 0.082662,
        "nauc_map_at_1000_diff1": 0.358654,
        "nauc_recall_at_1_max": 0.179312,
        "nauc_recall_at_1_std": 0.066484,
        "nauc_recall_at_1_diff1": 0.422188,
        "nauc_recall_at_3_max": 0.149901,
        "nauc_recall_at_3_std": 0.07545,
        "nauc_recall_at_3_diff1": 0.340178,
        "nauc_recall_at_5_max": 0.150064,
        "nauc_recall_at_5_std": 0.061155,
        "nauc_recall_at_5_diff1": 0.301614,
        "nauc_recall_at_10_max": 0.136834,
        "nauc_recall_at_10_std": 0.078829,
        "nauc_recall_at_10_diff1": 0.267498,
        "nauc_recall_at_20_max": 0.122667,
        "nauc_recall_at_20_std": 0.078619,
        "nauc_recall_at_20_diff1": 0.245292,
        "nauc_recall_at_100_max": 0.079285,
        "nauc_recall_at_100_std": 0.117153,
        "nauc_recall_at_100_diff1": 0.181151,
        "nauc_recall_at_1000_max": 0.097356,
        "nauc_recall_at_1000_std": 0.161221,
        "nauc_recall_at_1000_diff1": 0.154038,
        "nauc_precision_at_1_max": 0.199054,
        "nauc_precision_at_1_std": 0.107759,
        "nauc_precision_at_1_diff1": 0.415357,
        "nauc_precision_at_3_max": 0.165569,
        "nauc_precision_at_3_std": 0.126474,
        "nauc_precision_at_3_diff1": 0.321763,
        "nauc_precision_at_5_max": 0.176619,
        "nauc_precision_at_5_std": 0.124039,
        "nauc_precision_at_5_diff1": 0.294737,
        "nauc_precision_at_10_max": 0.162889,
        "nauc_precision_at_10_std": 0.152884,
        "nauc_precision_at_10_diff1": 0.239023,
        "nauc_precision_at_20_max": 0.146672,
        "nauc_precision_at_20_std": 0.163149,
        "nauc_precision_at_20_diff1": 0.199058,
        "nauc_precision_at_100_max": 0.12211,
        "nauc_precision_at_100_std": 0.268468,
        "nauc_precision_at_100_diff1": 0.082433,
        "nauc_precision_at_1000_max": 0.097355,
        "nauc_precision_at_1000_std": 0.260481,
        "nauc_precision_at_1000_diff1": 0.007275,
        "nauc_mrr_at_1_max": 0.199054,
        "nauc_mrr_at_1_std": 0.107759,
        "nauc_mrr_at_1_diff1": 0.415357,
        "nauc_mrr_at_3_max": 0.18149,
        "nauc_mrr_at_3_std": 0.102461,
        "nauc_mrr_at_3_diff1": 0.363498,
        "nauc_mrr_at_5_max": 0.182641,
        "nauc_mrr_at_5_std": 0.098614,
        "nauc_mrr_at_5_diff1": 0.35429,
        "nauc_mrr_at_10_max": 0.179376,
        "nauc_mrr_at_10_std": 0.103521,
        "nauc_mrr_at_10_diff1": 0.345502,
        "nauc_mrr_at_20_max": 0.177213,
        "nauc_mrr_at_20_std": 0.102989,
        "nauc_mrr_at_20_diff1": 0.342806,
        "nauc_mrr_at_100_max": 0.176158,
        "nauc_mrr_at_100_std": 0.104868,
        "nauc_mrr_at_100_diff1": 0.340247,
        "nauc_mrr_at_1000_max": 0.176248,
        "nauc_mrr_at_1000_std": 0.105114,
        "nauc_mrr_at_1000_diff1": 0.340289,
        "main_score": 0.16617,
        "hf_subset": "default",
        "languages": [
          "fas-Arab"
        ]
      }
    ]
  },
  "evaluation_time": 90.37234282493591,
  "kg_co2_emissions": null
}