{
  "dataset_revision": "7f755e88647b4023df52da04d4e3d31a7de5fcb0",
  "task_name": "CQADupstackWordpressRetrieval-Fa",
  "mteb_version": "1.34.14",
  "scores": {
    "test": [
      {
        "ndcg_at_1": 0.08688,
        "ndcg_at_3": 0.10682,
        "ndcg_at_5": 0.11883,
        "ndcg_at_10": 0.13083,
        "ndcg_at_20": 0.14324,
        "ndcg_at_100": 0.16659,
        "ndcg_at_1000": 0.19786,
        "map_at_1": 0.07708,
        "map_at_3": 0.09656,
        "map_at_5": 0.10352,
        "map_at_10": 0.10842,
        "map_at_20": 0.11199,
        "map_at_100": 0.11496,
        "map_at_1000": 0.1161,
        "recall_at_1": 0.07708,
        "recall_at_3": 0.12126,
        "recall_at_5": 0.15151,
        "recall_at_10": 0.18792,
        "recall_at_20": 0.2345,
        "recall_at_100": 0.35893,
        "recall_at_1000": 0.59609,
        "precision_at_1": 0.08688,
        "precision_at_3": 0.04744,
        "precision_at_5": 0.03549,
        "precision_at_10": 0.02218,
        "precision_at_20": 0.01386,
        "precision_at_100": 0.00438,
        "precision_at_1000": 0.00078,
        "mrr_at_1": 0.086876,
        "mrr_at_3": 0.109673,
        "mrr_at_5": 0.117252,
        "mrr_at_10": 0.122444,
        "mrr_at_20": 0.125913,
        "mrr_at_100": 0.128793,
        "mrr_at_1000": 0.129897,
        "nauc_ndcg_at_1_max": -0.058645,
        "nauc_ndcg_at_1_std": 0.000937,
        "nauc_ndcg_at_1_diff1": 0.337462,
        "nauc_ndcg_at_3_max": -0.058875,
        "nauc_ndcg_at_3_std": 0.046248,
        "nauc_ndcg_at_3_diff1": 0.223254,
        "nauc_ndcg_at_5_max": -0.075721,
        "nauc_ndcg_at_5_std": 0.049326,
        "nauc_ndcg_at_5_diff1": 0.199942,
        "nauc_ndcg_at_10_max": -0.080179,
        "nauc_ndcg_at_10_std": 0.031771,
        "nauc_ndcg_at_10_diff1": 0.167299,
        "nauc_ndcg_at_20_max": -0.090433,
        "nauc_ndcg_at_20_std": 0.026225,
        "nauc_ndcg_at_20_diff1": 0.1462,
        "nauc_ndcg_at_100_max": -0.083077,
        "nauc_ndcg_at_100_std": 0.042621,
        "nauc_ndcg_at_100_diff1": 0.135695,
        "nauc_ndcg_at_1000_max": -0.070409,
        "nauc_ndcg_at_1000_std": 0.057335,
        "nauc_ndcg_at_1000_diff1": 0.140291,
        "nauc_map_at_1_max": -0.075875,
        "nauc_map_at_1_std": -0.007565,
        "nauc_map_at_1_diff1": 0.355689,
        "nauc_map_at_3_max": -0.069285,
        "nauc_map_at_3_std": 0.031788,
        "nauc_map_at_3_diff1": 0.254463,
        "nauc_map_at_5_max": -0.076562,
        "nauc_map_at_5_std": 0.036939,
        "nauc_map_at_5_diff1": 0.239019,
        "nauc_map_at_10_max": -0.077758,
        "nauc_map_at_10_std": 0.03006,
        "nauc_map_at_10_diff1": 0.221907,
        "nauc_map_at_20_max": -0.081751,
        "nauc_map_at_20_std": 0.02827,
        "nauc_map_at_20_diff1": 0.213514,
        "nauc_map_at_100_max": -0.080849,
        "nauc_map_at_100_std": 0.030397,
        "nauc_map_at_100_diff1": 0.211994,
        "nauc_map_at_1000_max": -0.080233,
        "nauc_map_at_1000_std": 0.031064,
        "nauc_map_at_1000_diff1": 0.21176,
        "nauc_recall_at_1_max": -0.075875,
        "nauc_recall_at_1_std": -0.007565,
        "nauc_recall_at_1_diff1": 0.355689,
        "nauc_recall_at_3_max": -0.06636,
        "nauc_recall_at_3_std": 0.056784,
        "nauc_recall_at_3_diff1": 0.169426,
        "nauc_recall_at_5_max": -0.093681,
        "nauc_recall_at_5_std": 0.068753,
        "nauc_recall_at_5_diff1": 0.127259,
        "nauc_recall_at_10_max": -0.101404,
        "nauc_recall_at_10_std": 0.02466,
        "nauc_recall_at_10_diff1": 0.06326,
        "nauc_recall_at_20_max": -0.122732,
        "nauc_recall_at_20_std": 0.010522,
        "nauc_recall_at_20_diff1": 0.018062,
        "nauc_recall_at_100_max": -0.096651,
        "nauc_recall_at_100_std": 0.070191,
        "nauc_recall_at_100_diff1": -0.005367,
        "nauc_recall_at_1000_max": -0.043371,
        "nauc_recall_at_1000_std": 0.14773,
        "nauc_recall_at_1000_diff1": 0.019902,
        "nauc_precision_at_1_max": -0.058645,
        "nauc_precision_at_1_std": 0.000937,
        "nauc_precision_at_1_diff1": 0.337462,
        "nauc_precision_at_3_max": -0.03157,
        "nauc_precision_at_3_std": 0.086702,
        "nauc_precision_at_3_diff1": 0.137021,
        "nauc_precision_at_5_max": -0.05175,
        "nauc_precision_at_5_std": 0.09356,
        "nauc_precision_at_5_diff1": 0.104942,
        "nauc_precision_at_10_max": -0.054047,
        "nauc_precision_at_10_std": 0.059701,
        "nauc_precision_at_10_diff1": 0.040574,
        "nauc_precision_at_20_max": -0.078729,
        "nauc_precision_at_20_std": 0.048955,
        "nauc_precision_at_20_diff1": -0.007581,
        "nauc_precision_at_100_max": -0.021974,
        "nauc_precision_at_100_std": 0.09127,
        "nauc_precision_at_100_diff1": -0.030569,
        "nauc_precision_at_1000_max": 0.08966,
        "nauc_precision_at_1000_std": 0.144946,
        "nauc_precision_at_1000_diff1": -0.069017,
        "nauc_mrr_at_1_max": -0.058645,
        "nauc_mrr_at_1_std": 0.000937,
        "nauc_mrr_at_1_diff1": 0.337462,
        "nauc_mrr_at_3_max": -0.050791,
        "nauc_mrr_at_3_std": 0.040372,
        "nauc_mrr_at_3_diff1": 0.236747,
        "nauc_mrr_at_5_max": -0.054934,
        "nauc_mrr_at_5_std": 0.043576,
        "nauc_mrr_at_5_diff1": 0.219039,
        "nauc_mrr_at_10_max": -0.057074,
        "nauc_mrr_at_10_std": 0.03517,
        "nauc_mrr_at_10_diff1": 0.205507,
        "nauc_mrr_at_20_max": -0.060238,
        "nauc_mrr_at_20_std": 0.032371,
        "nauc_mrr_at_20_diff1": 0.199787,
        "nauc_mrr_at_100_max": -0.06018,
        "nauc_mrr_at_100_std": 0.034347,
        "nauc_mrr_at_100_diff1": 0.198225,
        "nauc_mrr_at_1000_max": -0.059836,
        "nauc_mrr_at_1000_std": 0.035,
        "nauc_mrr_at_1000_diff1": 0.198245,
        "main_score": 0.13083,
        "hf_subset": "default",
        "languages": [
          "fas-Arab"
        ]
      }
    ]
  },
  "evaluation_time": 200.83035135269165,
  "kg_co2_emissions": null
}