{
  "dataset_revision": "816ad7473d6813f77a0ca5e72b1ff7a52752d370",
  "task_name": "CQADupstackPhysicsRetrieval-Fa",
  "mteb_version": "1.34.14",
  "scores": {
    "test": [
      {
        "ndcg_at_1": 0.13956,
        "ndcg_at_3": 0.15774,
        "ndcg_at_5": 0.17554,
        "ndcg_at_10": 0.19094,
        "ndcg_at_20": 0.20528,
        "ndcg_at_100": 0.23296,
        "ndcg_at_1000": 0.26738,
        "map_at_1": 0.11219,
        "map_at_3": 0.13963,
        "map_at_5": 0.14981,
        "map_at_10": 0.15636,
        "map_at_20": 0.16038,
        "map_at_100": 0.16429,
        "map_at_1000": 0.16555,
        "recall_at_1": 0.11219,
        "recall_at_3": 0.17321,
        "recall_at_5": 0.21772,
        "recall_at_10": 0.26414,
        "recall_at_20": 0.31668,
        "recall_at_100": 0.45286,
        "recall_at_1000": 0.70003,
        "precision_at_1": 0.13956,
        "precision_at_3": 0.07315,
        "precision_at_5": 0.05544,
        "precision_at_10": 0.03494,
        "precision_at_20": 0.02151,
        "precision_at_100": 0.00655,
        "precision_at_1000": 0.00113,
        "mrr_at_1": 0.139557,
        "mrr_at_3": 0.170998,
        "mrr_at_5": 0.183269,
        "mrr_at_10": 0.191184,
        "mrr_at_20": 0.195408,
        "mrr_at_100": 0.199179,
        "mrr_at_1000": 0.200021,
        "nauc_ndcg_at_1_max": 0.237433,
        "nauc_ndcg_at_1_std": -0.053815,
        "nauc_ndcg_at_1_diff1": 0.463353,
        "nauc_ndcg_at_3_max": 0.201989,
        "nauc_ndcg_at_3_std": -0.066116,
        "nauc_ndcg_at_3_diff1": 0.392467,
        "nauc_ndcg_at_5_max": 0.181594,
        "nauc_ndcg_at_5_std": -0.059702,
        "nauc_ndcg_at_5_diff1": 0.359506,
        "nauc_ndcg_at_10_max": 0.17856,
        "nauc_ndcg_at_10_std": -0.048927,
        "nauc_ndcg_at_10_diff1": 0.342988,
        "nauc_ndcg_at_20_max": 0.164321,
        "nauc_ndcg_at_20_std": -0.052483,
        "nauc_ndcg_at_20_diff1": 0.332812,
        "nauc_ndcg_at_100_max": 0.157308,
        "nauc_ndcg_at_100_std": -0.034614,
        "nauc_ndcg_at_100_diff1": 0.327196,
        "nauc_ndcg_at_1000_max": 0.172353,
        "nauc_ndcg_at_1000_std": -0.020107,
        "nauc_ndcg_at_1000_diff1": 0.330388,
        "nauc_map_at_1_max": 0.223723,
        "nauc_map_at_1_std": -0.072722,
        "nauc_map_at_1_diff1": 0.492267,
        "nauc_map_at_3_max": 0.209593,
        "nauc_map_at_3_std": -0.07394,
        "nauc_map_at_3_diff1": 0.417647,
        "nauc_map_at_5_max": 0.194742,
        "nauc_map_at_5_std": -0.069645,
        "nauc_map_at_5_diff1": 0.396128,
        "nauc_map_at_10_max": 0.193116,
        "nauc_map_at_10_std": -0.063107,
        "nauc_map_at_10_diff1": 0.387821,
        "nauc_map_at_20_max": 0.189958,
        "nauc_map_at_20_std": -0.063851,
        "nauc_map_at_20_diff1": 0.385055,
        "nauc_map_at_100_max": 0.188859,
        "nauc_map_at_100_std": -0.06157,
        "nauc_map_at_100_diff1": 0.384104,
        "nauc_map_at_1000_max": 0.189442,
        "nauc_map_at_1000_std": -0.060501,
        "nauc_map_at_1000_diff1": 0.384168,
        "nauc_recall_at_1_max": 0.223723,
        "nauc_recall_at_1_std": -0.072722,
        "nauc_recall_at_1_diff1": 0.492267,
        "nauc_recall_at_3_max": 0.182627,
        "nauc_recall_at_3_std": -0.081957,
        "nauc_recall_at_3_diff1": 0.345138,
        "nauc_recall_at_5_max": 0.13194,
        "nauc_recall_at_5_std": -0.065644,
        "nauc_recall_at_5_diff1": 0.266917,
        "nauc_recall_at_10_max": 0.119584,
        "nauc_recall_at_10_std": -0.041382,
        "nauc_recall_at_10_diff1": 0.229514,
        "nauc_recall_at_20_max": 0.073432,
        "nauc_recall_at_20_std": -0.058324,
        "nauc_recall_at_20_diff1": 0.200094,
        "nauc_recall_at_100_max": 0.041875,
        "nauc_recall_at_100_std": 0.001199,
        "nauc_recall_at_100_diff1": 0.17916,
        "nauc_recall_at_1000_max": 0.112272,
        "nauc_recall_at_1000_std": 0.082422,
        "nauc_recall_at_1000_diff1": 0.155799,
        "nauc_precision_at_1_max": 0.237433,
        "nauc_precision_at_1_std": -0.053815,
        "nauc_precision_at_1_diff1": 0.463353,
        "nauc_precision_at_3_max": 0.191367,
        "nauc_precision_at_3_std": -0.04483,
        "nauc_precision_at_3_diff1": 0.325798,
        "nauc_precision_at_5_max": 0.158676,
        "nauc_precision_at_5_std": -0.019476,
        "nauc_precision_at_5_diff1": 0.271325,
        "nauc_precision_at_10_max": 0.162924,
        "nauc_precision_at_10_std": 0.026642,
        "nauc_precision_at_10_diff1": 0.23843,
        "nauc_precision_at_20_max": 0.11866,
        "nauc_precision_at_20_std": 0.033599,
        "nauc_precision_at_20_diff1": 0.206251,
        "nauc_precision_at_100_max": 0.08166,
        "nauc_precision_at_100_std": 0.130748,
        "nauc_precision_at_100_diff1": 0.134014,
        "nauc_precision_at_1000_max": 0.07015,
        "nauc_precision_at_1000_std": 0.193491,
        "nauc_precision_at_1000_diff1": 0.046535,
        "nauc_mrr_at_1_max": 0.237433,
        "nauc_mrr_at_1_std": -0.053815,
        "nauc_mrr_at_1_diff1": 0.463353,
        "nauc_mrr_at_3_max": 0.217865,
        "nauc_mrr_at_3_std": -0.045347,
        "nauc_mrr_at_3_diff1": 0.395878,
        "nauc_mrr_at_5_max": 0.209734,
        "nauc_mrr_at_5_std": -0.039445,
        "nauc_mrr_at_5_diff1": 0.382116,
        "nauc_mrr_at_10_max": 0.207597,
        "nauc_mrr_at_10_std": -0.033186,
        "nauc_mrr_at_10_diff1": 0.375677,
        "nauc_mrr_at_20_max": 0.202033,
        "nauc_mrr_at_20_std": -0.034456,
        "nauc_mrr_at_20_diff1": 0.372457,
        "nauc_mrr_at_100_max": 0.200908,
        "nauc_mrr_at_100_std": -0.032383,
        "nauc_mrr_at_100_diff1": 0.371501,
        "nauc_mrr_at_1000_max": 0.201325,
        "nauc_mrr_at_1000_std": -0.032293,
        "nauc_mrr_at_1000_diff1": 0.37174,
        "main_score": 0.19094,
        "hf_subset": "default",
        "languages": [
          "fas-Arab"
        ]
      }
    ]
  },
  "evaluation_time": 147.91451454162598,
  "kg_co2_emissions": null
}