{
  "dataset_revision": "e907c4144dc27bc8a035d78d69e15f39c56623a9",
  "task_name": "CQADupstackGisRetrieval-Fa",
  "mteb_version": "1.34.14",
  "scores": {
    "test": [
      {
        "ndcg_at_1": 0.0904,
        "ndcg_at_3": 0.11262,
        "ndcg_at_5": 0.12309,
        "ndcg_at_10": 0.13359,
        "ndcg_at_20": 0.14599,
        "ndcg_at_100": 0.17195,
        "ndcg_at_1000": 0.2073,
        "map_at_1": 0.08249,
        "map_at_3": 0.10352,
        "map_at_5": 0.10922,
        "map_at_10": 0.11346,
        "map_at_20": 0.11707,
        "map_at_100": 0.12036,
        "map_at_1000": 0.1215,
        "recall_at_1": 0.08249,
        "recall_at_3": 0.12881,
        "recall_at_5": 0.15421,
        "recall_at_10": 0.18651,
        "recall_at_20": 0.2324,
        "recall_at_100": 0.37228,
        "recall_at_1000": 0.65165,
        "precision_at_1": 0.0904,
        "precision_at_3": 0.04859,
        "precision_at_5": 0.03525,
        "precision_at_10": 0.02124,
        "precision_at_20": 0.01367,
        "precision_at_100": 0.00441,
        "precision_at_1000": 0.00078,
        "mrr_at_1": 0.090395,
        "mrr_at_3": 0.113183,
        "mrr_at_5": 0.11968,
        "mrr_at_10": 0.124227,
        "mrr_at_20": 0.127524,
        "mrr_at_100": 0.130816,
        "mrr_at_1000": 0.131953,
        "nauc_ndcg_at_1_max": 0.224002,
        "nauc_ndcg_at_1_std": -0.000209,
        "nauc_ndcg_at_1_diff1": 0.408349,
        "nauc_ndcg_at_3_max": 0.196239,
        "nauc_ndcg_at_3_std": 0.009005,
        "nauc_ndcg_at_3_diff1": 0.305422,
        "nauc_ndcg_at_5_max": 0.185355,
        "nauc_ndcg_at_5_std": -4.8e-05,
        "nauc_ndcg_at_5_diff1": 0.293789,
        "nauc_ndcg_at_10_max": 0.166067,
        "nauc_ndcg_at_10_std": -0.009351,
        "nauc_ndcg_at_10_diff1": 0.289791,
        "nauc_ndcg_at_20_max": 0.164676,
        "nauc_ndcg_at_20_std": 0.003926,
        "nauc_ndcg_at_20_diff1": 0.278133,
        "nauc_ndcg_at_100_max": 0.157619,
        "nauc_ndcg_at_100_std": 0.02098,
        "nauc_ndcg_at_100_diff1": 0.274078,
        "nauc_ndcg_at_1000_max": 0.165274,
        "nauc_ndcg_at_1000_std": 0.037635,
        "nauc_ndcg_at_1000_diff1": 0.262443,
        "nauc_map_at_1_max": 0.236205,
        "nauc_map_at_1_std": -0.019355,
        "nauc_map_at_1_diff1": 0.4129,
        "nauc_map_at_3_max": 0.20947,
        "nauc_map_at_3_std": 0.001174,
        "nauc_map_at_3_diff1": 0.329694,
        "nauc_map_at_5_max": 0.2025,
        "nauc_map_at_5_std": -0.003977,
        "nauc_map_at_5_diff1": 0.322135,
        "nauc_map_at_10_max": 0.192677,
        "nauc_map_at_10_std": -0.008526,
        "nauc_map_at_10_diff1": 0.319664,
        "nauc_map_at_20_max": 0.190557,
        "nauc_map_at_20_std": -0.005145,
        "nauc_map_at_20_diff1": 0.315295,
        "nauc_map_at_100_max": 0.18924,
        "nauc_map_at_100_std": -0.002209,
        "nauc_map_at_100_diff1": 0.31482,
        "nauc_map_at_1000_max": 0.189336,
        "nauc_map_at_1000_std": -0.001598,
        "nauc_map_at_1000_diff1": 0.314243,
        "nauc_recall_at_1_max": 0.236205,
        "nauc_recall_at_1_std": -0.019355,
        "nauc_recall_at_1_diff1": 0.4129,
        "nauc_recall_at_3_max": 0.178992,
        "nauc_recall_at_3_std": 0.018978,
        "nauc_recall_at_3_diff1": 0.253183,
        "nauc_recall_at_5_max": 0.158772,
        "nauc_recall_at_5_std": -0.00301,
        "nauc_recall_at_5_diff1": 0.236558,
        "nauc_recall_at_10_max": 0.114829,
        "nauc_recall_at_10_std": -0.023982,
        "nauc_recall_at_10_diff1": 0.23044,
        "nauc_recall_at_20_max": 0.116393,
        "nauc_recall_at_20_std": 0.018615,
        "nauc_recall_at_20_diff1": 0.201506,
        "nauc_recall_at_100_max": 0.098757,
        "nauc_recall_at_100_std": 0.067913,
        "nauc_recall_at_100_diff1": 0.194689,
        "nauc_recall_at_1000_max": 0.132577,
        "nauc_recall_at_1000_std": 0.175446,
        "nauc_recall_at_1000_diff1": 0.102732,
        "nauc_precision_at_1_max": 0.224002,
        "nauc_precision_at_1_std": -0.000209,
        "nauc_precision_at_1_diff1": 0.408349,
        "nauc_precision_at_3_max": 0.163289,
        "nauc_precision_at_3_std": 0.02124,
        "nauc_precision_at_3_diff1": 0.246136,
        "nauc_precision_at_5_max": 0.144052,
        "nauc_precision_at_5_std": -0.00053,
        "nauc_precision_at_5_diff1": 0.226712,
        "nauc_precision_at_10_max": 0.113291,
        "nauc_precision_at_10_std": -0.018487,
        "nauc_precision_at_10_diff1": 0.227848,
        "nauc_precision_at_20_max": 0.112489,
        "nauc_precision_at_20_std": 0.012734,
        "nauc_precision_at_20_diff1": 0.199727,
        "nauc_precision_at_100_max": 0.09576,
        "nauc_precision_at_100_std": 0.072671,
        "nauc_precision_at_100_diff1": 0.19288,
        "nauc_precision_at_1000_max": 0.105804,
        "nauc_precision_at_1000_std": 0.167394,
        "nauc_precision_at_1000_diff1": 0.099835,
        "nauc_mrr_at_1_max": 0.224002,
        "nauc_mrr_at_1_std": -0.000209,
        "nauc_mrr_at_1_diff1": 0.408349,
        "nauc_mrr_at_3_max": 0.18838,
        "nauc_mrr_at_3_std": 0.016287,
        "nauc_mrr_at_3_diff1": 0.322895,
        "nauc_mrr_at_5_max": 0.183072,
        "nauc_mrr_at_5_std": 0.010957,
        "nauc_mrr_at_5_diff1": 0.312782,
        "nauc_mrr_at_10_max": 0.177022,
        "nauc_mrr_at_10_std": 0.007328,
        "nauc_mrr_at_10_diff1": 0.312857,
        "nauc_mrr_at_20_max": 0.177743,
        "nauc_mrr_at_20_std": 0.01115,
        "nauc_mrr_at_20_diff1": 0.309608,
        "nauc_mrr_at_100_max": 0.176137,
        "nauc_mrr_at_100_std": 0.013956,
        "nauc_mrr_at_100_diff1": 0.308408,
        "nauc_mrr_at_1000_max": 0.176262,
        "nauc_mrr_at_1000_std": 0.014329,
        "nauc_mrr_at_1000_diff1": 0.308045,
        "main_score": 0.13359,
        "hf_subset": "default",
        "languages": [
          "fas-Arab"
        ]
      }
    ]
  },
  "evaluation_time": 151.10759496688843,
  "kg_co2_emissions": null
}