{
  "dataset_revision": "88f90b0b04f91778ba5341095b0a9f1d7799ce10",
  "task_name": "MSMARCO-Fa",
  "mteb_version": "1.34.14",
  "scores": {
    "dev": [
      {
        "ndcg_at_1": 0.12335,
        "ndcg_at_3": 0.18313,
        "ndcg_at_5": 0.20912,
        "ndcg_at_10": 0.23851,
        "ndcg_at_20": 0.26131,
        "ndcg_at_100": 0.29631,
        "ndcg_at_1000": 0.31895,
        "map_at_1": 0.11977,
        "map_at_3": 0.16646,
        "map_at_5": 0.18086,
        "map_at_10": 0.19311,
        "map_at_20": 0.19939,
        "map_at_100": 0.20434,
        "map_at_1000": 0.20514,
        "recall_at_1": 0.11977,
        "recall_at_3": 0.22713,
        "recall_at_5": 0.28959,
        "recall_at_10": 0.37918,
        "recall_at_20": 0.4684,
        "recall_at_100": 0.65369,
        "recall_at_1000": 0.83302,
        "precision_at_1": 0.12335,
        "precision_at_3": 0.07865,
        "precision_at_5": 0.06037,
        "precision_at_10": 0.03974,
        "precision_at_20": 0.02461,
        "precision_at_100": 0.00692,
        "precision_at_1000": 0.00089,
        "mrr_at_1": 0.123639,
        "mrr_at_3": 0.170941,
        "mrr_at_5": 0.18564,
        "mrr_at_10": 0.197745,
        "mrr_at_20": 0.203999,
        "mrr_at_100": 0.208793,
        "mrr_at_1000": 0.209541,
        "nauc_ndcg_at_1_max": 0.067168,
        "nauc_ndcg_at_1_std": -0.105675,
        "nauc_ndcg_at_1_diff1": 0.339698,
        "nauc_ndcg_at_3_max": 0.070404,
        "nauc_ndcg_at_3_std": -0.107708,
        "nauc_ndcg_at_3_diff1": 0.28412,
        "nauc_ndcg_at_5_max": 0.084873,
        "nauc_ndcg_at_5_std": -0.089259,
        "nauc_ndcg_at_5_diff1": 0.269333,
        "nauc_ndcg_at_10_max": 0.104036,
        "nauc_ndcg_at_10_std": -0.069943,
        "nauc_ndcg_at_10_diff1": 0.264767,
        "nauc_ndcg_at_20_max": 0.112127,
        "nauc_ndcg_at_20_std": -0.051696,
        "nauc_ndcg_at_20_diff1": 0.261946,
        "nauc_ndcg_at_100_max": 0.132705,
        "nauc_ndcg_at_100_std": -0.01241,
        "nauc_ndcg_at_100_diff1": 0.256065,
        "nauc_ndcg_at_1000_max": 0.135426,
        "nauc_ndcg_at_1000_std": -0.008173,
        "nauc_ndcg_at_1000_diff1": 0.256882,
        "nauc_map_at_1_max": 0.065842,
        "nauc_map_at_1_std": -0.105798,
        "nauc_map_at_1_diff1": 0.340129,
        "nauc_map_at_3_max": 0.068964,
        "nauc_map_at_3_std": -0.108657,
        "nauc_map_at_3_diff1": 0.295574,
        "nauc_map_at_5_max": 0.077633,
        "nauc_map_at_5_std": -0.09806,
        "nauc_map_at_5_diff1": 0.28639,
        "nauc_map_at_10_max": 0.086311,
        "nauc_map_at_10_std": -0.089245,
        "nauc_map_at_10_diff1": 0.284093,
        "nauc_map_at_20_max": 0.088553,
        "nauc_map_at_20_std": -0.083798,
        "nauc_map_at_20_diff1": 0.283053,
        "nauc_map_at_100_max": 0.091772,
        "nauc_map_at_100_std": -0.077911,
        "nauc_map_at_100_diff1": 0.282021,
        "nauc_map_at_1000_max": 0.091959,
        "nauc_map_at_1000_std": -0.077533,
        "nauc_map_at_1000_diff1": 0.282015,
        "nauc_recall_at_1_max": 0.065842,
        "nauc_recall_at_1_std": -0.105798,
        "nauc_recall_at_1_diff1": 0.340129,
        "nauc_recall_at_3_max": 0.073624,
        "nauc_recall_at_3_std": -0.105619,
        "nauc_recall_at_3_diff1": 0.256746,
        "nauc_recall_at_5_max": 0.101849,
        "nauc_recall_at_5_std": -0.069508,
        "nauc_recall_at_5_diff1": 0.230869,
        "nauc_recall_at_10_max": 0.146439,
        "nauc_recall_at_10_std": -0.024194,
        "nauc_recall_at_10_diff1": 0.220642,
        "nauc_recall_at_20_max": 0.171977,
        "nauc_recall_at_20_std": 0.032044,
        "nauc_recall_at_20_diff1": 0.212276,
        "nauc_recall_at_100_max": 0.284337,
        "nauc_recall_at_100_std": 0.244393,
        "nauc_recall_at_100_diff1": 0.173997,
        "nauc_recall_at_1000_max": 0.425044,
        "nauc_recall_at_1000_std": 0.469438,
        "nauc_recall_at_1000_diff1": 0.128846,
        "nauc_precision_at_1_max": 0.067168,
        "nauc_precision_at_1_std": -0.105675,
        "nauc_precision_at_1_diff1": 0.339698,
        "nauc_precision_at_3_max": 0.074598,
        "nauc_precision_at_3_std": -0.106354,
        "nauc_precision_at_3_diff1": 0.255651,
        "nauc_precision_at_5_max": 0.101206,
        "nauc_precision_at_5_std": -0.069427,
        "nauc_precision_at_5_diff1": 0.227249,
        "nauc_precision_at_10_max": 0.146517,
        "nauc_precision_at_10_std": -0.019718,
        "nauc_precision_at_10_diff1": 0.214899,
        "nauc_precision_at_20_max": 0.170811,
        "nauc_precision_at_20_std": 0.038829,
        "nauc_precision_at_20_diff1": 0.203513,
        "nauc_precision_at_100_max": 0.270324,
        "nauc_precision_at_100_std": 0.245753,
        "nauc_precision_at_100_diff1": 0.150218,
        "nauc_precision_at_1000_max": 0.327845,
        "nauc_precision_at_1000_std": 0.383587,
        "nauc_precision_at_1000_diff1": 0.076476,
        "nauc_mrr_at_1_max": 0.066091,
        "nauc_mrr_at_1_std": -0.105998,
        "nauc_mrr_at_1_diff1": 0.337717,
        "nauc_mrr_at_3_max": 0.068337,
        "nauc_mrr_at_3_std": -0.107358,
        "nauc_mrr_at_3_diff1": 0.294183,
        "nauc_mrr_at_5_max": 0.077344,
        "nauc_mrr_at_5_std": -0.095394,
        "nauc_mrr_at_5_diff1": 0.284636,
        "nauc_mrr_at_10_max": 0.08619,
        "nauc_mrr_at_10_std": -0.086837,
        "nauc_mrr_at_10_diff1": 0.282973,
        "nauc_mrr_at_20_max": 0.088796,
        "nauc_mrr_at_20_std": -0.081026,
        "nauc_mrr_at_20_diff1": 0.281768,
        "nauc_mrr_at_100_max": 0.09169,
        "nauc_mrr_at_100_std": -0.07574,
        "nauc_mrr_at_100_diff1": 0.280884,
        "nauc_mrr_at_1000_max": 0.091777,
        "nauc_mrr_at_1000_std": -0.075505,
        "nauc_mrr_at_1000_diff1": 0.280918,
        "main_score": 0.23851,
        "hf_subset": "default",
        "languages": [
          "fas-Arab"
        ]
      }
    ]
  },
  "evaluation_time": 13758.037569284439,
  "kg_co2_emissions": null
}