{
  "dataset_revision": "70aa71825a791e87210c0355a01f538aa611feae",
  "task_name": "NFCorpus-Fa",
  "mteb_version": "1.34.14",
  "scores": {
    "test": [
      {
        "ndcg_at_1": 0.28483,
        "ndcg_at_3": 0.24015,
        "ndcg_at_5": 0.21903,
        "ndcg_at_10": 0.20498,
        "ndcg_at_20": 0.19569,
        "ndcg_at_100": 0.1996,
        "ndcg_at_1000": 0.30208,
        "map_at_1": 0.02843,
        "map_at_3": 0.04294,
        "map_at_5": 0.0496,
        "map_at_10": 0.06117,
        "map_at_20": 0.07055,
        "map_at_100": 0.08451,
        "map_at_1000": 0.09885,
        "recall_at_1": 0.02843,
        "recall_at_3": 0.0475,
        "recall_at_5": 0.05773,
        "recall_at_10": 0.0853,
        "recall_at_20": 0.12226,
        "recall_at_100": 0.22062,
        "recall_at_1000": 0.57033,
        "precision_at_1": 0.3096,
        "precision_at_3": 0.23426,
        "precision_at_5": 0.20124,
        "precision_at_10": 0.16873,
        "precision_at_20": 0.13375,
        "precision_at_100": 0.06198,
        "precision_at_1000": 0.0205,
        "mrr_at_1": 0.306502,
        "mrr_at_3": 0.357069,
        "mrr_at_5": 0.366357,
        "mrr_at_10": 0.377886,
        "mrr_at_20": 0.382491,
        "mrr_at_100": 0.385226,
        "mrr_at_1000": 0.386062,
        "nauc_ndcg_at_1_max": 0.319644,
        "nauc_ndcg_at_1_std": 0.213053,
        "nauc_ndcg_at_1_diff1": 0.292905,
        "nauc_ndcg_at_3_max": 0.395902,
        "nauc_ndcg_at_3_std": 0.256312,
        "nauc_ndcg_at_3_diff1": 0.290922,
        "nauc_ndcg_at_5_max": 0.394782,
        "nauc_ndcg_at_5_std": 0.287353,
        "nauc_ndcg_at_5_diff1": 0.274141,
        "nauc_ndcg_at_10_max": 0.367539,
        "nauc_ndcg_at_10_std": 0.317486,
        "nauc_ndcg_at_10_diff1": 0.269192,
        "nauc_ndcg_at_20_max": 0.361165,
        "nauc_ndcg_at_20_std": 0.324335,
        "nauc_ndcg_at_20_diff1": 0.267397,
        "nauc_ndcg_at_100_max": 0.266991,
        "nauc_ndcg_at_100_std": 0.409539,
        "nauc_ndcg_at_100_diff1": 0.273514,
        "nauc_ndcg_at_1000_max": 0.26845,
        "nauc_ndcg_at_1000_std": 0.439327,
        "nauc_ndcg_at_1000_diff1": 0.262658,
        "nauc_map_at_1_max": 0.040434,
        "nauc_map_at_1_std": 0.14713,
        "nauc_map_at_1_diff1": 0.452894,
        "nauc_map_at_3_max": 0.116629,
        "nauc_map_at_3_std": 0.167519,
        "nauc_map_at_3_diff1": 0.404092,
        "nauc_map_at_5_max": 0.155343,
        "nauc_map_at_5_std": 0.199569,
        "nauc_map_at_5_diff1": 0.403528,
        "nauc_map_at_10_max": 0.189445,
        "nauc_map_at_10_std": 0.25042,
        "nauc_map_at_10_diff1": 0.385526,
        "nauc_map_at_20_max": 0.204352,
        "nauc_map_at_20_std": 0.280155,
        "nauc_map_at_20_diff1": 0.352527,
        "nauc_map_at_100_max": 0.203494,
        "nauc_map_at_100_std": 0.345623,
        "nauc_map_at_100_diff1": 0.320559,
        "nauc_map_at_1000_max": 0.240906,
        "nauc_map_at_1000_std": 0.373667,
        "nauc_map_at_1000_diff1": 0.308843,
        "nauc_recall_at_1_max": 0.040434,
        "nauc_recall_at_1_std": 0.14713,
        "nauc_recall_at_1_diff1": 0.452894,
        "nauc_recall_at_3_max": 0.107365,
        "nauc_recall_at_3_std": 0.177491,
        "nauc_recall_at_3_diff1": 0.390901,
        "nauc_recall_at_5_max": 0.137548,
        "nauc_recall_at_5_std": 0.20614,
        "nauc_recall_at_5_diff1": 0.375993,
        "nauc_recall_at_10_max": 0.145676,
        "nauc_recall_at_10_std": 0.219169,
        "nauc_recall_at_10_diff1": 0.290245,
        "nauc_recall_at_20_max": 0.130087,
        "nauc_recall_at_20_std": 0.205469,
        "nauc_recall_at_20_diff1": 0.221802,
        "nauc_recall_at_100_max": 0.043162,
        "nauc_recall_at_100_std": 0.315503,
        "nauc_recall_at_100_diff1": 0.150746,
        "nauc_recall_at_1000_max": 0.026539,
        "nauc_recall_at_1000_std": 0.309615,
        "nauc_recall_at_1000_diff1": 0.091719,
        "nauc_precision_at_1_max": 0.278658,
        "nauc_precision_at_1_std": 0.248103,
        "nauc_precision_at_1_diff1": 0.282443,
        "nauc_precision_at_3_max": 0.385965,
        "nauc_precision_at_3_std": 0.288074,
        "nauc_precision_at_3_diff1": 0.243994,
        "nauc_precision_at_5_max": 0.387032,
        "nauc_precision_at_5_std": 0.341923,
        "nauc_precision_at_5_diff1": 0.185427,
        "nauc_precision_at_10_max": 0.375772,
        "nauc_precision_at_10_std": 0.374617,
        "nauc_precision_at_10_diff1": 0.148263,
        "nauc_precision_at_20_max": 0.394105,
        "nauc_precision_at_20_std": 0.380172,
        "nauc_precision_at_20_diff1": 0.088598,
        "nauc_precision_at_100_max": 0.380486,
        "nauc_precision_at_100_std": 0.389527,
        "nauc_precision_at_100_diff1": 0.039186,
        "nauc_precision_at_1000_max": 0.460357,
        "nauc_precision_at_1000_std": 0.206043,
        "nauc_precision_at_1000_diff1": 0.043235,
        "nauc_mrr_at_1_max": 0.28553,
        "nauc_mrr_at_1_std": 0.24345,
        "nauc_mrr_at_1_diff1": 0.2918,
        "nauc_mrr_at_3_max": 0.313751,
        "nauc_mrr_at_3_std": 0.288857,
        "nauc_mrr_at_3_diff1": 0.30452,
        "nauc_mrr_at_5_max": 0.306069,
        "nauc_mrr_at_5_std": 0.292462,
        "nauc_mrr_at_5_diff1": 0.296595,
        "nauc_mrr_at_10_max": 0.305791,
        "nauc_mrr_at_10_std": 0.301134,
        "nauc_mrr_at_10_diff1": 0.293048,
        "nauc_mrr_at_20_max": 0.305441,
        "nauc_mrr_at_20_std": 0.302394,
        "nauc_mrr_at_20_diff1": 0.290361,
        "nauc_mrr_at_100_max": 0.304512,
        "nauc_mrr_at_100_std": 0.302603,
        "nauc_mrr_at_100_diff1": 0.289498,
        "nauc_mrr_at_1000_max": 0.304613,
        "nauc_mrr_at_1000_std": 0.302036,
        "nauc_mrr_at_1000_diff1": 0.289583,
        "main_score": 0.20498,
        "hf_subset": "default",
        "languages": [
          "fas-Arab"
        ]
      }
    ]
  },
  "evaluation_time": 19.51821780204773,
  "kg_co2_emissions": null
}