{
  "dataset_revision": "1a43f4f5dcd71e6b14b275ae82c3237cdd4fd5fd",
  "task_name": "QuoraRetrieval-Fa",
  "mteb_version": "1.34.14",
  "scores": {
    "test": [
      {
        "ndcg_at_1": 0.4381,
        "ndcg_at_3": 0.49639,
        "ndcg_at_5": 0.52388,
        "ndcg_at_10": 0.55233,
        "ndcg_at_20": 0.57148,
        "ndcg_at_100": 0.59554,
        "ndcg_at_1000": 0.6092,
        "map_at_1": 0.38326,
        "map_at_3": 0.46156,
        "map_at_5": 0.4807,
        "map_at_10": 0.49494,
        "map_at_20": 0.50143,
        "map_at_100": 0.50583,
        "map_at_1000": 0.50656,
        "recall_at_1": 0.38326,
        "recall_at_3": 0.53578,
        "recall_at_5": 0.60406,
        "recall_at_10": 0.68694,
        "recall_at_20": 0.75516,
        "recall_at_100": 0.86672,
        "recall_at_1000": 0.95842,
        "precision_at_1": 0.4381,
        "precision_at_3": 0.21857,
        "precision_at_5": 0.15184,
        "precision_at_10": 0.08928,
        "precision_at_20": 0.05077,
        "precision_at_100": 0.0124,
        "precision_at_1000": 0.00145,
        "mrr_at_1": 0.4379,
        "mrr_at_3": 0.505083,
        "mrr_at_5": 0.520648,
        "mrr_at_10": 0.531712,
        "mrr_at_20": 0.536281,
        "mrr_at_100": 0.538847,
        "mrr_at_1000": 0.539187,
        "nauc_ndcg_at_1_max": 0.34123,
        "nauc_ndcg_at_1_std": 0.01001,
        "nauc_ndcg_at_1_diff1": 0.594919,
        "nauc_ndcg_at_3_max": 0.342511,
        "nauc_ndcg_at_3_std": 0.0192,
        "nauc_ndcg_at_3_diff1": 0.558124,
        "nauc_ndcg_at_5_max": 0.347888,
        "nauc_ndcg_at_5_std": 0.029177,
        "nauc_ndcg_at_5_diff1": 0.551652,
        "nauc_ndcg_at_10_max": 0.352951,
        "nauc_ndcg_at_10_std": 0.042811,
        "nauc_ndcg_at_10_diff1": 0.547583,
        "nauc_ndcg_at_20_max": 0.355009,
        "nauc_ndcg_at_20_std": 0.051285,
        "nauc_ndcg_at_20_diff1": 0.544542,
        "nauc_ndcg_at_100_max": 0.360048,
        "nauc_ndcg_at_100_std": 0.06224,
        "nauc_ndcg_at_100_diff1": 0.54681,
        "nauc_ndcg_at_1000_max": 0.359498,
        "nauc_ndcg_at_1000_std": 0.058557,
        "nauc_ndcg_at_1000_diff1": 0.551348,
        "nauc_map_at_1_max": 0.307112,
        "nauc_map_at_1_std": -0.0353,
        "nauc_map_at_1_diff1": 0.60336,
        "nauc_map_at_3_max": 0.331501,
        "nauc_map_at_3_std": -0.005815,
        "nauc_map_at_3_diff1": 0.572154,
        "nauc_map_at_5_max": 0.337287,
        "nauc_map_at_5_std": 0.004095,
        "nauc_map_at_5_diff1": 0.566685,
        "nauc_map_at_10_max": 0.341258,
        "nauc_map_at_10_std": 0.013192,
        "nauc_map_at_10_diff1": 0.564086,
        "nauc_map_at_20_max": 0.342798,
        "nauc_map_at_20_std": 0.017483,
        "nauc_map_at_20_diff1": 0.562968,
        "nauc_map_at_100_max": 0.344582,
        "nauc_map_at_100_std": 0.020915,
        "nauc_map_at_100_diff1": 0.563277,
        "nauc_map_at_1000_max": 0.344787,
        "nauc_map_at_1000_std": 0.021163,
        "nauc_map_at_1000_diff1": 0.563461,
        "nauc_recall_at_1_max": 0.307112,
        "nauc_recall_at_1_std": -0.0353,
        "nauc_recall_at_1_diff1": 0.60336,
        "nauc_recall_at_3_max": 0.330039,
        "nauc_recall_at_3_std": 0.016573,
        "nauc_recall_at_3_diff1": 0.52555,
        "nauc_recall_at_5_max": 0.343193,
        "nauc_recall_at_5_std": 0.04723,
        "nauc_recall_at_5_diff1": 0.498802,
        "nauc_recall_at_10_max": 0.356484,
        "nauc_recall_at_10_std": 0.097672,
        "nauc_recall_at_10_diff1": 0.471179,
        "nauc_recall_at_20_max": 0.362092,
        "nauc_recall_at_20_std": 0.144489,
        "nauc_recall_at_20_diff1": 0.441865,
        "nauc_recall_at_100_max": 0.410431,
        "nauc_recall_at_100_std": 0.281135,
        "nauc_recall_at_100_diff1": 0.415177,
        "nauc_recall_at_1000_max": 0.474633,
        "nauc_recall_at_1000_std": 0.466949,
        "nauc_recall_at_1000_diff1": 0.422881,
        "nauc_precision_at_1_max": 0.34123,
        "nauc_precision_at_1_std": 0.01001,
        "nauc_precision_at_1_diff1": 0.594919,
        "nauc_precision_at_3_max": 0.322365,
        "nauc_precision_at_3_std": 0.101326,
        "nauc_precision_at_3_diff1": 0.375712,
        "nauc_precision_at_5_max": 0.303242,
        "nauc_precision_at_5_std": 0.148352,
        "nauc_precision_at_5_diff1": 0.28093,
        "nauc_precision_at_10_max": 0.267002,
        "nauc_precision_at_10_std": 0.207916,
        "nauc_precision_at_10_diff1": 0.165772,
        "nauc_precision_at_20_max": 0.227157,
        "nauc_precision_at_20_std": 0.254524,
        "nauc_precision_at_20_diff1": 0.062918,
        "nauc_precision_at_100_max": 0.153103,
        "nauc_precision_at_100_std": 0.302631,
        "nauc_precision_at_100_diff1": -0.074841,
        "nauc_precision_at_1000_max": 0.069002,
        "nauc_precision_at_1000_std": 0.260005,
        "nauc_precision_at_1000_diff1": -0.163175,
        "nauc_mrr_at_1_max": 0.341252,
        "nauc_mrr_at_1_std": 0.009687,
        "nauc_mrr_at_1_diff1": 0.595436,
        "nauc_mrr_at_3_max": 0.351499,
        "nauc_mrr_at_3_std": 0.035463,
        "nauc_mrr_at_3_diff1": 0.566815,
        "nauc_mrr_at_5_max": 0.354006,
        "nauc_mrr_at_5_std": 0.04178,
        "nauc_mrr_at_5_diff1": 0.562495,
        "nauc_mrr_at_10_max": 0.354861,
        "nauc_mrr_at_10_std": 0.045946,
        "nauc_mrr_at_10_diff1": 0.561081,
        "nauc_mrr_at_20_max": 0.354899,
        "nauc_mrr_at_20_std": 0.047134,
        "nauc_mrr_at_20_diff1": 0.560824,
        "nauc_mrr_at_100_max": 0.354939,
        "nauc_mrr_at_100_std": 0.047118,
        "nauc_mrr_at_100_diff1": 0.561336,
        "nauc_mrr_at_1000_max": 0.3549,
        "nauc_mrr_at_1000_std": 0.046913,
        "nauc_mrr_at_1000_diff1": 0.561486,
        "main_score": 0.55233,
        "hf_subset": "default",
        "languages": [
          "fas-Arab"
        ]
      }
    ]
  },
  "evaluation_time": 438.35060119628906,
  "kg_co2_emissions": null
}