{
  "dataset_revision": "9d32af6540970e2845028cbfffe6b0d0e8f52428",
  "task_name": "SynPerChatbotRAGFAQRetrieval",
  "mteb_version": "1.34.14",
  "scores": {
    "test": [
      {
        "ndcg_at_1": 0.4333,
        "ndcg_at_3": 0.52845,
        "ndcg_at_5": 0.55557,
        "ndcg_at_10": 0.5856,
        "ndcg_at_20": 0.6079,
        "ndcg_at_100": 0.62558,
        "ndcg_at_1000": 0.63236,
        "map_at_1": 0.4333,
        "map_at_3": 0.50506,
        "map_at_5": 0.52001,
        "map_at_10": 0.53223,
        "map_at_20": 0.53845,
        "map_at_100": 0.54079,
        "map_at_1000": 0.54106,
        "recall_at_1": 0.4333,
        "recall_at_3": 0.59614,
        "recall_at_5": 0.66237,
        "recall_at_10": 0.75621,
        "recall_at_20": 0.84361,
        "recall_at_100": 0.9402,
        "recall_at_1000": 0.99264,
        "precision_at_1": 0.4333,
        "precision_at_3": 0.19871,
        "precision_at_5": 0.13247,
        "precision_at_10": 0.07562,
        "precision_at_20": 0.04218,
        "precision_at_100": 0.0094,
        "precision_at_1000": 0.00099,
        "mrr_at_1": 0.433303,
        "mrr_at_3": 0.50506,
        "mrr_at_5": 0.520009,
        "mrr_at_10": 0.532226,
        "mrr_at_20": 0.538448,
        "mrr_at_100": 0.54079,
        "mrr_at_1000": 0.541063,
        "nauc_ndcg_at_1_max": 0.323194,
        "nauc_ndcg_at_1_std": -0.047301,
        "nauc_ndcg_at_1_diff1": 0.665063,
        "nauc_ndcg_at_3_max": 0.340488,
        "nauc_ndcg_at_3_std": -0.012431,
        "nauc_ndcg_at_3_diff1": 0.596733,
        "nauc_ndcg_at_5_max": 0.357272,
        "nauc_ndcg_at_5_std": -0.006244,
        "nauc_ndcg_at_5_diff1": 0.590125,
        "nauc_ndcg_at_10_max": 0.366914,
        "nauc_ndcg_at_10_std": -0.010887,
        "nauc_ndcg_at_10_diff1": 0.59387,
        "nauc_ndcg_at_20_max": 0.365928,
        "nauc_ndcg_at_20_std": -0.007469,
        "nauc_ndcg_at_20_diff1": 0.596162,
        "nauc_ndcg_at_100_max": 0.361372,
        "nauc_ndcg_at_100_std": -0.001432,
        "nauc_ndcg_at_100_diff1": 0.603413,
        "nauc_ndcg_at_1000_max": 0.355058,
        "nauc_ndcg_at_1000_std": -0.008542,
        "nauc_ndcg_at_1000_diff1": 0.605751,
        "nauc_map_at_1_max": 0.323194,
        "nauc_map_at_1_std": -0.047301,
        "nauc_map_at_1_diff1": 0.665063,
        "nauc_map_at_3_max": 0.335156,
        "nauc_map_at_3_std": -0.022456,
        "nauc_map_at_3_diff1": 0.61371,
        "nauc_map_at_5_max": 0.34376,
        "nauc_map_at_5_std": -0.01952,
        "nauc_map_at_5_diff1": 0.610659,
        "nauc_map_at_10_max": 0.347108,
        "nauc_map_at_10_std": -0.021473,
        "nauc_map_at_10_diff1": 0.612764,
        "nauc_map_at_20_max": 0.346289,
        "nauc_map_at_20_std": -0.020987,
        "nauc_map_at_20_diff1": 0.613389,
        "nauc_map_at_100_max": 0.345872,
        "nauc_map_at_100_std": -0.02018,
        "nauc_map_at_100_diff1": 0.614211,
        "nauc_map_at_1000_max": 0.345644,
        "nauc_map_at_1000_std": -0.020353,
        "nauc_map_at_1000_diff1": 0.61429,
        "nauc_recall_at_1_max": 0.323194,
        "nauc_recall_at_1_std": -0.047301,
        "nauc_recall_at_1_diff1": 0.665063,
        "nauc_recall_at_3_max": 0.357502,
        "nauc_recall_at_3_std": 0.019293,
        "nauc_recall_at_3_diff1": 0.544056,
        "nauc_recall_at_5_max": 0.407297,
        "nauc_recall_at_5_std": 0.041111,
        "nauc_recall_at_5_diff1": 0.518673,
        "nauc_recall_at_10_max": 0.462485,
        "nauc_recall_at_10_std": 0.033692,
        "nauc_recall_at_10_diff1": 0.513201,
        "nauc_recall_at_20_max": 0.503992,
        "nauc_recall_at_20_std": 0.083016,
        "nauc_recall_at_20_diff1": 0.496393,
        "nauc_recall_at_100_max": 0.580189,
        "nauc_recall_at_100_std": 0.345638,
        "nauc_recall_at_100_diff1": 0.529919,
        "nauc_recall_at_1000_max": 0.436191,
        "nauc_recall_at_1000_std": 0.682284,
        "nauc_recall_at_1000_diff1": 0.657506,
        "nauc_precision_at_1_max": 0.323194,
        "nauc_precision_at_1_std": -0.047301,
        "nauc_precision_at_1_diff1": 0.665063,
        "nauc_precision_at_3_max": 0.357502,
        "nauc_precision_at_3_std": 0.019293,
        "nauc_precision_at_3_diff1": 0.544056,
        "nauc_precision_at_5_max": 0.407297,
        "nauc_precision_at_5_std": 0.041111,
        "nauc_precision_at_5_diff1": 0.518673,
        "nauc_precision_at_10_max": 0.462485,
        "nauc_precision_at_10_std": 0.033692,
        "nauc_precision_at_10_diff1": 0.513201,
        "nauc_precision_at_20_max": 0.503992,
        "nauc_precision_at_20_std": 0.083016,
        "nauc_precision_at_20_diff1": 0.496393,
        "nauc_precision_at_100_max": 0.580189,
        "nauc_precision_at_100_std": 0.345638,
        "nauc_precision_at_100_diff1": 0.529919,
        "nauc_precision_at_1000_max": 0.436191,
        "nauc_precision_at_1000_std": 0.682284,
        "nauc_precision_at_1000_diff1": 0.657506,
        "nauc_mrr_at_1_max": 0.323194,
        "nauc_mrr_at_1_std": -0.047301,
        "nauc_mrr_at_1_diff1": 0.665063,
        "nauc_mrr_at_3_max": 0.335156,
        "nauc_mrr_at_3_std": -0.022456,
        "nauc_mrr_at_3_diff1": 0.61371,
        "nauc_mrr_at_5_max": 0.34376,
        "nauc_mrr_at_5_std": -0.01952,
        "nauc_mrr_at_5_diff1": 0.610659,
        "nauc_mrr_at_10_max": 0.347108,
        "nauc_mrr_at_10_std": -0.021473,
        "nauc_mrr_at_10_diff1": 0.612764,
        "nauc_mrr_at_20_max": 0.346289,
        "nauc_mrr_at_20_std": -0.020987,
        "nauc_mrr_at_20_diff1": 0.613389,
        "nauc_mrr_at_100_max": 0.345872,
        "nauc_mrr_at_100_std": -0.02018,
        "nauc_mrr_at_100_diff1": 0.614211,
        "nauc_mrr_at_1000_max": 0.345644,
        "nauc_mrr_at_1000_std": -0.020353,
        "nauc_mrr_at_1000_diff1": 0.61429,
        "main_score": 0.5856,
        "hf_subset": "default",
        "languages": [
          "fas-Arab"
        ]
      }
    ]
  },
  "evaluation_time": 16.407599687576294,
  "kg_co2_emissions": null
}