{
  "dataset_revision": "98e6c2d33dfa166ee326e8b1bc7ea82c7e6898dd",
  "task_name": "TRECCOVID-Fa",
  "mteb_version": "1.34.14",
  "scores": {
    "test": [
      {
        "ndcg_at_1": 0.53,
        "ndcg_at_3": 0.53358,
        "ndcg_at_5": 0.51407,
        "ndcg_at_10": 0.46646,
        "ndcg_at_20": 0.4333,
        "ndcg_at_100": 0.31671,
        "ndcg_at_1000": 0.27158,
        "map_at_1": 0.00144,
        "map_at_3": 0.00376,
        "map_at_5": 0.00571,
        "map_at_10": 0.00942,
        "map_at_20": 0.01574,
        "map_at_100": 0.04116,
        "map_at_1000": 0.08611,
        "recall_at_1": 0.00144,
        "recall_at_3": 0.00425,
        "recall_at_5": 0.00667,
        "recall_at_10": 0.0117,
        "recall_at_20": 0.02135,
        "recall_at_100": 0.07153,
        "recall_at_1000": 0.25195,
        "precision_at_1": 0.56,
        "precision_at_3": 0.57333,
        "precision_at_5": 0.54,
        "precision_at_10": 0.478,
        "precision_at_20": 0.448,
        "precision_at_100": 0.318,
        "precision_at_1000": 0.11962,
        "mrr_at_1": 0.54,
        "mrr_at_3": 0.663333,
        "mrr_at_5": 0.682333,
        "mrr_at_10": 0.686333,
        "mrr_at_20": 0.689012,
        "mrr_at_100": 0.689012,
        "mrr_at_1000": 0.689145,
        "nauc_ndcg_at_1_max": 0.411607,
        "nauc_ndcg_at_1_std": 0.124414,
        "nauc_ndcg_at_1_diff1": 0.462274,
        "nauc_ndcg_at_3_max": 0.325504,
        "nauc_ndcg_at_3_std": 0.286733,
        "nauc_ndcg_at_3_diff1": 0.402149,
        "nauc_ndcg_at_5_max": 0.333978,
        "nauc_ndcg_at_5_std": 0.352484,
        "nauc_ndcg_at_5_diff1": 0.355673,
        "nauc_ndcg_at_10_max": 0.356171,
        "nauc_ndcg_at_10_std": 0.408798,
        "nauc_ndcg_at_10_diff1": 0.313313,
        "nauc_ndcg_at_20_max": 0.382852,
        "nauc_ndcg_at_20_std": 0.497776,
        "nauc_ndcg_at_20_diff1": 0.319103,
        "nauc_ndcg_at_100_max": 0.396657,
        "nauc_ndcg_at_100_std": 0.604237,
        "nauc_ndcg_at_100_diff1": 0.278317,
        "nauc_ndcg_at_1000_max": 0.27807,
        "nauc_ndcg_at_1000_std": 0.646986,
        "nauc_ndcg_at_1000_diff1": 0.059267,
        "nauc_map_at_1_max": 0.278858,
        "nauc_map_at_1_std": -0.180346,
        "nauc_map_at_1_diff1": 0.075474,
        "nauc_map_at_3_max": 0.279392,
        "nauc_map_at_3_std": 0.033562,
        "nauc_map_at_3_diff1": 0.056894,
        "nauc_map_at_5_max": 0.250966,
        "nauc_map_at_5_std": 0.140164,
        "nauc_map_at_5_diff1": 0.025642,
        "nauc_map_at_10_max": 0.250643,
        "nauc_map_at_10_std": 0.230311,
        "nauc_map_at_10_diff1": 0.01844,
        "nauc_map_at_20_max": 0.262392,
        "nauc_map_at_20_std": 0.327132,
        "nauc_map_at_20_diff1": 0.050864,
        "nauc_map_at_100_max": 0.282654,
        "nauc_map_at_100_std": 0.524707,
        "nauc_map_at_100_diff1": 0.109823,
        "nauc_map_at_1000_max": 0.299701,
        "nauc_map_at_1000_std": 0.692508,
        "nauc_map_at_1000_diff1": 0.115408,
        "nauc_recall_at_1_max": 0.278858,
        "nauc_recall_at_1_std": -0.180346,
        "nauc_recall_at_1_diff1": 0.075474,
        "nauc_recall_at_3_max": 0.221019,
        "nauc_recall_at_3_std": 0.035629,
        "nauc_recall_at_3_diff1": 0.018517,
        "nauc_recall_at_5_max": 0.204957,
        "nauc_recall_at_5_std": 0.126657,
        "nauc_recall_at_5_diff1": -0.039261,
        "nauc_recall_at_10_max": 0.239896,
        "nauc_recall_at_10_std": 0.177906,
        "nauc_recall_at_10_diff1": -0.03655,
        "nauc_recall_at_20_max": 0.275154,
        "nauc_recall_at_20_std": 0.281081,
        "nauc_recall_at_20_diff1": -0.009876,
        "nauc_recall_at_100_max": 0.290041,
        "nauc_recall_at_100_std": 0.455695,
        "nauc_recall_at_100_diff1": -0.001833,
        "nauc_recall_at_1000_max": 0.202284,
        "nauc_recall_at_1000_std": 0.662265,
        "nauc_recall_at_1000_diff1": -0.041399,
        "nauc_precision_at_1_max": 0.418777,
        "nauc_precision_at_1_std": 0.054792,
        "nauc_precision_at_1_diff1": 0.408159,
        "nauc_precision_at_3_max": 0.369476,
        "nauc_precision_at_3_std": 0.352904,
        "nauc_precision_at_3_diff1": 0.414372,
        "nauc_precision_at_5_max": 0.378179,
        "nauc_precision_at_5_std": 0.433427,
        "nauc_precision_at_5_diff1": 0.313652,
        "nauc_precision_at_10_max": 0.402859,
        "nauc_precision_at_10_std": 0.461348,
        "nauc_precision_at_10_diff1": 0.278673,
        "nauc_precision_at_20_max": 0.434778,
        "nauc_precision_at_20_std": 0.569839,
        "nauc_precision_at_20_diff1": 0.299385,
        "nauc_precision_at_100_max": 0.410981,
        "nauc_precision_at_100_std": 0.641011,
        "nauc_precision_at_100_diff1": 0.268029,
        "nauc_precision_at_1000_max": 0.272337,
        "nauc_precision_at_1000_std": 0.689528,
        "nauc_precision_at_1000_diff1": 0.228671,
        "nauc_mrr_at_1_max": 0.341308,
        "nauc_mrr_at_1_std": 0.086605,
        "nauc_mrr_at_1_diff1": 0.458976,
        "nauc_mrr_at_3_max": 0.34617,
        "nauc_mrr_at_3_std": 0.114483,
        "nauc_mrr_at_3_diff1": 0.501628,
        "nauc_mrr_at_5_max": 0.364031,
        "nauc_mrr_at_5_std": 0.118043,
        "nauc_mrr_at_5_diff1": 0.500912,
        "nauc_mrr_at_10_max": 0.367481,
        "nauc_mrr_at_10_std": 0.113202,
        "nauc_mrr_at_10_diff1": 0.494893,
        "nauc_mrr_at_20_max": 0.362123,
        "nauc_mrr_at_20_std": 0.120167,
        "nauc_mrr_at_20_diff1": 0.493246,
        "nauc_mrr_at_100_max": 0.362123,
        "nauc_mrr_at_100_std": 0.120167,
        "nauc_mrr_at_100_diff1": 0.493246,
        "nauc_mrr_at_1000_max": 0.362017,
        "nauc_mrr_at_1000_std": 0.119682,
        "nauc_mrr_at_1000_diff1": 0.493039,
        "main_score": 0.46646,
        "hf_subset": "default",
        "languages": [
          "fas-Arab"
        ]
      }
    ]
  },
  "evaluation_time": 651.6121401786804,
  "kg_co2_emissions": null
}