{
  "dataset_revision": "029a2e69e7d9e68b6bdc471073606104417a5be7",
  "task_name": "CQADupstackEnglishRetrieval-Fa",
  "mteb_version": "1.34.14",
  "scores": {
    "test": [
      {
        "ndcg_at_1": 0.06306,
        "ndcg_at_3": 0.07818,
        "ndcg_at_5": 0.08225,
        "ndcg_at_10": 0.09465,
        "ndcg_at_20": 0.10289,
        "ndcg_at_100": 0.1208,
        "ndcg_at_1000": 0.14972,
        "map_at_1": 0.05115,
        "map_at_3": 0.06787,
        "map_at_5": 0.07044,
        "map_at_10": 0.07555,
        "map_at_20": 0.07791,
        "map_at_100": 0.08029,
        "map_at_1000": 0.08122,
        "recall_at_1": 0.05115,
        "recall_at_3": 0.08735,
        "recall_at_5": 0.09828,
        "recall_at_10": 0.13499,
        "recall_at_20": 0.16494,
        "recall_at_100": 0.25537,
        "recall_at_1000": 0.4664,
        "precision_at_1": 0.06306,
        "precision_at_3": 0.03758,
        "precision_at_5": 0.02637,
        "precision_at_10": 0.01904,
        "precision_at_20": 0.01229,
        "precision_at_100": 0.00408,
        "precision_at_1000": 0.00086,
        "mrr_at_1": 0.063057,
        "mrr_at_3": 0.083546,
        "mrr_at_5": 0.087017,
        "mrr_at_10": 0.093448,
        "mrr_at_20": 0.096379,
        "mrr_at_100": 0.098946,
        "mrr_at_1000": 0.099779,
        "nauc_ndcg_at_1_max": 0.329975,
        "nauc_ndcg_at_1_std": 0.172465,
        "nauc_ndcg_at_1_diff1": 0.4604,
        "nauc_ndcg_at_3_max": 0.267696,
        "nauc_ndcg_at_3_std": 0.168906,
        "nauc_ndcg_at_3_diff1": 0.396399,
        "nauc_ndcg_at_5_max": 0.256352,
        "nauc_ndcg_at_5_std": 0.161471,
        "nauc_ndcg_at_5_diff1": 0.388022,
        "nauc_ndcg_at_10_max": 0.238981,
        "nauc_ndcg_at_10_std": 0.147504,
        "nauc_ndcg_at_10_diff1": 0.352524,
        "nauc_ndcg_at_20_max": 0.229424,
        "nauc_ndcg_at_20_std": 0.153125,
        "nauc_ndcg_at_20_diff1": 0.335399,
        "nauc_ndcg_at_100_max": 0.220496,
        "nauc_ndcg_at_100_std": 0.15699,
        "nauc_ndcg_at_100_diff1": 0.304727,
        "nauc_ndcg_at_1000_max": 0.223713,
        "nauc_ndcg_at_1000_std": 0.16879,
        "nauc_ndcg_at_1000_diff1": 0.289645,
        "nauc_map_at_1_max": 0.359352,
        "nauc_map_at_1_std": 0.194014,
        "nauc_map_at_1_diff1": 0.537287,
        "nauc_map_at_3_max": 0.284447,
        "nauc_map_at_3_std": 0.168118,
        "nauc_map_at_3_diff1": 0.437524,
        "nauc_map_at_5_max": 0.277199,
        "nauc_map_at_5_std": 0.163267,
        "nauc_map_at_5_diff1": 0.430143,
        "nauc_map_at_10_max": 0.268703,
        "nauc_map_at_10_std": 0.157457,
        "nauc_map_at_10_diff1": 0.410388,
        "nauc_map_at_20_max": 0.265353,
        "nauc_map_at_20_std": 0.1601,
        "nauc_map_at_20_diff1": 0.402871,
        "nauc_map_at_100_max": 0.263539,
        "nauc_map_at_100_std": 0.161242,
        "nauc_map_at_100_diff1": 0.396652,
        "nauc_map_at_1000_max": 0.263816,
        "nauc_map_at_1000_std": 0.162033,
        "nauc_map_at_1000_diff1": 0.395776,
        "nauc_recall_at_1_max": 0.359352,
        "nauc_recall_at_1_std": 0.194014,
        "nauc_recall_at_1_diff1": 0.537287,
        "nauc_recall_at_3_max": 0.234786,
        "nauc_recall_at_3_std": 0.155773,
        "nauc_recall_at_3_diff1": 0.358502,
        "nauc_recall_at_5_max": 0.214623,
        "nauc_recall_at_5_std": 0.141529,
        "nauc_recall_at_5_diff1": 0.336576,
        "nauc_recall_at_10_max": 0.179447,
        "nauc_recall_at_10_std": 0.11388,
        "nauc_recall_at_10_diff1": 0.264786,
        "nauc_recall_at_20_max": 0.160429,
        "nauc_recall_at_20_std": 0.132104,
        "nauc_recall_at_20_diff1": 0.235768,
        "nauc_recall_at_100_max": 0.13505,
        "nauc_recall_at_100_std": 0.144375,
        "nauc_recall_at_100_diff1": 0.158126,
        "nauc_recall_at_1000_max": 0.129151,
        "nauc_recall_at_1000_std": 0.170788,
        "nauc_recall_at_1000_diff1": 0.10076,
        "nauc_precision_at_1_max": 0.329975,
        "nauc_precision_at_1_std": 0.172465,
        "nauc_precision_at_1_diff1": 0.4604,
        "nauc_precision_at_3_max": 0.236056,
        "nauc_precision_at_3_std": 0.166429,
        "nauc_precision_at_3_diff1": 0.324751,
        "nauc_precision_at_5_max": 0.217826,
        "nauc_precision_at_5_std": 0.162443,
        "nauc_precision_at_5_diff1": 0.302043,
        "nauc_precision_at_10_max": 0.186189,
        "nauc_precision_at_10_std": 0.150627,
        "nauc_precision_at_10_diff1": 0.235916,
        "nauc_precision_at_20_max": 0.180677,
        "nauc_precision_at_20_std": 0.185909,
        "nauc_precision_at_20_diff1": 0.207015,
        "nauc_precision_at_100_max": 0.179449,
        "nauc_precision_at_100_std": 0.18914,
        "nauc_precision_at_100_diff1": 0.141685,
        "nauc_precision_at_1000_max": 0.171192,
        "nauc_precision_at_1000_std": 0.198622,
        "nauc_precision_at_1000_diff1": 0.064192,
        "nauc_mrr_at_1_max": 0.329975,
        "nauc_mrr_at_1_std": 0.172465,
        "nauc_mrr_at_1_diff1": 0.4604,
        "nauc_mrr_at_3_max": 0.273957,
        "nauc_mrr_at_3_std": 0.16604,
        "nauc_mrr_at_3_diff1": 0.3791,
        "nauc_mrr_at_5_max": 0.267722,
        "nauc_mrr_at_5_std": 0.162752,
        "nauc_mrr_at_5_diff1": 0.371453,
        "nauc_mrr_at_10_max": 0.258458,
        "nauc_mrr_at_10_std": 0.156783,
        "nauc_mrr_at_10_diff1": 0.356366,
        "nauc_mrr_at_20_max": 0.254843,
        "nauc_mrr_at_20_std": 0.157573,
        "nauc_mrr_at_20_diff1": 0.348818,
        "nauc_mrr_at_100_max": 0.254354,
        "nauc_mrr_at_100_std": 0.158027,
        "nauc_mrr_at_100_diff1": 0.344446,
        "nauc_mrr_at_1000_max": 0.254492,
        "nauc_mrr_at_1000_std": 0.15834,
        "nauc_mrr_at_1000_diff1": 0.344222,
        "main_score": 0.09465,
        "hf_subset": "default",
        "languages": [
          "fas-Arab"
        ]
      }
    ]
  },
  "evaluation_time": 284.42099475860596,
  "kg_co2_emissions": null
}