{
  "dataset_revision": "c2a326387954aad66ff00d324a9278067b1e3bb6",
  "task_name": "CQADupstackUnixRetrieval-Fa",
  "mteb_version": "1.34.14",
  "scores": {
    "test": [
      {
        "ndcg_at_1": 0.06343,
        "ndcg_at_3": 0.08192,
        "ndcg_at_5": 0.08788,
        "ndcg_at_10": 0.09927,
        "ndcg_at_20": 0.1062,
        "ndcg_at_100": 0.12587,
        "ndcg_at_1000": 0.15466,
        "map_at_1": 0.05629,
        "map_at_3": 0.0731,
        "map_at_5": 0.07663,
        "map_at_10": 0.08131,
        "map_at_20": 0.08322,
        "map_at_100": 0.0857,
        "map_at_1000": 0.08661,
        "recall_at_1": 0.05629,
        "recall_at_3": 0.09667,
        "recall_at_5": 0.11136,
        "recall_at_10": 0.14552,
        "recall_at_20": 0.17131,
        "recall_at_100": 0.27352,
        "recall_at_1000": 0.49192,
        "precision_at_1": 0.06343,
        "precision_at_3": 0.03731,
        "precision_at_5": 0.02593,
        "precision_at_10": 0.01707,
        "precision_at_20": 0.01026,
        "precision_at_100": 0.00344,
        "precision_at_1000": 0.00067,
        "mrr_at_1": 0.063433,
        "mrr_at_3": 0.083178,
        "mrr_at_5": 0.087096,
        "mrr_at_10": 0.092113,
        "mrr_at_20": 0.094044,
        "mrr_at_100": 0.09674,
        "mrr_at_1000": 0.097676,
        "nauc_ndcg_at_1_max": 0.312184,
        "nauc_ndcg_at_1_std": -0.056767,
        "nauc_ndcg_at_1_diff1": 0.454482,
        "nauc_ndcg_at_3_max": 0.243756,
        "nauc_ndcg_at_3_std": -0.025108,
        "nauc_ndcg_at_3_diff1": 0.340818,
        "nauc_ndcg_at_5_max": 0.241856,
        "nauc_ndcg_at_5_std": -0.029009,
        "nauc_ndcg_at_5_diff1": 0.333582,
        "nauc_ndcg_at_10_max": 0.236692,
        "nauc_ndcg_at_10_std": -0.02763,
        "nauc_ndcg_at_10_diff1": 0.312537,
        "nauc_ndcg_at_20_max": 0.228946,
        "nauc_ndcg_at_20_std": -0.012343,
        "nauc_ndcg_at_20_diff1": 0.291858,
        "nauc_ndcg_at_100_max": 0.234665,
        "nauc_ndcg_at_100_std": 0.011179,
        "nauc_ndcg_at_100_diff1": 0.296585,
        "nauc_ndcg_at_1000_max": 0.240498,
        "nauc_ndcg_at_1000_std": 0.04312,
        "nauc_ndcg_at_1000_diff1": 0.291092,
        "nauc_map_at_1_max": 0.304654,
        "nauc_map_at_1_std": -0.057397,
        "nauc_map_at_1_diff1": 0.465,
        "nauc_map_at_3_max": 0.254992,
        "nauc_map_at_3_std": -0.031472,
        "nauc_map_at_3_diff1": 0.367842,
        "nauc_map_at_5_max": 0.254213,
        "nauc_map_at_5_std": -0.033676,
        "nauc_map_at_5_diff1": 0.363088,
        "nauc_map_at_10_max": 0.250333,
        "nauc_map_at_10_std": -0.033016,
        "nauc_map_at_10_diff1": 0.350975,
        "nauc_map_at_20_max": 0.247456,
        "nauc_map_at_20_std": -0.027758,
        "nauc_map_at_20_diff1": 0.343258,
        "nauc_map_at_100_max": 0.248301,
        "nauc_map_at_100_std": -0.023654,
        "nauc_map_at_100_diff1": 0.343254,
        "nauc_map_at_1000_max": 0.24889,
        "nauc_map_at_1000_std": -0.021956,
        "nauc_map_at_1000_diff1": 0.342942,
        "nauc_recall_at_1_max": 0.304654,
        "nauc_recall_at_1_std": -0.057397,
        "nauc_recall_at_1_diff1": 0.465,
        "nauc_recall_at_3_max": 0.203109,
        "nauc_recall_at_3_std": -0.013117,
        "nauc_recall_at_3_diff1": 0.283078,
        "nauc_recall_at_5_max": 0.20234,
        "nauc_recall_at_5_std": -0.019872,
        "nauc_recall_at_5_diff1": 0.26996,
        "nauc_recall_at_10_max": 0.197615,
        "nauc_recall_at_10_std": -0.01861,
        "nauc_recall_at_10_diff1": 0.235159,
        "nauc_recall_at_20_max": 0.177736,
        "nauc_recall_at_20_std": 0.013228,
        "nauc_recall_at_20_diff1": 0.190044,
        "nauc_recall_at_100_max": 0.195991,
        "nauc_recall_at_100_std": 0.076122,
        "nauc_recall_at_100_diff1": 0.220463,
        "nauc_recall_at_1000_max": 0.195998,
        "nauc_recall_at_1000_std": 0.192576,
        "nauc_recall_at_1000_diff1": 0.199859,
        "nauc_precision_at_1_max": 0.312184,
        "nauc_precision_at_1_std": -0.056767,
        "nauc_precision_at_1_diff1": 0.454482,
        "nauc_precision_at_3_max": 0.214632,
        "nauc_precision_at_3_std": -0.012706,
        "nauc_precision_at_3_diff1": 0.276433,
        "nauc_precision_at_5_max": 0.221469,
        "nauc_precision_at_5_std": -0.013926,
        "nauc_precision_at_5_diff1": 0.26849,
        "nauc_precision_at_10_max": 0.218813,
        "nauc_precision_at_10_std": -0.012141,
        "nauc_precision_at_10_diff1": 0.233532,
        "nauc_precision_at_20_max": 0.219946,
        "nauc_precision_at_20_std": 0.042031,
        "nauc_precision_at_20_diff1": 0.202237,
        "nauc_precision_at_100_max": 0.261562,
        "nauc_precision_at_100_std": 0.104795,
        "nauc_precision_at_100_diff1": 0.239597,
        "nauc_precision_at_1000_max": 0.280728,
        "nauc_precision_at_1000_std": 0.215792,
        "nauc_precision_at_1000_diff1": 0.157911,
        "nauc_mrr_at_1_max": 0.312184,
        "nauc_mrr_at_1_std": -0.056767,
        "nauc_mrr_at_1_diff1": 0.454482,
        "nauc_mrr_at_3_max": 0.266003,
        "nauc_mrr_at_3_std": -0.032749,
        "nauc_mrr_at_3_diff1": 0.361786,
        "nauc_mrr_at_5_max": 0.266577,
        "nauc_mrr_at_5_std": -0.032082,
        "nauc_mrr_at_5_diff1": 0.355909,
        "nauc_mrr_at_10_max": 0.265248,
        "nauc_mrr_at_10_std": -0.031481,
        "nauc_mrr_at_10_diff1": 0.347377,
        "nauc_mrr_at_20_max": 0.262334,
        "nauc_mrr_at_20_std": -0.02603,
        "nauc_mrr_at_20_diff1": 0.340178,
        "nauc_mrr_at_100_max": 0.262183,
        "nauc_mrr_at_100_std": -0.022611,
        "nauc_mrr_at_100_diff1": 0.339509,
        "nauc_mrr_at_1000_max": 0.262453,
        "nauc_mrr_at_1000_std": -0.021372,
        "nauc_mrr_at_1000_diff1": 0.339138,
        "main_score": 0.09927,
        "hf_subset": "default",
        "languages": [
          "fas-Arab"
        ]
      }
    ]
  },
  "evaluation_time": 604.2558724880219,
  "kg_co2_emissions": null
}