{
  "dataset_revision": "b92e24fab42ab599535a19ee744de5485ec92f64",
  "task_name": "CQADupstackMathematicaRetrieval-Fa",
  "mteb_version": "1.34.14",
  "scores": {
    "test": [
      {
        "ndcg_at_1": 0.04104,
        "ndcg_at_3": 0.05654,
        "ndcg_at_5": 0.06287,
        "ndcg_at_10": 0.06965,
        "ndcg_at_20": 0.07702,
        "ndcg_at_100": 0.09681,
        "ndcg_at_1000": 0.12874,
        "map_at_1": 0.03329,
        "map_at_3": 0.04819,
        "map_at_5": 0.05198,
        "map_at_10": 0.05501,
        "map_at_20": 0.0569,
        "map_at_100": 0.05931,
        "map_at_1000": 0.06027,
        "recall_at_1": 0.03329,
        "recall_at_3": 0.06609,
        "recall_at_5": 0.08288,
        "recall_at_10": 0.10254,
        "recall_at_20": 0.13036,
        "recall_at_100": 0.23223,
        "recall_at_1000": 0.4766,
        "precision_at_1": 0.04104,
        "precision_at_3": 0.02778,
        "precision_at_5": 0.02114,
        "precision_at_10": 0.01343,
        "precision_at_20": 0.00852,
        "precision_at_100": 0.00326,
        "precision_at_1000": 0.0007,
        "mrr_at_1": 0.041045,
        "mrr_at_3": 0.059701,
        "mrr_at_5": 0.064677,
        "mrr_at_10": 0.067971,
        "mrr_at_20": 0.070274,
        "mrr_at_100": 0.072964,
        "mrr_at_1000": 0.073881,
        "nauc_ndcg_at_1_max": 0.131342,
        "nauc_ndcg_at_1_std": -0.050897,
        "nauc_ndcg_at_1_diff1": 0.182365,
        "nauc_ndcg_at_3_max": 0.059124,
        "nauc_ndcg_at_3_std": 0.025085,
        "nauc_ndcg_at_3_diff1": 0.140375,
        "nauc_ndcg_at_5_max": 0.06316,
        "nauc_ndcg_at_5_std": 0.045434,
        "nauc_ndcg_at_5_diff1": 0.121385,
        "nauc_ndcg_at_10_max": 0.057423,
        "nauc_ndcg_at_10_std": 0.062285,
        "nauc_ndcg_at_10_diff1": 0.093986,
        "nauc_ndcg_at_20_max": 0.059684,
        "nauc_ndcg_at_20_std": 0.065885,
        "nauc_ndcg_at_20_diff1": 0.074449,
        "nauc_ndcg_at_100_max": 0.066021,
        "nauc_ndcg_at_100_std": 0.086702,
        "nauc_ndcg_at_100_diff1": 0.089001,
        "nauc_ndcg_at_1000_max": 0.079623,
        "nauc_ndcg_at_1000_std": 0.104823,
        "nauc_ndcg_at_1000_diff1": 0.082333,
        "nauc_map_at_1_max": 0.056668,
        "nauc_map_at_1_std": -0.018192,
        "nauc_map_at_1_diff1": 0.117922,
        "nauc_map_at_3_max": 0.036041,
        "nauc_map_at_3_std": 0.017573,
        "nauc_map_at_3_diff1": 0.120279,
        "nauc_map_at_5_max": 0.046608,
        "nauc_map_at_5_std": 0.030434,
        "nauc_map_at_5_diff1": 0.11633,
        "nauc_map_at_10_max": 0.048437,
        "nauc_map_at_10_std": 0.040062,
        "nauc_map_at_10_diff1": 0.105908,
        "nauc_map_at_20_max": 0.049959,
        "nauc_map_at_20_std": 0.041605,
        "nauc_map_at_20_diff1": 0.099276,
        "nauc_map_at_100_max": 0.05064,
        "nauc_map_at_100_std": 0.047057,
        "nauc_map_at_100_diff1": 0.10105,
        "nauc_map_at_1000_max": 0.050913,
        "nauc_map_at_1000_std": 0.048008,
        "nauc_map_at_1000_diff1": 0.100485,
        "nauc_recall_at_1_max": 0.056668,
        "nauc_recall_at_1_std": -0.018192,
        "nauc_recall_at_1_diff1": 0.117922,
        "nauc_recall_at_3_max": 0.015801,
        "nauc_recall_at_3_std": 0.057488,
        "nauc_recall_at_3_diff1": 0.116632,
        "nauc_recall_at_5_max": 0.049008,
        "nauc_recall_at_5_std": 0.085068,
        "nauc_recall_at_5_diff1": 0.10278,
        "nauc_recall_at_10_max": 0.042204,
        "nauc_recall_at_10_std": 0.107137,
        "nauc_recall_at_10_diff1": 0.055468,
        "nauc_recall_at_20_max": 0.049876,
        "nauc_recall_at_20_std": 0.108762,
        "nauc_recall_at_20_diff1": 0.015147,
        "nauc_recall_at_100_max": 0.067697,
        "nauc_recall_at_100_std": 0.141137,
        "nauc_recall_at_100_diff1": 0.075728,
        "nauc_recall_at_1000_max": 0.108079,
        "nauc_recall_at_1000_std": 0.188392,
        "nauc_recall_at_1000_diff1": 0.051359,
        "nauc_precision_at_1_max": 0.131342,
        "nauc_precision_at_1_std": -0.050897,
        "nauc_precision_at_1_diff1": 0.182365,
        "nauc_precision_at_3_max": 0.09037,
        "nauc_precision_at_3_std": 0.051995,
        "nauc_precision_at_3_diff1": 0.156157,
        "nauc_precision_at_5_max": 0.099524,
        "nauc_precision_at_5_std": 0.076621,
        "nauc_precision_at_5_diff1": 0.119869,
        "nauc_precision_at_10_max": 0.094573,
        "nauc_precision_at_10_std": 0.111099,
        "nauc_precision_at_10_diff1": 0.067974,
        "nauc_precision_at_20_max": 0.088648,
        "nauc_precision_at_20_std": 0.106983,
        "nauc_precision_at_20_diff1": 0.029042,
        "nauc_precision_at_100_max": 0.091133,
        "nauc_precision_at_100_std": 0.123052,
        "nauc_precision_at_100_diff1": 0.051405,
        "nauc_precision_at_1000_max": 0.129506,
        "nauc_precision_at_1000_std": 0.144553,
        "nauc_precision_at_1000_diff1": 0.022218,
        "nauc_mrr_at_1_max": 0.131342,
        "nauc_mrr_at_1_std": -0.050897,
        "nauc_mrr_at_1_diff1": 0.182365,
        "nauc_mrr_at_3_max": 0.110667,
        "nauc_mrr_at_3_std": 0.003634,
        "nauc_mrr_at_3_diff1": 0.170614,
        "nauc_mrr_at_5_max": 0.112582,
        "nauc_mrr_at_5_std": 0.015902,
        "nauc_mrr_at_5_diff1": 0.157615,
        "nauc_mrr_at_10_max": 0.107521,
        "nauc_mrr_at_10_std": 0.021851,
        "nauc_mrr_at_10_diff1": 0.142477,
        "nauc_mrr_at_20_max": 0.105737,
        "nauc_mrr_at_20_std": 0.023992,
        "nauc_mrr_at_20_diff1": 0.134401,
        "nauc_mrr_at_100_max": 0.106328,
        "nauc_mrr_at_100_std": 0.028565,
        "nauc_mrr_at_100_diff1": 0.134783,
        "nauc_mrr_at_1000_max": 0.106092,
        "nauc_mrr_at_1000_std": 0.029015,
        "nauc_mrr_at_1000_diff1": 0.134756,
        "main_score": 0.06965,
        "hf_subset": "default",
        "languages": [
          "fas-Arab"
        ]
      }
    ]
  },
  "evaluation_time": 253.68574905395508,
  "kg_co2_emissions": null
}