{
  "dataset_revision": "816ad7473d6813f77a0ca5e72b1ff7a52752d370",
  "task_name": "CQADupstackPhysicsRetrieval-Fa",
  "mteb_version": "1.34.14",
  "scores": {
    "test": [
      {
        "ndcg_at_1": 0.08085,
        "ndcg_at_3": 0.09795,
        "ndcg_at_5": 0.10364,
        "ndcg_at_10": 0.11417,
        "ndcg_at_20": 0.12335,
        "ndcg_at_100": 0.14396,
        "ndcg_at_1000": 0.17473,
        "map_at_1": 0.0687,
        "map_at_3": 0.08678,
        "map_at_5": 0.09,
        "map_at_10": 0.09461,
        "map_at_20": 0.09705,
        "map_at_100": 0.09978,
        "map_at_1000": 0.10076,
        "recall_at_1": 0.0687,
        "recall_at_3": 0.10952,
        "recall_at_5": 0.12335,
        "recall_at_10": 0.15506,
        "recall_at_20": 0.18983,
        "recall_at_100": 0.29266,
        "recall_at_1000": 0.52097,
        "precision_at_1": 0.08085,
        "precision_at_3": 0.04524,
        "precision_at_5": 0.03195,
        "precision_at_10": 0.0206,
        "precision_at_20": 0.0127,
        "precision_at_100": 0.0042,
        "precision_at_1000": 0.00082,
        "mrr_at_1": 0.080847,
        "mrr_at_3": 0.103144,
        "mrr_at_5": 0.108101,
        "mrr_at_10": 0.113775,
        "mrr_at_20": 0.116743,
        "mrr_at_100": 0.119755,
        "mrr_at_1000": 0.120656,
        "nauc_ndcg_at_1_max": 0.191579,
        "nauc_ndcg_at_1_std": -0.069661,
        "nauc_ndcg_at_1_diff1": 0.431878,
        "nauc_ndcg_at_3_max": 0.178094,
        "nauc_ndcg_at_3_std": -0.062407,
        "nauc_ndcg_at_3_diff1": 0.366336,
        "nauc_ndcg_at_5_max": 0.167944,
        "nauc_ndcg_at_5_std": -0.064297,
        "nauc_ndcg_at_5_diff1": 0.351378,
        "nauc_ndcg_at_10_max": 0.165724,
        "nauc_ndcg_at_10_std": -0.04255,
        "nauc_ndcg_at_10_diff1": 0.327814,
        "nauc_ndcg_at_20_max": 0.16917,
        "nauc_ndcg_at_20_std": -0.031254,
        "nauc_ndcg_at_20_diff1": 0.315237,
        "nauc_ndcg_at_100_max": 0.163097,
        "nauc_ndcg_at_100_std": -0.020385,
        "nauc_ndcg_at_100_diff1": 0.303364,
        "nauc_ndcg_at_1000_max": 0.154667,
        "nauc_ndcg_at_1000_std": -0.00381,
        "nauc_ndcg_at_1000_diff1": 0.288765,
        "nauc_map_at_1_max": 0.185662,
        "nauc_map_at_1_std": -0.082142,
        "nauc_map_at_1_diff1": 0.43969,
        "nauc_map_at_3_max": 0.179478,
        "nauc_map_at_3_std": -0.072746,
        "nauc_map_at_3_diff1": 0.377431,
        "nauc_map_at_5_max": 0.174253,
        "nauc_map_at_5_std": -0.073158,
        "nauc_map_at_5_diff1": 0.369587,
        "nauc_map_at_10_max": 0.172663,
        "nauc_map_at_10_std": -0.063763,
        "nauc_map_at_10_diff1": 0.35821,
        "nauc_map_at_20_max": 0.17377,
        "nauc_map_at_20_std": -0.059853,
        "nauc_map_at_20_diff1": 0.353641,
        "nauc_map_at_100_max": 0.173963,
        "nauc_map_at_100_std": -0.057025,
        "nauc_map_at_100_diff1": 0.351606,
        "nauc_map_at_1000_max": 0.173846,
        "nauc_map_at_1000_std": -0.055978,
        "nauc_map_at_1000_diff1": 0.350799,
        "nauc_recall_at_1_max": 0.185662,
        "nauc_recall_at_1_std": -0.082142,
        "nauc_recall_at_1_diff1": 0.43969,
        "nauc_recall_at_3_max": 0.165508,
        "nauc_recall_at_3_std": -0.063218,
        "nauc_recall_at_3_diff1": 0.328996,
        "nauc_recall_at_5_max": 0.147503,
        "nauc_recall_at_5_std": -0.065898,
        "nauc_recall_at_5_diff1": 0.304901,
        "nauc_recall_at_10_max": 0.141413,
        "nauc_recall_at_10_std": -0.022428,
        "nauc_recall_at_10_diff1": 0.263925,
        "nauc_recall_at_20_max": 0.145492,
        "nauc_recall_at_20_std": 0.000855,
        "nauc_recall_at_20_diff1": 0.231572,
        "nauc_recall_at_100_max": 0.116605,
        "nauc_recall_at_100_std": 0.020632,
        "nauc_recall_at_100_diff1": 0.192566,
        "nauc_recall_at_1000_max": 0.053156,
        "nauc_recall_at_1000_std": 0.0666,
        "nauc_recall_at_1000_diff1": 0.116163,
        "nauc_precision_at_1_max": 0.191579,
        "nauc_precision_at_1_std": -0.069661,
        "nauc_precision_at_1_diff1": 0.431878,
        "nauc_precision_at_3_max": 0.16957,
        "nauc_precision_at_3_std": -0.032068,
        "nauc_precision_at_3_diff1": 0.331097,
        "nauc_precision_at_5_max": 0.148552,
        "nauc_precision_at_5_std": -0.024794,
        "nauc_precision_at_5_diff1": 0.298354,
        "nauc_precision_at_10_max": 0.152108,
        "nauc_precision_at_10_std": 0.032628,
        "nauc_precision_at_10_diff1": 0.2469,
        "nauc_precision_at_20_max": 0.175503,
        "nauc_precision_at_20_std": 0.073751,
        "nauc_precision_at_20_diff1": 0.225174,
        "nauc_precision_at_100_max": 0.147468,
        "nauc_precision_at_100_std": 0.114149,
        "nauc_precision_at_100_diff1": 0.194397,
        "nauc_precision_at_1000_max": 0.105478,
        "nauc_precision_at_1000_std": 0.206821,
        "nauc_precision_at_1000_diff1": 0.095431,
        "nauc_mrr_at_1_max": 0.191579,
        "nauc_mrr_at_1_std": -0.069661,
        "nauc_mrr_at_1_diff1": 0.431878,
        "nauc_mrr_at_3_max": 0.181096,
        "nauc_mrr_at_3_std": -0.054038,
        "nauc_mrr_at_3_diff1": 0.375418,
        "nauc_mrr_at_5_max": 0.173056,
        "nauc_mrr_at_5_std": -0.051925,
        "nauc_mrr_at_5_diff1": 0.363959,
        "nauc_mrr_at_10_max": 0.17712,
        "nauc_mrr_at_10_std": -0.036683,
        "nauc_mrr_at_10_diff1": 0.352623,
        "nauc_mrr_at_20_max": 0.178295,
        "nauc_mrr_at_20_std": -0.033288,
        "nauc_mrr_at_20_diff1": 0.348995,
        "nauc_mrr_at_100_max": 0.176938,
        "nauc_mrr_at_100_std": -0.032239,
        "nauc_mrr_at_100_diff1": 0.347459,
        "nauc_mrr_at_1000_max": 0.176865,
        "nauc_mrr_at_1000_std": -0.031904,
        "nauc_mrr_at_1000_diff1": 0.346949,
        "main_score": 0.11417,
        "hf_subset": "default",
        "languages": [
          "fas-Arab"
        ]
      }
    ]
  },
  "evaluation_time": 479.92394852638245,
  "kg_co2_emissions": null
}