{
  "dataset_revision": "506f29f8ce59648efe99afee736b0b158eced516",
  "task_name": "CQADupstackWebmastersRetrieval-Fa",
  "mteb_version": "1.34.14",
  "scores": {
    "test": [
      {
        "ndcg_at_1": 0.07708,
        "ndcg_at_3": 0.07851,
        "ndcg_at_5": 0.08326,
        "ndcg_at_10": 0.09314,
        "ndcg_at_20": 0.10305,
        "ndcg_at_100": 0.12552,
        "ndcg_at_1000": 0.15979,
        "map_at_1": 0.05441,
        "map_at_3": 0.06635,
        "map_at_5": 0.06987,
        "map_at_10": 0.07425,
        "map_at_20": 0.07714,
        "map_at_100": 0.08034,
        "map_at_1000": 0.08162,
        "recall_at_1": 0.05441,
        "recall_at_3": 0.08117,
        "recall_at_5": 0.09595,
        "recall_at_10": 0.12719,
        "recall_at_20": 0.16485,
        "recall_at_100": 0.27664,
        "recall_at_1000": 0.52652,
        "precision_at_1": 0.07708,
        "precision_at_3": 0.03755,
        "precision_at_5": 0.02767,
        "precision_at_10": 0.01858,
        "precision_at_20": 0.01265,
        "precision_at_100": 0.00506,
        "precision_at_1000": 0.00118,
        "mrr_at_1": 0.077075,
        "mrr_at_3": 0.089592,
        "mrr_at_5": 0.094038,
        "mrr_at_10": 0.099275,
        "mrr_at_20": 0.102911,
        "mrr_at_100": 0.105903,
        "mrr_at_1000": 0.106803,
        "nauc_ndcg_at_1_max": 0.115763,
        "nauc_ndcg_at_1_std": 0.025285,
        "nauc_ndcg_at_1_diff1": 0.469198,
        "nauc_ndcg_at_3_max": 0.115226,
        "nauc_ndcg_at_3_std": 0.018379,
        "nauc_ndcg_at_3_diff1": 0.378565,
        "nauc_ndcg_at_5_max": 0.098094,
        "nauc_ndcg_at_5_std": 0.014907,
        "nauc_ndcg_at_5_diff1": 0.368361,
        "nauc_ndcg_at_10_max": 0.102901,
        "nauc_ndcg_at_10_std": 0.006328,
        "nauc_ndcg_at_10_diff1": 0.337066,
        "nauc_ndcg_at_20_max": 0.091137,
        "nauc_ndcg_at_20_std": 0.010213,
        "nauc_ndcg_at_20_diff1": 0.313665,
        "nauc_ndcg_at_100_max": 0.105899,
        "nauc_ndcg_at_100_std": 0.046641,
        "nauc_ndcg_at_100_diff1": 0.307066,
        "nauc_ndcg_at_1000_max": 0.104639,
        "nauc_ndcg_at_1000_std": 0.047009,
        "nauc_ndcg_at_1000_diff1": 0.298321,
        "nauc_map_at_1_max": 0.172051,
        "nauc_map_at_1_std": 0.000347,
        "nauc_map_at_1_diff1": 0.487002,
        "nauc_map_at_3_max": 0.136928,
        "nauc_map_at_3_std": 0.005184,
        "nauc_map_at_3_diff1": 0.394042,
        "nauc_map_at_5_max": 0.124042,
        "nauc_map_at_5_std": 0.006074,
        "nauc_map_at_5_diff1": 0.388212,
        "nauc_map_at_10_max": 0.121347,
        "nauc_map_at_10_std": 0.000529,
        "nauc_map_at_10_diff1": 0.374279,
        "nauc_map_at_20_max": 0.116432,
        "nauc_map_at_20_std": 0.000606,
        "nauc_map_at_20_diff1": 0.366608,
        "nauc_map_at_100_max": 0.119213,
        "nauc_map_at_100_std": 0.00876,
        "nauc_map_at_100_diff1": 0.36709,
        "nauc_map_at_1000_max": 0.119021,
        "nauc_map_at_1000_std": 0.009228,
        "nauc_map_at_1000_diff1": 0.366254,
        "nauc_recall_at_1_max": 0.172051,
        "nauc_recall_at_1_std": 0.000347,
        "nauc_recall_at_1_diff1": 0.487002,
        "nauc_recall_at_3_max": 0.108396,
        "nauc_recall_at_3_std": 0.020588,
        "nauc_recall_at_3_diff1": 0.302919,
        "nauc_recall_at_5_max": 0.068251,
        "nauc_recall_at_5_std": 0.016644,
        "nauc_recall_at_5_diff1": 0.286932,
        "nauc_recall_at_10_max": 0.077704,
        "nauc_recall_at_10_std": -0.000527,
        "nauc_recall_at_10_diff1": 0.228154,
        "nauc_recall_at_20_max": 0.0601,
        "nauc_recall_at_20_std": 0.011565,
        "nauc_recall_at_20_diff1": 0.193281,
        "nauc_recall_at_100_max": 0.106556,
        "nauc_recall_at_100_std": 0.106139,
        "nauc_recall_at_100_diff1": 0.187715,
        "nauc_recall_at_1000_max": 0.10292,
        "nauc_recall_at_1000_std": 0.089018,
        "nauc_recall_at_1000_diff1": 0.142225,
        "nauc_precision_at_1_max": 0.115763,
        "nauc_precision_at_1_std": 0.025285,
        "nauc_precision_at_1_diff1": 0.469198,
        "nauc_precision_at_3_max": 0.06584,
        "nauc_precision_at_3_std": 0.019102,
        "nauc_precision_at_3_diff1": 0.356485,
        "nauc_precision_at_5_max": 0.040428,
        "nauc_precision_at_5_std": 0.016563,
        "nauc_precision_at_5_diff1": 0.343443,
        "nauc_precision_at_10_max": 0.088117,
        "nauc_precision_at_10_std": 0.028017,
        "nauc_precision_at_10_diff1": 0.315252,
        "nauc_precision_at_20_max": 0.052515,
        "nauc_precision_at_20_std": 0.040872,
        "nauc_precision_at_20_diff1": 0.296703,
        "nauc_precision_at_100_max": 0.090999,
        "nauc_precision_at_100_std": 0.120871,
        "nauc_precision_at_100_diff1": 0.260568,
        "nauc_precision_at_1000_max": 0.002777,
        "nauc_precision_at_1000_std": 0.111777,
        "nauc_precision_at_1000_diff1": 0.14106,
        "nauc_mrr_at_1_max": 0.115763,
        "nauc_mrr_at_1_std": 0.025285,
        "nauc_mrr_at_1_diff1": 0.469198,
        "nauc_mrr_at_3_max": 0.10264,
        "nauc_mrr_at_3_std": 0.033138,
        "nauc_mrr_at_3_diff1": 0.397573,
        "nauc_mrr_at_5_max": 0.092259,
        "nauc_mrr_at_5_std": 0.030589,
        "nauc_mrr_at_5_diff1": 0.392315,
        "nauc_mrr_at_10_max": 0.090455,
        "nauc_mrr_at_10_std": 0.025829,
        "nauc_mrr_at_10_diff1": 0.379018,
        "nauc_mrr_at_20_max": 0.086849,
        "nauc_mrr_at_20_std": 0.02753,
        "nauc_mrr_at_20_diff1": 0.372331,
        "nauc_mrr_at_100_max": 0.088849,
        "nauc_mrr_at_100_std": 0.031274,
        "nauc_mrr_at_100_diff1": 0.370445,
        "nauc_mrr_at_1000_max": 0.08915,
        "nauc_mrr_at_1000_std": 0.031092,
        "nauc_mrr_at_1000_diff1": 0.370227,
        "main_score": 0.09314,
        "hf_subset": "default",
        "languages": [
          "fas-Arab"
        ]
      }
    ]
  },
  "evaluation_time": 199.8761694431305,
  "kg_co2_emissions": null
}