{
  "dataset_revision": "e907c4144dc27bc8a035d78d69e15f39c56623a9",
  "task_name": "CQADupstackGisRetrieval-Fa",
  "mteb_version": "1.34.14",
  "scores": {
    "test": [
      {
        "ndcg_at_1": 0.0565,
        "ndcg_at_3": 0.07435,
        "ndcg_at_5": 0.07982,
        "ndcg_at_10": 0.08507,
        "ndcg_at_20": 0.09223,
        "ndcg_at_100": 0.11363,
        "ndcg_at_1000": 0.14411,
        "map_at_1": 0.05188,
        "map_at_3": 0.06793,
        "map_at_5": 0.07115,
        "map_at_10": 0.07328,
        "map_at_20": 0.07511,
        "map_at_100": 0.07789,
        "map_at_1000": 0.07882,
        "recall_at_1": 0.05188,
        "recall_at_3": 0.08673,
        "recall_at_5": 0.10048,
        "recall_at_10": 0.11687,
        "recall_at_20": 0.14407,
        "recall_at_100": 0.25811,
        "recall_at_1000": 0.50252,
        "precision_at_1": 0.0565,
        "precision_at_3": 0.03202,
        "precision_at_5": 0.02237,
        "precision_at_10": 0.01288,
        "precision_at_20": 0.00814,
        "precision_at_100": 0.00296,
        "precision_at_1000": 0.00058,
        "mrr_at_1": 0.056497,
        "mrr_at_3": 0.07307,
        "mrr_at_5": 0.076403,
        "mrr_at_10": 0.078596,
        "mrr_at_20": 0.08092,
        "mrr_at_100": 0.083783,
        "mrr_at_1000": 0.084759,
        "nauc_ndcg_at_1_max": 0.168281,
        "nauc_ndcg_at_1_std": 0.016507,
        "nauc_ndcg_at_1_diff1": 0.481739,
        "nauc_ndcg_at_3_max": 0.189303,
        "nauc_ndcg_at_3_std": -0.017361,
        "nauc_ndcg_at_3_diff1": 0.405345,
        "nauc_ndcg_at_5_max": 0.185222,
        "nauc_ndcg_at_5_std": -0.000727,
        "nauc_ndcg_at_5_diff1": 0.377594,
        "nauc_ndcg_at_10_max": 0.176509,
        "nauc_ndcg_at_10_std": -0.002294,
        "nauc_ndcg_at_10_diff1": 0.370518,
        "nauc_ndcg_at_20_max": 0.165539,
        "nauc_ndcg_at_20_std": -0.008363,
        "nauc_ndcg_at_20_diff1": 0.344664,
        "nauc_ndcg_at_100_max": 0.156661,
        "nauc_ndcg_at_100_std": 0.015224,
        "nauc_ndcg_at_100_diff1": 0.311234,
        "nauc_ndcg_at_1000_max": 0.159395,
        "nauc_ndcg_at_1000_std": 0.038841,
        "nauc_ndcg_at_1000_diff1": 0.28581,
        "nauc_map_at_1_max": 0.196082,
        "nauc_map_at_1_std": -0.027057,
        "nauc_map_at_1_diff1": 0.510647,
        "nauc_map_at_3_max": 0.196752,
        "nauc_map_at_3_std": -0.0202,
        "nauc_map_at_3_diff1": 0.430455,
        "nauc_map_at_5_max": 0.193586,
        "nauc_map_at_5_std": -0.010373,
        "nauc_map_at_5_diff1": 0.411444,
        "nauc_map_at_10_max": 0.189712,
        "nauc_map_at_10_std": -0.010907,
        "nauc_map_at_10_diff1": 0.406965,
        "nauc_map_at_20_max": 0.185865,
        "nauc_map_at_20_std": -0.012565,
        "nauc_map_at_20_diff1": 0.398149,
        "nauc_map_at_100_max": 0.182774,
        "nauc_map_at_100_std": -0.008033,
        "nauc_map_at_100_diff1": 0.389878,
        "nauc_map_at_1000_max": 0.182923,
        "nauc_map_at_1000_std": -0.006965,
        "nauc_map_at_1000_diff1": 0.388898,
        "nauc_recall_at_1_max": 0.196082,
        "nauc_recall_at_1_std": -0.027057,
        "nauc_recall_at_1_diff1": 0.510647,
        "nauc_recall_at_3_max": 0.185279,
        "nauc_recall_at_3_std": -0.027584,
        "nauc_recall_at_3_diff1": 0.365147,
        "nauc_recall_at_5_max": 0.17854,
        "nauc_recall_at_5_std": 0.007073,
        "nauc_recall_at_5_diff1": 0.315281,
        "nauc_recall_at_10_max": 0.158563,
        "nauc_recall_at_10_std": 0.001515,
        "nauc_recall_at_10_diff1": 0.305924,
        "nauc_recall_at_20_max": 0.131867,
        "nauc_recall_at_20_std": -0.017343,
        "nauc_recall_at_20_diff1": 0.247513,
        "nauc_recall_at_100_max": 0.124472,
        "nauc_recall_at_100_std": 0.046532,
        "nauc_recall_at_100_diff1": 0.191103,
        "nauc_recall_at_1000_max": 0.133747,
        "nauc_recall_at_1000_std": 0.134676,
        "nauc_recall_at_1000_diff1": 0.088846,
        "nauc_precision_at_1_max": 0.168281,
        "nauc_precision_at_1_std": 0.016507,
        "nauc_precision_at_1_diff1": 0.481739,
        "nauc_precision_at_3_max": 0.175037,
        "nauc_precision_at_3_std": -0.003499,
        "nauc_precision_at_3_diff1": 0.345315,
        "nauc_precision_at_5_max": 0.174885,
        "nauc_precision_at_5_std": 0.026727,
        "nauc_precision_at_5_diff1": 0.302736,
        "nauc_precision_at_10_max": 0.1565,
        "nauc_precision_at_10_std": 0.020243,
        "nauc_precision_at_10_diff1": 0.296976,
        "nauc_precision_at_20_max": 0.13403,
        "nauc_precision_at_20_std": 0.004276,
        "nauc_precision_at_20_diff1": 0.238981,
        "nauc_precision_at_100_max": 0.113086,
        "nauc_precision_at_100_std": 0.078852,
        "nauc_precision_at_100_diff1": 0.173449,
        "nauc_precision_at_1000_max": 0.102134,
        "nauc_precision_at_1000_std": 0.168029,
        "nauc_precision_at_1000_diff1": 0.060992,
        "nauc_mrr_at_1_max": 0.168281,
        "nauc_mrr_at_1_std": 0.016507,
        "nauc_mrr_at_1_diff1": 0.481739,
        "nauc_mrr_at_3_max": 0.169685,
        "nauc_mrr_at_3_std": 0.001397,
        "nauc_mrr_at_3_diff1": 0.407806,
        "nauc_mrr_at_5_max": 0.171114,
        "nauc_mrr_at_5_std": 0.012897,
        "nauc_mrr_at_5_diff1": 0.391419,
        "nauc_mrr_at_10_max": 0.167644,
        "nauc_mrr_at_10_std": 0.012045,
        "nauc_mrr_at_10_diff1": 0.387468,
        "nauc_mrr_at_20_max": 0.164761,
        "nauc_mrr_at_20_std": 0.0109,
        "nauc_mrr_at_20_diff1": 0.378279,
        "nauc_mrr_at_100_max": 0.162169,
        "nauc_mrr_at_100_std": 0.014554,
        "nauc_mrr_at_100_diff1": 0.370238,
        "nauc_mrr_at_1000_max": 0.16214,
        "nauc_mrr_at_1000_std": 0.015334,
        "nauc_mrr_at_1000_diff1": 0.369337,
        "main_score": 0.08507,
        "hf_subset": "default",
        "languages": [
          "fas-Arab"
        ]
      }
    ]
  },
  "evaluation_time": 478.5951724052429,
  "kg_co2_emissions": null
}