{
  "dataset_revision": "13529e6e301e9d72f86def882cfbca04791d83f9",
  "task_name": "DBPedia-Fa",
  "mteb_version": "1.34.14",
  "scores": {
    "test": [
      {
        "ndcg_at_1": 0.25,
        "ndcg_at_3": 0.20819,
        "ndcg_at_5": 0.19326,
        "ndcg_at_10": 0.17784,
        "ndcg_at_20": 0.17045,
        "ndcg_at_100": 0.19554,
        "ndcg_at_1000": 0.25027,
        "map_at_1": 0.03917,
        "map_at_3": 0.05284,
        "map_at_5": 0.05893,
        "map_at_10": 0.06639,
        "map_at_20": 0.07301,
        "map_at_100": 0.08475,
        "map_at_1000": 0.09026,
        "recall_at_1": 0.03917,
        "recall_at_3": 0.06102,
        "recall_at_5": 0.07656,
        "recall_at_10": 0.09849,
        "recall_at_20": 0.12578,
        "recall_at_100": 0.22559,
        "recall_at_1000": 0.40144,
        "precision_at_1": 0.2925,
        "precision_at_3": 0.21333,
        "precision_at_5": 0.1775,
        "precision_at_10": 0.132,
        "precision_at_20": 0.09838,
        "precision_at_100": 0.04172,
        "precision_at_1000": 0.00935,
        "mrr_at_1": 0.2925,
        "mrr_at_3": 0.363333,
        "mrr_at_5": 0.381708,
        "mrr_at_10": 0.391232,
        "mrr_at_20": 0.395216,
        "mrr_at_100": 0.398379,
        "mrr_at_1000": 0.398996,
        "nauc_ndcg_at_1_max": 0.298334,
        "nauc_ndcg_at_1_std": 0.138659,
        "nauc_ndcg_at_1_diff1": 0.282848,
        "nauc_ndcg_at_3_max": 0.355668,
        "nauc_ndcg_at_3_std": 0.179163,
        "nauc_ndcg_at_3_diff1": 0.211543,
        "nauc_ndcg_at_5_max": 0.377639,
        "nauc_ndcg_at_5_std": 0.185989,
        "nauc_ndcg_at_5_diff1": 0.201234,
        "nauc_ndcg_at_10_max": 0.39121,
        "nauc_ndcg_at_10_std": 0.184071,
        "nauc_ndcg_at_10_diff1": 0.185076,
        "nauc_ndcg_at_20_max": 0.383638,
        "nauc_ndcg_at_20_std": 0.182954,
        "nauc_ndcg_at_20_diff1": 0.170485,
        "nauc_ndcg_at_100_max": 0.416117,
        "nauc_ndcg_at_100_std": 0.235072,
        "nauc_ndcg_at_100_diff1": 0.192529,
        "nauc_ndcg_at_1000_max": 0.454463,
        "nauc_ndcg_at_1000_std": 0.333913,
        "nauc_ndcg_at_1000_diff1": 0.19581,
        "nauc_map_at_1_max": 0.156729,
        "nauc_map_at_1_std": -0.135933,
        "nauc_map_at_1_diff1": 0.171611,
        "nauc_map_at_3_max": 0.207889,
        "nauc_map_at_3_std": -0.106674,
        "nauc_map_at_3_diff1": 0.140473,
        "nauc_map_at_5_max": 0.241279,
        "nauc_map_at_5_std": -0.076958,
        "nauc_map_at_5_diff1": 0.149067,
        "nauc_map_at_10_max": 0.274895,
        "nauc_map_at_10_std": -0.031937,
        "nauc_map_at_10_diff1": 0.153902,
        "nauc_map_at_20_max": 0.295715,
        "nauc_map_at_20_std": 0.014438,
        "nauc_map_at_20_diff1": 0.150977,
        "nauc_map_at_100_max": 0.341767,
        "nauc_map_at_100_std": 0.100013,
        "nauc_map_at_100_diff1": 0.154493,
        "nauc_map_at_1000_max": 0.357625,
        "nauc_map_at_1000_std": 0.134216,
        "nauc_map_at_1000_diff1": 0.154951,
        "nauc_recall_at_1_max": 0.156729,
        "nauc_recall_at_1_std": -0.135933,
        "nauc_recall_at_1_diff1": 0.171611,
        "nauc_recall_at_3_max": 0.189438,
        "nauc_recall_at_3_std": -0.111089,
        "nauc_recall_at_3_diff1": 0.097233,
        "nauc_recall_at_5_max": 0.223231,
        "nauc_recall_at_5_std": -0.081753,
        "nauc_recall_at_5_diff1": 0.096822,
        "nauc_recall_at_10_max": 0.269334,
        "nauc_recall_at_10_std": -0.022588,
        "nauc_recall_at_10_diff1": 0.101803,
        "nauc_recall_at_20_max": 0.294035,
        "nauc_recall_at_20_std": 0.055526,
        "nauc_recall_at_20_diff1": 0.082447,
        "nauc_recall_at_100_max": 0.333415,
        "nauc_recall_at_100_std": 0.162105,
        "nauc_recall_at_100_diff1": 0.115967,
        "nauc_recall_at_1000_max": 0.391684,
        "nauc_recall_at_1000_std": 0.338917,
        "nauc_recall_at_1000_diff1": 0.110393,
        "nauc_precision_at_1_max": 0.327711,
        "nauc_precision_at_1_std": 0.154067,
        "nauc_precision_at_1_diff1": 0.301256,
        "nauc_precision_at_3_max": 0.398401,
        "nauc_precision_at_3_std": 0.27188,
        "nauc_precision_at_3_diff1": 0.183394,
        "nauc_precision_at_5_max": 0.434807,
        "nauc_precision_at_5_std": 0.327964,
        "nauc_precision_at_5_diff1": 0.187668,
        "nauc_precision_at_10_max": 0.452725,
        "nauc_precision_at_10_std": 0.379294,
        "nauc_precision_at_10_diff1": 0.17171,
        "nauc_precision_at_20_max": 0.428198,
        "nauc_precision_at_20_std": 0.459361,
        "nauc_precision_at_20_diff1": 0.119041,
        "nauc_precision_at_100_max": 0.41833,
        "nauc_precision_at_100_std": 0.545857,
        "nauc_precision_at_100_diff1": 0.096651,
        "nauc_precision_at_1000_max": 0.312464,
        "nauc_precision_at_1000_std": 0.571596,
        "nauc_precision_at_1000_diff1": 0.056124,
        "nauc_mrr_at_1_max": 0.327711,
        "nauc_mrr_at_1_std": 0.154067,
        "nauc_mrr_at_1_diff1": 0.301256,
        "nauc_mrr_at_3_max": 0.38149,
        "nauc_mrr_at_3_std": 0.212813,
        "nauc_mrr_at_3_diff1": 0.270246,
        "nauc_mrr_at_5_max": 0.385814,
        "nauc_mrr_at_5_std": 0.222035,
        "nauc_mrr_at_5_diff1": 0.269091,
        "nauc_mrr_at_10_max": 0.38883,
        "nauc_mrr_at_10_std": 0.219836,
        "nauc_mrr_at_10_diff1": 0.27226,
        "nauc_mrr_at_20_max": 0.390435,
        "nauc_mrr_at_20_std": 0.222794,
        "nauc_mrr_at_20_diff1": 0.27032,
        "nauc_mrr_at_100_max": 0.389196,
        "nauc_mrr_at_100_std": 0.222966,
        "nauc_mrr_at_100_diff1": 0.27187,
        "nauc_mrr_at_1000_max": 0.388934,
        "nauc_mrr_at_1000_std": 0.22294,
        "nauc_mrr_at_1000_diff1": 0.271861,
        "main_score": 0.17784,
        "hf_subset": "default",
        "languages": [
          "fas-Arab"
        ]
      }
    ]
  },
  "evaluation_time": 22496.584667921066,
  "kg_co2_emissions": null
}