{
  "dataset_revision": "6d1962c527217f8927fca80f890f14f36b2802af",
  "task_name": "MIRACLReranking",
  "mteb_version": "1.34.14",
  "scores": {
    "dev": [
      {
        "NDCG@1(MIRACL)": 0.34652,
        "NDCG@3(MIRACL)": 0.3909,
        "NDCG@5(MIRACL)": 0.42722,
        "NDCG@10(MIRACL)": 0.47288,
        "NDCG@20(MIRACL)": 0.49953,
        "NDCG@100(MIRACL)": 0.52166,
        "NDCG@1000(MIRACL)": 0.52166,
        "MAP@1(MIRACL)": 0.24452,
        "MAP@3(MIRACL)": 0.33898,
        "MAP@5(MIRACL)": 0.36879,
        "MAP@10(MIRACL)": 0.39523,
        "MAP@20(MIRACL)": 0.40627,
        "MAP@100(MIRACL)": 0.41147,
        "MAP@1000(MIRACL)": 0.41147,
        "Recall@1(MIRACL)": 0.24452,
        "Recall@3(MIRACL)": 0.41926,
        "Recall@5(MIRACL)": 0.51142,
        "Recall@10(MIRACL)": 0.63532,
        "Recall@20(MIRACL)": 0.72094,
        "Recall@100(MIRACL)": 0.81487,
        "Recall@1000(MIRACL)": 0.81487,
        "P@1(MIRACL)": 0.34652,
        "P@3(MIRACL)": 0.22152,
        "P@5(MIRACL)": 0.16741,
        "P@10(MIRACL)": 0.10744,
        "P@20(MIRACL)": 0.06321,
        "P@100(MIRACL)": 0.01467,
        "P@1000(MIRACL)": 0.00147,
        "nAUC_NDCG@1_max(MIRACL)": 0.389108,
        "nAUC_NDCG@1_std(MIRACL)": 0.21372,
        "nAUC_NDCG@1_diff1(MIRACL)": 0.280624,
        "nAUC_NDCG@3_max(MIRACL)": 0.395371,
        "nAUC_NDCG@3_std(MIRACL)": 0.194056,
        "nAUC_NDCG@3_diff1(MIRACL)": 0.255533,
        "nAUC_NDCG@5_max(MIRACL)": 0.402631,
        "nAUC_NDCG@5_std(MIRACL)": 0.187584,
        "nAUC_NDCG@5_diff1(MIRACL)": 0.25116,
        "nAUC_NDCG@10_max(MIRACL)": 0.433973,
        "nAUC_NDCG@10_std(MIRACL)": 0.217503,
        "nAUC_NDCG@10_diff1(MIRACL)": 0.247368,
        "nAUC_NDCG@20_max(MIRACL)": 0.44722,
        "nAUC_NDCG@20_std(MIRACL)": 0.235063,
        "nAUC_NDCG@20_diff1(MIRACL)": 0.227464,
        "nAUC_NDCG@100_max(MIRACL)": 0.44229,
        "nAUC_NDCG@100_std(MIRACL)": 0.231695,
        "nAUC_NDCG@100_diff1(MIRACL)": 0.227426,
        "nAUC_NDCG@1000_max(MIRACL)": 0.44229,
        "nAUC_NDCG@1000_std(MIRACL)": 0.231695,
        "nAUC_NDCG@1000_diff1(MIRACL)": 0.227426,
        "nAUC_MAP@1_max(MIRACL)": 0.272932,
        "nAUC_MAP@1_std(MIRACL)": 0.124198,
        "nAUC_MAP@1_diff1(MIRACL)": 0.325359,
        "nAUC_MAP@3_max(MIRACL)": 0.35666,
        "nAUC_MAP@3_std(MIRACL)": 0.16199,
        "nAUC_MAP@3_diff1(MIRACL)": 0.281779,
        "nAUC_MAP@5_max(MIRACL)": 0.375288,
        "nAUC_MAP@5_std(MIRACL)": 0.16993,
        "nAUC_MAP@5_diff1(MIRACL)": 0.273055,
        "nAUC_MAP@10_max(MIRACL)": 0.398969,
        "nAUC_MAP@10_std(MIRACL)": 0.193222,
        "nAUC_MAP@10_diff1(MIRACL)": 0.269267,
        "nAUC_MAP@20_max(MIRACL)": 0.406395,
        "nAUC_MAP@20_std(MIRACL)": 0.201564,
        "nAUC_MAP@20_diff1(MIRACL)": 0.260656,
        "nAUC_MAP@100_max(MIRACL)": 0.406418,
        "nAUC_MAP@100_std(MIRACL)": 0.201593,
        "nAUC_MAP@100_diff1(MIRACL)": 0.261135,
        "nAUC_MAP@1000_max(MIRACL)": 0.406418,
        "nAUC_MAP@1000_std(MIRACL)": 0.201593,
        "nAUC_MAP@1000_diff1(MIRACL)": 0.261135,
        "nAUC_Recall@1_max(MIRACL)": 0.272932,
        "nAUC_Recall@1_std(MIRACL)": 0.124198,
        "nAUC_Recall@1_diff1(MIRACL)": 0.325359,
        "nAUC_Recall@3_max(MIRACL)": 0.346676,
        "nAUC_Recall@3_std(MIRACL)": 0.154119,
        "nAUC_Recall@3_diff1(MIRACL)": 0.24453,
        "nAUC_Recall@5_max(MIRACL)": 0.370309,
        "nAUC_Recall@5_std(MIRACL)": 0.152788,
        "nAUC_Recall@5_diff1(MIRACL)": 0.212558,
        "nAUC_Recall@10_max(MIRACL)": 0.462452,
        "nAUC_Recall@10_std(MIRACL)": 0.235666,
        "nAUC_Recall@10_diff1(MIRACL)": 0.190967,
        "nAUC_Recall@20_max(MIRACL)": 0.534083,
        "nAUC_Recall@20_std(MIRACL)": 0.319103,
        "nAUC_Recall@20_diff1(MIRACL)": 0.109246,
        "nAUC_Recall@100_max(MIRACL)": 0.55414,
        "nAUC_Recall@100_std(MIRACL)": 0.342173,
        "nAUC_Recall@100_diff1(MIRACL)": 0.079096,
        "nAUC_Recall@1000_max(MIRACL)": 0.55414,
        "nAUC_Recall@1000_std(MIRACL)": 0.342173,
        "nAUC_Recall@1000_diff1(MIRACL)": 0.079096,
        "nAUC_P@1_max(MIRACL)": 0.389108,
        "nAUC_P@1_std(MIRACL)": 0.21372,
        "nAUC_P@1_diff1(MIRACL)": 0.280624,
        "nAUC_P@3_max(MIRACL)": 0.456543,
        "nAUC_P@3_std(MIRACL)": 0.245376,
        "nAUC_P@3_diff1(MIRACL)": 0.111105,
        "nAUC_P@5_max(MIRACL)": 0.44441,
        "nAUC_P@5_std(MIRACL)": 0.246568,
        "nAUC_P@5_diff1(MIRACL)": 0.060013,
        "nAUC_P@10_max(MIRACL)": 0.426667,
        "nAUC_P@10_std(MIRACL)": 0.27032,
        "nAUC_P@10_diff1(MIRACL)": 0.019835,
        "nAUC_P@20_max(MIRACL)": 0.382482,
        "nAUC_P@20_std(MIRACL)": 0.260815,
        "nAUC_P@20_diff1(MIRACL)": -0.046447,
        "nAUC_P@100_max(MIRACL)": 0.289141,
        "nAUC_P@100_std(MIRACL)": 0.194647,
        "nAUC_P@100_diff1(MIRACL)": -0.067974,
        "nAUC_P@1000_max(MIRACL)": 0.289141,
        "nAUC_P@1000_std(MIRACL)": 0.194647,
        "nAUC_P@1000_diff1(MIRACL)": -0.067974,
        "main_score": 0.47288,
        "hf_subset": "fa",
        "languages": [
          "fas-Arab"
        ]
      }
    ]
  },
  "evaluation_time": 410.0165867805481,
  "kg_co2_emissions": null
}