{
  "dataset_revision": "main",
  "task_name": "MIRACLRetrieval",
  "mteb_version": "1.34.14",
  "scores": {
    "dev": [
      {
        "ndcg_at_1": 0.28165,
        "ndcg_at_3": 0.29354,
        "ndcg_at_5": 0.32138,
        "ndcg_at_10": 0.3498,
        "ndcg_at_20": 0.37857,
        "ndcg_at_100": 0.41222,
        "ndcg_at_1000": 0.43936,
        "map_at_1": 0.17756,
        "map_at_3": 0.24281,
        "map_at_5": 0.26774,
        "map_at_10": 0.28437,
        "map_at_20": 0.29492,
        "map_at_100": 0.30077,
        "map_at_1000": 0.30208,
        "recall_at_1": 0.17756,
        "recall_at_3": 0.29596,
        "recall_at_5": 0.37053,
        "recall_at_10": 0.44908,
        "recall_at_20": 0.54011,
        "recall_at_100": 0.68979,
        "recall_at_1000": 0.86997,
        "precision_at_1": 0.28165,
        "precision_at_3": 0.17511,
        "precision_at_5": 0.13734,
        "precision_at_10": 0.08608,
        "precision_at_20": 0.05324,
        "precision_at_100": 0.01397,
        "precision_at_1000": 0.00179,
        "mrr_at_1": 0.281646,
        "mrr_at_3": 0.346519,
        "mrr_at_5": 0.363687,
        "mrr_at_10": 0.373781,
        "mrr_at_20": 0.380494,
        "mrr_at_100": 0.383735,
        "mrr_at_1000": 0.384325,
        "nauc_ndcg_at_1_max": 0.421448,
        "nauc_ndcg_at_1_std": 0.070674,
        "nauc_ndcg_at_1_diff1": 0.385027,
        "nauc_ndcg_at_3_max": 0.418215,
        "nauc_ndcg_at_3_std": 0.09239,
        "nauc_ndcg_at_3_diff1": 0.317389,
        "nauc_ndcg_at_5_max": 0.437054,
        "nauc_ndcg_at_5_std": 0.117192,
        "nauc_ndcg_at_5_diff1": 0.308029,
        "nauc_ndcg_at_10_max": 0.441454,
        "nauc_ndcg_at_10_std": 0.122128,
        "nauc_ndcg_at_10_diff1": 0.313362,
        "nauc_ndcg_at_20_max": 0.457472,
        "nauc_ndcg_at_20_std": 0.156454,
        "nauc_ndcg_at_20_diff1": 0.311952,
        "nauc_ndcg_at_100_max": 0.459265,
        "nauc_ndcg_at_100_std": 0.175418,
        "nauc_ndcg_at_100_diff1": 0.309328,
        "nauc_ndcg_at_1000_max": 0.459427,
        "nauc_ndcg_at_1000_std": 0.174465,
        "nauc_ndcg_at_1000_diff1": 0.313459,
        "nauc_map_at_1_max": 0.339085,
        "nauc_map_at_1_std": -0.009496,
        "nauc_map_at_1_diff1": 0.408342,
        "nauc_map_at_3_max": 0.386254,
        "nauc_map_at_3_std": 0.053113,
        "nauc_map_at_3_diff1": 0.336438,
        "nauc_map_at_5_max": 0.408181,
        "nauc_map_at_5_std": 0.076357,
        "nauc_map_at_5_diff1": 0.328981,
        "nauc_map_at_10_max": 0.415814,
        "nauc_map_at_10_std": 0.089486,
        "nauc_map_at_10_diff1": 0.328588,
        "nauc_map_at_20_max": 0.424336,
        "nauc_map_at_20_std": 0.104678,
        "nauc_map_at_20_diff1": 0.326911,
        "nauc_map_at_100_max": 0.425859,
        "nauc_map_at_100_std": 0.109976,
        "nauc_map_at_100_diff1": 0.326329,
        "nauc_map_at_1000_max": 0.425984,
        "nauc_map_at_1000_std": 0.109944,
        "nauc_map_at_1000_diff1": 0.326482,
        "nauc_recall_at_1_max": 0.339085,
        "nauc_recall_at_1_std": -0.009496,
        "nauc_recall_at_1_diff1": 0.408342,
        "nauc_recall_at_3_max": 0.375651,
        "nauc_recall_at_3_std": 0.080036,
        "nauc_recall_at_3_diff1": 0.269227,
        "nauc_recall_at_5_max": 0.413326,
        "nauc_recall_at_5_std": 0.131019,
        "nauc_recall_at_5_diff1": 0.237718,
        "nauc_recall_at_10_max": 0.41985,
        "nauc_recall_at_10_std": 0.13905,
        "nauc_recall_at_10_diff1": 0.241285,
        "nauc_recall_at_20_max": 0.455118,
        "nauc_recall_at_20_std": 0.235963,
        "nauc_recall_at_20_diff1": 0.230866,
        "nauc_recall_at_100_max": 0.459288,
        "nauc_recall_at_100_std": 0.331639,
        "nauc_recall_at_100_diff1": 0.208245,
        "nauc_recall_at_1000_max": 0.505404,
        "nauc_recall_at_1000_std": 0.493464,
        "nauc_recall_at_1000_diff1": 0.197546,
        "nauc_precision_at_1_max": 0.421448,
        "nauc_precision_at_1_std": 0.070674,
        "nauc_precision_at_1_diff1": 0.385027,
        "nauc_precision_at_3_max": 0.457698,
        "nauc_precision_at_3_std": 0.195169,
        "nauc_precision_at_3_diff1": 0.211792,
        "nauc_precision_at_5_max": 0.467382,
        "nauc_precision_at_5_std": 0.252479,
        "nauc_precision_at_5_diff1": 0.1731,
        "nauc_precision_at_10_max": 0.438479,
        "nauc_precision_at_10_std": 0.262336,
        "nauc_precision_at_10_diff1": 0.150317,
        "nauc_precision_at_20_max": 0.416121,
        "nauc_precision_at_20_std": 0.317465,
        "nauc_precision_at_20_diff1": 0.105149,
        "nauc_precision_at_100_max": 0.331164,
        "nauc_precision_at_100_std": 0.343964,
        "nauc_precision_at_100_diff1": 0.037785,
        "nauc_precision_at_1000_max": 0.20239,
        "nauc_precision_at_1000_std": 0.274486,
        "nauc_precision_at_1000_diff1": -0.021209,
        "nauc_mrr_at_1_max": 0.421448,
        "nauc_mrr_at_1_std": 0.070674,
        "nauc_mrr_at_1_diff1": 0.385027,
        "nauc_mrr_at_3_max": 0.443015,
        "nauc_mrr_at_3_std": 0.111816,
        "nauc_mrr_at_3_diff1": 0.342184,
        "nauc_mrr_at_5_max": 0.449311,
        "nauc_mrr_at_5_std": 0.127186,
        "nauc_mrr_at_5_diff1": 0.334097,
        "nauc_mrr_at_10_max": 0.447604,
        "nauc_mrr_at_10_std": 0.122232,
        "nauc_mrr_at_10_diff1": 0.339252,
        "nauc_mrr_at_20_max": 0.449549,
        "nauc_mrr_at_20_std": 0.12775,
        "nauc_mrr_at_20_diff1": 0.34051,
        "nauc_mrr_at_100_max": 0.448439,
        "nauc_mrr_at_100_std": 0.127656,
        "nauc_mrr_at_100_diff1": 0.340211,
        "nauc_mrr_at_1000_max": 0.448255,
        "nauc_mrr_at_1000_std": 0.127455,
        "nauc_mrr_at_1000_diff1": 0.340272,
        "main_score": 0.3498,
        "hf_subset": "fa",
        "languages": [
          "fas-Arab"
        ]
      }
    ]
  },
  "evaluation_time": 9563.916205406189,
  "kg_co2_emissions": null
}