{
  "dataset_revision": "88f90b0b04f91778ba5341095b0a9f1d7799ce10",
  "task_name": "MSMARCO-Fa",
  "mteb_version": "1.34.14",
  "scores": {
    "dev": [
      {
        "ndcg_at_1": 0.04986,
        "ndcg_at_3": 0.07633,
        "ndcg_at_5": 0.08571,
        "ndcg_at_10": 0.09837,
        "ndcg_at_20": 0.10898,
        "ndcg_at_100": 0.12902,
        "ndcg_at_1000": 0.15067,
        "map_at_1": 0.0479,
        "map_at_3": 0.06885,
        "map_at_5": 0.07404,
        "map_at_10": 0.07933,
        "map_at_20": 0.08228,
        "map_at_100": 0.08488,
        "map_at_1000": 0.08558,
        "recall_at_1": 0.0479,
        "recall_at_3": 0.09583,
        "recall_at_5": 0.11856,
        "recall_at_10": 0.15718,
        "recall_at_20": 0.19841,
        "recall_at_100": 0.30758,
        "recall_at_1000": 0.48281,
        "precision_at_1": 0.04986,
        "precision_at_3": 0.03309,
        "precision_at_5": 0.02453,
        "precision_at_10": 0.01628,
        "precision_at_20": 0.0103,
        "precision_at_100": 0.00321,
        "precision_at_1000": 0.00051,
        "mrr_at_1": 0.049713,
        "mrr_at_3": 0.071108,
        "mrr_at_5": 0.076351,
        "mrr_at_10": 0.081621,
        "mrr_at_20": 0.084603,
        "mrr_at_100": 0.087258,
        "mrr_at_1000": 0.08794,
        "nauc_ndcg_at_1_max": 0.25193,
        "nauc_ndcg_at_1_std": 0.048143,
        "nauc_ndcg_at_1_diff1": 0.347495,
        "nauc_ndcg_at_3_max": 0.243556,
        "nauc_ndcg_at_3_std": 0.072419,
        "nauc_ndcg_at_3_diff1": 0.238538,
        "nauc_ndcg_at_5_max": 0.252335,
        "nauc_ndcg_at_5_std": 0.091936,
        "nauc_ndcg_at_5_diff1": 0.232302,
        "nauc_ndcg_at_10_max": 0.264294,
        "nauc_ndcg_at_10_std": 0.116396,
        "nauc_ndcg_at_10_diff1": 0.228505,
        "nauc_ndcg_at_20_max": 0.259854,
        "nauc_ndcg_at_20_std": 0.129132,
        "nauc_ndcg_at_20_diff1": 0.217547,
        "nauc_ndcg_at_100_max": 0.267417,
        "nauc_ndcg_at_100_std": 0.155136,
        "nauc_ndcg_at_100_diff1": 0.209543,
        "nauc_ndcg_at_1000_max": 0.273876,
        "nauc_ndcg_at_1000_std": 0.17017,
        "nauc_ndcg_at_1000_diff1": 0.211242,
        "nauc_map_at_1_max": 0.242767,
        "nauc_map_at_1_std": 0.037633,
        "nauc_map_at_1_diff1": 0.344815,
        "nauc_map_at_3_max": 0.243737,
        "nauc_map_at_3_std": 0.064471,
        "nauc_map_at_3_diff1": 0.257215,
        "nauc_map_at_5_max": 0.249092,
        "nauc_map_at_5_std": 0.076835,
        "nauc_map_at_5_diff1": 0.252597,
        "nauc_map_at_10_max": 0.255315,
        "nauc_map_at_10_std": 0.089949,
        "nauc_map_at_10_diff1": 0.249881,
        "nauc_map_at_20_max": 0.253954,
        "nauc_map_at_20_std": 0.094891,
        "nauc_map_at_20_diff1": 0.245692,
        "nauc_map_at_100_max": 0.255637,
        "nauc_map_at_100_std": 0.099929,
        "nauc_map_at_100_diff1": 0.244178,
        "nauc_map_at_1000_max": 0.255857,
        "nauc_map_at_1000_std": 0.100587,
        "nauc_map_at_1000_diff1": 0.244196,
        "nauc_recall_at_1_max": 0.242767,
        "nauc_recall_at_1_std": 0.037633,
        "nauc_recall_at_1_diff1": 0.344815,
        "nauc_recall_at_3_max": 0.238923,
        "nauc_recall_at_3_std": 0.083817,
        "nauc_recall_at_3_diff1": 0.197989,
        "nauc_recall_at_5_max": 0.253644,
        "nauc_recall_at_5_std": 0.116836,
        "nauc_recall_at_5_diff1": 0.189991,
        "nauc_recall_at_10_max": 0.278165,
        "nauc_recall_at_10_std": 0.161594,
        "nauc_recall_at_10_diff1": 0.190935,
        "nauc_recall_at_20_max": 0.265435,
        "nauc_recall_at_20_std": 0.183567,
        "nauc_recall_at_20_diff1": 0.171019,
        "nauc_recall_at_100_max": 0.281841,
        "nauc_recall_at_100_std": 0.24505,
        "nauc_recall_at_100_diff1": 0.15321,
        "nauc_recall_at_1000_max": 0.309712,
        "nauc_recall_at_1000_std": 0.305753,
        "nauc_recall_at_1000_diff1": 0.162505,
        "nauc_precision_at_1_max": 0.25193,
        "nauc_precision_at_1_std": 0.048143,
        "nauc_precision_at_1_diff1": 0.347495,
        "nauc_precision_at_3_max": 0.245909,
        "nauc_precision_at_3_std": 0.088907,
        "nauc_precision_at_3_diff1": 0.20293,
        "nauc_precision_at_5_max": 0.263044,
        "nauc_precision_at_5_std": 0.123641,
        "nauc_precision_at_5_diff1": 0.1976,
        "nauc_precision_at_10_max": 0.286571,
        "nauc_precision_at_10_std": 0.168444,
        "nauc_precision_at_10_diff1": 0.197303,
        "nauc_precision_at_20_max": 0.27258,
        "nauc_precision_at_20_std": 0.190764,
        "nauc_precision_at_20_diff1": 0.176872,
        "nauc_precision_at_100_max": 0.290157,
        "nauc_precision_at_100_std": 0.256076,
        "nauc_precision_at_100_diff1": 0.159899,
        "nauc_precision_at_1000_max": 0.311423,
        "nauc_precision_at_1000_std": 0.315684,
        "nauc_precision_at_1000_diff1": 0.162835,
        "nauc_mrr_at_1_max": 0.249774,
        "nauc_mrr_at_1_std": 0.046374,
        "nauc_mrr_at_1_diff1": 0.350152,
        "nauc_mrr_at_3_max": 0.248663,
        "nauc_mrr_at_3_std": 0.071984,
        "nauc_mrr_at_3_diff1": 0.259515,
        "nauc_mrr_at_5_max": 0.254044,
        "nauc_mrr_at_5_std": 0.084279,
        "nauc_mrr_at_5_diff1": 0.255436,
        "nauc_mrr_at_10_max": 0.259052,
        "nauc_mrr_at_10_std": 0.096141,
        "nauc_mrr_at_10_diff1": 0.251691,
        "nauc_mrr_at_20_max": 0.257743,
        "nauc_mrr_at_20_std": 0.101276,
        "nauc_mrr_at_20_diff1": 0.247366,
        "nauc_mrr_at_100_max": 0.259202,
        "nauc_mrr_at_100_std": 0.106158,
        "nauc_mrr_at_100_diff1": 0.245926,
        "nauc_mrr_at_1000_max": 0.259403,
        "nauc_mrr_at_1000_std": 0.106722,
        "nauc_mrr_at_1000_diff1": 0.245921,
        "main_score": 0.09837,
        "hf_subset": "default",
        "languages": [
          "fas-Arab"
        ]
      }
    ]
  },
  "evaluation_time": 48906.743282556534,
  "kg_co2_emissions": null
}