{
  "dataset_revision": "6611ebf4b4c1aaf8b021e4728440db2188291b8b",
  "task_name": "SCIDOCS-Fa",
  "mteb_version": "1.34.14",
  "scores": {
    "test": [
      {
        "ndcg_at_1": 0.105,
        "ndcg_at_3": 0.08092,
        "ndcg_at_5": 0.0697,
        "ndcg_at_10": 0.08303,
        "ndcg_at_20": 0.09508,
        "ndcg_at_100": 0.12063,
        "ndcg_at_1000": 0.15889,
        "map_at_1": 0.0213,
        "map_at_3": 0.0348,
        "map_at_5": 0.04027,
        "map_at_10": 0.04563,
        "map_at_20": 0.04883,
        "map_at_100": 0.05269,
        "map_at_1000": 0.05416,
        "recall_at_1": 0.0213,
        "recall_at_3": 0.0447,
        "recall_at_5": 0.06025,
        "recall_at_10": 0.08445,
        "recall_at_20": 0.11278,
        "recall_at_100": 0.19615,
        "recall_at_1000": 0.38557,
        "precision_at_1": 0.105,
        "precision_at_3": 0.07367,
        "precision_at_5": 0.0596,
        "precision_at_10": 0.0417,
        "precision_at_20": 0.02785,
        "precision_at_100": 0.00969,
        "precision_at_1000": 0.0019,
        "mrr_at_1": 0.105,
        "mrr_at_3": 0.140667,
        "mrr_at_5": 0.151467,
        "mrr_at_10": 0.160195,
        "mrr_at_20": 0.165674,
        "mrr_at_100": 0.169625,
        "mrr_at_1000": 0.17072,
        "nauc_ndcg_at_1_max": 0.176903,
        "nauc_ndcg_at_1_std": 0.104476,
        "nauc_ndcg_at_1_diff1": 0.229758,
        "nauc_ndcg_at_3_max": 0.220873,
        "nauc_ndcg_at_3_std": 0.155998,
        "nauc_ndcg_at_3_diff1": 0.199939,
        "nauc_ndcg_at_5_max": 0.235126,
        "nauc_ndcg_at_5_std": 0.179768,
        "nauc_ndcg_at_5_diff1": 0.18866,
        "nauc_ndcg_at_10_max": 0.258339,
        "nauc_ndcg_at_10_std": 0.1902,
        "nauc_ndcg_at_10_diff1": 0.171841,
        "nauc_ndcg_at_20_max": 0.282227,
        "nauc_ndcg_at_20_std": 0.215629,
        "nauc_ndcg_at_20_diff1": 0.165235,
        "nauc_ndcg_at_100_max": 0.286005,
        "nauc_ndcg_at_100_std": 0.251508,
        "nauc_ndcg_at_100_diff1": 0.160853,
        "nauc_ndcg_at_1000_max": 0.294586,
        "nauc_ndcg_at_1000_std": 0.281905,
        "nauc_ndcg_at_1000_diff1": 0.151806,
        "nauc_map_at_1_max": 0.18094,
        "nauc_map_at_1_std": 0.107831,
        "nauc_map_at_1_diff1": 0.228079,
        "nauc_map_at_3_max": 0.227546,
        "nauc_map_at_3_std": 0.155756,
        "nauc_map_at_3_diff1": 0.204031,
        "nauc_map_at_5_max": 0.242172,
        "nauc_map_at_5_std": 0.174509,
        "nauc_map_at_5_diff1": 0.194345,
        "nauc_map_at_10_max": 0.267807,
        "nauc_map_at_10_std": 0.185589,
        "nauc_map_at_10_diff1": 0.182129,
        "nauc_map_at_20_max": 0.283791,
        "nauc_map_at_20_std": 0.198839,
        "nauc_map_at_20_diff1": 0.179787,
        "nauc_map_at_100_max": 0.289425,
        "nauc_map_at_100_std": 0.215545,
        "nauc_map_at_100_diff1": 0.177856,
        "nauc_map_at_1000_max": 0.291266,
        "nauc_map_at_1000_std": 0.220246,
        "nauc_map_at_1000_diff1": 0.177759,
        "nauc_recall_at_1_max": 0.18094,
        "nauc_recall_at_1_std": 0.107831,
        "nauc_recall_at_1_diff1": 0.228079,
        "nauc_recall_at_3_max": 0.237503,
        "nauc_recall_at_3_std": 0.176928,
        "nauc_recall_at_3_diff1": 0.186906,
        "nauc_recall_at_5_max": 0.252406,
        "nauc_recall_at_5_std": 0.208509,
        "nauc_recall_at_5_diff1": 0.16734,
        "nauc_recall_at_10_max": 0.280699,
        "nauc_recall_at_10_std": 0.214137,
        "nauc_recall_at_10_diff1": 0.132231,
        "nauc_recall_at_20_max": 0.323495,
        "nauc_recall_at_20_std": 0.261949,
        "nauc_recall_at_20_diff1": 0.1214,
        "nauc_recall_at_100_max": 0.301259,
        "nauc_recall_at_100_std": 0.315494,
        "nauc_recall_at_100_diff1": 0.113241,
        "nauc_recall_at_1000_max": 0.286432,
        "nauc_recall_at_1000_std": 0.361641,
        "nauc_recall_at_1000_diff1": 0.071863,
        "nauc_precision_at_1_max": 0.176903,
        "nauc_precision_at_1_std": 0.104476,
        "nauc_precision_at_1_diff1": 0.229758,
        "nauc_precision_at_3_max": 0.235486,
        "nauc_precision_at_3_std": 0.174603,
        "nauc_precision_at_3_diff1": 0.188052,
        "nauc_precision_at_5_max": 0.250269,
        "nauc_precision_at_5_std": 0.206342,
        "nauc_precision_at_5_diff1": 0.168691,
        "nauc_precision_at_10_max": 0.280545,
        "nauc_precision_at_10_std": 0.213434,
        "nauc_precision_at_10_diff1": 0.135318,
        "nauc_precision_at_20_max": 0.323772,
        "nauc_precision_at_20_std": 0.261439,
        "nauc_precision_at_20_diff1": 0.12457,
        "nauc_precision_at_100_max": 0.301045,
        "nauc_precision_at_100_std": 0.315509,
        "nauc_precision_at_100_diff1": 0.115052,
        "nauc_precision_at_1000_max": 0.288386,
        "nauc_precision_at_1000_std": 0.360219,
        "nauc_precision_at_1000_diff1": 0.073708,
        "nauc_mrr_at_1_max": 0.176903,
        "nauc_mrr_at_1_std": 0.104476,
        "nauc_mrr_at_1_diff1": 0.229758,
        "nauc_mrr_at_3_max": 0.198878,
        "nauc_mrr_at_3_std": 0.139078,
        "nauc_mrr_at_3_diff1": 0.20327,
        "nauc_mrr_at_5_max": 0.197585,
        "nauc_mrr_at_5_std": 0.15047,
        "nauc_mrr_at_5_diff1": 0.19811,
        "nauc_mrr_at_10_max": 0.200355,
        "nauc_mrr_at_10_std": 0.149705,
        "nauc_mrr_at_10_diff1": 0.192105,
        "nauc_mrr_at_20_max": 0.202666,
        "nauc_mrr_at_20_std": 0.154332,
        "nauc_mrr_at_20_diff1": 0.188685,
        "nauc_mrr_at_100_max": 0.201648,
        "nauc_mrr_at_100_std": 0.155387,
        "nauc_mrr_at_100_diff1": 0.187711,
        "nauc_mrr_at_1000_max": 0.201698,
        "nauc_mrr_at_1000_std": 0.155301,
        "nauc_mrr_at_1000_diff1": 0.187844,
        "main_score": 0.08303,
        "hf_subset": "default",
        "languages": [
          "fas-Arab"
        ]
      }
    ]
  },
  "evaluation_time": 333.51846051216125,
  "kg_co2_emissions": null
}