{
  "dataset_revision": "7723397096199c4d6f367b445fccaf282c518abe",
  "task_name": "SciFact-Fa",
  "mteb_version": "1.34.14",
  "scores": {
    "test": [
      {
        "ndcg_at_1": 0.35333,
        "ndcg_at_3": 0.40464,
        "ndcg_at_5": 0.44608,
        "ndcg_at_10": 0.46763,
        "ndcg_at_20": 0.48788,
        "ndcg_at_100": 0.51683,
        "ndcg_at_1000": 0.53179,
        "map_at_1": 0.33594,
        "map_at_3": 0.38333,
        "map_at_5": 0.40783,
        "map_at_10": 0.41694,
        "map_at_20": 0.42295,
        "map_at_100": 0.4275,
        "map_at_1000": 0.42805,
        "recall_at_1": 0.33594,
        "recall_at_3": 0.44278,
        "recall_at_5": 0.54511,
        "recall_at_10": 0.61122,
        "recall_at_20": 0.68717,
        "recall_at_100": 0.83572,
        "recall_at_1000": 0.95267,
        "precision_at_1": 0.35333,
        "precision_at_3": 0.16222,
        "precision_at_5": 0.12,
        "precision_at_10": 0.068,
        "precision_at_20": 0.03883,
        "precision_at_100": 0.00953,
        "precision_at_1000": 0.00108,
        "mrr_at_1": 0.353333,
        "mrr_at_3": 0.4,
        "mrr_at_5": 0.423833,
        "mrr_at_10": 0.431571,
        "mrr_at_20": 0.436961,
        "mrr_at_100": 0.440617,
        "mrr_at_1000": 0.441121,
        "nauc_ndcg_at_1_max": 0.443348,
        "nauc_ndcg_at_1_std": -0.02147,
        "nauc_ndcg_at_1_diff1": 0.666471,
        "nauc_ndcg_at_3_max": 0.428179,
        "nauc_ndcg_at_3_std": -0.002256,
        "nauc_ndcg_at_3_diff1": 0.597689,
        "nauc_ndcg_at_5_max": 0.431092,
        "nauc_ndcg_at_5_std": 0.008968,
        "nauc_ndcg_at_5_diff1": 0.575692,
        "nauc_ndcg_at_10_max": 0.434322,
        "nauc_ndcg_at_10_std": 0.025617,
        "nauc_ndcg_at_10_diff1": 0.57092,
        "nauc_ndcg_at_20_max": 0.435985,
        "nauc_ndcg_at_20_std": 0.036713,
        "nauc_ndcg_at_20_diff1": 0.564148,
        "nauc_ndcg_at_100_max": 0.431598,
        "nauc_ndcg_at_100_std": 0.028513,
        "nauc_ndcg_at_100_diff1": 0.58285,
        "nauc_ndcg_at_1000_max": 0.433291,
        "nauc_ndcg_at_1000_std": 0.031587,
        "nauc_ndcg_at_1000_diff1": 0.584782,
        "nauc_map_at_1_max": 0.420388,
        "nauc_map_at_1_std": -0.041521,
        "nauc_map_at_1_diff1": 0.673535,
        "nauc_map_at_3_max": 0.422433,
        "nauc_map_at_3_std": -0.013678,
        "nauc_map_at_3_diff1": 0.614153,
        "nauc_map_at_5_max": 0.423215,
        "nauc_map_at_5_std": -0.007923,
        "nauc_map_at_5_diff1": 0.602884,
        "nauc_map_at_10_max": 0.427444,
        "nauc_map_at_10_std": 0.001011,
        "nauc_map_at_10_diff1": 0.602884,
        "nauc_map_at_20_max": 0.428894,
        "nauc_map_at_20_std": 0.005826,
        "nauc_map_at_20_diff1": 0.601121,
        "nauc_map_at_100_max": 0.428239,
        "nauc_map_at_100_std": 0.005686,
        "nauc_map_at_100_diff1": 0.603588,
        "nauc_map_at_1000_max": 0.428322,
        "nauc_map_at_1000_std": 0.005913,
        "nauc_map_at_1000_diff1": 0.603653,
        "nauc_recall_at_1_max": 0.420388,
        "nauc_recall_at_1_std": -0.041521,
        "nauc_recall_at_1_diff1": 0.673535,
        "nauc_recall_at_3_max": 0.422438,
        "nauc_recall_at_3_std": 0.016947,
        "nauc_recall_at_3_diff1": 0.541412,
        "nauc_recall_at_5_max": 0.427359,
        "nauc_recall_at_5_std": 0.042863,
        "nauc_recall_at_5_diff1": 0.485002,
        "nauc_recall_at_10_max": 0.422331,
        "nauc_recall_at_10_std": 0.089155,
        "nauc_recall_at_10_diff1": 0.45369,
        "nauc_recall_at_20_max": 0.429039,
        "nauc_recall_at_20_std": 0.137865,
        "nauc_recall_at_20_diff1": 0.408978,
        "nauc_recall_at_100_max": 0.384204,
        "nauc_recall_at_100_std": 0.093414,
        "nauc_recall_at_100_diff1": 0.512057,
        "nauc_recall_at_1000_max": 0.360286,
        "nauc_recall_at_1000_std": 0.341441,
        "nauc_recall_at_1000_diff1": 0.494917,
        "nauc_precision_at_1_max": 0.443348,
        "nauc_precision_at_1_std": -0.02147,
        "nauc_precision_at_1_diff1": 0.666471,
        "nauc_precision_at_3_max": 0.402161,
        "nauc_precision_at_3_std": 0.048856,
        "nauc_precision_at_3_diff1": 0.487412,
        "nauc_precision_at_5_max": 0.393265,
        "nauc_precision_at_5_std": 0.089546,
        "nauc_precision_at_5_diff1": 0.405893,
        "nauc_precision_at_10_max": 0.404359,
        "nauc_precision_at_10_std": 0.158302,
        "nauc_precision_at_10_diff1": 0.349399,
        "nauc_precision_at_20_max": 0.367046,
        "nauc_precision_at_20_std": 0.20826,
        "nauc_precision_at_20_diff1": 0.251408,
        "nauc_precision_at_100_max": 0.233677,
        "nauc_precision_at_100_std": 0.178721,
        "nauc_precision_at_100_diff1": 0.170736,
        "nauc_precision_at_1000_max": 0.129908,
        "nauc_precision_at_1000_std": 0.214248,
        "nauc_precision_at_1000_diff1": -0.01934,
        "nauc_mrr_at_1_max": 0.443348,
        "nauc_mrr_at_1_std": -0.02147,
        "nauc_mrr_at_1_diff1": 0.666471,
        "nauc_mrr_at_3_max": 0.448282,
        "nauc_mrr_at_3_std": 0.005832,
        "nauc_mrr_at_3_diff1": 0.610436,
        "nauc_mrr_at_5_max": 0.44752,
        "nauc_mrr_at_5_std": 0.007869,
        "nauc_mrr_at_5_diff1": 0.600788,
        "nauc_mrr_at_10_max": 0.447009,
        "nauc_mrr_at_10_std": 0.014111,
        "nauc_mrr_at_10_diff1": 0.598437,
        "nauc_mrr_at_20_max": 0.446502,
        "nauc_mrr_at_20_std": 0.017245,
        "nauc_mrr_at_20_diff1": 0.596991,
        "nauc_mrr_at_100_max": 0.446003,
        "nauc_mrr_at_100_std": 0.015757,
        "nauc_mrr_at_100_diff1": 0.599696,
        "nauc_mrr_at_1000_max": 0.446117,
        "nauc_mrr_at_1000_std": 0.016071,
        "nauc_mrr_at_1000_diff1": 0.599805,
        "main_score": 0.46763,
        "hf_subset": "default",
        "languages": [
          "fas-Arab"
        ]
      }
    ]
  },
  "evaluation_time": 84.35275912284851,
  "kg_co2_emissions": null
}