{
  "dataset_revision": "da8f36a723da155738f5e3d8d84d543589bd5083",
  "task_name": "SynPerChatbotRAGTopicsRetrieval",
  "mteb_version": "1.34.14",
  "scores": {
    "test": [
      {
        "ndcg_at_1": 0.44066,
        "ndcg_at_3": 0.35576,
        "ndcg_at_5": 0.40455,
        "ndcg_at_10": 0.47457,
        "ndcg_at_20": 0.5252,
        "ndcg_at_100": 0.57818,
        "ndcg_at_1000": 0.59514,
        "map_at_1": 0.13924,
        "map_at_3": 0.24325,
        "map_at_5": 0.2877,
        "map_at_10": 0.33211,
        "map_at_20": 0.3561,
        "map_at_100": 0.37071,
        "map_at_1000": 0.37209,
        "recall_at_1": 0.13924,
        "recall_at_3": 0.31043,
        "recall_at_5": 0.41817,
        "recall_at_10": 0.56736,
        "recall_at_20": 0.70589,
        "recall_at_100": 0.9,
        "recall_at_1000": 0.99154,
        "precision_at_1": 0.44066,
        "precision_at_3": 0.32843,
        "precision_at_5": 0.26642,
        "precision_at_10": 0.18169,
        "precision_at_20": 0.11306,
        "precision_at_100": 0.02896,
        "precision_at_1000": 0.00319,
        "mrr_at_1": 0.439742,
        "mrr_at_3": 0.58019,
        "mrr_at_5": 0.605949,
        "mrr_at_10": 0.615146,
        "mrr_at_20": 0.617657,
        "mrr_at_100": 0.618237,
        "mrr_at_1000": 0.618287,
        "nauc_ndcg_at_1_max": 0.099848,
        "nauc_ndcg_at_1_std": -0.093191,
        "nauc_ndcg_at_1_diff1": 0.237983,
        "nauc_ndcg_at_3_max": 0.097898,
        "nauc_ndcg_at_3_std": -0.100757,
        "nauc_ndcg_at_3_diff1": 0.157495,
        "nauc_ndcg_at_5_max": 0.130733,
        "nauc_ndcg_at_5_std": -0.106732,
        "nauc_ndcg_at_5_diff1": 0.153478,
        "nauc_ndcg_at_10_max": 0.139656,
        "nauc_ndcg_at_10_std": -0.069862,
        "nauc_ndcg_at_10_diff1": 0.15035,
        "nauc_ndcg_at_20_max": 0.143717,
        "nauc_ndcg_at_20_std": -0.05594,
        "nauc_ndcg_at_20_diff1": 0.144587,
        "nauc_ndcg_at_100_max": 0.133071,
        "nauc_ndcg_at_100_std": -0.053197,
        "nauc_ndcg_at_100_diff1": 0.155107,
        "nauc_ndcg_at_1000_max": 0.123779,
        "nauc_ndcg_at_1000_std": -0.069798,
        "nauc_ndcg_at_1000_diff1": 0.157047,
        "nauc_map_at_1_max": 0.115369,
        "nauc_map_at_1_std": -0.084617,
        "nauc_map_at_1_diff1": 0.230884,
        "nauc_map_at_3_max": 0.108596,
        "nauc_map_at_3_std": -0.098756,
        "nauc_map_at_3_diff1": 0.156271,
        "nauc_map_at_5_max": 0.11914,
        "nauc_map_at_5_std": -0.105157,
        "nauc_map_at_5_diff1": 0.144057,
        "nauc_map_at_10_max": 0.125773,
        "nauc_map_at_10_std": -0.081878,
        "nauc_map_at_10_diff1": 0.141654,
        "nauc_map_at_20_max": 0.126454,
        "nauc_map_at_20_std": -0.077608,
        "nauc_map_at_20_diff1": 0.138313,
        "nauc_map_at_100_max": 0.124203,
        "nauc_map_at_100_std": -0.077553,
        "nauc_map_at_100_diff1": 0.140533,
        "nauc_map_at_1000_max": 0.123464,
        "nauc_map_at_1000_std": -0.078359,
        "nauc_map_at_1000_diff1": 0.140525,
        "nauc_recall_at_1_max": 0.115369,
        "nauc_recall_at_1_std": -0.084617,
        "nauc_recall_at_1_diff1": 0.230884,
        "nauc_recall_at_3_max": 0.131039,
        "nauc_recall_at_3_std": -0.090401,
        "nauc_recall_at_3_diff1": 0.124975,
        "nauc_recall_at_5_max": 0.149672,
        "nauc_recall_at_5_std": -0.091171,
        "nauc_recall_at_5_diff1": 0.095061,
        "nauc_recall_at_10_max": 0.153173,
        "nauc_recall_at_10_std": -0.006081,
        "nauc_recall_at_10_diff1": 0.074833,
        "nauc_recall_at_20_max": 0.165176,
        "nauc_recall_at_20_std": 0.046105,
        "nauc_recall_at_20_diff1": 0.046473,
        "nauc_recall_at_100_max": 0.166098,
        "nauc_recall_at_100_std": 0.184255,
        "nauc_recall_at_100_diff1": 0.04632,
        "nauc_recall_at_1000_max": 0.123189,
        "nauc_recall_at_1000_std": 0.484629,
        "nauc_recall_at_1000_diff1": -0.129796,
        "nauc_precision_at_1_max": 0.099848,
        "nauc_precision_at_1_std": -0.093191,
        "nauc_precision_at_1_diff1": 0.237983,
        "nauc_precision_at_3_max": 0.091496,
        "nauc_precision_at_3_std": -0.099746,
        "nauc_precision_at_3_diff1": 0.110862,
        "nauc_precision_at_5_max": 0.094618,
        "nauc_precision_at_5_std": -0.105191,
        "nauc_precision_at_5_diff1": 0.073972,
        "nauc_precision_at_10_max": 0.082961,
        "nauc_precision_at_10_std": -0.018057,
        "nauc_precision_at_10_diff1": 0.052688,
        "nauc_precision_at_20_max": 0.065346,
        "nauc_precision_at_20_std": 0.022797,
        "nauc_precision_at_20_diff1": 0.016426,
        "nauc_precision_at_100_max": -0.060763,
        "nauc_precision_at_100_std": 0.066897,
        "nauc_precision_at_100_diff1": -0.026743,
        "nauc_precision_at_1000_max": -0.212648,
        "nauc_precision_at_1000_std": -0.011515,
        "nauc_precision_at_1000_diff1": -0.090342,
        "nauc_mrr_at_1_max": 0.098367,
        "nauc_mrr_at_1_std": -0.093602,
        "nauc_mrr_at_1_diff1": 0.240479,
        "nauc_mrr_at_3_max": 0.112128,
        "nauc_mrr_at_3_std": -0.101574,
        "nauc_mrr_at_3_diff1": 0.219654,
        "nauc_mrr_at_5_max": 0.112425,
        "nauc_mrr_at_5_std": -0.099984,
        "nauc_mrr_at_5_diff1": 0.22501,
        "nauc_mrr_at_10_max": 0.11052,
        "nauc_mrr_at_10_std": -0.096821,
        "nauc_mrr_at_10_diff1": 0.223875,
        "nauc_mrr_at_20_max": 0.110033,
        "nauc_mrr_at_20_std": -0.096116,
        "nauc_mrr_at_20_diff1": 0.223775,
        "nauc_mrr_at_100_max": 0.10932,
        "nauc_mrr_at_100_std": -0.096682,
        "nauc_mrr_at_100_diff1": 0.223974,
        "nauc_mrr_at_1000_max": 0.109294,
        "nauc_mrr_at_1000_std": -0.09677,
        "nauc_mrr_at_1000_diff1": 0.223972,
        "main_score": 0.47457,
        "hf_subset": "default",
        "languages": [
          "fas-Arab"
        ]
      }
    ]
  },
  "evaluation_time": 16.216448068618774,
  "kg_co2_emissions": null
}