{
  "dataset_revision": "9d32af6540970e2845028cbfffe6b0d0e8f52428",
  "task_name": "SynPerChatbotRAGFAQRetrieval",
  "mteb_version": "1.34.14",
  "scores": {
    "test": [
      {
        "ndcg_at_1": 0.35511,
        "ndcg_at_3": 0.43743,
        "ndcg_at_5": 0.46669,
        "ndcg_at_10": 0.4987,
        "ndcg_at_20": 0.51659,
        "ndcg_at_100": 0.53803,
        "ndcg_at_1000": 0.55272,
        "map_at_1": 0.35511,
        "map_at_3": 0.41751,
        "map_at_5": 0.43379,
        "map_at_10": 0.44676,
        "map_at_20": 0.45166,
        "map_at_100": 0.45472,
        "map_at_1000": 0.45528,
        "recall_at_1": 0.35511,
        "recall_at_3": 0.49494,
        "recall_at_5": 0.56578,
        "recall_at_10": 0.66605,
        "recall_at_20": 0.73689,
        "recall_at_100": 0.85097,
        "recall_at_1000": 0.96688,
        "precision_at_1": 0.35511,
        "precision_at_3": 0.16498,
        "precision_at_5": 0.11316,
        "precision_at_10": 0.06661,
        "precision_at_20": 0.03684,
        "precision_at_100": 0.00851,
        "precision_at_1000": 0.00097,
        "mrr_at_1": 0.355106,
        "mrr_at_3": 0.41751,
        "mrr_at_5": 0.433793,
        "mrr_at_10": 0.446764,
        "mrr_at_20": 0.451663,
        "mrr_at_100": 0.454724,
        "mrr_at_1000": 0.455283,
        "nauc_ndcg_at_1_max": 0.448899,
        "nauc_ndcg_at_1_std": 0.137566,
        "nauc_ndcg_at_1_diff1": 0.665433,
        "nauc_ndcg_at_3_max": 0.432155,
        "nauc_ndcg_at_3_std": 0.142642,
        "nauc_ndcg_at_3_diff1": 0.597216,
        "nauc_ndcg_at_5_max": 0.444115,
        "nauc_ndcg_at_5_std": 0.171893,
        "nauc_ndcg_at_5_diff1": 0.586505,
        "nauc_ndcg_at_10_max": 0.447858,
        "nauc_ndcg_at_10_std": 0.187338,
        "nauc_ndcg_at_10_diff1": 0.574983,
        "nauc_ndcg_at_20_max": 0.441117,
        "nauc_ndcg_at_20_std": 0.189529,
        "nauc_ndcg_at_20_diff1": 0.569621,
        "nauc_ndcg_at_100_max": 0.444332,
        "nauc_ndcg_at_100_std": 0.202508,
        "nauc_ndcg_at_100_diff1": 0.578894,
        "nauc_ndcg_at_1000_max": 0.444401,
        "nauc_ndcg_at_1000_std": 0.189931,
        "nauc_ndcg_at_1000_diff1": 0.588838,
        "nauc_map_at_1_max": 0.448899,
        "nauc_map_at_1_std": 0.137566,
        "nauc_map_at_1_diff1": 0.665433,
        "nauc_map_at_3_max": 0.4348,
        "nauc_map_at_3_std": 0.140592,
        "nauc_map_at_3_diff1": 0.613455,
        "nauc_map_at_5_max": 0.441387,
        "nauc_map_at_5_std": 0.156506,
        "nauc_map_at_5_diff1": 0.607905,
        "nauc_map_at_10_max": 0.44263,
        "nauc_map_at_10_std": 0.162499,
        "nauc_map_at_10_diff1": 0.603645,
        "nauc_map_at_20_max": 0.440994,
        "nauc_map_at_20_std": 0.162787,
        "nauc_map_at_20_diff1": 0.602478,
        "nauc_map_at_100_max": 0.441648,
        "nauc_map_at_100_std": 0.164416,
        "nauc_map_at_100_diff1": 0.604255,
        "nauc_map_at_1000_max": 0.441634,
        "nauc_map_at_1000_std": 0.164064,
        "nauc_map_at_1000_diff1": 0.604612,
        "nauc_recall_at_1_max": 0.448899,
        "nauc_recall_at_1_std": 0.137566,
        "nauc_recall_at_1_diff1": 0.665433,
        "nauc_recall_at_3_max": 0.425045,
        "nauc_recall_at_3_std": 0.148949,
        "nauc_recall_at_3_diff1": 0.550079,
        "nauc_recall_at_5_max": 0.454986,
        "nauc_recall_at_5_std": 0.224206,
        "nauc_recall_at_5_diff1": 0.51906,
        "nauc_recall_at_10_max": 0.471809,
        "nauc_recall_at_10_std": 0.288607,
        "nauc_recall_at_10_diff1": 0.465794,
        "nauc_recall_at_20_max": 0.438618,
        "nauc_recall_at_20_std": 0.320565,
        "nauc_recall_at_20_diff1": 0.41616,
        "nauc_recall_at_100_max": 0.463602,
        "nauc_recall_at_100_std": 0.542063,
        "nauc_recall_at_100_diff1": 0.411338,
        "nauc_recall_at_1000_max": 0.538936,
        "nauc_recall_at_1000_std": 0.749426,
        "nauc_recall_at_1000_diff1": 0.540765,
        "nauc_precision_at_1_max": 0.448899,
        "nauc_precision_at_1_std": 0.137566,
        "nauc_precision_at_1_diff1": 0.665433,
        "nauc_precision_at_3_max": 0.425045,
        "nauc_precision_at_3_std": 0.148949,
        "nauc_precision_at_3_diff1": 0.550079,
        "nauc_precision_at_5_max": 0.454986,
        "nauc_precision_at_5_std": 0.224206,
        "nauc_precision_at_5_diff1": 0.51906,
        "nauc_precision_at_10_max": 0.471809,
        "nauc_precision_at_10_std": 0.288607,
        "nauc_precision_at_10_diff1": 0.465794,
        "nauc_precision_at_20_max": 0.438618,
        "nauc_precision_at_20_std": 0.320565,
        "nauc_precision_at_20_diff1": 0.41616,
        "nauc_precision_at_100_max": 0.463602,
        "nauc_precision_at_100_std": 0.542063,
        "nauc_precision_at_100_diff1": 0.411338,
        "nauc_precision_at_1000_max": 0.538936,
        "nauc_precision_at_1000_std": 0.749426,
        "nauc_precision_at_1000_diff1": 0.540765,
        "nauc_mrr_at_1_max": 0.448899,
        "nauc_mrr_at_1_std": 0.137566,
        "nauc_mrr_at_1_diff1": 0.665433,
        "nauc_mrr_at_3_max": 0.4348,
        "nauc_mrr_at_3_std": 0.140592,
        "nauc_mrr_at_3_diff1": 0.613455,
        "nauc_mrr_at_5_max": 0.441387,
        "nauc_mrr_at_5_std": 0.156506,
        "nauc_mrr_at_5_diff1": 0.607905,
        "nauc_mrr_at_10_max": 0.44263,
        "nauc_mrr_at_10_std": 0.162499,
        "nauc_mrr_at_10_diff1": 0.603645,
        "nauc_mrr_at_20_max": 0.440994,
        "nauc_mrr_at_20_std": 0.162787,
        "nauc_mrr_at_20_diff1": 0.602478,
        "nauc_mrr_at_100_max": 0.441648,
        "nauc_mrr_at_100_std": 0.164416,
        "nauc_mrr_at_100_diff1": 0.604255,
        "nauc_mrr_at_1000_max": 0.441634,
        "nauc_mrr_at_1000_std": 0.164064,
        "nauc_mrr_at_1000_diff1": 0.604612,
        "main_score": 0.4987,
        "hf_subset": "default",
        "languages": [
          "fas-Arab"
        ]
      }
    ]
  },
  "evaluation_time": 34.02701258659363,
  "kg_co2_emissions": null
}