{
  "dataset_revision": "98e6c2d33dfa166ee326e8b1bc7ea82c7e6898dd",
  "task_name": "TRECCOVID-Fa",
  "mteb_version": "1.34.14",
  "scores": {
    "test": [
      {
        "ndcg_at_1": 0.54,
        "ndcg_at_3": 0.43224,
        "ndcg_at_5": 0.40272,
        "ndcg_at_10": 0.37352,
        "ndcg_at_20": 0.33912,
        "ndcg_at_100": 0.25037,
        "ndcg_at_1000": 0.2252,
        "map_at_1": 0.00163,
        "map_at_3": 0.00324,
        "map_at_5": 0.00449,
        "map_at_10": 0.00722,
        "map_at_20": 0.01155,
        "map_at_100": 0.0311,
        "map_at_1000": 0.06428,
        "recall_at_1": 0.00163,
        "recall_at_3": 0.00349,
        "recall_at_5": 0.0053,
        "recall_at_10": 0.00962,
        "recall_at_20": 0.01712,
        "recall_at_100": 0.05965,
        "recall_at_1000": 0.21498,
        "precision_at_1": 0.6,
        "precision_at_3": 0.44667,
        "precision_at_5": 0.416,
        "precision_at_10": 0.392,
        "precision_at_20": 0.353,
        "precision_at_100": 0.2532,
        "precision_at_1000": 0.0986,
        "mrr_at_1": 0.6,
        "mrr_at_3": 0.656667,
        "mrr_at_5": 0.678667,
        "mrr_at_10": 0.6945,
        "mrr_at_20": 0.695676,
        "mrr_at_100": 0.696891,
        "mrr_at_1000": 0.696891,
        "nauc_ndcg_at_1_max": 0.170486,
        "nauc_ndcg_at_1_std": 0.095134,
        "nauc_ndcg_at_1_diff1": 0.446935,
        "nauc_ndcg_at_3_max": 0.226814,
        "nauc_ndcg_at_3_std": 0.20318,
        "nauc_ndcg_at_3_diff1": 0.394688,
        "nauc_ndcg_at_5_max": 0.321356,
        "nauc_ndcg_at_5_std": 0.287773,
        "nauc_ndcg_at_5_diff1": 0.325864,
        "nauc_ndcg_at_10_max": 0.391612,
        "nauc_ndcg_at_10_std": 0.379717,
        "nauc_ndcg_at_10_diff1": 0.281145,
        "nauc_ndcg_at_20_max": 0.426953,
        "nauc_ndcg_at_20_std": 0.438612,
        "nauc_ndcg_at_20_diff1": 0.294714,
        "nauc_ndcg_at_100_max": 0.420887,
        "nauc_ndcg_at_100_std": 0.558559,
        "nauc_ndcg_at_100_diff1": 0.211615,
        "nauc_ndcg_at_1000_max": 0.375549,
        "nauc_ndcg_at_1000_std": 0.590798,
        "nauc_ndcg_at_1000_diff1": 0.169337,
        "nauc_map_at_1_max": 0.123382,
        "nauc_map_at_1_std": 0.02032,
        "nauc_map_at_1_diff1": 0.267666,
        "nauc_map_at_3_max": 0.287486,
        "nauc_map_at_3_std": 0.114064,
        "nauc_map_at_3_diff1": 0.371624,
        "nauc_map_at_5_max": 0.381429,
        "nauc_map_at_5_std": 0.259374,
        "nauc_map_at_5_diff1": 0.349825,
        "nauc_map_at_10_max": 0.498011,
        "nauc_map_at_10_std": 0.457084,
        "nauc_map_at_10_diff1": 0.361148,
        "nauc_map_at_20_max": 0.532946,
        "nauc_map_at_20_std": 0.556254,
        "nauc_map_at_20_diff1": 0.366364,
        "nauc_map_at_100_max": 0.57538,
        "nauc_map_at_100_std": 0.70503,
        "nauc_map_at_100_diff1": 0.35217,
        "nauc_map_at_1000_max": 0.447921,
        "nauc_map_at_1000_std": 0.700232,
        "nauc_map_at_1000_diff1": 0.24356,
        "nauc_recall_at_1_max": 0.123382,
        "nauc_recall_at_1_std": 0.02032,
        "nauc_recall_at_1_diff1": 0.267666,
        "nauc_recall_at_3_max": 0.264944,
        "nauc_recall_at_3_std": 0.096506,
        "nauc_recall_at_3_diff1": 0.34756,
        "nauc_recall_at_5_max": 0.341591,
        "nauc_recall_at_5_std": 0.250925,
        "nauc_recall_at_5_diff1": 0.272848,
        "nauc_recall_at_10_max": 0.501783,
        "nauc_recall_at_10_std": 0.421705,
        "nauc_recall_at_10_diff1": 0.294746,
        "nauc_recall_at_20_max": 0.548071,
        "nauc_recall_at_20_std": 0.469661,
        "nauc_recall_at_20_diff1": 0.338882,
        "nauc_recall_at_100_max": 0.521796,
        "nauc_recall_at_100_std": 0.591722,
        "nauc_recall_at_100_diff1": 0.270827,
        "nauc_recall_at_1000_max": 0.319956,
        "nauc_recall_at_1000_std": 0.590281,
        "nauc_recall_at_1000_diff1": 0.1108,
        "nauc_precision_at_1_max": 0.306679,
        "nauc_precision_at_1_std": 0.083111,
        "nauc_precision_at_1_diff1": 0.598546,
        "nauc_precision_at_3_max": 0.308836,
        "nauc_precision_at_3_std": 0.185253,
        "nauc_precision_at_3_diff1": 0.416657,
        "nauc_precision_at_5_max": 0.437726,
        "nauc_precision_at_5_std": 0.337206,
        "nauc_precision_at_5_diff1": 0.303358,
        "nauc_precision_at_10_max": 0.483488,
        "nauc_precision_at_10_std": 0.442766,
        "nauc_precision_at_10_diff1": 0.259197,
        "nauc_precision_at_20_max": 0.496452,
        "nauc_precision_at_20_std": 0.505392,
        "nauc_precision_at_20_diff1": 0.315405,
        "nauc_precision_at_100_max": 0.44592,
        "nauc_precision_at_100_std": 0.576012,
        "nauc_precision_at_100_diff1": 0.212692,
        "nauc_precision_at_1000_max": 0.251577,
        "nauc_precision_at_1000_std": 0.499296,
        "nauc_precision_at_1000_diff1": 0.139549,
        "nauc_mrr_at_1_max": 0.306679,
        "nauc_mrr_at_1_std": 0.083111,
        "nauc_mrr_at_1_diff1": 0.598546,
        "nauc_mrr_at_3_max": 0.238061,
        "nauc_mrr_at_3_std": 0.087153,
        "nauc_mrr_at_3_diff1": 0.624376,
        "nauc_mrr_at_5_max": 0.246172,
        "nauc_mrr_at_5_std": 0.083269,
        "nauc_mrr_at_5_diff1": 0.60332,
        "nauc_mrr_at_10_max": 0.276618,
        "nauc_mrr_at_10_std": 0.058419,
        "nauc_mrr_at_10_diff1": 0.619691,
        "nauc_mrr_at_20_max": 0.276232,
        "nauc_mrr_at_20_std": 0.064156,
        "nauc_mrr_at_20_diff1": 0.619205,
        "nauc_mrr_at_100_max": 0.273576,
        "nauc_mrr_at_100_std": 0.067745,
        "nauc_mrr_at_100_diff1": 0.61771,
        "nauc_mrr_at_1000_max": 0.273576,
        "nauc_mrr_at_1000_std": 0.067745,
        "nauc_mrr_at_1000_diff1": 0.61771,
        "main_score": 0.37352,
        "hf_subset": "default",
        "languages": [
          "fas-Arab"
        ]
      }
    ]
  },
  "evaluation_time": 2147.5519683361053,
  "kg_co2_emissions": null
}