{
  "dataset_revision": "fa97814be356fe4d18caadb457b4469bd34019ca",
  "task_name": "ArguAna-Fa",
  "mteb_version": "1.34.14",
  "scores": {
    "test": [
      {
        "ndcg_at_1": 0.23613,
        "ndcg_at_3": 0.36175,
        "ndcg_at_5": 0.40983,
        "ndcg_at_10": 0.46044,
        "ndcg_at_20": 0.4868,
        "ndcg_at_100": 0.50909,
        "ndcg_at_1000": 0.51488,
        "map_at_1": 0.23613,
        "map_at_3": 0.33049,
        "map_at_5": 0.35702,
        "map_at_10": 0.3782,
        "map_at_20": 0.38568,
        "map_at_100": 0.38891,
        "map_at_1000": 0.38914,
        "recall_at_1": 0.23613,
        "recall_at_3": 0.45235,
        "recall_at_5": 0.5697,
        "recall_at_10": 0.72475,
        "recall_at_20": 0.82717,
        "recall_at_100": 0.94523,
        "recall_at_1000": 0.99004,
        "precision_at_1": 0.23613,
        "precision_at_3": 0.15078,
        "precision_at_5": 0.11394,
        "precision_at_10": 0.07248,
        "precision_at_20": 0.04136,
        "precision_at_100": 0.00945,
        "precision_at_1000": 0.00099,
        "mrr_at_1": 0.240398,
        "mrr_at_3": 0.331555,
        "mrr_at_5": 0.358689,
        "mrr_at_10": 0.379993,
        "mrr_at_20": 0.387326,
        "mrr_at_100": 0.390554,
        "mrr_at_1000": 0.390793,
        "nauc_ndcg_at_1_max": -0.011346,
        "nauc_ndcg_at_1_std": -0.022601,
        "nauc_ndcg_at_1_diff1": 0.111703,
        "nauc_ndcg_at_3_max": 0.028685,
        "nauc_ndcg_at_3_std": 0.016182,
        "nauc_ndcg_at_3_diff1": 0.08574,
        "nauc_ndcg_at_5_max": 0.024027,
        "nauc_ndcg_at_5_std": 0.002445,
        "nauc_ndcg_at_5_diff1": 0.075181,
        "nauc_ndcg_at_10_max": 0.036986,
        "nauc_ndcg_at_10_std": 0.019364,
        "nauc_ndcg_at_10_diff1": 0.077656,
        "nauc_ndcg_at_20_max": 0.039189,
        "nauc_ndcg_at_20_std": 0.031245,
        "nauc_ndcg_at_20_diff1": 0.082729,
        "nauc_ndcg_at_100_max": 0.036668,
        "nauc_ndcg_at_100_std": 0.029451,
        "nauc_ndcg_at_100_diff1": 0.091511,
        "nauc_ndcg_at_1000_max": 0.028634,
        "nauc_ndcg_at_1000_std": 0.018113,
        "nauc_ndcg_at_1000_diff1": 0.087186,
        "nauc_map_at_1_max": -0.011346,
        "nauc_map_at_1_std": -0.022601,
        "nauc_map_at_1_diff1": 0.111703,
        "nauc_map_at_3_max": 0.018617,
        "nauc_map_at_3_std": 0.006475,
        "nauc_map_at_3_diff1": 0.090203,
        "nauc_map_at_5_max": 0.015801,
        "nauc_map_at_5_std": -0.001586,
        "nauc_map_at_5_diff1": 0.084685,
        "nauc_map_at_10_max": 0.020821,
        "nauc_map_at_10_std": 0.004376,
        "nauc_map_at_10_diff1": 0.086422,
        "nauc_map_at_20_max": 0.021011,
        "nauc_map_at_20_std": 0.006637,
        "nauc_map_at_20_diff1": 0.088032,
        "nauc_map_at_100_max": 0.020062,
        "nauc_map_at_100_std": 0.005789,
        "nauc_map_at_100_diff1": 0.088819,
        "nauc_map_at_1000_max": 0.019749,
        "nauc_map_at_1000_std": 0.005412,
        "nauc_map_at_1000_diff1": 0.088597,
        "nauc_recall_at_1_max": -0.011346,
        "nauc_recall_at_1_std": -0.022601,
        "nauc_recall_at_1_diff1": 0.111703,
        "nauc_recall_at_3_max": 0.056276,
        "nauc_recall_at_3_std": 0.042769,
        "nauc_recall_at_3_diff1": 0.074218,
        "nauc_recall_at_5_max": 0.047623,
        "nauc_recall_at_5_std": 0.012755,
        "nauc_recall_at_5_diff1": 0.046322,
        "nauc_recall_at_10_max": 0.103989,
        "nauc_recall_at_10_std": 0.084953,
        "nauc_recall_at_10_diff1": 0.042779,
        "nauc_recall_at_20_max": 0.151721,
        "nauc_recall_at_20_std": 0.202573,
        "nauc_recall_at_20_diff1": 0.057736,
        "nauc_recall_at_100_max": 0.349278,
        "nauc_recall_at_100_std": 0.525606,
        "nauc_recall_at_100_diff1": 0.257168,
        "nauc_recall_at_1000_max": 0.233439,
        "nauc_recall_at_1000_std": 0.497157,
        "nauc_recall_at_1000_diff1": 0.268,
        "nauc_precision_at_1_max": -0.011346,
        "nauc_precision_at_1_std": -0.022601,
        "nauc_precision_at_1_diff1": 0.111703,
        "nauc_precision_at_3_max": 0.056276,
        "nauc_precision_at_3_std": 0.042769,
        "nauc_precision_at_3_diff1": 0.074218,
        "nauc_precision_at_5_max": 0.047623,
        "nauc_precision_at_5_std": 0.012755,
        "nauc_precision_at_5_diff1": 0.046322,
        "nauc_precision_at_10_max": 0.103989,
        "nauc_precision_at_10_std": 0.084953,
        "nauc_precision_at_10_diff1": 0.042779,
        "nauc_precision_at_20_max": 0.151721,
        "nauc_precision_at_20_std": 0.202573,
        "nauc_precision_at_20_diff1": 0.057736,
        "nauc_precision_at_100_max": 0.349278,
        "nauc_precision_at_100_std": 0.525606,
        "nauc_precision_at_100_diff1": 0.257168,
        "nauc_precision_at_1000_max": 0.233439,
        "nauc_precision_at_1000_std": 0.497157,
        "nauc_precision_at_1000_diff1": 0.268,
        "nauc_mrr_at_1_max": -0.007932,
        "nauc_mrr_at_1_std": -0.023214,
        "nauc_mrr_at_1_diff1": 0.097161,
        "nauc_mrr_at_3_max": 0.013045,
        "nauc_mrr_at_3_std": 0.003917,
        "nauc_mrr_at_3_diff1": 0.076107,
        "nauc_mrr_at_5_max": 0.011775,
        "nauc_mrr_at_5_std": -0.003853,
        "nauc_mrr_at_5_diff1": 0.071886,
        "nauc_mrr_at_10_max": 0.016376,
        "nauc_mrr_at_10_std": 0.002751,
        "nauc_mrr_at_10_diff1": 0.073029,
        "nauc_mrr_at_20_max": 0.017111,
        "nauc_mrr_at_20_std": 0.005535,
        "nauc_mrr_at_20_diff1": 0.074865,
        "nauc_mrr_at_100_max": 0.016125,
        "nauc_mrr_at_100_std": 0.004677,
        "nauc_mrr_at_100_diff1": 0.07552,
        "nauc_mrr_at_1000_max": 0.01581,
        "nauc_mrr_at_1000_std": 0.004301,
        "nauc_mrr_at_1000_diff1": 0.075288,
        "main_score": 0.46044,
        "hf_subset": "default",
        "languages": [
          "fas-Arab"
        ]
      }
    ]
  },
  "evaluation_time": 34.15440773963928,
  "kg_co2_emissions": null
}