{
  "dataset_revision": "029a2e69e7d9e68b6bdc471073606104417a5be7",
  "task_name": "CQADupstackEnglishRetrieval-Fa",
  "mteb_version": "1.34.14",
  "scores": {
    "test": [
      {
        "ndcg_at_1": 0.19809,
        "ndcg_at_3": 0.21154,
        "ndcg_at_5": 0.22228,
        "ndcg_at_10": 0.23611,
        "ndcg_at_20": 0.24713,
        "ndcg_at_100": 0.27308,
        "ndcg_at_1000": 0.30083,
        "map_at_1": 0.15796,
        "map_at_3": 0.18843,
        "map_at_5": 0.19678,
        "map_at_10": 0.20364,
        "map_at_20": 0.2073,
        "map_at_100": 0.21114,
        "map_at_1000": 0.21226,
        "recall_at_1": 0.15796,
        "recall_at_3": 0.21812,
        "recall_at_5": 0.24843,
        "recall_at_10": 0.29239,
        "recall_at_20": 0.33444,
        "recall_at_100": 0.46254,
        "recall_at_1000": 0.65508,
        "precision_at_1": 0.19809,
        "precision_at_3": 0.09745,
        "precision_at_5": 0.06917,
        "precision_at_10": 0.04268,
        "precision_at_20": 0.02541,
        "precision_at_100": 0.00766,
        "precision_at_1000": 0.00125,
        "mrr_at_1": 0.198089,
        "mrr_at_3": 0.229299,
        "mrr_at_5": 0.237962,
        "mrr_at_10": 0.245102,
        "mrr_at_20": 0.248273,
        "mrr_at_100": 0.25163,
        "mrr_at_1000": 0.252376,
        "nauc_ndcg_at_1_max": 0.339634,
        "nauc_ndcg_at_1_std": 0.065261,
        "nauc_ndcg_at_1_diff1": 0.507887,
        "nauc_ndcg_at_3_max": 0.32186,
        "nauc_ndcg_at_3_std": 0.065655,
        "nauc_ndcg_at_3_diff1": 0.462089,
        "nauc_ndcg_at_5_max": 0.310424,
        "nauc_ndcg_at_5_std": 0.062207,
        "nauc_ndcg_at_5_diff1": 0.441723,
        "nauc_ndcg_at_10_max": 0.304091,
        "nauc_ndcg_at_10_std": 0.06402,
        "nauc_ndcg_at_10_diff1": 0.435006,
        "nauc_ndcg_at_20_max": 0.299257,
        "nauc_ndcg_at_20_std": 0.066765,
        "nauc_ndcg_at_20_diff1": 0.427993,
        "nauc_ndcg_at_100_max": 0.295961,
        "nauc_ndcg_at_100_std": 0.082343,
        "nauc_ndcg_at_100_diff1": 0.419546,
        "nauc_ndcg_at_1000_max": 0.297283,
        "nauc_ndcg_at_1000_std": 0.096435,
        "nauc_ndcg_at_1000_diff1": 0.414746,
        "nauc_map_at_1_max": 0.320341,
        "nauc_map_at_1_std": 0.0258,
        "nauc_map_at_1_diff1": 0.510634,
        "nauc_map_at_3_max": 0.31862,
        "nauc_map_at_3_std": 0.045305,
        "nauc_map_at_3_diff1": 0.474016,
        "nauc_map_at_5_max": 0.314807,
        "nauc_map_at_5_std": 0.047808,
        "nauc_map_at_5_diff1": 0.463379,
        "nauc_map_at_10_max": 0.313322,
        "nauc_map_at_10_std": 0.051928,
        "nauc_map_at_10_diff1": 0.459297,
        "nauc_map_at_20_max": 0.312186,
        "nauc_map_at_20_std": 0.054149,
        "nauc_map_at_20_diff1": 0.457081,
        "nauc_map_at_100_max": 0.311675,
        "nauc_map_at_100_std": 0.057667,
        "nauc_map_at_100_diff1": 0.455175,
        "nauc_map_at_1000_max": 0.31173,
        "nauc_map_at_1000_std": 0.05889,
        "nauc_map_at_1000_diff1": 0.454731,
        "nauc_recall_at_1_max": 0.320341,
        "nauc_recall_at_1_std": 0.0258,
        "nauc_recall_at_1_diff1": 0.510634,
        "nauc_recall_at_3_max": 0.296792,
        "nauc_recall_at_3_std": 0.050025,
        "nauc_recall_at_3_diff1": 0.423085,
        "nauc_recall_at_5_max": 0.275514,
        "nauc_recall_at_5_std": 0.047907,
        "nauc_recall_at_5_diff1": 0.384838,
        "nauc_recall_at_10_max": 0.257865,
        "nauc_recall_at_10_std": 0.056785,
        "nauc_recall_at_10_diff1": 0.363973,
        "nauc_recall_at_20_max": 0.24004,
        "nauc_recall_at_20_std": 0.065503,
        "nauc_recall_at_20_diff1": 0.337242,
        "nauc_recall_at_100_max": 0.215488,
        "nauc_recall_at_100_std": 0.124457,
        "nauc_recall_at_100_diff1": 0.292418,
        "nauc_recall_at_1000_max": 0.195438,
        "nauc_recall_at_1000_std": 0.213753,
        "nauc_recall_at_1000_diff1": 0.238257,
        "nauc_precision_at_1_max": 0.339634,
        "nauc_precision_at_1_std": 0.065261,
        "nauc_precision_at_1_diff1": 0.507887,
        "nauc_precision_at_3_max": 0.325534,
        "nauc_precision_at_3_std": 0.115155,
        "nauc_precision_at_3_diff1": 0.417939,
        "nauc_precision_at_5_max": 0.309655,
        "nauc_precision_at_5_std": 0.137871,
        "nauc_precision_at_5_diff1": 0.36199,
        "nauc_precision_at_10_max": 0.289379,
        "nauc_precision_at_10_std": 0.165598,
        "nauc_precision_at_10_diff1": 0.311977,
        "nauc_precision_at_20_max": 0.255419,
        "nauc_precision_at_20_std": 0.183128,
        "nauc_precision_at_20_diff1": 0.25962,
        "nauc_precision_at_100_max": 0.196418,
        "nauc_precision_at_100_std": 0.232398,
        "nauc_precision_at_100_diff1": 0.15627,
        "nauc_precision_at_1000_max": 0.132819,
        "nauc_precision_at_1000_std": 0.244841,
        "nauc_precision_at_1000_diff1": 0.017305,
        "nauc_mrr_at_1_max": 0.339634,
        "nauc_mrr_at_1_std": 0.065261,
        "nauc_mrr_at_1_diff1": 0.507887,
        "nauc_mrr_at_3_max": 0.327981,
        "nauc_mrr_at_3_std": 0.075338,
        "nauc_mrr_at_3_diff1": 0.472706,
        "nauc_mrr_at_5_max": 0.320459,
        "nauc_mrr_at_5_std": 0.074936,
        "nauc_mrr_at_5_diff1": 0.457209,
        "nauc_mrr_at_10_max": 0.318085,
        "nauc_mrr_at_10_std": 0.075943,
        "nauc_mrr_at_10_diff1": 0.453883,
        "nauc_mrr_at_20_max": 0.316889,
        "nauc_mrr_at_20_std": 0.076377,
        "nauc_mrr_at_20_diff1": 0.451414,
        "nauc_mrr_at_100_max": 0.316301,
        "nauc_mrr_at_100_std": 0.077761,
        "nauc_mrr_at_100_diff1": 0.450312,
        "nauc_mrr_at_1000_max": 0.31627,
        "nauc_mrr_at_1000_std": 0.077928,
        "nauc_mrr_at_1000_diff1": 0.450277,
        "main_score": 0.23611,
        "hf_subset": "default",
        "languages": [
          "fas-Arab"
        ]
      }
    ]
  },
  "evaluation_time": 81.3027663230896,
  "kg_co2_emissions": null
}