{
  "dataset_revision": "c2a326387954aad66ff00d324a9278067b1e3bb6",
  "task_name": "CQADupstackUnixRetrieval-Fa",
  "mteb_version": "1.34.14",
  "scores": {
    "test": [
      {
        "ndcg_at_1": 0.19963,
        "ndcg_at_3": 0.22915,
        "ndcg_at_5": 0.24275,
        "ndcg_at_10": 0.25964,
        "ndcg_at_20": 0.27424,
        "ndcg_at_100": 0.29755,
        "ndcg_at_1000": 0.32363,
        "map_at_1": 0.17544,
        "map_at_3": 0.21128,
        "map_at_5": 0.21975,
        "map_at_10": 0.22675,
        "map_at_20": 0.23063,
        "map_at_100": 0.23398,
        "map_at_1000": 0.23501,
        "recall_at_1": 0.17544,
        "recall_at_3": 0.25307,
        "recall_at_5": 0.28587,
        "recall_at_10": 0.3342,
        "recall_at_20": 0.38916,
        "recall_at_100": 0.50273,
        "recall_at_1000": 0.69061,
        "precision_at_1": 0.19963,
        "precision_at_3": 0.09981,
        "precision_at_5": 0.0694,
        "precision_at_10": 0.04142,
        "precision_at_20": 0.02458,
        "precision_at_100": 0.00675,
        "precision_at_1000": 0.001,
        "mrr_at_1": 0.199627,
        "mrr_at_3": 0.236318,
        "mrr_at_5": 0.245087,
        "mrr_at_10": 0.253503,
        "mrr_at_20": 0.257716,
        "mrr_at_100": 0.2607,
        "mrr_at_1000": 0.261448,
        "nauc_ndcg_at_1_max": 0.400576,
        "nauc_ndcg_at_1_std": 0.053679,
        "nauc_ndcg_at_1_diff1": 0.508634,
        "nauc_ndcg_at_3_max": 0.421951,
        "nauc_ndcg_at_3_std": 0.10023,
        "nauc_ndcg_at_3_diff1": 0.470582,
        "nauc_ndcg_at_5_max": 0.415901,
        "nauc_ndcg_at_5_std": 0.110866,
        "nauc_ndcg_at_5_diff1": 0.459491,
        "nauc_ndcg_at_10_max": 0.407601,
        "nauc_ndcg_at_10_std": 0.112761,
        "nauc_ndcg_at_10_diff1": 0.446848,
        "nauc_ndcg_at_20_max": 0.397345,
        "nauc_ndcg_at_20_std": 0.114154,
        "nauc_ndcg_at_20_diff1": 0.434987,
        "nauc_ndcg_at_100_max": 0.400357,
        "nauc_ndcg_at_100_std": 0.122043,
        "nauc_ndcg_at_100_diff1": 0.426777,
        "nauc_ndcg_at_1000_max": 0.399801,
        "nauc_ndcg_at_1000_std": 0.13204,
        "nauc_ndcg_at_1000_diff1": 0.419005,
        "nauc_map_at_1_max": 0.397154,
        "nauc_map_at_1_std": 0.050817,
        "nauc_map_at_1_diff1": 0.529549,
        "nauc_map_at_3_max": 0.416295,
        "nauc_map_at_3_std": 0.086359,
        "nauc_map_at_3_diff1": 0.485656,
        "nauc_map_at_5_max": 0.414256,
        "nauc_map_at_5_std": 0.094545,
        "nauc_map_at_5_diff1": 0.47912,
        "nauc_map_at_10_max": 0.411036,
        "nauc_map_at_10_std": 0.095574,
        "nauc_map_at_10_diff1": 0.474049,
        "nauc_map_at_20_max": 0.408508,
        "nauc_map_at_20_std": 0.096064,
        "nauc_map_at_20_diff1": 0.470658,
        "nauc_map_at_100_max": 0.409125,
        "nauc_map_at_100_std": 0.097408,
        "nauc_map_at_100_diff1": 0.469877,
        "nauc_map_at_1000_max": 0.409144,
        "nauc_map_at_1000_std": 0.098027,
        "nauc_map_at_1000_diff1": 0.469409,
        "nauc_recall_at_1_max": 0.397154,
        "nauc_recall_at_1_std": 0.050817,
        "nauc_recall_at_1_diff1": 0.529549,
        "nauc_recall_at_3_max": 0.416323,
        "nauc_recall_at_3_std": 0.120889,
        "nauc_recall_at_3_diff1": 0.433633,
        "nauc_recall_at_5_max": 0.403514,
        "nauc_recall_at_5_std": 0.145299,
        "nauc_recall_at_5_diff1": 0.40741,
        "nauc_recall_at_10_max": 0.374915,
        "nauc_recall_at_10_std": 0.142919,
        "nauc_recall_at_10_diff1": 0.368588,
        "nauc_recall_at_20_max": 0.338159,
        "nauc_recall_at_20_std": 0.143635,
        "nauc_recall_at_20_diff1": 0.329505,
        "nauc_recall_at_100_max": 0.337718,
        "nauc_recall_at_100_std": 0.170753,
        "nauc_recall_at_100_diff1": 0.281747,
        "nauc_recall_at_1000_max": 0.300974,
        "nauc_recall_at_1000_std": 0.243397,
        "nauc_recall_at_1000_diff1": 0.186012,
        "nauc_precision_at_1_max": 0.400576,
        "nauc_precision_at_1_std": 0.053679,
        "nauc_precision_at_1_diff1": 0.508634,
        "nauc_precision_at_3_max": 0.42627,
        "nauc_precision_at_3_std": 0.125908,
        "nauc_precision_at_3_diff1": 0.403578,
        "nauc_precision_at_5_max": 0.415481,
        "nauc_precision_at_5_std": 0.149886,
        "nauc_precision_at_5_diff1": 0.378823,
        "nauc_precision_at_10_max": 0.389212,
        "nauc_precision_at_10_std": 0.16402,
        "nauc_precision_at_10_diff1": 0.333631,
        "nauc_precision_at_20_max": 0.340525,
        "nauc_precision_at_20_std": 0.165744,
        "nauc_precision_at_20_diff1": 0.280672,
        "nauc_precision_at_100_max": 0.304061,
        "nauc_precision_at_100_std": 0.199368,
        "nauc_precision_at_100_diff1": 0.171259,
        "nauc_precision_at_1000_max": 0.200563,
        "nauc_precision_at_1000_std": 0.230144,
        "nauc_precision_at_1000_diff1": -0.003464,
        "nauc_mrr_at_1_max": 0.400576,
        "nauc_mrr_at_1_std": 0.053679,
        "nauc_mrr_at_1_diff1": 0.508634,
        "nauc_mrr_at_3_max": 0.418201,
        "nauc_mrr_at_3_std": 0.092959,
        "nauc_mrr_at_3_diff1": 0.473974,
        "nauc_mrr_at_5_max": 0.41556,
        "nauc_mrr_at_5_std": 0.098801,
        "nauc_mrr_at_5_diff1": 0.46598,
        "nauc_mrr_at_10_max": 0.411687,
        "nauc_mrr_at_10_std": 0.100865,
        "nauc_mrr_at_10_diff1": 0.458855,
        "nauc_mrr_at_20_max": 0.409263,
        "nauc_mrr_at_20_std": 0.102433,
        "nauc_mrr_at_20_diff1": 0.45566,
        "nauc_mrr_at_100_max": 0.409508,
        "nauc_mrr_at_100_std": 0.102693,
        "nauc_mrr_at_100_diff1": 0.454898,
        "nauc_mrr_at_1000_max": 0.409425,
        "nauc_mrr_at_1000_std": 0.102896,
        "nauc_mrr_at_1000_diff1": 0.454832,
        "main_score": 0.25964,
        "hf_subset": "default",
        "languages": [
          "fas-Arab"
        ]
      }
    ]
  },
  "evaluation_time": 179.03161144256592,
  "kg_co2_emissions": null
}