{
  "dataset_revision": "b92e24fab42ab599535a19ee744de5485ec92f64",
  "task_name": "CQADupstackMathematicaRetrieval-Fa",
  "mteb_version": "1.34.14",
  "scores": {
    "test": [
      {
        "ndcg_at_1": 0.10945,
        "ndcg_at_3": 0.12938,
        "ndcg_at_5": 0.14233,
        "ndcg_at_10": 0.1565,
        "ndcg_at_20": 0.1695,
        "ndcg_at_100": 0.19453,
        "ndcg_at_1000": 0.22491,
        "map_at_1": 0.08583,
        "map_at_3": 0.1132,
        "map_at_5": 0.12155,
        "map_at_10": 0.12768,
        "map_at_20": 0.1313,
        "map_at_100": 0.13491,
        "map_at_1000": 0.13595,
        "recall_at_1": 0.08583,
        "recall_at_3": 0.14305,
        "recall_at_5": 0.17745,
        "recall_at_10": 0.21878,
        "recall_at_20": 0.26614,
        "recall_at_100": 0.39018,
        "recall_at_1000": 0.61381,
        "precision_at_1": 0.10945,
        "precision_at_3": 0.06053,
        "precision_at_5": 0.04453,
        "precision_at_10": 0.02873,
        "precision_at_20": 0.01772,
        "precision_at_100": 0.00541,
        "precision_at_1000": 0.00091,
        "mrr_at_1": 0.109453,
        "mrr_at_3": 0.141584,
        "mrr_at_5": 0.149793,
        "mrr_at_10": 0.157218,
        "mrr_at_20": 0.160934,
        "mrr_at_100": 0.164329,
        "mrr_at_1000": 0.16525,
        "nauc_ndcg_at_1_max": 0.336913,
        "nauc_ndcg_at_1_std": 0.013264,
        "nauc_ndcg_at_1_diff1": 0.38606,
        "nauc_ndcg_at_3_max": 0.333532,
        "nauc_ndcg_at_3_std": 0.060838,
        "nauc_ndcg_at_3_diff1": 0.366627,
        "nauc_ndcg_at_5_max": 0.308462,
        "nauc_ndcg_at_5_std": 0.061303,
        "nauc_ndcg_at_5_diff1": 0.328815,
        "nauc_ndcg_at_10_max": 0.294831,
        "nauc_ndcg_at_10_std": 0.065348,
        "nauc_ndcg_at_10_diff1": 0.301475,
        "nauc_ndcg_at_20_max": 0.291809,
        "nauc_ndcg_at_20_std": 0.087481,
        "nauc_ndcg_at_20_diff1": 0.283986,
        "nauc_ndcg_at_100_max": 0.283507,
        "nauc_ndcg_at_100_std": 0.101438,
        "nauc_ndcg_at_100_diff1": 0.27276,
        "nauc_ndcg_at_1000_max": 0.286157,
        "nauc_ndcg_at_1000_std": 0.114155,
        "nauc_ndcg_at_1000_diff1": 0.275772,
        "nauc_map_at_1_max": 0.369219,
        "nauc_map_at_1_std": 0.052074,
        "nauc_map_at_1_diff1": 0.423912,
        "nauc_map_at_3_max": 0.344959,
        "nauc_map_at_3_std": 0.065744,
        "nauc_map_at_3_diff1": 0.384729,
        "nauc_map_at_5_max": 0.329957,
        "nauc_map_at_5_std": 0.065702,
        "nauc_map_at_5_diff1": 0.360147,
        "nauc_map_at_10_max": 0.324502,
        "nauc_map_at_10_std": 0.066813,
        "nauc_map_at_10_diff1": 0.347082,
        "nauc_map_at_20_max": 0.32251,
        "nauc_map_at_20_std": 0.074122,
        "nauc_map_at_20_diff1": 0.339973,
        "nauc_map_at_100_max": 0.320147,
        "nauc_map_at_100_std": 0.076085,
        "nauc_map_at_100_diff1": 0.336829,
        "nauc_map_at_1000_max": 0.320377,
        "nauc_map_at_1000_std": 0.077085,
        "nauc_map_at_1000_diff1": 0.336782,
        "nauc_recall_at_1_max": 0.369219,
        "nauc_recall_at_1_std": 0.052074,
        "nauc_recall_at_1_diff1": 0.423912,
        "nauc_recall_at_3_max": 0.318326,
        "nauc_recall_at_3_std": 0.075271,
        "nauc_recall_at_3_diff1": 0.34781,
        "nauc_recall_at_5_max": 0.265815,
        "nauc_recall_at_5_std": 0.067863,
        "nauc_recall_at_5_diff1": 0.272071,
        "nauc_recall_at_10_max": 0.23595,
        "nauc_recall_at_10_std": 0.070747,
        "nauc_recall_at_10_diff1": 0.214658,
        "nauc_recall_at_20_max": 0.225781,
        "nauc_recall_at_20_std": 0.125063,
        "nauc_recall_at_20_diff1": 0.173205,
        "nauc_recall_at_100_max": 0.199529,
        "nauc_recall_at_100_std": 0.170178,
        "nauc_recall_at_100_diff1": 0.147786,
        "nauc_recall_at_1000_max": 0.188677,
        "nauc_recall_at_1000_std": 0.235628,
        "nauc_recall_at_1000_diff1": 0.145019,
        "nauc_precision_at_1_max": 0.336913,
        "nauc_precision_at_1_std": 0.013264,
        "nauc_precision_at_1_diff1": 0.38606,
        "nauc_precision_at_3_max": 0.311198,
        "nauc_precision_at_3_std": 0.064704,
        "nauc_precision_at_3_diff1": 0.324037,
        "nauc_precision_at_5_max": 0.27318,
        "nauc_precision_at_5_std": 0.064525,
        "nauc_precision_at_5_diff1": 0.25826,
        "nauc_precision_at_10_max": 0.228425,
        "nauc_precision_at_10_std": 0.072178,
        "nauc_precision_at_10_diff1": 0.186802,
        "nauc_precision_at_20_max": 0.229279,
        "nauc_precision_at_20_std": 0.136859,
        "nauc_precision_at_20_diff1": 0.14069,
        "nauc_precision_at_100_max": 0.18705,
        "nauc_precision_at_100_std": 0.158826,
        "nauc_precision_at_100_diff1": 0.074255,
        "nauc_precision_at_1000_max": 0.137499,
        "nauc_precision_at_1000_std": 0.169535,
        "nauc_precision_at_1000_diff1": 0.020483,
        "nauc_mrr_at_1_max": 0.336913,
        "nauc_mrr_at_1_std": 0.013264,
        "nauc_mrr_at_1_diff1": 0.38606,
        "nauc_mrr_at_3_max": 0.320759,
        "nauc_mrr_at_3_std": 0.041973,
        "nauc_mrr_at_3_diff1": 0.349899,
        "nauc_mrr_at_5_max": 0.306193,
        "nauc_mrr_at_5_std": 0.04096,
        "nauc_mrr_at_5_diff1": 0.32847,
        "nauc_mrr_at_10_max": 0.298031,
        "nauc_mrr_at_10_std": 0.041051,
        "nauc_mrr_at_10_diff1": 0.314578,
        "nauc_mrr_at_20_max": 0.298952,
        "nauc_mrr_at_20_std": 0.048016,
        "nauc_mrr_at_20_diff1": 0.311203,
        "nauc_mrr_at_100_max": 0.297954,
        "nauc_mrr_at_100_std": 0.050237,
        "nauc_mrr_at_100_diff1": 0.309998,
        "nauc_mrr_at_1000_max": 0.298075,
        "nauc_mrr_at_1000_std": 0.050555,
        "nauc_mrr_at_1000_diff1": 0.310331,
        "main_score": 0.1565,
        "hf_subset": "default",
        "languages": [
          "fas-Arab"
        ]
      }
    ]
  },
  "evaluation_time": 79.01698517799377,
  "kg_co2_emissions": null
}