{
  "dataset_revision": "c6e2c8b6153958118ec04352dd82a30ea2e2cad5",
  "task_name": "CQADupstackStatsRetrieval-Fa",
  "mteb_version": "1.34.14",
  "scores": {
    "test": [
      {
        "ndcg_at_1": 0.15951,
        "ndcg_at_3": 0.19222,
        "ndcg_at_5": 0.21283,
        "ndcg_at_10": 0.2295,
        "ndcg_at_20": 0.23985,
        "ndcg_at_100": 0.26182,
        "ndcg_at_1000": 0.28501,
        "map_at_1": 0.1427,
        "map_at_3": 0.17644,
        "map_at_5": 0.1888,
        "map_at_10": 0.19608,
        "map_at_20": 0.19926,
        "map_at_100": 0.20225,
        "map_at_1000": 0.20301,
        "recall_at_1": 0.1427,
        "recall_at_3": 0.21591,
        "recall_at_5": 0.26549,
        "recall_at_10": 0.31412,
        "recall_at_20": 0.35116,
        "recall_at_100": 0.46452,
        "recall_at_1000": 0.64209,
        "precision_at_1": 0.15951,
        "precision_at_3": 0.08282,
        "precision_at_5": 0.06196,
        "precision_at_10": 0.03727,
        "precision_at_20": 0.02132,
        "precision_at_100": 0.00575,
        "precision_at_1000": 0.00083,
        "mrr_at_1": 0.159509,
        "mrr_at_3": 0.195297,
        "mrr_at_5": 0.207106,
        "mrr_at_10": 0.214726,
        "mrr_at_20": 0.217645,
        "mrr_at_100": 0.220661,
        "mrr_at_1000": 0.221358,
        "nauc_ndcg_at_1_max": 0.301677,
        "nauc_ndcg_at_1_std": 0.018697,
        "nauc_ndcg_at_1_diff1": 0.465484,
        "nauc_ndcg_at_3_max": 0.269687,
        "nauc_ndcg_at_3_std": 0.021383,
        "nauc_ndcg_at_3_diff1": 0.37003,
        "nauc_ndcg_at_5_max": 0.265585,
        "nauc_ndcg_at_5_std": 0.053438,
        "nauc_ndcg_at_5_diff1": 0.357608,
        "nauc_ndcg_at_10_max": 0.276421,
        "nauc_ndcg_at_10_std": 0.067718,
        "nauc_ndcg_at_10_diff1": 0.355571,
        "nauc_ndcg_at_20_max": 0.27091,
        "nauc_ndcg_at_20_std": 0.079212,
        "nauc_ndcg_at_20_diff1": 0.342394,
        "nauc_ndcg_at_100_max": 0.271861,
        "nauc_ndcg_at_100_std": 0.095941,
        "nauc_ndcg_at_100_diff1": 0.336134,
        "nauc_ndcg_at_1000_max": 0.271857,
        "nauc_ndcg_at_1000_std": 0.111767,
        "nauc_ndcg_at_1000_diff1": 0.330461,
        "nauc_map_at_1_max": 0.302351,
        "nauc_map_at_1_std": -0.003315,
        "nauc_map_at_1_diff1": 0.464252,
        "nauc_map_at_3_max": 0.273238,
        "nauc_map_at_3_std": 0.012408,
        "nauc_map_at_3_diff1": 0.38748,
        "nauc_map_at_5_max": 0.273164,
        "nauc_map_at_5_std": 0.034824,
        "nauc_map_at_5_diff1": 0.378611,
        "nauc_map_at_10_max": 0.278009,
        "nauc_map_at_10_std": 0.041525,
        "nauc_map_at_10_diff1": 0.376654,
        "nauc_map_at_20_max": 0.27587,
        "nauc_map_at_20_std": 0.045222,
        "nauc_map_at_20_diff1": 0.372083,
        "nauc_map_at_100_max": 0.275497,
        "nauc_map_at_100_std": 0.047601,
        "nauc_map_at_100_diff1": 0.371213,
        "nauc_map_at_1000_max": 0.275657,
        "nauc_map_at_1000_std": 0.048498,
        "nauc_map_at_1000_diff1": 0.371005,
        "nauc_recall_at_1_max": 0.302351,
        "nauc_recall_at_1_std": -0.003315,
        "nauc_recall_at_1_diff1": 0.464252,
        "nauc_recall_at_3_max": 0.246358,
        "nauc_recall_at_3_std": 0.026338,
        "nauc_recall_at_3_diff1": 0.318794,
        "nauc_recall_at_5_max": 0.24044,
        "nauc_recall_at_5_std": 0.086401,
        "nauc_recall_at_5_diff1": 0.299619,
        "nauc_recall_at_10_max": 0.265168,
        "nauc_recall_at_10_std": 0.113462,
        "nauc_recall_at_10_diff1": 0.291103,
        "nauc_recall_at_20_max": 0.247957,
        "nauc_recall_at_20_std": 0.145238,
        "nauc_recall_at_20_diff1": 0.253899,
        "nauc_recall_at_100_max": 0.250853,
        "nauc_recall_at_100_std": 0.218288,
        "nauc_recall_at_100_diff1": 0.22004,
        "nauc_recall_at_1000_max": 0.229422,
        "nauc_recall_at_1000_std": 0.337167,
        "nauc_recall_at_1000_diff1": 0.144544,
        "nauc_precision_at_1_max": 0.301677,
        "nauc_precision_at_1_std": 0.018697,
        "nauc_precision_at_1_diff1": 0.465484,
        "nauc_precision_at_3_max": 0.255721,
        "nauc_precision_at_3_std": 0.056826,
        "nauc_precision_at_3_diff1": 0.322907,
        "nauc_precision_at_5_max": 0.246125,
        "nauc_precision_at_5_std": 0.131376,
        "nauc_precision_at_5_diff1": 0.29278,
        "nauc_precision_at_10_max": 0.265686,
        "nauc_precision_at_10_std": 0.166049,
        "nauc_precision_at_10_diff1": 0.280994,
        "nauc_precision_at_20_max": 0.248387,
        "nauc_precision_at_20_std": 0.205794,
        "nauc_precision_at_20_diff1": 0.233708,
        "nauc_precision_at_100_max": 0.251838,
        "nauc_precision_at_100_std": 0.263527,
        "nauc_precision_at_100_diff1": 0.205605,
        "nauc_precision_at_1000_max": 0.21638,
        "nauc_precision_at_1000_std": 0.336868,
        "nauc_precision_at_1000_diff1": 0.139918,
        "nauc_mrr_at_1_max": 0.301677,
        "nauc_mrr_at_1_std": 0.018697,
        "nauc_mrr_at_1_diff1": 0.465484,
        "nauc_mrr_at_3_max": 0.27524,
        "nauc_mrr_at_3_std": 0.029626,
        "nauc_mrr_at_3_diff1": 0.392336,
        "nauc_mrr_at_5_max": 0.272726,
        "nauc_mrr_at_5_std": 0.048124,
        "nauc_mrr_at_5_diff1": 0.38509,
        "nauc_mrr_at_10_max": 0.279291,
        "nauc_mrr_at_10_std": 0.056242,
        "nauc_mrr_at_10_diff1": 0.385451,
        "nauc_mrr_at_20_max": 0.277449,
        "nauc_mrr_at_20_std": 0.058934,
        "nauc_mrr_at_20_diff1": 0.381107,
        "nauc_mrr_at_100_max": 0.277043,
        "nauc_mrr_at_100_std": 0.060411,
        "nauc_mrr_at_100_diff1": 0.380179,
        "nauc_mrr_at_1000_max": 0.277113,
        "nauc_mrr_at_1000_std": 0.061002,
        "nauc_mrr_at_1000_diff1": 0.379895,
        "main_score": 0.2295,
        "hf_subset": "default",
        "languages": [
          "fas-Arab"
        ]
      }
    ]
  },
  "evaluation_time": 174.52522253990173,
  "kg_co2_emissions": null
}