{
  "dataset_revision": "506f29f8ce59648efe99afee736b0b158eced516",
  "task_name": "CQADupstackWebmastersRetrieval-Fa",
  "mteb_version": "1.34.14",
  "scores": {
    "test": [
      {
        "ndcg_at_1": 0.21937,
        "ndcg_at_3": 0.24408,
        "ndcg_at_5": 0.25842,
        "ndcg_at_10": 0.26997,
        "ndcg_at_20": 0.28249,
        "ndcg_at_100": 0.31141,
        "ndcg_at_1000": 0.34259,
        "map_at_1": 0.18159,
        "map_at_3": 0.21948,
        "map_at_5": 0.23019,
        "map_at_10": 0.23613,
        "map_at_20": 0.24035,
        "map_at_100": 0.2451,
        "map_at_1000": 0.24644,
        "recall_at_1": 0.18159,
        "recall_at_3": 0.2551,
        "recall_at_5": 0.29652,
        "recall_at_10": 0.3337,
        "recall_at_20": 0.38192,
        "recall_at_100": 0.52797,
        "recall_at_1000": 0.74595,
        "precision_at_1": 0.21937,
        "precision_at_3": 0.11067,
        "precision_at_5": 0.07905,
        "precision_at_10": 0.04723,
        "precision_at_20": 0.02905,
        "precision_at_100": 0.00957,
        "precision_at_1000": 0.0017,
        "mrr_at_1": 0.219368,
        "mrr_at_3": 0.251318,
        "mrr_at_5": 0.261693,
        "mrr_at_10": 0.267453,
        "mrr_at_20": 0.271203,
        "mrr_at_100": 0.274574,
        "mrr_at_1000": 0.275301,
        "nauc_ndcg_at_1_max": 0.359293,
        "nauc_ndcg_at_1_std": 0.019654,
        "nauc_ndcg_at_1_diff1": 0.597636,
        "nauc_ndcg_at_3_max": 0.346375,
        "nauc_ndcg_at_3_std": 0.022577,
        "nauc_ndcg_at_3_diff1": 0.541039,
        "nauc_ndcg_at_5_max": 0.339036,
        "nauc_ndcg_at_5_std": 0.028277,
        "nauc_ndcg_at_5_diff1": 0.523034,
        "nauc_ndcg_at_10_max": 0.330239,
        "nauc_ndcg_at_10_std": 0.018014,
        "nauc_ndcg_at_10_diff1": 0.517992,
        "nauc_ndcg_at_20_max": 0.326509,
        "nauc_ndcg_at_20_std": 0.031458,
        "nauc_ndcg_at_20_diff1": 0.506981,
        "nauc_ndcg_at_100_max": 0.32827,
        "nauc_ndcg_at_100_std": 0.06543,
        "nauc_ndcg_at_100_diff1": 0.496562,
        "nauc_ndcg_at_1000_max": 0.327137,
        "nauc_ndcg_at_1000_std": 0.066448,
        "nauc_ndcg_at_1000_diff1": 0.500066,
        "nauc_map_at_1_max": 0.360854,
        "nauc_map_at_1_std": -0.023129,
        "nauc_map_at_1_diff1": 0.608367,
        "nauc_map_at_3_max": 0.350266,
        "nauc_map_at_3_std": -0.010699,
        "nauc_map_at_3_diff1": 0.554784,
        "nauc_map_at_5_max": 0.35001,
        "nauc_map_at_5_std": -0.003627,
        "nauc_map_at_5_diff1": 0.543051,
        "nauc_map_at_10_max": 0.346646,
        "nauc_map_at_10_std": -0.00324,
        "nauc_map_at_10_diff1": 0.54176,
        "nauc_map_at_20_max": 0.344562,
        "nauc_map_at_20_std": 0.003474,
        "nauc_map_at_20_diff1": 0.538457,
        "nauc_map_at_100_max": 0.345461,
        "nauc_map_at_100_std": 0.012502,
        "nauc_map_at_100_diff1": 0.538173,
        "nauc_map_at_1000_max": 0.345267,
        "nauc_map_at_1000_std": 0.01345,
        "nauc_map_at_1000_diff1": 0.538215,
        "nauc_recall_at_1_max": 0.360854,
        "nauc_recall_at_1_std": -0.023129,
        "nauc_recall_at_1_diff1": 0.608367,
        "nauc_recall_at_3_max": 0.322412,
        "nauc_recall_at_3_std": -0.00142,
        "nauc_recall_at_3_diff1": 0.495995,
        "nauc_recall_at_5_max": 0.314521,
        "nauc_recall_at_5_std": 0.021376,
        "nauc_recall_at_5_diff1": 0.452684,
        "nauc_recall_at_10_max": 0.290213,
        "nauc_recall_at_10_std": 0.005654,
        "nauc_recall_at_10_diff1": 0.436669,
        "nauc_recall_at_20_max": 0.276668,
        "nauc_recall_at_20_std": 0.06044,
        "nauc_recall_at_20_diff1": 0.4009,
        "nauc_recall_at_100_max": 0.273063,
        "nauc_recall_at_100_std": 0.214846,
        "nauc_recall_at_100_diff1": 0.342963,
        "nauc_recall_at_1000_max": 0.244814,
        "nauc_recall_at_1000_std": 0.239684,
        "nauc_recall_at_1000_diff1": 0.309607,
        "nauc_precision_at_1_max": 0.359293,
        "nauc_precision_at_1_std": 0.019654,
        "nauc_precision_at_1_diff1": 0.597636,
        "nauc_precision_at_3_max": 0.311222,
        "nauc_precision_at_3_std": 0.072331,
        "nauc_precision_at_3_diff1": 0.445061,
        "nauc_precision_at_5_max": 0.292723,
        "nauc_precision_at_5_std": 0.113945,
        "nauc_precision_at_5_diff1": 0.395752,
        "nauc_precision_at_10_max": 0.255228,
        "nauc_precision_at_10_std": 0.135554,
        "nauc_precision_at_10_diff1": 0.386684,
        "nauc_precision_at_20_max": 0.216982,
        "nauc_precision_at_20_std": 0.218191,
        "nauc_precision_at_20_diff1": 0.341631,
        "nauc_precision_at_100_max": 0.130131,
        "nauc_precision_at_100_std": 0.340523,
        "nauc_precision_at_100_diff1": 0.24481,
        "nauc_precision_at_1000_max": -0.072036,
        "nauc_precision_at_1000_std": 0.258516,
        "nauc_precision_at_1000_diff1": 0.088682,
        "nauc_mrr_at_1_max": 0.359293,
        "nauc_mrr_at_1_std": 0.019654,
        "nauc_mrr_at_1_diff1": 0.597636,
        "nauc_mrr_at_3_max": 0.338804,
        "nauc_mrr_at_3_std": 0.031737,
        "nauc_mrr_at_3_diff1": 0.552895,
        "nauc_mrr_at_5_max": 0.336159,
        "nauc_mrr_at_5_std": 0.041777,
        "nauc_mrr_at_5_diff1": 0.540434,
        "nauc_mrr_at_10_max": 0.332171,
        "nauc_mrr_at_10_std": 0.039274,
        "nauc_mrr_at_10_diff1": 0.539037,
        "nauc_mrr_at_20_max": 0.330975,
        "nauc_mrr_at_20_std": 0.043508,
        "nauc_mrr_at_20_diff1": 0.535498,
        "nauc_mrr_at_100_max": 0.331184,
        "nauc_mrr_at_100_std": 0.046724,
        "nauc_mrr_at_100_diff1": 0.534248,
        "nauc_mrr_at_1000_max": 0.331334,
        "nauc_mrr_at_1000_std": 0.046565,
        "nauc_mrr_at_1000_diff1": 0.534578,
        "main_score": 0.26997,
        "hf_subset": "default",
        "languages": [
          "fas-Arab"
        ]
      }
    ]
  },
  "evaluation_time": 58.646302223205566,
  "kg_co2_emissions": null
}