{
  "dataset_revision": "c8129741af418d9ae43cfc1fc4f285704e26035f",
  "task_name": "FarsiParaphraseDetection",
  "mteb_version": "1.34.14",
  "scores": {
    "test": [
      {
        "similarity_accuracy": 0.932312,
        "similarity_accuracy_threshold": 0.558244,
        "similarity_f1": 0.916797,
        "similarity_f1_threshold": 0.511671,
        "similarity_precision": 0.966887,
        "similarity_recall": 0.871642,
        "similarity_ap": 0.975954,
        "cosine_accuracy": 0.932312,
        "cosine_accuracy_threshold": 0.558244,
        "cosine_f1": 0.916797,
        "cosine_f1_threshold": 0.511671,
        "cosine_precision": 0.966887,
        "cosine_recall": 0.871642,
        "cosine_ap": 0.975954,
        "manhattan_accuracy": 0.933589,
        "manhattan_accuracy_threshold": 570.353516,
        "manhattan_f1": 0.918239,
        "manhattan_f1_threshold": 592.341309,
        "manhattan_precision": 0.9701,
        "manhattan_recall": 0.871642,
        "manhattan_ap": 0.976613,
        "euclidean_accuracy": 0.932312,
        "euclidean_accuracy_threshold": 25.949203,
        "euclidean_f1": 0.916797,
        "euclidean_f1_threshold": 27.282803,
        "euclidean_precision": 0.966887,
        "euclidean_recall": 0.871642,
        "euclidean_ap": 0.975954,
        "dot_accuracy": 0.932312,
        "dot_accuracy_threshold": 425.460907,
        "dot_f1": 0.916797,
        "dot_f1_threshold": 389.96579,
        "dot_precision": 0.966887,
        "dot_recall": 0.871642,
        "dot_ap": 0.975954,
        "max_accuracy": 0.933589,
        "max_f1": 0.918239,
        "max_precision": 0.9701,
        "max_recall": 0.871642,
        "max_ap": 0.976613,
        "main_score": 0.976613,
        "hf_subset": "default",
        "languages": [
          "fas-Arab"
        ]
      }
    ]
  },
  "evaluation_time": 0.5590536594390869,
  "kg_co2_emissions": null
}