{
  "dataset_revision": "6d1962c527217f8927fca80f890f14f36b2802af",
  "task_name": "MIRACLReranking",
  "mteb_version": "1.34.14",
  "scores": {
    "dev": [
      {
        "NDCG@1(MIRACL)": 0.37816,
        "NDCG@3(MIRACL)": 0.43536,
        "NDCG@5(MIRACL)": 0.46172,
        "NDCG@10(MIRACL)": 0.50387,
        "NDCG@20(MIRACL)": 0.53166,
        "NDCG@100(MIRACL)": 0.54972,
        "NDCG@1000(MIRACL)": 0.54972,
        "MAP@1(MIRACL)": 0.26706,
        "MAP@3(MIRACL)": 0.37964,
        "MAP@5(MIRACL)": 0.4063,
        "MAP@10(MIRACL)": 0.43168,
        "MAP@20(MIRACL)": 0.44295,
        "MAP@100(MIRACL)": 0.44752,
        "MAP@1000(MIRACL)": 0.44752,
        "Recall@1(MIRACL)": 0.26706,
        "Recall@3(MIRACL)": 0.46679,
        "Recall@5(MIRACL)": 0.53603,
        "Recall@10(MIRACL)": 0.64881,
        "Recall@20(MIRACL)": 0.7393,
        "Recall@100(MIRACL)": 0.81487,
        "Recall@1000(MIRACL)": 0.81487,
        "P@1(MIRACL)": 0.37816,
        "P@3(MIRACL)": 0.24314,
        "P@5(MIRACL)": 0.1769,
        "P@10(MIRACL)": 0.11076,
        "P@20(MIRACL)": 0.06495,
        "P@100(MIRACL)": 0.01467,
        "P@1000(MIRACL)": 0.00147,
        "nAUC_NDCG@1_max(MIRACL)": 0.342063,
        "nAUC_NDCG@1_std(MIRACL)": 0.144249,
        "nAUC_NDCG@1_diff1(MIRACL)": 0.336251,
        "nAUC_NDCG@3_max(MIRACL)": 0.368172,
        "nAUC_NDCG@3_std(MIRACL)": 0.139921,
        "nAUC_NDCG@3_diff1(MIRACL)": 0.293131,
        "nAUC_NDCG@5_max(MIRACL)": 0.393092,
        "nAUC_NDCG@5_std(MIRACL)": 0.159859,
        "nAUC_NDCG@5_diff1(MIRACL)": 0.293769,
        "nAUC_NDCG@10_max(MIRACL)": 0.409179,
        "nAUC_NDCG@10_std(MIRACL)": 0.180089,
        "nAUC_NDCG@10_diff1(MIRACL)": 0.273248,
        "nAUC_NDCG@20_max(MIRACL)": 0.414947,
        "nAUC_NDCG@20_std(MIRACL)": 0.197945,
        "nAUC_NDCG@20_diff1(MIRACL)": 0.268726,
        "nAUC_NDCG@100_max(MIRACL)": 0.41334,
        "nAUC_NDCG@100_std(MIRACL)": 0.190571,
        "nAUC_NDCG@100_diff1(MIRACL)": 0.255856,
        "nAUC_NDCG@1000_max(MIRACL)": 0.41334,
        "nAUC_NDCG@1000_std(MIRACL)": 0.190571,
        "nAUC_NDCG@1000_diff1(MIRACL)": 0.255856,
        "nAUC_MAP@1_max(MIRACL)": 0.231166,
        "nAUC_MAP@1_std(MIRACL)": 0.073989,
        "nAUC_MAP@1_diff1(MIRACL)": 0.343455,
        "nAUC_MAP@3_max(MIRACL)": 0.327948,
        "nAUC_MAP@3_std(MIRACL)": 0.118006,
        "nAUC_MAP@3_diff1(MIRACL)": 0.317518,
        "nAUC_MAP@5_max(MIRACL)": 0.355243,
        "nAUC_MAP@5_std(MIRACL)": 0.137173,
        "nAUC_MAP@5_diff1(MIRACL)": 0.309633,
        "nAUC_MAP@10_max(MIRACL)": 0.372824,
        "nAUC_MAP@10_std(MIRACL)": 0.153332,
        "nAUC_MAP@10_diff1(MIRACL)": 0.297032,
        "nAUC_MAP@20_max(MIRACL)": 0.376925,
        "nAUC_MAP@20_std(MIRACL)": 0.160187,
        "nAUC_MAP@20_diff1(MIRACL)": 0.295304,
        "nAUC_MAP@100_max(MIRACL)": 0.376286,
        "nAUC_MAP@100_std(MIRACL)": 0.159361,
        "nAUC_MAP@100_diff1(MIRACL)": 0.291469,
        "nAUC_MAP@1000_max(MIRACL)": 0.376286,
        "nAUC_MAP@1000_std(MIRACL)": 0.159361,
        "nAUC_MAP@1000_diff1(MIRACL)": 0.291469,
        "nAUC_Recall@1_max(MIRACL)": 0.231166,
        "nAUC_Recall@1_std(MIRACL)": 0.073989,
        "nAUC_Recall@1_diff1(MIRACL)": 0.343455,
        "nAUC_Recall@3_max(MIRACL)": 0.337047,
        "nAUC_Recall@3_std(MIRACL)": 0.116493,
        "nAUC_Recall@3_diff1(MIRACL)": 0.26908,
        "nAUC_Recall@5_max(MIRACL)": 0.404213,
        "nAUC_Recall@5_std(MIRACL)": 0.172943,
        "nAUC_Recall@5_diff1(MIRACL)": 0.245976,
        "nAUC_Recall@10_max(MIRACL)": 0.455726,
        "nAUC_Recall@10_std(MIRACL)": 0.239452,
        "nAUC_Recall@10_diff1(MIRACL)": 0.17857,
        "nAUC_Recall@20_max(MIRACL)": 0.495834,
        "nAUC_Recall@20_std(MIRACL)": 0.336837,
        "nAUC_Recall@20_diff1(MIRACL)": 0.148048,
        "nAUC_Recall@100_max(MIRACL)": 0.546721,
        "nAUC_Recall@100_std(MIRACL)": 0.341191,
        "nAUC_Recall@100_diff1(MIRACL)": 0.056142,
        "nAUC_Recall@1000_max(MIRACL)": 0.546721,
        "nAUC_Recall@1000_std(MIRACL)": 0.341191,
        "nAUC_Recall@1000_diff1(MIRACL)": 0.056142,
        "nAUC_P@1_max(MIRACL)": 0.342063,
        "nAUC_P@1_std(MIRACL)": 0.144249,
        "nAUC_P@1_diff1(MIRACL)": 0.336251,
        "nAUC_P@3_max(MIRACL)": 0.427621,
        "nAUC_P@3_std(MIRACL)": 0.18742,
        "nAUC_P@3_diff1(MIRACL)": 0.166485,
        "nAUC_P@5_max(MIRACL)": 0.427294,
        "nAUC_P@5_std(MIRACL)": 0.208624,
        "nAUC_P@5_diff1(MIRACL)": 0.108411,
        "nAUC_P@10_max(MIRACL)": 0.385079,
        "nAUC_P@10_std(MIRACL)": 0.213902,
        "nAUC_P@10_diff1(MIRACL)": 0.011968,
        "nAUC_P@20_max(MIRACL)": 0.328564,
        "nAUC_P@20_std(MIRACL)": 0.209514,
        "nAUC_P@20_diff1(MIRACL)": -0.034983,
        "nAUC_P@100_max(MIRACL)": 0.254192,
        "nAUC_P@100_std(MIRACL)": 0.140213,
        "nAUC_P@100_diff1(MIRACL)": -0.098833,
        "nAUC_P@1000_max(MIRACL)": 0.254192,
        "nAUC_P@1000_std(MIRACL)": 0.140213,
        "nAUC_P@1000_diff1(MIRACL)": -0.098833,
        "main_score": 0.50387,
        "hf_subset": "fa",
        "languages": [
          "fas-Arab"
        ]
      }
    ]
  },
  "evaluation_time": 161.13444590568542,
  "kg_co2_emissions": null
}