{
  "dataset_revision": "88f90b0b04f91778ba5341095b0a9f1d7799ce10",
  "task_name": "MSMARCO-Fa",
  "mteb_version": "1.34.14",
  "scores": {
    "dev": [
      {
        "ndcg_at_1": 0.13782,
        "ndcg_at_3": 0.21237,
        "ndcg_at_5": 0.24017,
        "ndcg_at_10": 0.2704,
        "ndcg_at_20": 0.29377,
        "ndcg_at_100": 0.32679,
        "ndcg_at_1000": 0.347,
        "map_at_1": 0.13339,
        "map_at_3": 0.19208,
        "map_at_5": 0.20751,
        "map_at_10": 0.22011,
        "map_at_20": 0.2267,
        "map_at_100": 0.23135,
        "map_at_1000": 0.23208,
        "recall_at_1": 0.13339,
        "recall_at_3": 0.26668,
        "recall_at_5": 0.33346,
        "recall_at_10": 0.42541,
        "recall_at_20": 0.51566,
        "recall_at_100": 0.69146,
        "recall_at_1000": 0.85066,
        "precision_at_1": 0.13782,
        "precision_at_3": 0.09207,
        "precision_at_5": 0.06926,
        "precision_at_10": 0.04448,
        "precision_at_20": 0.02716,
        "precision_at_100": 0.0073,
        "precision_at_1000": 0.0009,
        "mrr_at_1": 0.137966,
        "mrr_at_3": 0.1968,
        "mrr_at_5": 0.212467,
        "mrr_at_10": 0.224955,
        "mrr_at_20": 0.231362,
        "mrr_at_100": 0.235804,
        "mrr_at_1000": 0.236482,
        "nauc_ndcg_at_1_max": 0.126806,
        "nauc_ndcg_at_1_std": -0.062275,
        "nauc_ndcg_at_1_diff1": 0.323776,
        "nauc_ndcg_at_3_max": 0.127214,
        "nauc_ndcg_at_3_std": -0.062014,
        "nauc_ndcg_at_3_diff1": 0.263885,
        "nauc_ndcg_at_5_max": 0.141177,
        "nauc_ndcg_at_5_std": -0.045097,
        "nauc_ndcg_at_5_diff1": 0.253661,
        "nauc_ndcg_at_10_max": 0.155772,
        "nauc_ndcg_at_10_std": -0.02148,
        "nauc_ndcg_at_10_diff1": 0.243051,
        "nauc_ndcg_at_20_max": 0.165066,
        "nauc_ndcg_at_20_std": -0.002556,
        "nauc_ndcg_at_20_diff1": 0.237667,
        "nauc_ndcg_at_100_max": 0.188023,
        "nauc_ndcg_at_100_std": 0.035042,
        "nauc_ndcg_at_100_diff1": 0.23397,
        "nauc_ndcg_at_1000_max": 0.186913,
        "nauc_ndcg_at_1000_std": 0.033754,
        "nauc_ndcg_at_1000_diff1": 0.237411,
        "nauc_map_at_1_max": 0.126379,
        "nauc_map_at_1_std": -0.065707,
        "nauc_map_at_1_diff1": 0.327552,
        "nauc_map_at_3_max": 0.126737,
        "nauc_map_at_3_std": -0.064283,
        "nauc_map_at_3_diff1": 0.276917,
        "nauc_map_at_5_max": 0.134952,
        "nauc_map_at_5_std": -0.0544,
        "nauc_map_at_5_diff1": 0.27043,
        "nauc_map_at_10_max": 0.141635,
        "nauc_map_at_10_std": -0.043823,
        "nauc_map_at_10_diff1": 0.26547,
        "nauc_map_at_20_max": 0.14428,
        "nauc_map_at_20_std": -0.038255,
        "nauc_map_at_20_diff1": 0.263848,
        "nauc_map_at_100_max": 0.147642,
        "nauc_map_at_100_std": -0.032757,
        "nauc_map_at_100_diff1": 0.263529,
        "nauc_map_at_1000_max": 0.147664,
        "nauc_map_at_1000_std": -0.032704,
        "nauc_map_at_1000_diff1": 0.263615,
        "nauc_recall_at_1_max": 0.126379,
        "nauc_recall_at_1_std": -0.065707,
        "nauc_recall_at_1_diff1": 0.327552,
        "nauc_recall_at_3_max": 0.128337,
        "nauc_recall_at_3_std": -0.059089,
        "nauc_recall_at_3_diff1": 0.235787,
        "nauc_recall_at_5_max": 0.156215,
        "nauc_recall_at_5_std": -0.024359,
        "nauc_recall_at_5_diff1": 0.216646,
        "nauc_recall_at_10_max": 0.190295,
        "nauc_recall_at_10_std": 0.032517,
        "nauc_recall_at_10_diff1": 0.191147,
        "nauc_recall_at_20_max": 0.222065,
        "nauc_recall_at_20_std": 0.096603,
        "nauc_recall_at_20_diff1": 0.17116,
        "nauc_recall_at_100_max": 0.363743,
        "nauc_recall_at_100_std": 0.330905,
        "nauc_recall_at_100_diff1": 0.130992,
        "nauc_recall_at_1000_max": 0.481425,
        "nauc_recall_at_1000_std": 0.537283,
        "nauc_recall_at_1000_diff1": 0.103057,
        "nauc_precision_at_1_max": 0.126806,
        "nauc_precision_at_1_std": -0.062275,
        "nauc_precision_at_1_diff1": 0.323776,
        "nauc_precision_at_3_max": 0.128636,
        "nauc_precision_at_3_std": -0.057709,
        "nauc_precision_at_3_diff1": 0.232984,
        "nauc_precision_at_5_max": 0.155896,
        "nauc_precision_at_5_std": -0.023538,
        "nauc_precision_at_5_diff1": 0.215058,
        "nauc_precision_at_10_max": 0.189661,
        "nauc_precision_at_10_std": 0.038141,
        "nauc_precision_at_10_diff1": 0.183172,
        "nauc_precision_at_20_max": 0.218021,
        "nauc_precision_at_20_std": 0.103831,
        "nauc_precision_at_20_diff1": 0.15646,
        "nauc_precision_at_100_max": 0.334736,
        "nauc_precision_at_100_std": 0.317739,
        "nauc_precision_at_100_diff1": 0.101607,
        "nauc_precision_at_1000_max": 0.359336,
        "nauc_precision_at_1000_std": 0.420228,
        "nauc_precision_at_1000_diff1": 0.04822,
        "nauc_mrr_at_1_max": 0.126474,
        "nauc_mrr_at_1_std": -0.062703,
        "nauc_mrr_at_1_diff1": 0.322872,
        "nauc_mrr_at_3_max": 0.126096,
        "nauc_mrr_at_3_std": -0.060541,
        "nauc_mrr_at_3_diff1": 0.271956,
        "nauc_mrr_at_5_max": 0.134408,
        "nauc_mrr_at_5_std": -0.050435,
        "nauc_mrr_at_5_diff1": 0.265599,
        "nauc_mrr_at_10_max": 0.141677,
        "nauc_mrr_at_10_std": -0.039085,
        "nauc_mrr_at_10_diff1": 0.26084,
        "nauc_mrr_at_20_max": 0.144318,
        "nauc_mrr_at_20_std": -0.033843,
        "nauc_mrr_at_20_diff1": 0.259686,
        "nauc_mrr_at_100_max": 0.147338,
        "nauc_mrr_at_100_std": -0.028981,
        "nauc_mrr_at_100_diff1": 0.259407,
        "nauc_mrr_at_1000_max": 0.147293,
        "nauc_mrr_at_1000_std": -0.029033,
        "nauc_mrr_at_1000_diff1": 0.259537,
        "main_score": 0.2704,
        "hf_subset": "default",
        "languages": [
          "fas-Arab"
        ]
      }
    ]
  },
  "evaluation_time": 13756.11228299141,
  "kg_co2_emissions": null
}