{
  "dataset_revision": "70aa71825a791e87210c0355a01f538aa611feae",
  "task_name": "NFCorpus-Fa",
  "mteb_version": "1.34.14",
  "scores": {
    "test": [
      {
        "ndcg_at_1": 0.0805,
        "ndcg_at_3": 0.06733,
        "ndcg_at_5": 0.05913,
        "ndcg_at_10": 0.05002,
        "ndcg_at_20": 0.04473,
        "ndcg_at_100": 0.05184,
        "ndcg_at_1000": 0.13135,
        "map_at_1": 0.00718,
        "map_at_3": 0.01049,
        "map_at_5": 0.01175,
        "map_at_10": 0.01288,
        "map_at_20": 0.01347,
        "map_at_100": 0.01499,
        "map_at_1000": 0.01915,
        "recall_at_1": 0.00718,
        "recall_at_3": 0.01162,
        "recall_at_5": 0.01443,
        "recall_at_10": 0.01929,
        "recall_at_20": 0.02334,
        "recall_at_100": 0.06178,
        "recall_at_1000": 0.34361,
        "precision_at_1": 0.08359,
        "precision_at_3": 0.06708,
        "precision_at_5": 0.05263,
        "precision_at_10": 0.03591,
        "precision_at_20": 0.02508,
        "precision_at_100": 0.01601,
        "precision_at_1000": 0.01158,
        "mrr_at_1": 0.083591,
        "mrr_at_3": 0.108359,
        "mrr_at_5": 0.11548,
        "mrr_at_10": 0.12057,
        "mrr_at_20": 0.123952,
        "mrr_at_100": 0.129277,
        "mrr_at_1000": 0.130775,
        "nauc_ndcg_at_1_max": -0.020583,
        "nauc_ndcg_at_1_std": 0.002862,
        "nauc_ndcg_at_1_diff1": 0.570319,
        "nauc_ndcg_at_3_max": -0.015592,
        "nauc_ndcg_at_3_std": 0.021511,
        "nauc_ndcg_at_3_diff1": 0.411266,
        "nauc_ndcg_at_5_max": -0.017541,
        "nauc_ndcg_at_5_std": 0.029632,
        "nauc_ndcg_at_5_diff1": 0.400249,
        "nauc_ndcg_at_10_max": -0.03335,
        "nauc_ndcg_at_10_std": 0.022811,
        "nauc_ndcg_at_10_diff1": 0.384039,
        "nauc_ndcg_at_20_max": -0.041272,
        "nauc_ndcg_at_20_std": -0.006611,
        "nauc_ndcg_at_20_diff1": 0.422441,
        "nauc_ndcg_at_100_max": -0.060604,
        "nauc_ndcg_at_100_std": 0.035235,
        "nauc_ndcg_at_100_diff1": 0.467556,
        "nauc_ndcg_at_1000_max": -0.042136,
        "nauc_ndcg_at_1000_std": 0.030921,
        "nauc_ndcg_at_1000_diff1": 0.378287,
        "nauc_map_at_1_max": -0.109642,
        "nauc_map_at_1_std": -0.10145,
        "nauc_map_at_1_diff1": 0.862519,
        "nauc_map_at_3_max": -0.078905,
        "nauc_map_at_3_std": -0.026221,
        "nauc_map_at_3_diff1": 0.766861,
        "nauc_map_at_5_max": -0.07526,
        "nauc_map_at_5_std": 0.0046,
        "nauc_map_at_5_diff1": 0.740471,
        "nauc_map_at_10_max": -0.0777,
        "nauc_map_at_10_std": 0.028598,
        "nauc_map_at_10_diff1": 0.706532,
        "nauc_map_at_20_max": -0.080092,
        "nauc_map_at_20_std": 0.025752,
        "nauc_map_at_20_diff1": 0.701451,
        "nauc_map_at_100_max": -0.081268,
        "nauc_map_at_100_std": 0.03119,
        "nauc_map_at_100_diff1": 0.670819,
        "nauc_map_at_1000_max": -0.048814,
        "nauc_map_at_1000_std": 0.046113,
        "nauc_map_at_1000_diff1": 0.596736,
        "nauc_recall_at_1_max": -0.109642,
        "nauc_recall_at_1_std": -0.10145,
        "nauc_recall_at_1_diff1": 0.862519,
        "nauc_recall_at_3_max": -0.084339,
        "nauc_recall_at_3_std": -0.023632,
        "nauc_recall_at_3_diff1": 0.716034,
        "nauc_recall_at_5_max": -0.112776,
        "nauc_recall_at_5_std": -0.025865,
        "nauc_recall_at_5_diff1": 0.66591,
        "nauc_recall_at_10_max": -0.144705,
        "nauc_recall_at_10_std": -0.037628,
        "nauc_recall_at_10_diff1": 0.547203,
        "nauc_recall_at_20_max": -0.153124,
        "nauc_recall_at_20_std": -0.055734,
        "nauc_recall_at_20_diff1": 0.529313,
        "nauc_recall_at_100_max": -0.132868,
        "nauc_recall_at_100_std": 0.029063,
        "nauc_recall_at_100_diff1": 0.350599,
        "nauc_recall_at_1000_max": -0.079406,
        "nauc_recall_at_1000_std": 0.04692,
        "nauc_recall_at_1000_diff1": 0.196984,
        "nauc_precision_at_1_max": -0.033382,
        "nauc_precision_at_1_std": -0.015722,
        "nauc_precision_at_1_diff1": 0.563909,
        "nauc_precision_at_3_max": -0.01422,
        "nauc_precision_at_3_std": 0.030601,
        "nauc_precision_at_3_diff1": 0.363581,
        "nauc_precision_at_5_max": -0.007049,
        "nauc_precision_at_5_std": 0.063713,
        "nauc_precision_at_5_diff1": 0.33716,
        "nauc_precision_at_10_max": -0.000255,
        "nauc_precision_at_10_std": 0.089923,
        "nauc_precision_at_10_diff1": 0.240525,
        "nauc_precision_at_20_max": 0.012378,
        "nauc_precision_at_20_std": 0.034694,
        "nauc_precision_at_20_diff1": 0.17431,
        "nauc_precision_at_100_max": 0.101563,
        "nauc_precision_at_100_std": 0.114659,
        "nauc_precision_at_100_diff1": 0.054848,
        "nauc_precision_at_1000_max": 0.259378,
        "nauc_precision_at_1000_std": 0.141258,
        "nauc_precision_at_1000_diff1": -0.047392,
        "nauc_mrr_at_1_max": -0.033382,
        "nauc_mrr_at_1_std": -0.015722,
        "nauc_mrr_at_1_diff1": 0.563909,
        "nauc_mrr_at_3_max": -0.030847,
        "nauc_mrr_at_3_std": -0.031206,
        "nauc_mrr_at_3_diff1": 0.439735,
        "nauc_mrr_at_5_max": -0.035031,
        "nauc_mrr_at_5_std": -0.027509,
        "nauc_mrr_at_5_diff1": 0.432606,
        "nauc_mrr_at_10_max": -0.034052,
        "nauc_mrr_at_10_std": -0.029381,
        "nauc_mrr_at_10_diff1": 0.41624,
        "nauc_mrr_at_20_max": -0.038385,
        "nauc_mrr_at_20_std": -0.028391,
        "nauc_mrr_at_20_diff1": 0.41425,
        "nauc_mrr_at_100_max": -0.037307,
        "nauc_mrr_at_100_std": -0.027092,
        "nauc_mrr_at_100_diff1": 0.406842,
        "nauc_mrr_at_1000_max": -0.037417,
        "nauc_mrr_at_1000_std": -0.027404,
        "nauc_mrr_at_1000_diff1": 0.408119,
        "main_score": 0.05002,
        "hf_subset": "default",
        "languages": [
          "fas-Arab"
        ]
      }
    ]
  },
  "evaluation_time": 19.25649118423462,
  "kg_co2_emissions": null
}