{
  "dataset_revision": "d4ea898b644c8d5f608b60947cb637bebbf1ac66",
  "task_name": "NQ-Fa",
  "mteb_version": "1.34.14",
  "scores": {
    "test": [
      {
        "ndcg_at_1": 0.17497,
        "ndcg_at_3": 0.24052,
        "ndcg_at_5": 0.27338,
        "ndcg_at_10": 0.30446,
        "ndcg_at_20": 0.32654,
        "ndcg_at_100": 0.3576,
        "ndcg_at_1000": 0.37621,
        "map_at_1": 0.1518,
        "map_at_3": 0.21515,
        "map_at_5": 0.23435,
        "map_at_10": 0.24779,
        "map_at_20": 0.25434,
        "map_at_100": 0.25904,
        "map_at_1000": 0.25975,
        "recall_at_1": 0.1518,
        "recall_at_3": 0.29007,
        "recall_at_5": 0.36633,
        "recall_at_10": 0.45809,
        "recall_at_20": 0.54041,
        "recall_at_100": 0.69902,
        "recall_at_1000": 0.84026,
        "precision_at_1": 0.17497,
        "precision_at_3": 0.11375,
        "precision_at_5": 0.08685,
        "precision_at_10": 0.05437,
        "precision_at_20": 0.03244,
        "precision_at_100": 0.00846,
        "precision_at_1000": 0.00102,
        "mrr_at_1": 0.175261,
        "mrr_at_3": 0.239185,
        "mrr_at_5": 0.257131,
        "mrr_at_10": 0.269654,
        "mrr_at_20": 0.275247,
        "mrr_at_100": 0.279163,
        "mrr_at_1000": 0.279758,
        "nauc_ndcg_at_1_max": 0.280988,
        "nauc_ndcg_at_1_std": 0.106262,
        "nauc_ndcg_at_1_diff1": 0.28859,
        "nauc_ndcg_at_3_max": 0.301475,
        "nauc_ndcg_at_3_std": 0.130308,
        "nauc_ndcg_at_3_diff1": 0.245476,
        "nauc_ndcg_at_5_max": 0.313235,
        "nauc_ndcg_at_5_std": 0.145849,
        "nauc_ndcg_at_5_diff1": 0.237404,
        "nauc_ndcg_at_10_max": 0.338502,
        "nauc_ndcg_at_10_std": 0.172063,
        "nauc_ndcg_at_10_diff1": 0.235625,
        "nauc_ndcg_at_20_max": 0.355221,
        "nauc_ndcg_at_20_std": 0.195693,
        "nauc_ndcg_at_20_diff1": 0.239301,
        "nauc_ndcg_at_100_max": 0.364454,
        "nauc_ndcg_at_100_std": 0.216433,
        "nauc_ndcg_at_100_diff1": 0.242135,
        "nauc_ndcg_at_1000_max": 0.359198,
        "nauc_ndcg_at_1000_std": 0.213041,
        "nauc_ndcg_at_1000_diff1": 0.242434,
        "nauc_map_at_1_max": 0.274871,
        "nauc_map_at_1_std": 0.092666,
        "nauc_map_at_1_diff1": 0.285674,
        "nauc_map_at_3_max": 0.296392,
        "nauc_map_at_3_std": 0.120546,
        "nauc_map_at_3_diff1": 0.254155,
        "nauc_map_at_5_max": 0.305167,
        "nauc_map_at_5_std": 0.131541,
        "nauc_map_at_5_diff1": 0.248596,
        "nauc_map_at_10_max": 0.317483,
        "nauc_map_at_10_std": 0.1438,
        "nauc_map_at_10_diff1": 0.248167,
        "nauc_map_at_20_max": 0.322634,
        "nauc_map_at_20_std": 0.151169,
        "nauc_map_at_20_diff1": 0.24879,
        "nauc_map_at_100_max": 0.32409,
        "nauc_map_at_100_std": 0.154573,
        "nauc_map_at_100_diff1": 0.249169,
        "nauc_map_at_1000_max": 0.32388,
        "nauc_map_at_1000_std": 0.154469,
        "nauc_map_at_1000_diff1": 0.249159,
        "nauc_recall_at_1_max": 0.274871,
        "nauc_recall_at_1_std": 0.092666,
        "nauc_recall_at_1_diff1": 0.285674,
        "nauc_recall_at_3_max": 0.302888,
        "nauc_recall_at_3_std": 0.13921,
        "nauc_recall_at_3_diff1": 0.221068,
        "nauc_recall_at_5_max": 0.322999,
        "nauc_recall_at_5_std": 0.168137,
        "nauc_recall_at_5_diff1": 0.203844,
        "nauc_recall_at_10_max": 0.383652,
        "nauc_recall_at_10_std": 0.233041,
        "nauc_recall_at_10_diff1": 0.19767,
        "nauc_recall_at_20_max": 0.441657,
        "nauc_recall_at_20_std": 0.314538,
        "nauc_recall_at_20_diff1": 0.21047,
        "nauc_recall_at_100_max": 0.526111,
        "nauc_recall_at_100_std": 0.466185,
        "nauc_recall_at_100_diff1": 0.225368,
        "nauc_recall_at_1000_max": 0.571159,
        "nauc_recall_at_1000_std": 0.593216,
        "nauc_recall_at_1000_diff1": 0.225832,
        "nauc_precision_at_1_max": 0.280988,
        "nauc_precision_at_1_std": 0.106262,
        "nauc_precision_at_1_diff1": 0.28859,
        "nauc_precision_at_3_max": 0.323373,
        "nauc_precision_at_3_std": 0.170071,
        "nauc_precision_at_3_diff1": 0.218881,
        "nauc_precision_at_5_max": 0.33689,
        "nauc_precision_at_5_std": 0.19521,
        "nauc_precision_at_5_diff1": 0.198348,
        "nauc_precision_at_10_max": 0.384465,
        "nauc_precision_at_10_std": 0.249813,
        "nauc_precision_at_10_diff1": 0.187778,
        "nauc_precision_at_20_max": 0.406954,
        "nauc_precision_at_20_std": 0.30811,
        "nauc_precision_at_20_diff1": 0.179122,
        "nauc_precision_at_100_max": 0.389587,
        "nauc_precision_at_100_std": 0.369734,
        "nauc_precision_at_100_diff1": 0.145198,
        "nauc_precision_at_1000_max": 0.284605,
        "nauc_precision_at_1000_std": 0.317005,
        "nauc_precision_at_1000_diff1": 0.082896,
        "nauc_mrr_at_1_max": 0.279826,
        "nauc_mrr_at_1_std": 0.10551,
        "nauc_mrr_at_1_diff1": 0.28711,
        "nauc_mrr_at_3_max": 0.297404,
        "nauc_mrr_at_3_std": 0.132068,
        "nauc_mrr_at_3_diff1": 0.252648,
        "nauc_mrr_at_5_max": 0.301227,
        "nauc_mrr_at_5_std": 0.138037,
        "nauc_mrr_at_5_diff1": 0.247694,
        "nauc_mrr_at_10_max": 0.310463,
        "nauc_mrr_at_10_std": 0.148421,
        "nauc_mrr_at_10_diff1": 0.245895,
        "nauc_mrr_at_20_max": 0.31478,
        "nauc_mrr_at_20_std": 0.154118,
        "nauc_mrr_at_20_diff1": 0.247277,
        "nauc_mrr_at_100_max": 0.315328,
        "nauc_mrr_at_100_std": 0.15586,
        "nauc_mrr_at_100_diff1": 0.247786,
        "nauc_mrr_at_1000_max": 0.315185,
        "nauc_mrr_at_1000_std": 0.155732,
        "nauc_mrr_at_1000_diff1": 0.247864,
        "main_score": 0.30446,
        "hf_subset": "default",
        "languages": [
          "fas-Arab"
        ]
      }
    ]
  },
  "evaluation_time": 5423.868224143982,
  "kg_co2_emissions": null
}