{
  "dataset_revision": "b3dc818368a867b30ccb55a42ff287d253512c36",
  "task_name": "PersianWebDocumentRetrieval",
  "mteb_version": "1.34.14",
  "scores": {
    "test": [
      {
        "ndcg_at_1": 0.40168,
        "ndcg_at_3": 0.35763,
        "ndcg_at_5": 0.35467,
        "ndcg_at_10": 0.34901,
        "ndcg_at_20": 0.36277,
        "ndcg_at_100": 0.42754,
        "ndcg_at_1000": 0.46741,
        "map_at_1": 0.0712,
        "map_at_3": 0.13366,
        "map_at_5": 0.17342,
        "map_at_10": 0.21838,
        "map_at_20": 0.25492,
        "map_at_100": 0.28384,
        "map_at_1000": 0.28857,
        "recall_at_1": 0.0712,
        "recall_at_3": 0.15377,
        "recall_at_5": 0.22463,
        "recall_at_10": 0.31176,
        "recall_at_20": 0.40481,
        "recall_at_100": 0.56924,
        "recall_at_1000": 0.71061,
        "precision_at_1": 0.40168,
        "precision_at_3": 0.32422,
        "precision_at_5": 0.29422,
        "precision_at_10": 0.23134,
        "precision_at_20": 0.16898,
        "precision_at_100": 0.05331,
        "precision_at_1000": 0.00715,
        "mrr_at_1": 0.401682,
        "mrr_at_3": 0.464248,
        "mrr_at_5": 0.481441,
        "mrr_at_10": 0.48828,
        "mrr_at_20": 0.491751,
        "mrr_at_100": 0.493648,
        "mrr_at_1000": 0.493831,
        "nauc_ndcg_at_1_max": 0.31604,
        "nauc_ndcg_at_1_std": 0.173921,
        "nauc_ndcg_at_1_diff1": 0.243868,
        "nauc_ndcg_at_3_max": 0.243562,
        "nauc_ndcg_at_3_std": 0.195506,
        "nauc_ndcg_at_3_diff1": 0.160046,
        "nauc_ndcg_at_5_max": 0.205165,
        "nauc_ndcg_at_5_std": 0.180585,
        "nauc_ndcg_at_5_diff1": 0.143584,
        "nauc_ndcg_at_10_max": 0.174708,
        "nauc_ndcg_at_10_std": 0.182907,
        "nauc_ndcg_at_10_diff1": 0.12724,
        "nauc_ndcg_at_20_max": 0.151387,
        "nauc_ndcg_at_20_std": 0.191789,
        "nauc_ndcg_at_20_diff1": 0.098082,
        "nauc_ndcg_at_100_max": 0.195164,
        "nauc_ndcg_at_100_std": 0.267169,
        "nauc_ndcg_at_100_diff1": 0.101782,
        "nauc_ndcg_at_1000_max": 0.23473,
        "nauc_ndcg_at_1000_std": 0.280814,
        "nauc_ndcg_at_1000_diff1": 0.118203,
        "nauc_map_at_1_max": -0.011383,
        "nauc_map_at_1_std": -0.053817,
        "nauc_map_at_1_diff1": 0.231129,
        "nauc_map_at_3_max": 0.01368,
        "nauc_map_at_3_std": 0.02343,
        "nauc_map_at_3_diff1": 0.125275,
        "nauc_map_at_5_max": 0.0246,
        "nauc_map_at_5_std": 0.049064,
        "nauc_map_at_5_diff1": 0.101225,
        "nauc_map_at_10_max": 0.058154,
        "nauc_map_at_10_std": 0.09995,
        "nauc_map_at_10_diff1": 0.090514,
        "nauc_map_at_20_max": 0.087219,
        "nauc_map_at_20_std": 0.142728,
        "nauc_map_at_20_diff1": 0.07317,
        "nauc_map_at_100_max": 0.118229,
        "nauc_map_at_100_std": 0.190371,
        "nauc_map_at_100_diff1": 0.07418,
        "nauc_map_at_1000_max": 0.123839,
        "nauc_map_at_1000_std": 0.194168,
        "nauc_map_at_1000_diff1": 0.077103,
        "nauc_recall_at_1_max": -0.011383,
        "nauc_recall_at_1_std": -0.053817,
        "nauc_recall_at_1_diff1": 0.231129,
        "nauc_recall_at_3_max": -8.1e-05,
        "nauc_recall_at_3_std": 0.019546,
        "nauc_recall_at_3_diff1": 0.102231,
        "nauc_recall_at_5_max": -0.008966,
        "nauc_recall_at_5_std": 0.032304,
        "nauc_recall_at_5_diff1": 0.069314,
        "nauc_recall_at_10_max": 0.028854,
        "nauc_recall_at_10_std": 0.094531,
        "nauc_recall_at_10_diff1": 0.058313,
        "nauc_recall_at_20_max": 0.065917,
        "nauc_recall_at_20_std": 0.158042,
        "nauc_recall_at_20_diff1": 0.034944,
        "nauc_recall_at_100_max": 0.143207,
        "nauc_recall_at_100_std": 0.315252,
        "nauc_recall_at_100_diff1": 0.048381,
        "nauc_recall_at_1000_max": 0.250992,
        "nauc_recall_at_1000_std": 0.35925,
        "nauc_recall_at_1000_diff1": 0.093309,
        "nauc_precision_at_1_max": 0.31604,
        "nauc_precision_at_1_std": 0.173921,
        "nauc_precision_at_1_diff1": 0.243868,
        "nauc_precision_at_3_max": 0.251919,
        "nauc_precision_at_3_std": 0.234897,
        "nauc_precision_at_3_diff1": 0.103675,
        "nauc_precision_at_5_max": 0.235778,
        "nauc_precision_at_5_std": 0.241786,
        "nauc_precision_at_5_diff1": 0.079403,
        "nauc_precision_at_10_max": 0.245358,
        "nauc_precision_at_10_std": 0.274086,
        "nauc_precision_at_10_diff1": 0.068419,
        "nauc_precision_at_20_max": 0.261992,
        "nauc_precision_at_20_std": 0.298571,
        "nauc_precision_at_20_diff1": 0.040262,
        "nauc_precision_at_100_max": 0.312148,
        "nauc_precision_at_100_std": 0.356503,
        "nauc_precision_at_100_diff1": 0.056542,
        "nauc_precision_at_1000_max": 0.362294,
        "nauc_precision_at_1000_std": 0.317823,
        "nauc_precision_at_1000_diff1": 0.083442,
        "nauc_mrr_at_1_max": 0.31604,
        "nauc_mrr_at_1_std": 0.173921,
        "nauc_mrr_at_1_diff1": 0.243868,
        "nauc_mrr_at_3_max": 0.333496,
        "nauc_mrr_at_3_std": 0.206046,
        "nauc_mrr_at_3_diff1": 0.234801,
        "nauc_mrr_at_5_max": 0.335508,
        "nauc_mrr_at_5_std": 0.218152,
        "nauc_mrr_at_5_diff1": 0.237801,
        "nauc_mrr_at_10_max": 0.337302,
        "nauc_mrr_at_10_std": 0.220447,
        "nauc_mrr_at_10_diff1": 0.234993,
        "nauc_mrr_at_20_max": 0.339418,
        "nauc_mrr_at_20_std": 0.220946,
        "nauc_mrr_at_20_diff1": 0.234766,
        "nauc_mrr_at_100_max": 0.339805,
        "nauc_mrr_at_100_std": 0.22138,
        "nauc_mrr_at_100_diff1": 0.23432,
        "nauc_mrr_at_1000_max": 0.339899,
        "nauc_mrr_at_1000_std": 0.221387,
        "nauc_mrr_at_1000_diff1": 0.234314,
        "main_score": 0.34901,
        "hf_subset": "default",
        "languages": [
          "fas-Arab"
        ]
      }
    ]
  },
  "evaluation_time": 208.32951092720032,
  "kg_co2_emissions": null
}