{
  "dataset_revision": "086995ca4cea33f37a407c2fa5282f74913740ee",
  "task_name": "SynPerChatbotTopicsRetrieval",
  "mteb_version": "1.34.14",
  "scores": {
    "test": [
      {
        "ndcg_at_1": 0.14574,
        "ndcg_at_3": 0.11535,
        "ndcg_at_5": 0.13358,
        "ndcg_at_10": 0.16238,
        "ndcg_at_20": 0.18816,
        "ndcg_at_100": 0.24944,
        "ndcg_at_1000": 0.31772,
        "map_at_1": 0.04641,
        "map_at_3": 0.07212,
        "map_at_5": 0.08311,
        "map_at_10": 0.09464,
        "map_at_20": 0.10192,
        "map_at_100": 0.11181,
        "map_at_1000": 0.11563,
        "recall_at_1": 0.04641,
        "recall_at_3": 0.10099,
        "recall_at_5": 0.13929,
        "recall_at_10": 0.20205,
        "recall_at_20": 0.27379,
        "recall_at_100": 0.50905,
        "recall_at_1000": 0.89367,
        "precision_at_1": 0.14574,
        "precision_at_3": 0.10605,
        "precision_at_5": 0.0877,
        "precision_at_10": 0.06357,
        "precision_at_20": 0.04314,
        "precision_at_100": 0.01613,
        "precision_at_1000": 0.00285,
        "mrr_at_1": 0.145738,
        "mrr_at_3": 0.211993,
        "mrr_at_5": 0.231577,
        "mrr_at_10": 0.24845,
        "mrr_at_20": 0.257377,
        "mrr_at_100": 0.263965,
        "mrr_at_1000": 0.26452,
        "nauc_ndcg_at_1_max": 0.027019,
        "nauc_ndcg_at_1_std": -0.059584,
        "nauc_ndcg_at_1_diff1": 0.203091,
        "nauc_ndcg_at_3_max": 0.043412,
        "nauc_ndcg_at_3_std": -0.045285,
        "nauc_ndcg_at_3_diff1": 0.19336,
        "nauc_ndcg_at_5_max": 0.042463,
        "nauc_ndcg_at_5_std": -0.050822,
        "nauc_ndcg_at_5_diff1": 0.189116,
        "nauc_ndcg_at_10_max": 0.044712,
        "nauc_ndcg_at_10_std": -0.041288,
        "nauc_ndcg_at_10_diff1": 0.182664,
        "nauc_ndcg_at_20_max": 0.035266,
        "nauc_ndcg_at_20_std": -0.04709,
        "nauc_ndcg_at_20_diff1": 0.180962,
        "nauc_ndcg_at_100_max": 0.032498,
        "nauc_ndcg_at_100_std": -0.04515,
        "nauc_ndcg_at_100_diff1": 0.178177,
        "nauc_ndcg_at_1000_max": 0.043585,
        "nauc_ndcg_at_1000_std": -0.040492,
        "nauc_ndcg_at_1000_diff1": 0.188906,
        "nauc_map_at_1_max": 0.03874,
        "nauc_map_at_1_std": -0.051254,
        "nauc_map_at_1_diff1": 0.205754,
        "nauc_map_at_3_max": 0.045282,
        "nauc_map_at_3_std": -0.046412,
        "nauc_map_at_3_diff1": 0.1983,
        "nauc_map_at_5_max": 0.043714,
        "nauc_map_at_5_std": -0.048094,
        "nauc_map_at_5_diff1": 0.199914,
        "nauc_map_at_10_max": 0.04294,
        "nauc_map_at_10_std": -0.039875,
        "nauc_map_at_10_diff1": 0.194871,
        "nauc_map_at_20_max": 0.039171,
        "nauc_map_at_20_std": -0.04345,
        "nauc_map_at_20_diff1": 0.195061,
        "nauc_map_at_100_max": 0.037521,
        "nauc_map_at_100_std": -0.042254,
        "nauc_map_at_100_diff1": 0.193103,
        "nauc_map_at_1000_max": 0.038206,
        "nauc_map_at_1000_std": -0.041536,
        "nauc_map_at_1000_diff1": 0.19384,
        "nauc_recall_at_1_max": 0.03874,
        "nauc_recall_at_1_std": -0.051254,
        "nauc_recall_at_1_diff1": 0.205754,
        "nauc_recall_at_3_max": 0.058723,
        "nauc_recall_at_3_std": -0.027535,
        "nauc_recall_at_3_diff1": 0.183871,
        "nauc_recall_at_5_max": 0.043695,
        "nauc_recall_at_5_std": -0.045294,
        "nauc_recall_at_5_diff1": 0.169896,
        "nauc_recall_at_10_max": 0.045982,
        "nauc_recall_at_10_std": -0.02507,
        "nauc_recall_at_10_diff1": 0.144838,
        "nauc_recall_at_20_max": 0.022549,
        "nauc_recall_at_20_std": -0.035563,
        "nauc_recall_at_20_diff1": 0.129476,
        "nauc_recall_at_100_max": 0.014518,
        "nauc_recall_at_100_std": -0.019931,
        "nauc_recall_at_100_diff1": 0.090884,
        "nauc_recall_at_1000_max": 0.100031,
        "nauc_recall_at_1000_std": 0.019719,
        "nauc_recall_at_1000_diff1": 0.105904,
        "nauc_precision_at_1_max": 0.027019,
        "nauc_precision_at_1_std": -0.059584,
        "nauc_precision_at_1_diff1": 0.203091,
        "nauc_precision_at_3_max": 0.044619,
        "nauc_precision_at_3_std": -0.0318,
        "nauc_precision_at_3_diff1": 0.181688,
        "nauc_precision_at_5_max": 0.024802,
        "nauc_precision_at_5_std": -0.0525,
        "nauc_precision_at_5_diff1": 0.16821,
        "nauc_precision_at_10_max": 0.025368,
        "nauc_precision_at_10_std": -0.029718,
        "nauc_precision_at_10_diff1": 0.144426,
        "nauc_precision_at_20_max": -0.002716,
        "nauc_precision_at_20_std": -0.045142,
        "nauc_precision_at_20_diff1": 0.129942,
        "nauc_precision_at_100_max": -0.020543,
        "nauc_precision_at_100_std": -0.03203,
        "nauc_precision_at_100_diff1": 0.090523,
        "nauc_precision_at_1000_max": -0.018151,
        "nauc_precision_at_1000_std": 0.00773,
        "nauc_precision_at_1000_diff1": 0.069328,
        "nauc_mrr_at_1_max": 0.028064,
        "nauc_mrr_at_1_std": -0.064927,
        "nauc_mrr_at_1_diff1": 0.203091,
        "nauc_mrr_at_3_max": 0.047622,
        "nauc_mrr_at_3_std": -0.049873,
        "nauc_mrr_at_3_diff1": 0.197314,
        "nauc_mrr_at_5_max": 0.039718,
        "nauc_mrr_at_5_std": -0.060141,
        "nauc_mrr_at_5_diff1": 0.189761,
        "nauc_mrr_at_10_max": 0.042828,
        "nauc_mrr_at_10_std": -0.058274,
        "nauc_mrr_at_10_diff1": 0.190127,
        "nauc_mrr_at_20_max": 0.040739,
        "nauc_mrr_at_20_std": -0.057952,
        "nauc_mrr_at_20_diff1": 0.189273,
        "nauc_mrr_at_100_max": 0.040938,
        "nauc_mrr_at_100_std": -0.05849,
        "nauc_mrr_at_100_diff1": 0.18963,
        "nauc_mrr_at_1000_max": 0.041072,
        "nauc_mrr_at_1000_std": -0.058396,
        "nauc_mrr_at_1000_diff1": 0.189613,
        "main_score": 0.16238,
        "hf_subset": "default",
        "languages": [
          "fas-Arab"
        ]
      }
    ]
  },
  "evaluation_time": 10.299352645874023,
  "kg_co2_emissions": null
}