{
  "dataset_revision": "9d32af6540970e2845028cbfffe6b0d0e8f52428",
  "task_name": "SynPerChatbotRAGFAQRetrieval",
  "mteb_version": "1.34.14",
  "scores": {
    "test": [
      {
        "ndcg_at_1": 0.33487,
        "ndcg_at_3": 0.42535,
        "ndcg_at_5": 0.45445,
        "ndcg_at_10": 0.4869,
        "ndcg_at_20": 0.50682,
        "ndcg_at_100": 0.53142,
        "ndcg_at_1000": 0.54455,
        "map_at_1": 0.33487,
        "map_at_3": 0.40264,
        "map_at_5": 0.41874,
        "map_at_10": 0.43233,
        "map_at_20": 0.43775,
        "map_at_100": 0.44116,
        "map_at_1000": 0.44161,
        "recall_at_1": 0.33487,
        "recall_at_3": 0.49126,
        "recall_at_5": 0.5621,
        "recall_at_10": 0.66145,
        "recall_at_20": 0.74057,
        "recall_at_100": 0.87305,
        "recall_at_1000": 0.97884,
        "precision_at_1": 0.33487,
        "precision_at_3": 0.16375,
        "precision_at_5": 0.11242,
        "precision_at_10": 0.06615,
        "precision_at_20": 0.03703,
        "precision_at_100": 0.00873,
        "precision_at_1000": 0.00098,
        "mrr_at_1": 0.334867,
        "mrr_at_3": 0.402637,
        "mrr_at_5": 0.418737,
        "mrr_at_10": 0.432325,
        "mrr_at_20": 0.437748,
        "mrr_at_100": 0.441158,
        "mrr_at_1000": 0.441613,
        "nauc_ndcg_at_1_max": 0.243747,
        "nauc_ndcg_at_1_std": -0.143608,
        "nauc_ndcg_at_1_diff1": 0.577771,
        "nauc_ndcg_at_3_max": 0.258664,
        "nauc_ndcg_at_3_std": -0.117125,
        "nauc_ndcg_at_3_diff1": 0.518871,
        "nauc_ndcg_at_5_max": 0.272633,
        "nauc_ndcg_at_5_std": -0.106755,
        "nauc_ndcg_at_5_diff1": 0.525161,
        "nauc_ndcg_at_10_max": 0.284327,
        "nauc_ndcg_at_10_std": -0.099206,
        "nauc_ndcg_at_10_diff1": 0.518107,
        "nauc_ndcg_at_20_max": 0.282612,
        "nauc_ndcg_at_20_std": -0.09464,
        "nauc_ndcg_at_20_diff1": 0.516855,
        "nauc_ndcg_at_100_max": 0.277007,
        "nauc_ndcg_at_100_std": -0.086866,
        "nauc_ndcg_at_100_diff1": 0.520954,
        "nauc_ndcg_at_1000_max": 0.268974,
        "nauc_ndcg_at_1000_std": -0.101609,
        "nauc_ndcg_at_1000_diff1": 0.524391,
        "nauc_map_at_1_max": 0.243747,
        "nauc_map_at_1_std": -0.143608,
        "nauc_map_at_1_diff1": 0.577771,
        "nauc_map_at_3_max": 0.254544,
        "nauc_map_at_3_std": -0.12373,
        "nauc_map_at_3_diff1": 0.533811,
        "nauc_map_at_5_max": 0.26275,
        "nauc_map_at_5_std": -0.118041,
        "nauc_map_at_5_diff1": 0.537722,
        "nauc_map_at_10_max": 0.267043,
        "nauc_map_at_10_std": -0.115538,
        "nauc_map_at_10_diff1": 0.53466,
        "nauc_map_at_20_max": 0.266341,
        "nauc_map_at_20_std": -0.114627,
        "nauc_map_at_20_diff1": 0.53451,
        "nauc_map_at_100_max": 0.265454,
        "nauc_map_at_100_std": -0.11389,
        "nauc_map_at_100_diff1": 0.535291,
        "nauc_map_at_1000_max": 0.265175,
        "nauc_map_at_1000_std": -0.11441,
        "nauc_map_at_1000_diff1": 0.535363,
        "nauc_recall_at_1_max": 0.243747,
        "nauc_recall_at_1_std": -0.143608,
        "nauc_recall_at_1_diff1": 0.577771,
        "nauc_recall_at_3_max": 0.270817,
        "nauc_recall_at_3_std": -0.097895,
        "nauc_recall_at_3_diff1": 0.475278,
        "nauc_recall_at_5_max": 0.304415,
        "nauc_recall_at_5_std": -0.070697,
        "nauc_recall_at_5_diff1": 0.487074,
        "nauc_recall_at_10_max": 0.353055,
        "nauc_recall_at_10_std": -0.035531,
        "nauc_recall_at_10_diff1": 0.458314,
        "nauc_recall_at_20_max": 0.359777,
        "nauc_recall_at_20_std": 0.0042,
        "nauc_recall_at_20_diff1": 0.438301,
        "nauc_recall_at_100_max": 0.358086,
        "nauc_recall_at_100_std": 0.191185,
        "nauc_recall_at_100_diff1": 0.418292,
        "nauc_recall_at_1000_max": -0.10263,
        "nauc_recall_at_1000_std": 0.000364,
        "nauc_recall_at_1000_diff1": 0.333529,
        "nauc_precision_at_1_max": 0.243747,
        "nauc_precision_at_1_std": -0.143608,
        "nauc_precision_at_1_diff1": 0.577771,
        "nauc_precision_at_3_max": 0.270817,
        "nauc_precision_at_3_std": -0.097895,
        "nauc_precision_at_3_diff1": 0.475278,
        "nauc_precision_at_5_max": 0.304415,
        "nauc_precision_at_5_std": -0.070697,
        "nauc_precision_at_5_diff1": 0.487074,
        "nauc_precision_at_10_max": 0.353055,
        "nauc_precision_at_10_std": -0.035531,
        "nauc_precision_at_10_diff1": 0.458314,
        "nauc_precision_at_20_max": 0.359777,
        "nauc_precision_at_20_std": 0.0042,
        "nauc_precision_at_20_diff1": 0.438301,
        "nauc_precision_at_100_max": 0.358086,
        "nauc_precision_at_100_std": 0.191185,
        "nauc_precision_at_100_diff1": 0.418292,
        "nauc_precision_at_1000_max": -0.10263,
        "nauc_precision_at_1000_std": 0.000364,
        "nauc_precision_at_1000_diff1": 0.333529,
        "nauc_mrr_at_1_max": 0.243747,
        "nauc_mrr_at_1_std": -0.143608,
        "nauc_mrr_at_1_diff1": 0.577771,
        "nauc_mrr_at_3_max": 0.254544,
        "nauc_mrr_at_3_std": -0.12373,
        "nauc_mrr_at_3_diff1": 0.533811,
        "nauc_mrr_at_5_max": 0.26275,
        "nauc_mrr_at_5_std": -0.118041,
        "nauc_mrr_at_5_diff1": 0.537722,
        "nauc_mrr_at_10_max": 0.267043,
        "nauc_mrr_at_10_std": -0.115538,
        "nauc_mrr_at_10_diff1": 0.53466,
        "nauc_mrr_at_20_max": 0.266341,
        "nauc_mrr_at_20_std": -0.114627,
        "nauc_mrr_at_20_diff1": 0.53451,
        "nauc_mrr_at_100_max": 0.265454,
        "nauc_mrr_at_100_std": -0.11389,
        "nauc_mrr_at_100_diff1": 0.535291,
        "nauc_mrr_at_1000_max": 0.265175,
        "nauc_mrr_at_1000_std": -0.11441,
        "nauc_mrr_at_1000_diff1": 0.535363,
        "main_score": 0.4869,
        "hf_subset": "default",
        "languages": [
          "fas-Arab"
        ]
      }
    ]
  },
  "evaluation_time": 11.78558349609375,
  "kg_co2_emissions": null
}