{
  "dataset_revision": "2128d809e27ab8528906e2231f8e824516fb8e5a",
  "task_name": "SynPerChatbotRAGFAQPC",
  "mteb_version": "1.34.14",
  "scores": {
    "test": [
      {
        "similarity_accuracy": 0.705612,
        "similarity_accuracy_threshold": 0.453889,
        "similarity_f1": 0.715619,
        "similarity_f1_threshold": 0.395938,
        "similarity_precision": 0.640058,
        "similarity_recall": 0.811408,
        "similarity_ap": 0.780059,
        "cosine_accuracy": 0.705612,
        "cosine_accuracy_threshold": 0.453889,
        "cosine_f1": 0.715619,
        "cosine_f1_threshold": 0.395938,
        "cosine_precision": 0.640058,
        "cosine_recall": 0.811408,
        "cosine_ap": 0.780059,
        "manhattan_accuracy": 0.704232,
        "manhattan_accuracy_threshold": 634.156372,
        "manhattan_f1": 0.7149,
        "manhattan_f1_threshold": 668.448608,
        "manhattan_precision": 0.621769,
        "manhattan_recall": 0.840846,
        "manhattan_ap": 0.779155,
        "euclidean_accuracy": 0.705612,
        "euclidean_accuracy_threshold": 28.851833,
        "euclidean_f1": 0.715619,
        "euclidean_f1_threshold": 30.34407,
        "euclidean_precision": 0.640058,
        "euclidean_recall": 0.811408,
        "euclidean_ap": 0.780058,
        "dot_accuracy": 0.705612,
        "dot_accuracy_threshold": 345.928375,
        "dot_f1": 0.715619,
        "dot_f1_threshold": 301.760864,
        "dot_precision": 0.640058,
        "dot_recall": 0.811408,
        "dot_ap": 0.78006,
        "max_accuracy": 0.705612,
        "max_f1": 0.715619,
        "max_precision": 0.640058,
        "max_recall": 0.840846,
        "max_ap": 0.78006,
        "main_score": 0.78006,
        "hf_subset": "default",
        "languages": [
          "fas-Arab"
        ]
      }
    ]
  },
  "evaluation_time": 5.032853364944458,
  "kg_co2_emissions": null
}