{
  "dataset_revision": "0f464636f91641cc6ef6f6f8f249c73f4a609982",
  "task_name": "Touche2020-Fa",
  "mteb_version": "1.34.14",
  "scores": {
    "test": [
      {
        "ndcg_at_1": 0.13265,
        "ndcg_at_3": 0.16483,
        "ndcg_at_5": 0.14642,
        "ndcg_at_10": 0.14905,
        "ndcg_at_20": 0.16465,
        "ndcg_at_100": 0.25053,
        "ndcg_at_1000": 0.36526,
        "map_at_1": 0.01099,
        "map_at_3": 0.03138,
        "map_at_5": 0.03836,
        "map_at_10": 0.05741,
        "map_at_20": 0.07468,
        "map_at_100": 0.09853,
        "map_at_1000": 0.11023,
        "recall_at_1": 0.01099,
        "recall_at_3": 0.0451,
        "recall_at_5": 0.0597,
        "recall_at_10": 0.10706,
        "recall_at_20": 0.16871,
        "recall_at_100": 0.34859,
        "recall_at_1000": 0.70348,
        "precision_at_1": 0.16327,
        "precision_at_3": 0.20408,
        "precision_at_5": 0.16327,
        "precision_at_10": 0.1449,
        "precision_at_20": 0.12143,
        "precision_at_100": 0.05694,
        "precision_at_1000": 0.01314,
        "mrr_at_1": 0.163265,
        "mrr_at_3": 0.282313,
        "mrr_at_5": 0.294558,
        "mrr_at_10": 0.307677,
        "mrr_at_20": 0.315229,
        "mrr_at_100": 0.320477,
        "mrr_at_1000": 0.320799,
        "nauc_ndcg_at_1_max": -0.108323,
        "nauc_ndcg_at_1_std": 0.083523,
        "nauc_ndcg_at_1_diff1": -0.351315,
        "nauc_ndcg_at_3_max": -0.127228,
        "nauc_ndcg_at_3_std": -0.133929,
        "nauc_ndcg_at_3_diff1": -0.191395,
        "nauc_ndcg_at_5_max": -0.126042,
        "nauc_ndcg_at_5_std": -0.198014,
        "nauc_ndcg_at_5_diff1": -0.189463,
        "nauc_ndcg_at_10_max": -0.078414,
        "nauc_ndcg_at_10_std": -0.176444,
        "nauc_ndcg_at_10_diff1": -0.096389,
        "nauc_ndcg_at_20_max": -0.073292,
        "nauc_ndcg_at_20_std": -0.200692,
        "nauc_ndcg_at_20_diff1": -0.005621,
        "nauc_ndcg_at_100_max": -0.036268,
        "nauc_ndcg_at_100_std": -0.004906,
        "nauc_ndcg_at_100_diff1": -0.010276,
        "nauc_ndcg_at_1000_max": 0.027197,
        "nauc_ndcg_at_1000_std": 0.205512,
        "nauc_ndcg_at_1000_diff1": -0.163591,
        "nauc_map_at_1_max": -0.144617,
        "nauc_map_at_1_std": -0.119788,
        "nauc_map_at_1_diff1": -0.185968,
        "nauc_map_at_3_max": -0.157331,
        "nauc_map_at_3_std": -0.294345,
        "nauc_map_at_3_diff1": -0.099532,
        "nauc_map_at_5_max": -0.146,
        "nauc_map_at_5_std": -0.321942,
        "nauc_map_at_5_diff1": -0.108001,
        "nauc_map_at_10_max": -0.100338,
        "nauc_map_at_10_std": -0.263512,
        "nauc_map_at_10_diff1": -0.065678,
        "nauc_map_at_20_max": -0.085749,
        "nauc_map_at_20_std": -0.259332,
        "nauc_map_at_20_diff1": -0.019278,
        "nauc_map_at_100_max": -0.042558,
        "nauc_map_at_100_std": -0.137149,
        "nauc_map_at_100_diff1": -0.000213,
        "nauc_map_at_1000_max": -0.033109,
        "nauc_map_at_1000_std": -0.095651,
        "nauc_map_at_1000_diff1": -0.024436,
        "nauc_recall_at_1_max": -0.144617,
        "nauc_recall_at_1_std": -0.119788,
        "nauc_recall_at_1_diff1": -0.185968,
        "nauc_recall_at_3_max": -0.171505,
        "nauc_recall_at_3_std": -0.30223,
        "nauc_recall_at_3_diff1": -0.064359,
        "nauc_recall_at_5_max": -0.170476,
        "nauc_recall_at_5_std": -0.349977,
        "nauc_recall_at_5_diff1": -0.087817,
        "nauc_recall_at_10_max": -0.101414,
        "nauc_recall_at_10_std": -0.241701,
        "nauc_recall_at_10_diff1": -0.013618,
        "nauc_recall_at_20_max": -0.094423,
        "nauc_recall_at_20_std": -0.236392,
        "nauc_recall_at_20_diff1": 0.061969,
        "nauc_recall_at_100_max": -0.018788,
        "nauc_recall_at_100_std": 0.093906,
        "nauc_recall_at_100_diff1": 0.041962,
        "nauc_recall_at_1000_max": 0.068266,
        "nauc_recall_at_1000_std": 0.583921,
        "nauc_recall_at_1000_diff1": -0.302802,
        "nauc_precision_at_1_max": -0.164905,
        "nauc_precision_at_1_std": -0.005821,
        "nauc_precision_at_1_diff1": -0.22798,
        "nauc_precision_at_3_max": -0.169173,
        "nauc_precision_at_3_std": -0.21437,
        "nauc_precision_at_3_diff1": -0.122515,
        "nauc_precision_at_5_max": -0.163574,
        "nauc_precision_at_5_std": -0.289412,
        "nauc_precision_at_5_diff1": -0.144173,
        "nauc_precision_at_10_max": -0.042781,
        "nauc_precision_at_10_std": -0.156172,
        "nauc_precision_at_10_diff1": -0.04862,
        "nauc_precision_at_20_max": -0.018031,
        "nauc_precision_at_20_std": -0.132112,
        "nauc_precision_at_20_diff1": 0.047202,
        "nauc_precision_at_100_max": 0.11212,
        "nauc_precision_at_100_std": 0.349455,
        "nauc_precision_at_100_diff1": -0.023441,
        "nauc_precision_at_1000_max": 0.340584,
        "nauc_precision_at_1000_std": 0.683105,
        "nauc_precision_at_1000_diff1": -0.288643,
        "nauc_mrr_at_1_max": -0.164905,
        "nauc_mrr_at_1_std": -0.005821,
        "nauc_mrr_at_1_diff1": -0.22798,
        "nauc_mrr_at_3_max": -0.174421,
        "nauc_mrr_at_3_std": -0.111663,
        "nauc_mrr_at_3_diff1": -0.137546,
        "nauc_mrr_at_5_max": -0.203562,
        "nauc_mrr_at_5_std": -0.140279,
        "nauc_mrr_at_5_diff1": -0.14605,
        "nauc_mrr_at_10_max": -0.170621,
        "nauc_mrr_at_10_std": -0.12993,
        "nauc_mrr_at_10_diff1": -0.114576,
        "nauc_mrr_at_20_max": -0.176575,
        "nauc_mrr_at_20_std": -0.115661,
        "nauc_mrr_at_20_diff1": -0.121015,
        "nauc_mrr_at_100_max": -0.171905,
        "nauc_mrr_at_100_std": -0.112343,
        "nauc_mrr_at_100_diff1": -0.121248,
        "nauc_mrr_at_1000_max": -0.172219,
        "nauc_mrr_at_1000_std": -0.113035,
        "nauc_mrr_at_1000_diff1": -0.121025,
        "main_score": 0.14905,
        "hf_subset": "default",
        "languages": [
          "fas-Arab"
        ]
      }
    ]
  },
  "evaluation_time": 1304.0112807750702,
  "kg_co2_emissions": null
}