{
  "dataset_revision": "a30774c99c358b3e04948b0eb8bd21f26461ef42",
  "task_name": "FEVER-FaHardNegatives",
  "mteb_version": "1.38.33",
  "scores": {
    "test": [
      {
        "ndcg_at_1": 0.577,
        "ndcg_at_3": 0.65563,
        "ndcg_at_5": 0.67254,
        "ndcg_at_10": 0.68644,
        "ndcg_at_20": 0.6974,
        "ndcg_at_100": 0.70687,
        "ndcg_at_1000": 0.71087,
        "map_at_1": 0.53887,
        "map_at_3": 0.62088,
        "map_at_5": 0.63135,
        "map_at_10": 0.63779,
        "map_at_20": 0.64108,
        "map_at_100": 0.64261,
        "map_at_1000": 0.6428,
        "recall_at_1": 0.53887,
        "recall_at_3": 0.71488,
        "recall_at_5": 0.75838,
        "recall_at_10": 0.80031,
        "recall_at_20": 0.84181,
        "recall_at_100": 0.8884,
        "recall_at_1000": 0.9156,
        "precision_at_1": 0.577,
        "precision_at_3": 0.257,
        "precision_at_5": 0.1632,
        "precision_at_10": 0.0868,
        "precision_at_20": 0.04595,
        "precision_at_100": 0.00987,
        "precision_at_1000": 0.00104,
        "mrr_at_1": 0.577,
        "mrr_at_3": 0.660333,
        "mrr_at_5": 0.670483,
        "mrr_at_10": 0.675439,
        "mrr_at_20": 0.678168,
        "mrr_at_100": 0.679281,
        "mrr_at_1000": 0.67934,
        "nauc_ndcg_at_1_max": 0.411542,
        "nauc_ndcg_at_1_std": 0.147447,
        "nauc_ndcg_at_1_diff1": 0.545701,
        "nauc_ndcg_at_3_max": 0.465076,
        "nauc_ndcg_at_3_std": 0.21329,
        "nauc_ndcg_at_3_diff1": 0.456385,
        "nauc_ndcg_at_5_max": 0.470003,
        "nauc_ndcg_at_5_std": 0.220339,
        "nauc_ndcg_at_5_diff1": 0.446633,
        "nauc_ndcg_at_10_max": 0.476075,
        "nauc_ndcg_at_10_std": 0.228746,
        "nauc_ndcg_at_10_diff1": 0.444163,
        "nauc_ndcg_at_20_max": 0.486307,
        "nauc_ndcg_at_20_std": 0.250976,
        "nauc_ndcg_at_20_diff1": 0.443286,
        "nauc_ndcg_at_100_max": 0.48649,
        "nauc_ndcg_at_100_std": 0.25744,
        "nauc_ndcg_at_100_diff1": 0.44128,
        "nauc_ndcg_at_1000_max": 0.488727,
        "nauc_ndcg_at_1000_std": 0.258545,
        "nauc_ndcg_at_1000_diff1": 0.441247,
        "nauc_map_at_1_max": 0.369751,
        "nauc_map_at_1_std": 0.119426,
        "nauc_map_at_1_diff1": 0.503928,
        "nauc_map_at_3_max": 0.428674,
        "nauc_map_at_3_std": 0.18022,
        "nauc_map_at_3_diff1": 0.460183,
        "nauc_map_at_5_max": 0.431733,
        "nauc_map_at_5_std": 0.184137,
        "nauc_map_at_5_diff1": 0.45658,
        "nauc_map_at_10_max": 0.435011,
        "nauc_map_at_10_std": 0.187049,
        "nauc_map_at_10_diff1": 0.456479,
        "nauc_map_at_20_max": 0.437376,
        "nauc_map_at_20_std": 0.192396,
        "nauc_map_at_20_diff1": 0.45659,
        "nauc_map_at_100_max": 0.437624,
        "nauc_map_at_100_std": 0.193527,
        "nauc_map_at_100_diff1": 0.456459,
        "nauc_map_at_1000_max": 0.437763,
        "nauc_map_at_1000_std": 0.193596,
        "nauc_map_at_1000_diff1": 0.456534,
        "nauc_recall_at_1_max": 0.369751,
        "nauc_recall_at_1_std": 0.119426,
        "nauc_recall_at_1_diff1": 0.503928,
        "nauc_recall_at_3_max": 0.503546,
        "nauc_recall_at_3_std": 0.271889,
        "nauc_recall_at_3_diff1": 0.376968,
        "nauc_recall_at_5_max": 0.526777,
        "nauc_recall_at_5_std": 0.303177,
        "nauc_recall_at_5_diff1": 0.34035,
        "nauc_recall_at_10_max": 0.554702,
        "nauc_recall_at_10_std": 0.348895,
        "nauc_recall_at_10_diff1": 0.308312,
        "nauc_recall_at_20_max": 0.634539,
        "nauc_recall_at_20_std": 0.511937,
        "nauc_recall_at_20_diff1": 0.269319,
        "nauc_recall_at_100_max": 0.68457,
        "nauc_recall_at_100_std": 0.66723,
        "nauc_recall_at_100_diff1": 0.186619,
        "nauc_recall_at_1000_max": 0.778528,
        "nauc_recall_at_1000_std": 0.806882,
        "nauc_recall_at_1000_diff1": 0.10767,
        "nauc_precision_at_1_max": 0.411542,
        "nauc_precision_at_1_std": 0.147447,
        "nauc_precision_at_1_diff1": 0.545701,
        "nauc_precision_at_3_max": 0.585609,
        "nauc_precision_at_3_std": 0.332954,
        "nauc_precision_at_3_diff1": 0.404658,
        "nauc_precision_at_5_max": 0.615373,
        "nauc_precision_at_5_std": 0.375275,
        "nauc_precision_at_5_diff1": 0.362835,
        "nauc_precision_at_10_max": 0.592281,
        "nauc_precision_at_10_std": 0.395957,
        "nauc_precision_at_10_diff1": 0.28646,
        "nauc_precision_at_20_max": 0.609648,
        "nauc_precision_at_20_std": 0.520864,
        "nauc_precision_at_20_diff1": 0.216065,
        "nauc_precision_at_100_max": 0.491124,
        "nauc_precision_at_100_std": 0.51434,
        "nauc_precision_at_100_diff1": 0.092727,
        "nauc_precision_at_1000_max": 0.378932,
        "nauc_precision_at_1000_std": 0.388873,
        "nauc_precision_at_1000_diff1": 0.038511,
        "nauc_mrr_at_1_max": 0.411542,
        "nauc_mrr_at_1_std": 0.147447,
        "nauc_mrr_at_1_diff1": 0.545701,
        "nauc_mrr_at_3_max": 0.485335,
        "nauc_mrr_at_3_std": 0.220307,
        "nauc_mrr_at_3_diff1": 0.505763,
        "nauc_mrr_at_5_max": 0.489933,
        "nauc_mrr_at_5_std": 0.223834,
        "nauc_mrr_at_5_diff1": 0.50332,
        "nauc_mrr_at_10_max": 0.489934,
        "nauc_mrr_at_10_std": 0.225628,
        "nauc_mrr_at_10_diff1": 0.50191,
        "nauc_mrr_at_20_max": 0.491562,
        "nauc_mrr_at_20_std": 0.229832,
        "nauc_mrr_at_20_diff1": 0.501861,
        "nauc_mrr_at_100_max": 0.490776,
        "nauc_mrr_at_100_std": 0.229574,
        "nauc_mrr_at_100_diff1": 0.501342,
        "nauc_mrr_at_1000_max": 0.49071,
        "nauc_mrr_at_1000_std": 0.22955,
        "nauc_mrr_at_1000_diff1": 0.501263,
        "main_score": 0.68644,
        "hf_subset": "default",
        "languages": [
          "fas-Arab"
        ]
      }
    ]
  },
  "evaluation_time": 454.80127215385437,
  "kg_co2_emissions": null
}