{
  "dataset_revision": "f22eecc8ad7f25875a77b5e5e23d484b7cc74c59",
  "task_name": "MSMARCO-FaHardNegatives",
  "mteb_version": "1.38.33",
  "scores": {
    "test": [
      {
        "ndcg_at_1": 0.70543,
        "ndcg_at_3": 0.68756,
        "ndcg_at_5": 0.68333,
        "ndcg_at_10": 0.67123,
        "ndcg_at_20": 0.66294,
        "ndcg_at_100": 0.67665,
        "ndcg_at_1000": 0.80712,
        "map_at_1": 0.01536,
        "map_at_3": 0.04295,
        "map_at_5": 0.06797,
        "map_at_10": 0.11882,
        "map_at_20": 0.19884,
        "map_at_100": 0.40968,
        "map_at_1000": 0.58321,
        "recall_at_1": 0.01536,
        "recall_at_3": 0.04529,
        "recall_at_5": 0.07525,
        "recall_at_10": 0.13549,
        "recall_at_20": 0.25117,
        "recall_at_100": 0.59616,
        "recall_at_1000": 0.97033,
        "precision_at_1": 0.86047,
        "precision_at_3": 0.83721,
        "precision_at_5": 0.81395,
        "precision_at_10": 0.76279,
        "precision_at_20": 0.70465,
        "precision_at_100": 0.45419,
        "precision_at_1000": 0.09281,
        "mrr_at_1": 0.860465,
        "mrr_at_3": 0.903101,
        "mrr_at_5": 0.907752,
        "mrr_at_10": 0.907752,
        "mrr_at_20": 0.90969,
        "mrr_at_100": 0.90969,
        "mrr_at_1000": 0.90969,
        "nauc_ndcg_at_1_max": 0.272138,
        "nauc_ndcg_at_1_std": 0.083714,
        "nauc_ndcg_at_1_diff1": 0.47346,
        "nauc_ndcg_at_3_max": 0.129301,
        "nauc_ndcg_at_3_std": 0.022189,
        "nauc_ndcg_at_3_diff1": 0.290625,
        "nauc_ndcg_at_5_max": 0.224884,
        "nauc_ndcg_at_5_std": 0.139057,
        "nauc_ndcg_at_5_diff1": 0.108224,
        "nauc_ndcg_at_10_max": 0.28396,
        "nauc_ndcg_at_10_std": 0.299967,
        "nauc_ndcg_at_10_diff1": -0.104802,
        "nauc_ndcg_at_20_max": 0.285687,
        "nauc_ndcg_at_20_std": 0.357977,
        "nauc_ndcg_at_20_diff1": -0.276472,
        "nauc_ndcg_at_100_max": 0.397918,
        "nauc_ndcg_at_100_std": 0.442918,
        "nauc_ndcg_at_100_diff1": -0.32306,
        "nauc_ndcg_at_1000_max": 0.442267,
        "nauc_ndcg_at_1000_std": 0.585476,
        "nauc_ndcg_at_1000_diff1": -0.226975,
        "nauc_map_at_1_max": 0.073028,
        "nauc_map_at_1_std": -0.28853,
        "nauc_map_at_1_diff1": 0.375139,
        "nauc_map_at_3_max": 0.001992,
        "nauc_map_at_3_std": -0.33497,
        "nauc_map_at_3_diff1": 0.269644,
        "nauc_map_at_5_max": 0.039041,
        "nauc_map_at_5_std": -0.299863,
        "nauc_map_at_5_diff1": 0.204432,
        "nauc_map_at_10_max": 0.054732,
        "nauc_map_at_10_std": -0.203996,
        "nauc_map_at_10_diff1": 0.108838,
        "nauc_map_at_20_max": 0.020255,
        "nauc_map_at_20_std": -0.154522,
        "nauc_map_at_20_diff1": -0.009617,
        "nauc_map_at_100_max": 0.200934,
        "nauc_map_at_100_std": 0.276346,
        "nauc_map_at_100_diff1": -0.343743,
        "nauc_map_at_1000_max": 0.339948,
        "nauc_map_at_1000_std": 0.642713,
        "nauc_map_at_1000_diff1": -0.433635,
        "nauc_recall_at_1_max": 0.073028,
        "nauc_recall_at_1_std": -0.28853,
        "nauc_recall_at_1_diff1": 0.375139,
        "nauc_recall_at_3_max": -0.019073,
        "nauc_recall_at_3_std": -0.343352,
        "nauc_recall_at_3_diff1": 0.261029,
        "nauc_recall_at_5_max": 0.009106,
        "nauc_recall_at_5_std": -0.316315,
        "nauc_recall_at_5_diff1": 0.184139,
        "nauc_recall_at_10_max": 0.035113,
        "nauc_recall_at_10_std": -0.230342,
        "nauc_recall_at_10_diff1": 0.142364,
        "nauc_recall_at_20_max": -0.113898,
        "nauc_recall_at_20_std": -0.285316,
        "nauc_recall_at_20_diff1": -0.03312,
        "nauc_recall_at_100_max": 0.09174,
        "nauc_recall_at_100_std": -0.006744,
        "nauc_recall_at_100_diff1": -0.245279,
        "nauc_recall_at_1000_max": 0.550881,
        "nauc_recall_at_1000_std": 0.87624,
        "nauc_recall_at_1000_diff1": -1.122816,
        "nauc_precision_at_1_max": 0.524366,
        "nauc_precision_at_1_std": 0.462521,
        "nauc_precision_at_1_diff1": 0.383113,
        "nauc_precision_at_3_max": 0.191375,
        "nauc_precision_at_3_std": 0.23921,
        "nauc_precision_at_3_diff1": -0.040328,
        "nauc_precision_at_5_max": 0.347649,
        "nauc_precision_at_5_std": 0.424281,
        "nauc_precision_at_5_diff1": -0.29027,
        "nauc_precision_at_10_max": 0.323296,
        "nauc_precision_at_10_std": 0.516701,
        "nauc_precision_at_10_diff1": -0.428695,
        "nauc_precision_at_20_max": 0.225518,
        "nauc_precision_at_20_std": 0.507677,
        "nauc_precision_at_20_diff1": -0.506122,
        "nauc_precision_at_100_max": 0.242384,
        "nauc_precision_at_100_std": 0.572042,
        "nauc_precision_at_100_diff1": -0.356167,
        "nauc_precision_at_1000_max": 0.172969,
        "nauc_precision_at_1000_std": 0.436433,
        "nauc_precision_at_1000_diff1": -0.203898,
        "nauc_mrr_at_1_max": 0.524366,
        "nauc_mrr_at_1_std": 0.462521,
        "nauc_mrr_at_1_diff1": 0.383113,
        "nauc_mrr_at_3_max": 0.580967,
        "nauc_mrr_at_3_std": 0.502502,
        "nauc_mrr_at_3_diff1": 0.492372,
        "nauc_mrr_at_5_max": 0.565887,
        "nauc_mrr_at_5_std": 0.491086,
        "nauc_mrr_at_5_diff1": 0.480428,
        "nauc_mrr_at_10_max": 0.565887,
        "nauc_mrr_at_10_std": 0.491086,
        "nauc_mrr_at_10_diff1": 0.480428,
        "nauc_mrr_at_20_max": 0.556249,
        "nauc_mrr_at_20_std": 0.482668,
        "nauc_mrr_at_20_diff1": 0.471773,
        "nauc_mrr_at_100_max": 0.556249,
        "nauc_mrr_at_100_std": 0.482668,
        "nauc_mrr_at_100_diff1": 0.471773,
        "nauc_mrr_at_1000_max": 0.556249,
        "nauc_mrr_at_1000_std": 0.482668,
        "nauc_mrr_at_1000_diff1": 0.471773,
        "main_score": 0.67123,
        "hf_subset": "default",
        "languages": [
          "fas-Arab"
        ]
      }
    ]
  },
  "evaluation_time": 16.11329412460327,
  "kg_co2_emissions": null
}