{
  "dataset_revision": "5d47e924e632c333d3f087d945642af93b008d2b",
  "task_name": "NeuCLIR2023RetrievalHardNegatives",
  "mteb_version": "1.38.33",
  "scores": {
    "test": [
      {
        "ndcg_at_1": 0.62162,
        "ndcg_at_3": 0.62039,
        "ndcg_at_5": 0.60292,
        "ndcg_at_10": 0.58972,
        "ndcg_at_20": 0.58965,
        "ndcg_at_100": 0.64546,
        "ndcg_at_1000": 0.7563,
        "map_at_1": 0.04644,
        "map_at_3": 0.10087,
        "map_at_5": 0.14241,
        "map_at_10": 0.1942,
        "map_at_20": 0.25514,
        "map_at_100": 0.41605,
        "map_at_1000": 0.52682,
        "recall_at_1": 0.04644,
        "recall_at_3": 0.11068,
        "recall_at_5": 0.16173,
        "recall_at_10": 0.2369,
        "recall_at_20": 0.33538,
        "recall_at_100": 0.64704,
        "recall_at_1000": 0.96057,
        "precision_at_1": 0.82432,
        "precision_at_3": 0.77477,
        "precision_at_5": 0.70811,
        "precision_at_10": 0.62568,
        "precision_at_20": 0.53851,
        "precision_at_100": 0.34892,
        "precision_at_1000": 0.06578,
        "mrr_at_1": 0.824324,
        "mrr_at_3": 0.873874,
        "mrr_at_5": 0.880631,
        "mrr_at_10": 0.881982,
        "mrr_at_20": 0.883108,
        "mrr_at_100": 0.88343,
        "mrr_at_1000": 0.88343,
        "nauc_ndcg_at_1_max": 0.450567,
        "nauc_ndcg_at_1_std": 0.242169,
        "nauc_ndcg_at_1_diff1": 0.353145,
        "nauc_ndcg_at_3_max": 0.493296,
        "nauc_ndcg_at_3_std": 0.212837,
        "nauc_ndcg_at_3_diff1": 0.085554,
        "nauc_ndcg_at_5_max": 0.520902,
        "nauc_ndcg_at_5_std": 0.178699,
        "nauc_ndcg_at_5_diff1": 0.010848,
        "nauc_ndcg_at_10_max": 0.477797,
        "nauc_ndcg_at_10_std": 0.169789,
        "nauc_ndcg_at_10_diff1": 0.013002,
        "nauc_ndcg_at_20_max": 0.506679,
        "nauc_ndcg_at_20_std": 0.194477,
        "nauc_ndcg_at_20_diff1": 0.038787,
        "nauc_ndcg_at_100_max": 0.613248,
        "nauc_ndcg_at_100_std": 0.309135,
        "nauc_ndcg_at_100_diff1": 0.041888,
        "nauc_ndcg_at_1000_max": 0.567563,
        "nauc_ndcg_at_1000_std": 0.466431,
        "nauc_ndcg_at_1000_diff1": -0.036639,
        "nauc_map_at_1_max": 0.185862,
        "nauc_map_at_1_std": -0.199095,
        "nauc_map_at_1_diff1": 0.589765,
        "nauc_map_at_3_max": 0.241116,
        "nauc_map_at_3_std": -0.259784,
        "nauc_map_at_3_diff1": 0.323955,
        "nauc_map_at_5_max": 0.292391,
        "nauc_map_at_5_std": -0.283716,
        "nauc_map_at_5_diff1": 0.265176,
        "nauc_map_at_10_max": 0.352449,
        "nauc_map_at_10_std": -0.242039,
        "nauc_map_at_10_diff1": 0.230028,
        "nauc_map_at_20_max": 0.377226,
        "nauc_map_at_20_std": -0.189497,
        "nauc_map_at_20_diff1": 0.203278,
        "nauc_map_at_100_max": 0.516453,
        "nauc_map_at_100_std": 0.163292,
        "nauc_map_at_100_diff1": 0.042547,
        "nauc_map_at_1000_max": 0.487558,
        "nauc_map_at_1000_std": 0.38721,
        "nauc_map_at_1000_diff1": -0.121045,
        "nauc_recall_at_1_max": 0.185862,
        "nauc_recall_at_1_std": -0.199095,
        "nauc_recall_at_1_diff1": 0.589765,
        "nauc_recall_at_3_max": 0.220245,
        "nauc_recall_at_3_std": -0.293399,
        "nauc_recall_at_3_diff1": 0.290406,
        "nauc_recall_at_5_max": 0.252575,
        "nauc_recall_at_5_std": -0.314986,
        "nauc_recall_at_5_diff1": 0.231848,
        "nauc_recall_at_10_max": 0.278975,
        "nauc_recall_at_10_std": -0.318968,
        "nauc_recall_at_10_diff1": 0.267209,
        "nauc_recall_at_20_max": 0.256434,
        "nauc_recall_at_20_std": -0.294757,
        "nauc_recall_at_20_diff1": 0.277695,
        "nauc_recall_at_100_max": 0.351805,
        "nauc_recall_at_100_std": -0.049814,
        "nauc_recall_at_100_diff1": 0.079307,
        "nauc_recall_at_1000_max": 0.541046,
        "nauc_recall_at_1000_std": 0.746272,
        "nauc_recall_at_1000_diff1": -0.184055,
        "nauc_precision_at_1_max": 0.534826,
        "nauc_precision_at_1_std": 0.317069,
        "nauc_precision_at_1_diff1": 0.342258,
        "nauc_precision_at_3_max": 0.444228,
        "nauc_precision_at_3_std": 0.265084,
        "nauc_precision_at_3_diff1": -0.189229,
        "nauc_precision_at_5_max": 0.434165,
        "nauc_precision_at_5_std": 0.241875,
        "nauc_precision_at_5_diff1": -0.239897,
        "nauc_precision_at_10_max": 0.285958,
        "nauc_precision_at_10_std": 0.315402,
        "nauc_precision_at_10_diff1": -0.256009,
        "nauc_precision_at_20_max": 0.218389,
        "nauc_precision_at_20_std": 0.403781,
        "nauc_precision_at_20_diff1": -0.260707,
        "nauc_precision_at_100_max": 0.10244,
        "nauc_precision_at_100_std": 0.475238,
        "nauc_precision_at_100_diff1": -0.278188,
        "nauc_precision_at_1000_max": 0.022705,
        "nauc_precision_at_1000_std": 0.373187,
        "nauc_precision_at_1000_diff1": -0.255162,
        "nauc_mrr_at_1_max": 0.534826,
        "nauc_mrr_at_1_std": 0.317069,
        "nauc_mrr_at_1_diff1": 0.342258,
        "nauc_mrr_at_3_max": 0.592467,
        "nauc_mrr_at_3_std": 0.283045,
        "nauc_mrr_at_3_diff1": 0.373289,
        "nauc_mrr_at_5_max": 0.572181,
        "nauc_mrr_at_5_std": 0.286897,
        "nauc_mrr_at_5_diff1": 0.336177,
        "nauc_mrr_at_10_max": 0.567054,
        "nauc_mrr_at_10_std": 0.27835,
        "nauc_mrr_at_10_diff1": 0.346965,
        "nauc_mrr_at_20_max": 0.574472,
        "nauc_mrr_at_20_std": 0.298977,
        "nauc_mrr_at_20_diff1": 0.346862,
        "nauc_mrr_at_100_max": 0.573242,
        "nauc_mrr_at_100_std": 0.29695,
        "nauc_mrr_at_100_diff1": 0.344974,
        "nauc_mrr_at_1000_max": 0.573242,
        "nauc_mrr_at_1000_std": 0.29695,
        "nauc_mrr_at_1000_diff1": 0.344974,
        "main_score": 0.58965,
        "hf_subset": "fas",
        "languages": [
          "fas-Arab"
        ]
      }
    ]
  },
  "evaluation_time": 155.72734761238098,
  "kg_co2_emissions": null
}