{
  "dataset_revision": "cf7db7133d355e1ab152c8bd5cd25ecbd4114270",
  "task_name": "NQ-FaHardNegatives",
  "mteb_version": "1.38.33",
  "scores": {
    "test": [
      {
        "ndcg_at_1": 0.334,
        "ndcg_at_3": 0.44233,
        "ndcg_at_5": 0.48415,
        "ndcg_at_10": 0.52118,
        "ndcg_at_20": 0.54087,
        "ndcg_at_100": 0.56809,
        "ndcg_at_1000": 0.5747,
        "map_at_1": 0.29983,
        "map_at_3": 0.40611,
        "map_at_5": 0.43069,
        "map_at_10": 0.44772,
        "map_at_20": 0.45384,
        "map_at_100": 0.45842,
        "map_at_1000": 0.45872,
        "recall_at_1": 0.29983,
        "recall_at_3": 0.52,
        "recall_at_5": 0.6155,
        "recall_at_10": 0.723,
        "recall_at_20": 0.79458,
        "recall_at_100": 0.93033,
        "recall_at_1000": 0.979,
        "precision_at_1": 0.334,
        "precision_at_3": 0.2,
        "precision_at_5": 0.144,
        "precision_at_10": 0.0858,
        "precision_at_20": 0.04775,
        "precision_at_100": 0.01128,
        "precision_at_1000": 0.00119,
        "mrr_at_1": 0.334,
        "mrr_at_3": 0.433167,
        "mrr_at_5": 0.455967,
        "mrr_at_10": 0.469227,
        "mrr_at_20": 0.47407,
        "mrr_at_100": 0.477163,
        "mrr_at_1000": 0.477381,
        "nauc_ndcg_at_1_max": 0.366157,
        "nauc_ndcg_at_1_std": 0.006713,
        "nauc_ndcg_at_1_diff1": 0.425358,
        "nauc_ndcg_at_3_max": 0.387805,
        "nauc_ndcg_at_3_std": 0.012151,
        "nauc_ndcg_at_3_diff1": 0.365545,
        "nauc_ndcg_at_5_max": 0.390183,
        "nauc_ndcg_at_5_std": 0.01191,
        "nauc_ndcg_at_5_diff1": 0.35103,
        "nauc_ndcg_at_10_max": 0.409119,
        "nauc_ndcg_at_10_std": 0.026167,
        "nauc_ndcg_at_10_diff1": 0.357471,
        "nauc_ndcg_at_20_max": 0.408813,
        "nauc_ndcg_at_20_std": 0.033933,
        "nauc_ndcg_at_20_diff1": 0.35517,
        "nauc_ndcg_at_100_max": 0.41186,
        "nauc_ndcg_at_100_std": 0.044975,
        "nauc_ndcg_at_100_diff1": 0.358199,
        "nauc_ndcg_at_1000_max": 0.408541,
        "nauc_ndcg_at_1000_std": 0.041616,
        "nauc_ndcg_at_1000_diff1": 0.363883,
        "nauc_map_at_1_max": 0.362083,
        "nauc_map_at_1_std": 0.005131,
        "nauc_map_at_1_diff1": 0.437463,
        "nauc_map_at_3_max": 0.384813,
        "nauc_map_at_3_std": 0.01062,
        "nauc_map_at_3_diff1": 0.379951,
        "nauc_map_at_5_max": 0.387548,
        "nauc_map_at_5_std": 0.010413,
        "nauc_map_at_5_diff1": 0.371441,
        "nauc_map_at_10_max": 0.398083,
        "nauc_map_at_10_std": 0.017871,
        "nauc_map_at_10_diff1": 0.37458,
        "nauc_map_at_20_max": 0.397711,
        "nauc_map_at_20_std": 0.01973,
        "nauc_map_at_20_diff1": 0.37447,
        "nauc_map_at_100_max": 0.398004,
        "nauc_map_at_100_std": 0.021692,
        "nauc_map_at_100_diff1": 0.375108,
        "nauc_map_at_1000_max": 0.397883,
        "nauc_map_at_1000_std": 0.021705,
        "nauc_map_at_1000_diff1": 0.375271,
        "nauc_recall_at_1_max": 0.362083,
        "nauc_recall_at_1_std": 0.005131,
        "nauc_recall_at_1_diff1": 0.437463,
        "nauc_recall_at_3_max": 0.38581,
        "nauc_recall_at_3_std": 0.007971,
        "nauc_recall_at_3_diff1": 0.323395,
        "nauc_recall_at_5_max": 0.385262,
        "nauc_recall_at_5_std": 0.004819,
        "nauc_recall_at_5_diff1": 0.280441,
        "nauc_recall_at_10_max": 0.43776,
        "nauc_recall_at_10_std": 0.04245,
        "nauc_recall_at_10_diff1": 0.282965,
        "nauc_recall_at_20_max": 0.448705,
        "nauc_recall_at_20_std": 0.085713,
        "nauc_recall_at_20_diff1": 0.252977,
        "nauc_recall_at_100_max": 0.60259,
        "nauc_recall_at_100_std": 0.354323,
        "nauc_recall_at_100_diff1": 0.164055,
        "nauc_recall_at_1000_max": 0.777785,
        "nauc_recall_at_1000_std": 0.670053,
        "nauc_recall_at_1000_diff1": 0.323974,
        "nauc_precision_at_1_max": 0.366157,
        "nauc_precision_at_1_std": 0.006713,
        "nauc_precision_at_1_diff1": 0.425358,
        "nauc_precision_at_3_max": 0.364461,
        "nauc_precision_at_3_std": 0.027737,
        "nauc_precision_at_3_diff1": 0.259585,
        "nauc_precision_at_5_max": 0.343887,
        "nauc_precision_at_5_std": 0.030744,
        "nauc_precision_at_5_diff1": 0.195596,
        "nauc_precision_at_10_max": 0.337562,
        "nauc_precision_at_10_std": 0.089579,
        "nauc_precision_at_10_diff1": 0.148315,
        "nauc_precision_at_20_max": 0.286952,
        "nauc_precision_at_20_std": 0.134801,
        "nauc_precision_at_20_diff1": 0.086164,
        "nauc_precision_at_100_max": 0.170413,
        "nauc_precision_at_100_std": 0.212645,
        "nauc_precision_at_100_diff1": -0.032033,
        "nauc_precision_at_1000_max": 0.088194,
        "nauc_precision_at_1000_std": 0.198322,
        "nauc_precision_at_1000_diff1": -0.057983,
        "nauc_mrr_at_1_max": 0.366157,
        "nauc_mrr_at_1_std": 0.006713,
        "nauc_mrr_at_1_diff1": 0.425358,
        "nauc_mrr_at_3_max": 0.384061,
        "nauc_mrr_at_3_std": 0.017139,
        "nauc_mrr_at_3_diff1": 0.373303,
        "nauc_mrr_at_5_max": 0.383408,
        "nauc_mrr_at_5_std": 0.017564,
        "nauc_mrr_at_5_diff1": 0.366825,
        "nauc_mrr_at_10_max": 0.388434,
        "nauc_mrr_at_10_std": 0.022114,
        "nauc_mrr_at_10_diff1": 0.370282,
        "nauc_mrr_at_20_max": 0.388155,
        "nauc_mrr_at_20_std": 0.024066,
        "nauc_mrr_at_20_diff1": 0.369491,
        "nauc_mrr_at_100_max": 0.388554,
        "nauc_mrr_at_100_std": 0.024339,
        "nauc_mrr_at_100_diff1": 0.370138,
        "nauc_mrr_at_1000_max": 0.388358,
        "nauc_mrr_at_1000_std": 0.02418,
        "nauc_mrr_at_1000_diff1": 0.370267,
        "main_score": 0.52118,
        "hf_subset": "default",
        "languages": [
          "fas-Arab"
        ]
      }
    ]
  },
  "evaluation_time": 505.9231960773468,
  "kg_co2_emissions": null
}