{
  "dataset_revision": "a30774c99c358b3e04948b0eb8bd21f26461ef42",
  "task_name": "FEVER-FaHardNegatives",
  "mteb_version": "1.38.33",
  "scores": {
    "test": [
      {
        "ndcg_at_1": 0.501,
        "ndcg_at_3": 0.56781,
        "ndcg_at_5": 0.591,
        "ndcg_at_10": 0.61278,
        "ndcg_at_20": 0.62571,
        "ndcg_at_100": 0.63998,
        "ndcg_at_1000": 0.64548,
        "map_at_1": 0.46706,
        "map_at_3": 0.53619,
        "map_at_5": 0.55009,
        "map_at_10": 0.55958,
        "map_at_20": 0.56338,
        "map_at_100": 0.56552,
        "map_at_1000": 0.56576,
        "recall_at_1": 0.46706,
        "recall_at_3": 0.62204,
        "recall_at_5": 0.67965,
        "recall_at_10": 0.74569,
        "recall_at_20": 0.79506,
        "recall_at_100": 0.86868,
        "recall_at_1000": 0.90734,
        "precision_at_1": 0.501,
        "precision_at_3": 0.22333,
        "precision_at_5": 0.147,
        "precision_at_10": 0.0809,
        "precision_at_20": 0.04335,
        "precision_at_100": 0.00956,
        "precision_at_1000": 0.00102,
        "mrr_at_1": 0.501,
        "mrr_at_3": 0.573,
        "mrr_at_5": 0.58615,
        "mrr_at_10": 0.594929,
        "mrr_at_20": 0.598263,
        "mrr_at_100": 0.600063,
        "mrr_at_1000": 0.600186,
        "nauc_ndcg_at_1_max": 0.165331,
        "nauc_ndcg_at_1_std": -0.100586,
        "nauc_ndcg_at_1_diff1": 0.549176,
        "nauc_ndcg_at_3_max": 0.105975,
        "nauc_ndcg_at_3_std": -0.141581,
        "nauc_ndcg_at_3_diff1": 0.523795,
        "nauc_ndcg_at_5_max": 0.089257,
        "nauc_ndcg_at_5_std": -0.157559,
        "nauc_ndcg_at_5_diff1": 0.529941,
        "nauc_ndcg_at_10_max": 0.056132,
        "nauc_ndcg_at_10_std": -0.180107,
        "nauc_ndcg_at_10_diff1": 0.524357,
        "nauc_ndcg_at_20_max": 0.032764,
        "nauc_ndcg_at_20_std": -0.193987,
        "nauc_ndcg_at_20_diff1": 0.530582,
        "nauc_ndcg_at_100_max": 0.008564,
        "nauc_ndcg_at_100_std": -0.210167,
        "nauc_ndcg_at_100_diff1": 0.536264,
        "nauc_ndcg_at_1000_max": 0.001183,
        "nauc_ndcg_at_1000_std": -0.218189,
        "nauc_ndcg_at_1000_diff1": 0.54026,
        "nauc_map_at_1_max": 0.146664,
        "nauc_map_at_1_std": -0.096122,
        "nauc_map_at_1_diff1": 0.518297,
        "nauc_map_at_3_max": 0.116398,
        "nauc_map_at_3_std": -0.127158,
        "nauc_map_at_3_diff1": 0.518684,
        "nauc_map_at_5_max": 0.107848,
        "nauc_map_at_5_std": -0.136491,
        "nauc_map_at_5_diff1": 0.52147,
        "nauc_map_at_10_max": 0.095619,
        "nauc_map_at_10_std": -0.144445,
        "nauc_map_at_10_diff1": 0.518886,
        "nauc_map_at_20_max": 0.090054,
        "nauc_map_at_20_std": -0.147106,
        "nauc_map_at_20_diff1": 0.520577,
        "nauc_map_at_100_max": 0.087179,
        "nauc_map_at_100_std": -0.148728,
        "nauc_map_at_100_diff1": 0.521223,
        "nauc_map_at_1000_max": 0.086962,
        "nauc_map_at_1000_std": -0.148937,
        "nauc_map_at_1000_diff1": 0.521373,
        "nauc_recall_at_1_max": 0.146664,
        "nauc_recall_at_1_std": -0.096122,
        "nauc_recall_at_1_diff1": 0.518297,
        "nauc_recall_at_3_max": 0.05936,
        "nauc_recall_at_3_std": -0.167199,
        "nauc_recall_at_3_diff1": 0.49621,
        "nauc_recall_at_5_max": 0.01025,
        "nauc_recall_at_5_std": -0.212951,
        "nauc_recall_at_5_diff1": 0.507603,
        "nauc_recall_at_10_max": -0.133847,
        "nauc_recall_at_10_std": -0.312265,
        "nauc_recall_at_10_diff1": 0.476215,
        "nauc_recall_at_20_max": -0.303403,
        "nauc_recall_at_20_std": -0.420832,
        "nauc_recall_at_20_diff1": 0.502104,
        "nauc_recall_at_100_max": -0.726048,
        "nauc_recall_at_100_std": -0.71407,
        "nauc_recall_at_100_diff1": 0.558838,
        "nauc_recall_at_1000_max": -1.165659,
        "nauc_recall_at_1000_std": -1.088299,
        "nauc_recall_at_1000_diff1": 0.673059,
        "nauc_precision_at_1_max": 0.165331,
        "nauc_precision_at_1_std": -0.100586,
        "nauc_precision_at_1_diff1": 0.549176,
        "nauc_precision_at_3_max": 0.076763,
        "nauc_precision_at_3_std": -0.191506,
        "nauc_precision_at_3_diff1": 0.537165,
        "nauc_precision_at_5_max": 0.015612,
        "nauc_precision_at_5_std": -0.25013,
        "nauc_precision_at_5_diff1": 0.538988,
        "nauc_precision_at_10_max": -0.120725,
        "nauc_precision_at_10_std": -0.332795,
        "nauc_precision_at_10_diff1": 0.477102,
        "nauc_precision_at_20_max": -0.275579,
        "nauc_precision_at_20_std": -0.402901,
        "nauc_precision_at_20_diff1": 0.458135,
        "nauc_precision_at_100_max": -0.498599,
        "nauc_precision_at_100_std": -0.500161,
        "nauc_precision_at_100_diff1": 0.376765,
        "nauc_precision_at_1000_max": -0.465567,
        "nauc_precision_at_1000_std": -0.444349,
        "nauc_precision_at_1000_diff1": 0.246242,
        "nauc_mrr_at_1_max": 0.165331,
        "nauc_mrr_at_1_std": -0.100586,
        "nauc_mrr_at_1_diff1": 0.549176,
        "nauc_mrr_at_3_max": 0.127161,
        "nauc_mrr_at_3_std": -0.138132,
        "nauc_mrr_at_3_diff1": 0.545117,
        "nauc_mrr_at_5_max": 0.119377,
        "nauc_mrr_at_5_std": -0.146376,
        "nauc_mrr_at_5_diff1": 0.55085,
        "nauc_mrr_at_10_max": 0.106283,
        "nauc_mrr_at_10_std": -0.154448,
        "nauc_mrr_at_10_diff1": 0.548504,
        "nauc_mrr_at_20_max": 0.101032,
        "nauc_mrr_at_20_std": -0.157987,
        "nauc_mrr_at_20_diff1": 0.54959,
        "nauc_mrr_at_100_max": 0.098149,
        "nauc_mrr_at_100_std": -0.159817,
        "nauc_mrr_at_100_diff1": 0.549963,
        "nauc_mrr_at_1000_max": 0.097924,
        "nauc_mrr_at_1000_std": -0.160034,
        "nauc_mrr_at_1000_diff1": 0.550041,
        "main_score": 0.61278,
        "hf_subset": "default",
        "languages": [
          "fas-Arab"
        ]
      }
    ]
  },
  "evaluation_time": 6559.658748626709,
  "kg_co2_emissions": null
}