{
  "dataset_revision": "f22eecc8ad7f25875a77b5e5e23d484b7cc74c59",
  "task_name": "MSMARCO-FaHardNegatives",
  "mteb_version": "1.38.33",
  "scores": {
    "test": [
      {
        "ndcg_at_1": 0.56589,
        "ndcg_at_3": 0.58483,
        "ndcg_at_5": 0.58983,
        "ndcg_at_10": 0.58649,
        "ndcg_at_20": 0.57464,
        "ndcg_at_100": 0.62212,
        "ndcg_at_1000": 0.75804,
        "map_at_1": 0.0138,
        "map_at_3": 0.04117,
        "map_at_5": 0.06043,
        "map_at_10": 0.10259,
        "map_at_20": 0.16431,
        "map_at_100": 0.36927,
        "map_at_1000": 0.54069,
        "recall_at_1": 0.0138,
        "recall_at_3": 0.04584,
        "recall_at_5": 0.07067,
        "recall_at_10": 0.12611,
        "recall_at_20": 0.20941,
        "recall_at_100": 0.56752,
        "recall_at_1000": 0.95035,
        "precision_at_1": 0.7907,
        "precision_at_3": 0.75969,
        "precision_at_5": 0.73488,
        "precision_at_10": 0.69767,
        "precision_at_20": 0.63721,
        "precision_at_100": 0.44512,
        "precision_at_1000": 0.09126,
        "mrr_at_1": 0.790698,
        "mrr_at_3": 0.844961,
        "mrr_at_5": 0.860078,
        "mrr_at_10": 0.8634,
        "mrr_at_20": 0.8634,
        "mrr_at_100": 0.8634,
        "mrr_at_1000": 0.8634,
        "nauc_ndcg_at_1_max": 0.357495,
        "nauc_ndcg_at_1_std": 0.379776,
        "nauc_ndcg_at_1_diff1": -0.118198,
        "nauc_ndcg_at_3_max": 0.409516,
        "nauc_ndcg_at_3_std": 0.36795,
        "nauc_ndcg_at_3_diff1": -0.086081,
        "nauc_ndcg_at_5_max": 0.473755,
        "nauc_ndcg_at_5_std": 0.439376,
        "nauc_ndcg_at_5_diff1": -0.095839,
        "nauc_ndcg_at_10_max": 0.436276,
        "nauc_ndcg_at_10_std": 0.435854,
        "nauc_ndcg_at_10_diff1": -0.154823,
        "nauc_ndcg_at_20_max": 0.461784,
        "nauc_ndcg_at_20_std": 0.529425,
        "nauc_ndcg_at_20_diff1": -0.280816,
        "nauc_ndcg_at_100_max": 0.536982,
        "nauc_ndcg_at_100_std": 0.565427,
        "nauc_ndcg_at_100_diff1": -0.332669,
        "nauc_ndcg_at_1000_max": 0.568717,
        "nauc_ndcg_at_1000_std": 0.711741,
        "nauc_ndcg_at_1000_diff1": -0.324933,
        "nauc_map_at_1_max": 0.049661,
        "nauc_map_at_1_std": -0.140601,
        "nauc_map_at_1_diff1": -0.160034,
        "nauc_map_at_3_max": 0.040397,
        "nauc_map_at_3_std": -0.185004,
        "nauc_map_at_3_diff1": 0.028883,
        "nauc_map_at_5_max": 0.138415,
        "nauc_map_at_5_std": -0.107373,
        "nauc_map_at_5_diff1": 0.030998,
        "nauc_map_at_10_max": 0.229517,
        "nauc_map_at_10_std": -0.024995,
        "nauc_map_at_10_diff1": -0.019374,
        "nauc_map_at_20_max": 0.316794,
        "nauc_map_at_20_std": 0.089474,
        "nauc_map_at_20_diff1": -0.126198,
        "nauc_map_at_100_max": 0.487728,
        "nauc_map_at_100_std": 0.43268,
        "nauc_map_at_100_diff1": -0.31742,
        "nauc_map_at_1000_max": 0.493555,
        "nauc_map_at_1000_std": 0.695676,
        "nauc_map_at_1000_diff1": -0.328308,
        "nauc_recall_at_1_max": 0.049661,
        "nauc_recall_at_1_std": -0.140601,
        "nauc_recall_at_1_diff1": -0.160034,
        "nauc_recall_at_3_max": -0.022943,
        "nauc_recall_at_3_std": -0.248542,
        "nauc_recall_at_3_diff1": 0.157785,
        "nauc_recall_at_5_max": 0.048477,
        "nauc_recall_at_5_std": -0.21683,
        "nauc_recall_at_5_diff1": 0.158857,
        "nauc_recall_at_10_max": 0.130377,
        "nauc_recall_at_10_std": -0.167152,
        "nauc_recall_at_10_diff1": 0.107985,
        "nauc_recall_at_20_max": 0.20344,
        "nauc_recall_at_20_std": -0.081685,
        "nauc_recall_at_20_diff1": -0.033232,
        "nauc_recall_at_100_max": 0.38894,
        "nauc_recall_at_100_std": 0.149111,
        "nauc_recall_at_100_diff1": -0.158639,
        "nauc_recall_at_1000_max": 0.808609,
        "nauc_recall_at_1000_std": 0.900875,
        "nauc_recall_at_1000_diff1": 0.016904,
        "nauc_precision_at_1_max": 0.417504,
        "nauc_precision_at_1_std": 0.666939,
        "nauc_precision_at_1_diff1": -0.347899,
        "nauc_precision_at_3_max": 0.471419,
        "nauc_precision_at_3_std": 0.547386,
        "nauc_precision_at_3_diff1": -0.199885,
        "nauc_precision_at_5_max": 0.511082,
        "nauc_precision_at_5_std": 0.620595,
        "nauc_precision_at_5_diff1": -0.277274,
        "nauc_precision_at_10_max": 0.487347,
        "nauc_precision_at_10_std": 0.627367,
        "nauc_precision_at_10_diff1": -0.294076,
        "nauc_precision_at_20_max": 0.436808,
        "nauc_precision_at_20_std": 0.640148,
        "nauc_precision_at_20_diff1": -0.382609,
        "nauc_precision_at_100_max": 0.270184,
        "nauc_precision_at_100_std": 0.580304,
        "nauc_precision_at_100_diff1": -0.226157,
        "nauc_precision_at_1000_max": 0.116961,
        "nauc_precision_at_1000_std": 0.451806,
        "nauc_precision_at_1000_diff1": -0.115531,
        "nauc_mrr_at_1_max": 0.417504,
        "nauc_mrr_at_1_std": 0.666939,
        "nauc_mrr_at_1_diff1": -0.347899,
        "nauc_mrr_at_3_max": 0.421588,
        "nauc_mrr_at_3_std": 0.644108,
        "nauc_mrr_at_3_diff1": -0.372146,
        "nauc_mrr_at_5_max": 0.408517,
        "nauc_mrr_at_5_std": 0.657196,
        "nauc_mrr_at_5_diff1": -0.329604,
        "nauc_mrr_at_10_max": 0.396584,
        "nauc_mrr_at_10_std": 0.648337,
        "nauc_mrr_at_10_diff1": -0.352409,
        "nauc_mrr_at_20_max": 0.396584,
        "nauc_mrr_at_20_std": 0.648337,
        "nauc_mrr_at_20_diff1": -0.352409,
        "nauc_mrr_at_100_max": 0.396584,
        "nauc_mrr_at_100_std": 0.648337,
        "nauc_mrr_at_100_diff1": -0.352409,
        "nauc_mrr_at_1000_max": 0.396584,
        "nauc_mrr_at_1000_std": 0.648337,
        "nauc_mrr_at_1000_diff1": -0.352409,
        "main_score": 0.58649,
        "hf_subset": "default",
        "languages": [
          "fas-Arab"
        ]
      }
    ]
  },
  "evaluation_time": 351.5802993774414,
  "kg_co2_emissions": null
}