{
  "dataset_revision": "f22eecc8ad7f25875a77b5e5e23d484b7cc74c59",
  "task_name": "MSMARCO-FaHardNegatives",
  "mteb_version": "1.38.33",
  "scores": {
    "test": [
      {
        "ndcg_at_1": 0.6124,
        "ndcg_at_3": 0.62985,
        "ndcg_at_5": 0.62109,
        "ndcg_at_10": 0.60955,
        "ndcg_at_20": 0.60187,
        "ndcg_at_100": 0.65192,
        "ndcg_at_1000": 0.76993,
        "map_at_1": 0.01494,
        "map_at_3": 0.0414,
        "map_at_5": 0.06059,
        "map_at_10": 0.1051,
        "map_at_20": 0.16771,
        "map_at_100": 0.37353,
        "map_at_1000": 0.52524,
        "recall_at_1": 0.01494,
        "recall_at_3": 0.04481,
        "recall_at_5": 0.06613,
        "recall_at_10": 0.12969,
        "recall_at_20": 0.21913,
        "recall_at_100": 0.59016,
        "recall_at_1000": 0.94428,
        "precision_at_1": 0.81395,
        "precision_at_3": 0.8062,
        "precision_at_5": 0.76744,
        "precision_at_10": 0.71628,
        "precision_at_20": 0.65698,
        "precision_at_100": 0.45605,
        "precision_at_1000": 0.09009,
        "mrr_at_1": 0.813953,
        "mrr_at_3": 0.879845,
        "mrr_at_5": 0.879845,
        "mrr_at_10": 0.883721,
        "mrr_at_20": 0.883721,
        "mrr_at_100": 0.883721,
        "mrr_at_1000": 0.883721,
        "nauc_ndcg_at_1_max": 0.316531,
        "nauc_ndcg_at_1_std": 0.086777,
        "nauc_ndcg_at_1_diff1": 0.015827,
        "nauc_ndcg_at_3_max": 0.232074,
        "nauc_ndcg_at_3_std": 0.199423,
        "nauc_ndcg_at_3_diff1": -0.167222,
        "nauc_ndcg_at_5_max": 0.311475,
        "nauc_ndcg_at_5_std": 0.213944,
        "nauc_ndcg_at_5_diff1": -0.193474,
        "nauc_ndcg_at_10_max": 0.36966,
        "nauc_ndcg_at_10_std": 0.256513,
        "nauc_ndcg_at_10_diff1": -0.151929,
        "nauc_ndcg_at_20_max": 0.396565,
        "nauc_ndcg_at_20_std": 0.3297,
        "nauc_ndcg_at_20_diff1": -0.176575,
        "nauc_ndcg_at_100_max": 0.461706,
        "nauc_ndcg_at_100_std": 0.516877,
        "nauc_ndcg_at_100_diff1": -0.183425,
        "nauc_ndcg_at_1000_max": 0.507008,
        "nauc_ndcg_at_1000_std": 0.599254,
        "nauc_ndcg_at_1000_diff1": -0.233768,
        "nauc_map_at_1_max": -0.086405,
        "nauc_map_at_1_std": -0.264736,
        "nauc_map_at_1_diff1": 0.120266,
        "nauc_map_at_3_max": -0.089925,
        "nauc_map_at_3_std": -0.216425,
        "nauc_map_at_3_diff1": 0.025339,
        "nauc_map_at_5_max": 0.019326,
        "nauc_map_at_5_std": -0.156591,
        "nauc_map_at_5_diff1": -0.01748,
        "nauc_map_at_10_max": 0.056716,
        "nauc_map_at_10_std": -0.150575,
        "nauc_map_at_10_diff1": -0.003182,
        "nauc_map_at_20_max": 0.107735,
        "nauc_map_at_20_std": -0.068509,
        "nauc_map_at_20_diff1": -0.047143,
        "nauc_map_at_100_max": 0.313486,
        "nauc_map_at_100_std": 0.321341,
        "nauc_map_at_100_diff1": -0.085556,
        "nauc_map_at_1000_max": 0.450987,
        "nauc_map_at_1000_std": 0.653931,
        "nauc_map_at_1000_diff1": -0.209627,
        "nauc_recall_at_1_max": -0.086405,
        "nauc_recall_at_1_std": -0.264736,
        "nauc_recall_at_1_diff1": 0.120266,
        "nauc_recall_at_3_max": -0.1383,
        "nauc_recall_at_3_std": -0.231732,
        "nauc_recall_at_3_diff1": -0.007958,
        "nauc_recall_at_5_max": -0.014268,
        "nauc_recall_at_5_std": -0.166323,
        "nauc_recall_at_5_diff1": -0.048206,
        "nauc_recall_at_10_max": -0.042707,
        "nauc_recall_at_10_std": -0.251706,
        "nauc_recall_at_10_diff1": 0.168145,
        "nauc_recall_at_20_max": -0.050371,
        "nauc_recall_at_20_std": -0.217078,
        "nauc_recall_at_20_diff1": 0.100441,
        "nauc_recall_at_100_max": 0.097001,
        "nauc_recall_at_100_std": 0.034439,
        "nauc_recall_at_100_diff1": 0.173512,
        "nauc_recall_at_1000_max": 0.612687,
        "nauc_recall_at_1000_std": 0.754261,
        "nauc_recall_at_1000_diff1": -0.030381,
        "nauc_precision_at_1_max": 0.468037,
        "nauc_precision_at_1_std": 0.291954,
        "nauc_precision_at_1_diff1": -0.049598,
        "nauc_precision_at_3_max": 0.250807,
        "nauc_precision_at_3_std": 0.347341,
        "nauc_precision_at_3_diff1": -0.302868,
        "nauc_precision_at_5_max": 0.42807,
        "nauc_precision_at_5_std": 0.399974,
        "nauc_precision_at_5_diff1": -0.286272,
        "nauc_precision_at_10_max": 0.485723,
        "nauc_precision_at_10_std": 0.458982,
        "nauc_precision_at_10_diff1": -0.24153,
        "nauc_precision_at_20_max": 0.417111,
        "nauc_precision_at_20_std": 0.481631,
        "nauc_precision_at_20_diff1": -0.250419,
        "nauc_precision_at_100_max": 0.316464,
        "nauc_precision_at_100_std": 0.519929,
        "nauc_precision_at_100_diff1": -0.176815,
        "nauc_precision_at_1000_max": 0.265077,
        "nauc_precision_at_1000_std": 0.442434,
        "nauc_precision_at_1000_diff1": -0.216715,
        "nauc_mrr_at_1_max": 0.468037,
        "nauc_mrr_at_1_std": 0.291954,
        "nauc_mrr_at_1_diff1": -0.049598,
        "nauc_mrr_at_3_max": 0.478184,
        "nauc_mrr_at_3_std": 0.364123,
        "nauc_mrr_at_3_diff1": -0.238378,
        "nauc_mrr_at_5_max": 0.478184,
        "nauc_mrr_at_5_std": 0.364123,
        "nauc_mrr_at_5_diff1": -0.238378,
        "nauc_mrr_at_10_max": 0.482418,
        "nauc_mrr_at_10_std": 0.346246,
        "nauc_mrr_at_10_diff1": -0.184503,
        "nauc_mrr_at_20_max": 0.482418,
        "nauc_mrr_at_20_std": 0.346246,
        "nauc_mrr_at_20_diff1": -0.184503,
        "nauc_mrr_at_100_max": 0.482418,
        "nauc_mrr_at_100_std": 0.346246,
        "nauc_mrr_at_100_diff1": -0.184503,
        "nauc_mrr_at_1000_max": 0.482418,
        "nauc_mrr_at_1000_std": 0.346246,
        "nauc_mrr_at_1000_diff1": -0.184503,
        "main_score": 0.60955,
        "hf_subset": "default",
        "languages": [
          "fas-Arab"
        ]
      }
    ]
  },
  "evaluation_time": 18.444419145584106,
  "kg_co2_emissions": null
}