{
  "dataset_revision": "35dd709a0d846ae987541cf8ca978562636260f0",
  "task_name": "NeuCLIR2022RetrievalHardNegatives",
  "mteb_version": "1.38.33",
  "scores": {
    "test": [
      {
        "ndcg_at_1": 0.34074,
        "ndcg_at_3": 0.32839,
        "ndcg_at_5": 0.34853,
        "ndcg_at_10": 0.36497,
        "ndcg_at_20": 0.39975,
        "ndcg_at_100": 0.50103,
        "ndcg_at_1000": 0.57195,
        "map_at_1": 0.03485,
        "map_at_3": 0.07529,
        "map_at_5": 0.10838,
        "map_at_10": 0.15073,
        "map_at_20": 0.18991,
        "map_at_100": 0.28386,
        "map_at_1000": 0.33233,
        "recall_at_1": 0.03485,
        "recall_at_3": 0.09678,
        "recall_at_5": 0.15843,
        "recall_at_10": 0.25217,
        "recall_at_20": 0.35478,
        "recall_at_100": 0.73446,
        "recall_at_1000": 0.97371,
        "precision_at_1": 0.44444,
        "precision_at_3": 0.4,
        "precision_at_5": 0.40444,
        "precision_at_10": 0.35778,
        "precision_at_20": 0.29111,
        "precision_at_100": 0.17778,
        "precision_at_1000": 0.03182,
        "mrr_at_1": 0.444444,
        "mrr_at_3": 0.548148,
        "mrr_at_5": 0.568148,
        "mrr_at_10": 0.577249,
        "mrr_at_20": 0.579945,
        "mrr_at_100": 0.582373,
        "mrr_at_1000": 0.582417,
        "nauc_ndcg_at_1_max": 0.24922,
        "nauc_ndcg_at_1_std": 0.179197,
        "nauc_ndcg_at_1_diff1": 0.116574,
        "nauc_ndcg_at_3_max": 0.276135,
        "nauc_ndcg_at_3_std": 0.224572,
        "nauc_ndcg_at_3_diff1": -0.004342,
        "nauc_ndcg_at_5_max": 0.343028,
        "nauc_ndcg_at_5_std": 0.301182,
        "nauc_ndcg_at_5_diff1": 0.035982,
        "nauc_ndcg_at_10_max": 0.409885,
        "nauc_ndcg_at_10_std": 0.341218,
        "nauc_ndcg_at_10_diff1": 0.104023,
        "nauc_ndcg_at_20_max": 0.444021,
        "nauc_ndcg_at_20_std": 0.361548,
        "nauc_ndcg_at_20_diff1": 0.205065,
        "nauc_ndcg_at_100_max": 0.485049,
        "nauc_ndcg_at_100_std": 0.413387,
        "nauc_ndcg_at_100_diff1": 0.220035,
        "nauc_ndcg_at_1000_max": 0.430088,
        "nauc_ndcg_at_1000_std": 0.407528,
        "nauc_ndcg_at_1000_diff1": 0.113298,
        "nauc_map_at_1_max": 0.203493,
        "nauc_map_at_1_std": 0.118341,
        "nauc_map_at_1_diff1": 0.375997,
        "nauc_map_at_3_max": 0.126657,
        "nauc_map_at_3_std": 0.084695,
        "nauc_map_at_3_diff1": 0.281535,
        "nauc_map_at_5_max": 0.125441,
        "nauc_map_at_5_std": 0.046244,
        "nauc_map_at_5_diff1": 0.305719,
        "nauc_map_at_10_max": 0.207658,
        "nauc_map_at_10_std": 0.04203,
        "nauc_map_at_10_diff1": 0.305185,
        "nauc_map_at_20_max": 0.230796,
        "nauc_map_at_20_std": 0.048225,
        "nauc_map_at_20_diff1": 0.276875,
        "nauc_map_at_100_max": 0.373227,
        "nauc_map_at_100_std": 0.290596,
        "nauc_map_at_100_diff1": 0.125687,
        "nauc_map_at_1000_max": 0.387354,
        "nauc_map_at_1000_std": 0.384437,
        "nauc_map_at_1000_diff1": 0.037821,
        "nauc_recall_at_1_max": 0.203493,
        "nauc_recall_at_1_std": 0.118341,
        "nauc_recall_at_1_diff1": 0.375997,
        "nauc_recall_at_3_max": 0.13678,
        "nauc_recall_at_3_std": 0.098924,
        "nauc_recall_at_3_diff1": 0.230506,
        "nauc_recall_at_5_max": 0.131642,
        "nauc_recall_at_5_std": 0.059915,
        "nauc_recall_at_5_diff1": 0.291374,
        "nauc_recall_at_10_max": 0.173959,
        "nauc_recall_at_10_std": 0.047868,
        "nauc_recall_at_10_diff1": 0.31289,
        "nauc_recall_at_20_max": 0.204256,
        "nauc_recall_at_20_std": 0.051184,
        "nauc_recall_at_20_diff1": 0.390261,
        "nauc_recall_at_100_max": 0.387336,
        "nauc_recall_at_100_std": 0.319888,
        "nauc_recall_at_100_diff1": 0.303343,
        "nauc_recall_at_1000_max": 0.574817,
        "nauc_recall_at_1000_std": 0.728571,
        "nauc_recall_at_1000_diff1": 0.563357,
        "nauc_precision_at_1_max": 0.289627,
        "nauc_precision_at_1_std": 0.326275,
        "nauc_precision_at_1_diff1": 0.016194,
        "nauc_precision_at_3_max": 0.239702,
        "nauc_precision_at_3_std": 0.319888,
        "nauc_precision_at_3_diff1": -0.179865,
        "nauc_precision_at_5_max": 0.232055,
        "nauc_precision_at_5_std": 0.304389,
        "nauc_precision_at_5_diff1": -0.134958,
        "nauc_precision_at_10_max": 0.280301,
        "nauc_precision_at_10_std": 0.305421,
        "nauc_precision_at_10_diff1": -0.163034,
        "nauc_precision_at_20_max": 0.306165,
        "nauc_precision_at_20_std": 0.365007,
        "nauc_precision_at_20_diff1": -0.160772,
        "nauc_precision_at_100_max": 0.301168,
        "nauc_precision_at_100_std": 0.451661,
        "nauc_precision_at_100_diff1": -0.239179,
        "nauc_precision_at_1000_max": 0.26769,
        "nauc_precision_at_1000_std": 0.411339,
        "nauc_precision_at_1000_diff1": -0.189518,
        "nauc_mrr_at_1_max": 0.289627,
        "nauc_mrr_at_1_std": 0.326275,
        "nauc_mrr_at_1_diff1": 0.016194,
        "nauc_mrr_at_3_max": 0.363355,
        "nauc_mrr_at_3_std": 0.381794,
        "nauc_mrr_at_3_diff1": 0.00731,
        "nauc_mrr_at_5_max": 0.358504,
        "nauc_mrr_at_5_std": 0.379953,
        "nauc_mrr_at_5_diff1": 0.018058,
        "nauc_mrr_at_10_max": 0.356049,
        "nauc_mrr_at_10_std": 0.37183,
        "nauc_mrr_at_10_diff1": 0.03764,
        "nauc_mrr_at_20_max": 0.356639,
        "nauc_mrr_at_20_std": 0.373122,
        "nauc_mrr_at_20_diff1": 0.042478,
        "nauc_mrr_at_100_max": 0.356568,
        "nauc_mrr_at_100_std": 0.374071,
        "nauc_mrr_at_100_diff1": 0.038628,
        "nauc_mrr_at_1000_max": 0.356471,
        "nauc_mrr_at_1000_std": 0.373976,
        "nauc_mrr_at_1000_diff1": 0.038502,
        "main_score": 0.39975,
        "hf_subset": "fas",
        "languages": [
          "fas-Arab"
        ]
      }
    ]
  },
  "evaluation_time": 69.06793713569641,
  "kg_co2_emissions": null
}