{
  "dataset_revision": "cf7db7133d355e1ab152c8bd5cd25ecbd4114270",
  "task_name": "NQ-FaHardNegatives",
  "mteb_version": "1.38.33",
  "scores": {
    "test": [
      {
        "ndcg_at_1": 0.187,
        "ndcg_at_3": 0.25716,
        "ndcg_at_5": 0.29123,
        "ndcg_at_10": 0.33213,
        "ndcg_at_20": 0.35909,
        "ndcg_at_100": 0.39609,
        "ndcg_at_1000": 0.41311,
        "map_at_1": 0.164,
        "map_at_3": 0.22971,
        "map_at_5": 0.24914,
        "map_at_10": 0.26731,
        "map_at_20": 0.27509,
        "map_at_100": 0.28081,
        "map_at_1000": 0.2815,
        "recall_at_1": 0.164,
        "recall_at_3": 0.30975,
        "recall_at_5": 0.38842,
        "recall_at_10": 0.5085,
        "recall_at_20": 0.60967,
        "recall_at_100": 0.79817,
        "recall_at_1000": 0.92767,
        "precision_at_1": 0.187,
        "precision_at_3": 0.12033,
        "precision_at_5": 0.092,
        "precision_at_10": 0.0608,
        "precision_at_20": 0.0367,
        "precision_at_100": 0.00971,
        "precision_at_1000": 0.00113,
        "mrr_at_1": 0.187,
        "mrr_at_3": 0.257167,
        "mrr_at_5": 0.276467,
        "mrr_at_10": 0.291928,
        "mrr_at_20": 0.29909,
        "mrr_at_100": 0.303356,
        "mrr_at_1000": 0.303863,
        "nauc_ndcg_at_1_max": 0.2478,
        "nauc_ndcg_at_1_std": 0.013405,
        "nauc_ndcg_at_1_diff1": 0.348321,
        "nauc_ndcg_at_3_max": 0.241531,
        "nauc_ndcg_at_3_std": 0.016037,
        "nauc_ndcg_at_3_diff1": 0.270566,
        "nauc_ndcg_at_5_max": 0.249582,
        "nauc_ndcg_at_5_std": 0.032898,
        "nauc_ndcg_at_5_diff1": 0.264719,
        "nauc_ndcg_at_10_max": 0.267965,
        "nauc_ndcg_at_10_std": 0.046416,
        "nauc_ndcg_at_10_diff1": 0.262685,
        "nauc_ndcg_at_20_max": 0.290304,
        "nauc_ndcg_at_20_std": 0.072989,
        "nauc_ndcg_at_20_diff1": 0.268504,
        "nauc_ndcg_at_100_max": 0.304948,
        "nauc_ndcg_at_100_std": 0.104517,
        "nauc_ndcg_at_100_diff1": 0.272079,
        "nauc_ndcg_at_1000_max": 0.296662,
        "nauc_ndcg_at_1000_std": 0.094329,
        "nauc_ndcg_at_1000_diff1": 0.271571,
        "nauc_map_at_1_max": 0.247705,
        "nauc_map_at_1_std": 0.020439,
        "nauc_map_at_1_diff1": 0.353719,
        "nauc_map_at_3_max": 0.241029,
        "nauc_map_at_3_std": 0.015802,
        "nauc_map_at_3_diff1": 0.289634,
        "nauc_map_at_5_max": 0.247518,
        "nauc_map_at_5_std": 0.025755,
        "nauc_map_at_5_diff1": 0.286223,
        "nauc_map_at_10_max": 0.256784,
        "nauc_map_at_10_std": 0.031527,
        "nauc_map_at_10_diff1": 0.286042,
        "nauc_map_at_20_max": 0.263345,
        "nauc_map_at_20_std": 0.038984,
        "nauc_map_at_20_diff1": 0.287736,
        "nauc_map_at_100_max": 0.265477,
        "nauc_map_at_100_std": 0.044216,
        "nauc_map_at_100_diff1": 0.287689,
        "nauc_map_at_1000_max": 0.265347,
        "nauc_map_at_1000_std": 0.044141,
        "nauc_map_at_1000_diff1": 0.287618,
        "nauc_recall_at_1_max": 0.247705,
        "nauc_recall_at_1_std": 0.020439,
        "nauc_recall_at_1_diff1": 0.353719,
        "nauc_recall_at_3_max": 0.225439,
        "nauc_recall_at_3_std": 0.009739,
        "nauc_recall_at_3_diff1": 0.219579,
        "nauc_recall_at_5_max": 0.239571,
        "nauc_recall_at_5_std": 0.042638,
        "nauc_recall_at_5_diff1": 0.208705,
        "nauc_recall_at_10_max": 0.281903,
        "nauc_recall_at_10_std": 0.079382,
        "nauc_recall_at_10_diff1": 0.197301,
        "nauc_recall_at_20_max": 0.362182,
        "nauc_recall_at_20_std": 0.17938,
        "nauc_recall_at_20_diff1": 0.210965,
        "nauc_recall_at_100_max": 0.523789,
        "nauc_recall_at_100_std": 0.466098,
        "nauc_recall_at_100_diff1": 0.227574,
        "nauc_recall_at_1000_max": 0.619094,
        "nauc_recall_at_1000_std": 0.700943,
        "nauc_recall_at_1000_diff1": 0.166229,
        "nauc_precision_at_1_max": 0.2478,
        "nauc_precision_at_1_std": 0.013405,
        "nauc_precision_at_1_diff1": 0.348321,
        "nauc_precision_at_3_max": 0.25745,
        "nauc_precision_at_3_std": 0.025778,
        "nauc_precision_at_3_diff1": 0.218421,
        "nauc_precision_at_5_max": 0.269202,
        "nauc_precision_at_5_std": 0.063022,
        "nauc_precision_at_5_diff1": 0.199531,
        "nauc_precision_at_10_max": 0.301301,
        "nauc_precision_at_10_std": 0.09699,
        "nauc_precision_at_10_diff1": 0.172672,
        "nauc_precision_at_20_max": 0.349284,
        "nauc_precision_at_20_std": 0.179428,
        "nauc_precision_at_20_diff1": 0.169514,
        "nauc_precision_at_100_max": 0.351208,
        "nauc_precision_at_100_std": 0.321614,
        "nauc_precision_at_100_diff1": 0.104966,
        "nauc_precision_at_1000_max": 0.2462,
        "nauc_precision_at_1000_std": 0.256512,
        "nauc_precision_at_1000_diff1": 0.032378,
        "nauc_mrr_at_1_max": 0.2478,
        "nauc_mrr_at_1_std": 0.013405,
        "nauc_mrr_at_1_diff1": 0.348321,
        "nauc_mrr_at_3_max": 0.24763,
        "nauc_mrr_at_3_std": 0.01989,
        "nauc_mrr_at_3_diff1": 0.284423,
        "nauc_mrr_at_5_max": 0.249414,
        "nauc_mrr_at_5_std": 0.030956,
        "nauc_mrr_at_5_diff1": 0.279162,
        "nauc_mrr_at_10_max": 0.25554,
        "nauc_mrr_at_10_std": 0.035213,
        "nauc_mrr_at_10_diff1": 0.278758,
        "nauc_mrr_at_20_max": 0.261491,
        "nauc_mrr_at_20_std": 0.042253,
        "nauc_mrr_at_20_diff1": 0.280206,
        "nauc_mrr_at_100_max": 0.262433,
        "nauc_mrr_at_100_std": 0.044636,
        "nauc_mrr_at_100_diff1": 0.281058,
        "nauc_mrr_at_1000_max": 0.262153,
        "nauc_mrr_at_1000_std": 0.044401,
        "nauc_mrr_at_1000_diff1": 0.28099,
        "main_score": 0.33213,
        "hf_subset": "default",
        "languages": [
          "fas-Arab"
        ]
      }
    ]
  },
  "evaluation_time": 576.439211845398,
  "kg_co2_emissions": null
}