{
  "dataset_revision": "c3262adb1c32ac0c3ea8de6393a44366edaa62e1",
  "task_name": "WebFAQRetrieval",
  "mteb_version": "1.38.33",
  "scores": {
    "test": [
      {
        "ndcg_at_1": 0.6071,
        "ndcg_at_3": 0.69195,
        "ndcg_at_5": 0.71265,
        "ndcg_at_10": 0.72939,
        "ndcg_at_20": 0.73986,
        "ndcg_at_100": 0.75204,
        "ndcg_at_1000": 0.75633,
        "map_at_1": 0.6071,
        "map_at_3": 0.67143,
        "map_at_5": 0.68293,
        "map_at_10": 0.68986,
        "map_at_20": 0.69277,
        "map_at_100": 0.69447,
        "map_at_1000": 0.69463,
        "recall_at_1": 0.6071,
        "recall_at_3": 0.7512,
        "recall_at_5": 0.8014,
        "recall_at_10": 0.853,
        "recall_at_20": 0.8942,
        "recall_at_100": 0.9596,
        "recall_at_1000": 0.993,
        "precision_at_1": 0.6071,
        "precision_at_3": 0.2504,
        "precision_at_5": 0.16028,
        "precision_at_10": 0.0853,
        "precision_at_20": 0.04471,
        "precision_at_100": 0.0096,
        "precision_at_1000": 0.00099,
        "mrr_at_1": 0.6071,
        "mrr_at_3": 0.671483,
        "mrr_at_5": 0.682973,
        "mrr_at_10": 0.68988,
        "mrr_at_20": 0.692795,
        "mrr_at_100": 0.694498,
        "mrr_at_1000": 0.694664,
        "nauc_ndcg_at_1_max": 0.408872,
        "nauc_ndcg_at_1_std": -0.16734,
        "nauc_ndcg_at_1_diff1": 0.731974,
        "nauc_ndcg_at_3_max": 0.42042,
        "nauc_ndcg_at_3_std": -0.171308,
        "nauc_ndcg_at_3_diff1": 0.697907,
        "nauc_ndcg_at_5_max": 0.420434,
        "nauc_ndcg_at_5_std": -0.167724,
        "nauc_ndcg_at_5_diff1": 0.692625,
        "nauc_ndcg_at_10_max": 0.416473,
        "nauc_ndcg_at_10_std": -0.167274,
        "nauc_ndcg_at_10_diff1": 0.693064,
        "nauc_ndcg_at_20_max": 0.417768,
        "nauc_ndcg_at_20_std": -0.162544,
        "nauc_ndcg_at_20_diff1": 0.691752,
        "nauc_ndcg_at_100_max": 0.418449,
        "nauc_ndcg_at_100_std": -0.159351,
        "nauc_ndcg_at_100_diff1": 0.696463,
        "nauc_ndcg_at_1000_max": 0.417856,
        "nauc_ndcg_at_1000_std": -0.161855,
        "nauc_ndcg_at_1000_diff1": 0.698543,
        "nauc_map_at_1_max": 0.408872,
        "nauc_map_at_1_std": -0.16734,
        "nauc_map_at_1_diff1": 0.731974,
        "nauc_map_at_3_max": 0.417227,
        "nauc_map_at_3_std": -0.170572,
        "nauc_map_at_3_diff1": 0.706399,
        "nauc_map_at_5_max": 0.41723,
        "nauc_map_at_5_std": -0.168692,
        "nauc_map_at_5_diff1": 0.703959,
        "nauc_map_at_10_max": 0.415744,
        "nauc_map_at_10_std": -0.168631,
        "nauc_map_at_10_diff1": 0.704381,
        "nauc_map_at_20_max": 0.41604,
        "nauc_map_at_20_std": -0.167502,
        "nauc_map_at_20_diff1": 0.704161,
        "nauc_map_at_100_max": 0.416159,
        "nauc_map_at_100_std": -0.167034,
        "nauc_map_at_100_diff1": 0.704793,
        "nauc_map_at_1000_max": 0.416132,
        "nauc_map_at_1000_std": -0.167106,
        "nauc_map_at_1000_diff1": 0.704859,
        "nauc_recall_at_1_max": 0.408872,
        "nauc_recall_at_1_std": -0.16734,
        "nauc_recall_at_1_diff1": 0.731974,
        "nauc_recall_at_3_max": 0.431704,
        "nauc_recall_at_3_std": -0.17373,
        "nauc_recall_at_3_diff1": 0.668359,
        "nauc_recall_at_5_max": 0.433397,
        "nauc_recall_at_5_std": -0.162846,
        "nauc_recall_at_5_diff1": 0.645658,
        "nauc_recall_at_10_max": 0.417097,
        "nauc_recall_at_10_std": -0.158282,
        "nauc_recall_at_10_diff1": 0.632982,
        "nauc_recall_at_20_max": 0.428184,
        "nauc_recall_at_20_std": -0.116193,
        "nauc_recall_at_20_diff1": 0.602,
        "nauc_recall_at_100_max": 0.459762,
        "nauc_recall_at_100_std": 0.035863,
        "nauc_recall_at_100_diff1": 0.5878,
        "nauc_recall_at_1000_max": 0.534074,
        "nauc_recall_at_1000_std": 0.378151,
        "nauc_recall_at_1000_diff1": 0.549146,
        "nauc_precision_at_1_max": 0.408872,
        "nauc_precision_at_1_std": -0.16734,
        "nauc_precision_at_1_diff1": 0.731974,
        "nauc_precision_at_3_max": 0.431704,
        "nauc_precision_at_3_std": -0.17373,
        "nauc_precision_at_3_diff1": 0.668359,
        "nauc_precision_at_5_max": 0.433397,
        "nauc_precision_at_5_std": -0.162846,
        "nauc_precision_at_5_diff1": 0.645658,
        "nauc_precision_at_10_max": 0.417097,
        "nauc_precision_at_10_std": -0.158282,
        "nauc_precision_at_10_diff1": 0.632982,
        "nauc_precision_at_20_max": 0.428184,
        "nauc_precision_at_20_std": -0.116193,
        "nauc_precision_at_20_diff1": 0.602,
        "nauc_precision_at_100_max": 0.459762,
        "nauc_precision_at_100_std": 0.035863,
        "nauc_precision_at_100_diff1": 0.5878,
        "nauc_precision_at_1000_max": 0.534074,
        "nauc_precision_at_1000_std": 0.378151,
        "nauc_precision_at_1000_diff1": 0.549146,
        "nauc_mrr_at_1_max": 0.409927,
        "nauc_mrr_at_1_std": -0.16739,
        "nauc_mrr_at_1_diff1": 0.731974,
        "nauc_mrr_at_3_max": 0.417687,
        "nauc_mrr_at_3_std": -0.170851,
        "nauc_mrr_at_3_diff1": 0.706279,
        "nauc_mrr_at_5_max": 0.417886,
        "nauc_mrr_at_5_std": -0.168765,
        "nauc_mrr_at_5_diff1": 0.703873,
        "nauc_mrr_at_10_max": 0.416326,
        "nauc_mrr_at_10_std": -0.168815,
        "nauc_mrr_at_10_diff1": 0.704267,
        "nauc_mrr_at_20_max": 0.416617,
        "nauc_mrr_at_20_std": -0.167686,
        "nauc_mrr_at_20_diff1": 0.704064,
        "nauc_mrr_at_100_max": 0.416737,
        "nauc_mrr_at_100_std": -0.167221,
        "nauc_mrr_at_100_diff1": 0.704694,
        "nauc_mrr_at_1000_max": 0.41671,
        "nauc_mrr_at_1000_std": -0.167294,
        "nauc_mrr_at_1000_diff1": 0.704759,
        "main_score": 0.72939,
        "hf_subset": "fas",
        "languages": [
          "fas-Arab"
        ]
      }
    ]
  },
  "evaluation_time": 378.00640869140625,
  "kg_co2_emissions": null
}