{
  "dataset_revision": "029a2e69e7d9e68b6bdc471073606104417a5be7",
  "task_name": "CQADupstackEnglishRetrieval-Fa",
  "mteb_version": "1.34.14",
  "scores": {
    "test": [
      {
        "ndcg_at_1": 0.14204,
        "ndcg_at_3": 0.15913,
        "ndcg_at_5": 0.16833,
        "ndcg_at_10": 0.1794,
        "ndcg_at_20": 0.19115,
        "ndcg_at_100": 0.21499,
        "ndcg_at_1000": 0.24417,
        "map_at_1": 0.1154,
        "map_at_3": 0.1421,
        "map_at_5": 0.14844,
        "map_at_10": 0.15343,
        "map_at_20": 0.15685,
        "map_at_100": 0.16026,
        "map_at_1000": 0.16134,
        "recall_at_1": 0.1154,
        "recall_at_3": 0.17061,
        "recall_at_5": 0.19688,
        "recall_at_10": 0.2298,
        "recall_at_20": 0.27325,
        "recall_at_100": 0.38776,
        "recall_at_1000": 0.59327,
        "precision_at_1": 0.14204,
        "precision_at_3": 0.07389,
        "precision_at_5": 0.05185,
        "precision_at_10": 0.03166,
        "precision_at_20": 0.01971,
        "precision_at_100": 0.00631,
        "precision_at_1000": 0.00111,
        "mrr_at_1": 0.142038,
        "mrr_at_3": 0.169214,
        "mrr_at_5": 0.176571,
        "mrr_at_10": 0.182754,
        "mrr_at_20": 0.186238,
        "mrr_at_100": 0.189595,
        "mrr_at_1000": 0.190414,
        "nauc_ndcg_at_1_max": 0.153937,
        "nauc_ndcg_at_1_std": 0.034992,
        "nauc_ndcg_at_1_diff1": 0.417078,
        "nauc_ndcg_at_3_max": 0.115855,
        "nauc_ndcg_at_3_std": 0.042646,
        "nauc_ndcg_at_3_diff1": 0.345785,
        "nauc_ndcg_at_5_max": 0.113061,
        "nauc_ndcg_at_5_std": 0.036737,
        "nauc_ndcg_at_5_diff1": 0.327408,
        "nauc_ndcg_at_10_max": 0.109793,
        "nauc_ndcg_at_10_std": 0.039736,
        "nauc_ndcg_at_10_diff1": 0.315722,
        "nauc_ndcg_at_20_max": 0.104806,
        "nauc_ndcg_at_20_std": 0.045884,
        "nauc_ndcg_at_20_diff1": 0.307934,
        "nauc_ndcg_at_100_max": 0.103146,
        "nauc_ndcg_at_100_std": 0.06039,
        "nauc_ndcg_at_100_diff1": 0.296795,
        "nauc_ndcg_at_1000_max": 0.104295,
        "nauc_ndcg_at_1000_std": 0.070237,
        "nauc_ndcg_at_1000_diff1": 0.296172,
        "nauc_map_at_1_max": 0.131638,
        "nauc_map_at_1_std": -0.005262,
        "nauc_map_at_1_diff1": 0.402164,
        "nauc_map_at_3_max": 0.111342,
        "nauc_map_at_3_std": 0.021277,
        "nauc_map_at_3_diff1": 0.358329,
        "nauc_map_at_5_max": 0.111542,
        "nauc_map_at_5_std": 0.020829,
        "nauc_map_at_5_diff1": 0.347528,
        "nauc_map_at_10_max": 0.111387,
        "nauc_map_at_10_std": 0.023484,
        "nauc_map_at_10_diff1": 0.342826,
        "nauc_map_at_20_max": 0.109933,
        "nauc_map_at_20_std": 0.025938,
        "nauc_map_at_20_diff1": 0.340304,
        "nauc_map_at_100_max": 0.109738,
        "nauc_map_at_100_std": 0.029547,
        "nauc_map_at_100_diff1": 0.338411,
        "nauc_map_at_1000_max": 0.109881,
        "nauc_map_at_1000_std": 0.030574,
        "nauc_map_at_1000_diff1": 0.338257,
        "nauc_recall_at_1_max": 0.131638,
        "nauc_recall_at_1_std": -0.005262,
        "nauc_recall_at_1_diff1": 0.402164,
        "nauc_recall_at_3_max": 0.099228,
        "nauc_recall_at_3_std": 0.045265,
        "nauc_recall_at_3_diff1": 0.310045,
        "nauc_recall_at_5_max": 0.091653,
        "nauc_recall_at_5_std": 0.037377,
        "nauc_recall_at_5_diff1": 0.268681,
        "nauc_recall_at_10_max": 0.084751,
        "nauc_recall_at_10_std": 0.047194,
        "nauc_recall_at_10_diff1": 0.242504,
        "nauc_recall_at_20_max": 0.07024,
        "nauc_recall_at_20_std": 0.062226,
        "nauc_recall_at_20_diff1": 0.222174,
        "nauc_recall_at_100_max": 0.060089,
        "nauc_recall_at_100_std": 0.095599,
        "nauc_recall_at_100_diff1": 0.180725,
        "nauc_recall_at_1000_max": 0.052939,
        "nauc_recall_at_1000_std": 0.142691,
        "nauc_recall_at_1000_diff1": 0.162402,
        "nauc_precision_at_1_max": 0.153937,
        "nauc_precision_at_1_std": 0.034992,
        "nauc_precision_at_1_diff1": 0.417078,
        "nauc_precision_at_3_max": 0.110136,
        "nauc_precision_at_3_std": 0.089732,
        "nauc_precision_at_3_diff1": 0.304897,
        "nauc_precision_at_5_max": 0.118604,
        "nauc_precision_at_5_std": 0.0985,
        "nauc_precision_at_5_diff1": 0.271517,
        "nauc_precision_at_10_max": 0.11211,
        "nauc_precision_at_10_std": 0.124157,
        "nauc_precision_at_10_diff1": 0.224223,
        "nauc_precision_at_20_max": 0.101385,
        "nauc_precision_at_20_std": 0.15977,
        "nauc_precision_at_20_diff1": 0.189436,
        "nauc_precision_at_100_max": 0.083703,
        "nauc_precision_at_100_std": 0.250799,
        "nauc_precision_at_100_diff1": 0.096814,
        "nauc_precision_at_1000_max": 0.049189,
        "nauc_precision_at_1000_std": 0.251214,
        "nauc_precision_at_1000_diff1": 0.00748,
        "nauc_mrr_at_1_max": 0.153937,
        "nauc_mrr_at_1_std": 0.034992,
        "nauc_mrr_at_1_diff1": 0.417078,
        "nauc_mrr_at_3_max": 0.135013,
        "nauc_mrr_at_3_std": 0.052234,
        "nauc_mrr_at_3_diff1": 0.362485,
        "nauc_mrr_at_5_max": 0.133499,
        "nauc_mrr_at_5_std": 0.051613,
        "nauc_mrr_at_5_diff1": 0.351862,
        "nauc_mrr_at_10_max": 0.131538,
        "nauc_mrr_at_10_std": 0.054013,
        "nauc_mrr_at_10_diff1": 0.343773,
        "nauc_mrr_at_20_max": 0.130016,
        "nauc_mrr_at_20_std": 0.05591,
        "nauc_mrr_at_20_diff1": 0.341111,
        "nauc_mrr_at_100_max": 0.128721,
        "nauc_mrr_at_100_std": 0.056705,
        "nauc_mrr_at_100_diff1": 0.33942,
        "nauc_mrr_at_1000_max": 0.128804,
        "nauc_mrr_at_1000_std": 0.056733,
        "nauc_mrr_at_1000_diff1": 0.339562,
        "main_score": 0.1794,
        "hf_subset": "default",
        "languages": [
          "fas-Arab"
        ]
      }
    ]
  },
  "evaluation_time": 81.588463306427,
  "kg_co2_emissions": null
}