{
  "dataset_revision": "c8129741af418d9ae43cfc1fc4f285704e26035f",
  "task_name": "FarsiParaphraseDetection",
  "mteb_version": "1.34.14",
  "scores": {
    "test": [
      {
        "similarity_accuracy": 0.983397,
        "similarity_accuracy_threshold": 0.623523,
        "similarity_f1": 0.980741,
        "similarity_f1_threshold": 0.556742,
        "similarity_precision": 0.973529,
        "similarity_recall": 0.98806,
        "similarity_ap": 0.998759,
        "cosine_accuracy": 0.983397,
        "cosine_accuracy_threshold": 0.623523,
        "cosine_f1": 0.980741,
        "cosine_f1_threshold": 0.556742,
        "cosine_precision": 0.973529,
        "cosine_recall": 0.98806,
        "cosine_ap": 0.998759,
        "manhattan_accuracy": 0.983397,
        "manhattan_accuracy_threshold": 544.064575,
        "manhattan_f1": 0.980684,
        "manhattan_f1_threshold": 556.568726,
        "manhattan_precision": 0.976331,
        "manhattan_recall": 0.985075,
        "manhattan_ap": 0.998685,
        "euclidean_accuracy": 0.983397,
        "euclidean_accuracy_threshold": 23.955307,
        "euclidean_f1": 0.980741,
        "euclidean_f1_threshold": 25.992872,
        "euclidean_precision": 0.973529,
        "euclidean_recall": 0.98806,
        "euclidean_ap": 0.998759,
        "dot_accuracy": 0.983397,
        "dot_accuracy_threshold": 475.212524,
        "dot_f1": 0.980741,
        "dot_f1_threshold": 424.316528,
        "dot_precision": 0.973529,
        "dot_recall": 0.98806,
        "dot_ap": 0.998759,
        "max_accuracy": 0.983397,
        "max_f1": 0.980741,
        "max_precision": 0.976331,
        "max_recall": 0.98806,
        "max_ap": 0.998759,
        "main_score": 0.998759,
        "hf_subset": "default",
        "languages": [
          "fas-Arab"
        ]
      }
    ]
  },
  "evaluation_time": 0.45835041999816895,
  "kg_co2_emissions": null
}