{
  "dataset_revision": "1cafde1306aa56b5dfdce0b14633ae9ee1a63ddb",
  "task_name": "HotpotQA-Fa",
  "mteb_version": "1.34.14",
  "scores": {
    "test": [
      {
        "ndcg_at_1": 0.51398,
        "ndcg_at_3": 0.41999,
        "ndcg_at_5": 0.44438,
        "ndcg_at_10": 0.46694,
        "ndcg_at_20": 0.4829,
        "ndcg_at_100": 0.50774,
        "ndcg_at_1000": 0.52893,
        "map_at_1": 0.25699,
        "map_at_3": 0.35993,
        "map_at_5": 0.37697,
        "map_at_10": 0.38866,
        "map_at_20": 0.39414,
        "map_at_100": 0.39849,
        "map_at_1000": 0.39944,
        "recall_at_1": 0.25699,
        "recall_at_3": 0.40128,
        "recall_at_5": 0.44949,
        "recall_at_10": 0.50648,
        "recall_at_20": 0.55793,
        "recall_at_100": 0.6684,
        "recall_at_1000": 0.80959,
        "precision_at_1": 0.51398,
        "precision_at_3": 0.26752,
        "precision_at_5": 0.1798,
        "precision_at_10": 0.1013,
        "precision_at_20": 0.05579,
        "precision_at_100": 0.01337,
        "precision_at_1000": 0.00162,
        "mrr_at_1": 0.513977,
        "mrr_at_3": 0.568467,
        "mrr_at_5": 0.578609,
        "mrr_at_10": 0.585515,
        "mrr_at_20": 0.588857,
        "mrr_at_100": 0.591006,
        "mrr_at_1000": 0.591379,
        "nauc_ndcg_at_1_max": 0.177708,
        "nauc_ndcg_at_1_std": 0.079638,
        "nauc_ndcg_at_1_diff1": 0.680056,
        "nauc_ndcg_at_3_max": 0.119235,
        "nauc_ndcg_at_3_std": 0.111605,
        "nauc_ndcg_at_3_diff1": 0.517054,
        "nauc_ndcg_at_5_max": 0.106823,
        "nauc_ndcg_at_5_std": 0.120113,
        "nauc_ndcg_at_5_diff1": 0.506171,
        "nauc_ndcg_at_10_max": 0.099768,
        "nauc_ndcg_at_10_std": 0.135422,
        "nauc_ndcg_at_10_diff1": 0.502192,
        "nauc_ndcg_at_20_max": 0.099302,
        "nauc_ndcg_at_20_std": 0.145478,
        "nauc_ndcg_at_20_diff1": 0.500617,
        "nauc_ndcg_at_100_max": 0.094929,
        "nauc_ndcg_at_100_std": 0.157844,
        "nauc_ndcg_at_100_diff1": 0.50239,
        "nauc_ndcg_at_1000_max": 0.097116,
        "nauc_ndcg_at_1000_std": 0.162371,
        "nauc_ndcg_at_1000_diff1": 0.505317,
        "nauc_map_at_1_max": 0.177708,
        "nauc_map_at_1_std": 0.079638,
        "nauc_map_at_1_diff1": 0.680056,
        "nauc_map_at_3_max": 0.10997,
        "nauc_map_at_3_std": 0.106111,
        "nauc_map_at_3_diff1": 0.481838,
        "nauc_map_at_5_max": 0.100905,
        "nauc_map_at_5_std": 0.112715,
        "nauc_map_at_5_diff1": 0.475325,
        "nauc_map_at_10_max": 0.09744,
        "nauc_map_at_10_std": 0.120995,
        "nauc_map_at_10_diff1": 0.474423,
        "nauc_map_at_20_max": 0.097553,
        "nauc_map_at_20_std": 0.124502,
        "nauc_map_at_20_diff1": 0.474453,
        "nauc_map_at_100_max": 0.096515,
        "nauc_map_at_100_std": 0.126736,
        "nauc_map_at_100_diff1": 0.475085,
        "nauc_map_at_1000_max": 0.096584,
        "nauc_map_at_1000_std": 0.127015,
        "nauc_map_at_1000_diff1": 0.475194,
        "nauc_recall_at_1_max": 0.177708,
        "nauc_recall_at_1_std": 0.079638,
        "nauc_recall_at_1_diff1": 0.680056,
        "nauc_recall_at_3_max": 0.092219,
        "nauc_recall_at_3_std": 0.124982,
        "nauc_recall_at_3_diff1": 0.44101,
        "nauc_recall_at_5_max": 0.06665,
        "nauc_recall_at_5_std": 0.139432,
        "nauc_recall_at_5_diff1": 0.413553,
        "nauc_recall_at_10_max": 0.04577,
        "nauc_recall_at_10_std": 0.173871,
        "nauc_recall_at_10_diff1": 0.386836,
        "nauc_recall_at_20_max": 0.040397,
        "nauc_recall_at_20_std": 0.205481,
        "nauc_recall_at_20_diff1": 0.368533,
        "nauc_recall_at_100_max": 0.008731,
        "nauc_recall_at_100_std": 0.270012,
        "nauc_recall_at_100_diff1": 0.336689,
        "nauc_recall_at_1000_max": -0.005593,
        "nauc_recall_at_1000_std": 0.36909,
        "nauc_recall_at_1000_diff1": 0.288841,
        "nauc_precision_at_1_max": 0.177708,
        "nauc_precision_at_1_std": 0.079638,
        "nauc_precision_at_1_diff1": 0.680056,
        "nauc_precision_at_3_max": 0.092219,
        "nauc_precision_at_3_std": 0.124982,
        "nauc_precision_at_3_diff1": 0.44101,
        "nauc_precision_at_5_max": 0.06665,
        "nauc_precision_at_5_std": 0.139432,
        "nauc_precision_at_5_diff1": 0.413553,
        "nauc_precision_at_10_max": 0.04577,
        "nauc_precision_at_10_std": 0.173871,
        "nauc_precision_at_10_diff1": 0.386836,
        "nauc_precision_at_20_max": 0.040397,
        "nauc_precision_at_20_std": 0.205481,
        "nauc_precision_at_20_diff1": 0.368533,
        "nauc_precision_at_100_max": 0.008731,
        "nauc_precision_at_100_std": 0.270012,
        "nauc_precision_at_100_diff1": 0.336689,
        "nauc_precision_at_1000_max": -0.005593,
        "nauc_precision_at_1000_std": 0.36909,
        "nauc_precision_at_1000_diff1": 0.288841,
        "nauc_mrr_at_1_max": 0.177708,
        "nauc_mrr_at_1_std": 0.079638,
        "nauc_mrr_at_1_diff1": 0.680056,
        "nauc_mrr_at_3_max": 0.16384,
        "nauc_mrr_at_3_std": 0.102839,
        "nauc_mrr_at_3_diff1": 0.65419,
        "nauc_mrr_at_5_max": 0.160812,
        "nauc_mrr_at_5_std": 0.105311,
        "nauc_mrr_at_5_diff1": 0.652497,
        "nauc_mrr_at_10_max": 0.159092,
        "nauc_mrr_at_10_std": 0.108854,
        "nauc_mrr_at_10_diff1": 0.651662,
        "nauc_mrr_at_20_max": 0.15908,
        "nauc_mrr_at_20_std": 0.110223,
        "nauc_mrr_at_20_diff1": 0.651346,
        "nauc_mrr_at_100_max": 0.159064,
        "nauc_mrr_at_100_std": 0.110301,
        "nauc_mrr_at_100_diff1": 0.651546,
        "nauc_mrr_at_1000_max": 0.159057,
        "nauc_mrr_at_1000_std": 0.110171,
        "nauc_mrr_at_1000_diff1": 0.651592,
        "main_score": 0.46694,
        "hf_subset": "default",
        "languages": [
          "fas-Arab"
        ]
      }
    ]
  },
  "evaluation_time": 8082.98468208313,
  "kg_co2_emissions": null
}