{
  "dataset_revision": "d4ea898b644c8d5f608b60947cb637bebbf1ac66",
  "task_name": "NQ-Fa",
  "mteb_version": "1.34.14",
  "scores": {
    "test": [
      {
        "ndcg_at_1": 0.17294,
        "ndcg_at_3": 0.22679,
        "ndcg_at_5": 0.25858,
        "ndcg_at_10": 0.29327,
        "ndcg_at_20": 0.31593,
        "ndcg_at_100": 0.34886,
        "ndcg_at_1000": 0.36848,
        "map_at_1": 0.14977,
        "map_at_3": 0.20374,
        "map_at_5": 0.22236,
        "map_at_10": 0.23749,
        "map_at_20": 0.24421,
        "map_at_100": 0.24924,
        "map_at_1000": 0.24998,
        "recall_at_1": 0.14977,
        "recall_at_3": 0.26823,
        "recall_at_5": 0.34198,
        "recall_at_10": 0.4444,
        "recall_at_20": 0.52962,
        "recall_at_100": 0.69687,
        "recall_at_1000": 0.84644,
        "precision_at_1": 0.17294,
        "precision_at_3": 0.10545,
        "precision_at_5": 0.0814,
        "precision_at_10": 0.05307,
        "precision_at_20": 0.03172,
        "precision_at_100": 0.00841,
        "precision_at_1000": 0.00103,
        "mrr_at_1": 0.172943,
        "mrr_at_3": 0.229577,
        "mrr_at_5": 0.246582,
        "mrr_at_10": 0.260273,
        "mrr_at_20": 0.266014,
        "mrr_at_100": 0.270269,
        "mrr_at_1000": 0.270865,
        "nauc_ndcg_at_1_max": 0.25999,
        "nauc_ndcg_at_1_std": 0.078854,
        "nauc_ndcg_at_1_diff1": 0.287385,
        "nauc_ndcg_at_3_max": 0.250415,
        "nauc_ndcg_at_3_std": 0.0621,
        "nauc_ndcg_at_3_diff1": 0.242468,
        "nauc_ndcg_at_5_max": 0.269104,
        "nauc_ndcg_at_5_std": 0.08703,
        "nauc_ndcg_at_5_diff1": 0.233612,
        "nauc_ndcg_at_10_max": 0.297635,
        "nauc_ndcg_at_10_std": 0.119043,
        "nauc_ndcg_at_10_diff1": 0.23052,
        "nauc_ndcg_at_20_max": 0.313028,
        "nauc_ndcg_at_20_std": 0.143142,
        "nauc_ndcg_at_20_diff1": 0.230585,
        "nauc_ndcg_at_100_max": 0.32937,
        "nauc_ndcg_at_100_std": 0.177692,
        "nauc_ndcg_at_100_diff1": 0.234376,
        "nauc_ndcg_at_1000_max": 0.322024,
        "nauc_ndcg_at_1000_std": 0.171067,
        "nauc_ndcg_at_1000_diff1": 0.237833,
        "nauc_map_at_1_max": 0.238465,
        "nauc_map_at_1_std": 0.058475,
        "nauc_map_at_1_diff1": 0.293179,
        "nauc_map_at_3_max": 0.246452,
        "nauc_map_at_3_std": 0.059177,
        "nauc_map_at_3_diff1": 0.25347,
        "nauc_map_at_5_max": 0.258667,
        "nauc_map_at_5_std": 0.074798,
        "nauc_map_at_5_diff1": 0.246852,
        "nauc_map_at_10_max": 0.272824,
        "nauc_map_at_10_std": 0.090146,
        "nauc_map_at_10_diff1": 0.245337,
        "nauc_map_at_20_max": 0.27776,
        "nauc_map_at_20_std": 0.097734,
        "nauc_map_at_20_diff1": 0.245499,
        "nauc_map_at_100_max": 0.280225,
        "nauc_map_at_100_std": 0.103153,
        "nauc_map_at_100_diff1": 0.245927,
        "nauc_map_at_1000_max": 0.279953,
        "nauc_map_at_1000_std": 0.102951,
        "nauc_map_at_1000_diff1": 0.24605,
        "nauc_recall_at_1_max": 0.238465,
        "nauc_recall_at_1_std": 0.058475,
        "nauc_recall_at_1_diff1": 0.293179,
        "nauc_recall_at_3_max": 0.241943,
        "nauc_recall_at_3_std": 0.052374,
        "nauc_recall_at_3_diff1": 0.214399,
        "nauc_recall_at_5_max": 0.274227,
        "nauc_recall_at_5_std": 0.099989,
        "nauc_recall_at_5_diff1": 0.194893,
        "nauc_recall_at_10_max": 0.343012,
        "nauc_recall_at_10_std": 0.177662,
        "nauc_recall_at_10_diff1": 0.186664,
        "nauc_recall_at_20_max": 0.395694,
        "nauc_recall_at_20_std": 0.25937,
        "nauc_recall_at_20_diff1": 0.185064,
        "nauc_recall_at_100_max": 0.516388,
        "nauc_recall_at_100_std": 0.48527,
        "nauc_recall_at_100_diff1": 0.198162,
        "nauc_recall_at_1000_max": 0.562051,
        "nauc_recall_at_1000_std": 0.620553,
        "nauc_recall_at_1000_diff1": 0.232648,
        "nauc_precision_at_1_max": 0.25999,
        "nauc_precision_at_1_std": 0.078854,
        "nauc_precision_at_1_diff1": 0.287385,
        "nauc_precision_at_3_max": 0.276884,
        "nauc_precision_at_3_std": 0.082969,
        "nauc_precision_at_3_diff1": 0.20641,
        "nauc_precision_at_5_max": 0.307261,
        "nauc_precision_at_5_std": 0.134226,
        "nauc_precision_at_5_diff1": 0.182218,
        "nauc_precision_at_10_max": 0.362873,
        "nauc_precision_at_10_std": 0.210535,
        "nauc_precision_at_10_diff1": 0.168805,
        "nauc_precision_at_20_max": 0.388101,
        "nauc_precision_at_20_std": 0.274649,
        "nauc_precision_at_20_diff1": 0.154492,
        "nauc_precision_at_100_max": 0.411516,
        "nauc_precision_at_100_std": 0.401086,
        "nauc_precision_at_100_diff1": 0.126812,
        "nauc_precision_at_1000_max": 0.314373,
        "nauc_precision_at_1000_std": 0.356971,
        "nauc_precision_at_1000_diff1": 0.087281,
        "nauc_mrr_at_1_max": 0.25999,
        "nauc_mrr_at_1_std": 0.078854,
        "nauc_mrr_at_1_diff1": 0.287385,
        "nauc_mrr_at_3_max": 0.259296,
        "nauc_mrr_at_3_std": 0.076282,
        "nauc_mrr_at_3_diff1": 0.249206,
        "nauc_mrr_at_5_max": 0.268449,
        "nauc_mrr_at_5_std": 0.089501,
        "nauc_mrr_at_5_diff1": 0.245319,
        "nauc_mrr_at_10_max": 0.278344,
        "nauc_mrr_at_10_std": 0.101598,
        "nauc_mrr_at_10_diff1": 0.243645,
        "nauc_mrr_at_20_max": 0.28191,
        "nauc_mrr_at_20_std": 0.107247,
        "nauc_mrr_at_20_diff1": 0.243695,
        "nauc_mrr_at_100_max": 0.283097,
        "nauc_mrr_at_100_std": 0.110727,
        "nauc_mrr_at_100_diff1": 0.244407,
        "nauc_mrr_at_1000_max": 0.282841,
        "nauc_mrr_at_1000_std": 0.110433,
        "nauc_mrr_at_1000_diff1": 0.244501,
        "main_score": 0.29327,
        "hf_subset": "default",
        "languages": [
          "fas-Arab"
        ]
      }
    ]
  },
  "evaluation_time": 6074.443010568619,
  "kg_co2_emissions": null
}