{
  "dataset_revision": "086995ca4cea33f37a407c2fa5282f74913740ee",
  "task_name": "SynPerChatbotTopicsRetrieval",
  "mteb_version": "1.34.14",
  "scores": {
    "test": [
      {
        "ndcg_at_1": 0.51334,
        "ndcg_at_3": 0.38975,
        "ndcg_at_5": 0.43679,
        "ndcg_at_10": 0.50971,
        "ndcg_at_20": 0.56273,
        "ndcg_at_100": 0.61146,
        "ndcg_at_1000": 0.6242,
        "map_at_1": 0.16209,
        "map_at_3": 0.27054,
        "map_at_5": 0.31533,
        "map_at_10": 0.36123,
        "map_at_20": 0.38732,
        "map_at_100": 0.40156,
        "map_at_1000": 0.40262,
        "recall_at_1": 0.16209,
        "recall_at_3": 0.33487,
        "recall_at_5": 0.44053,
        "recall_at_10": 0.59744,
        "recall_at_20": 0.74199,
        "recall_at_100": 0.9197,
        "recall_at_1000": 0.98903,
        "precision_at_1": 0.51334,
        "precision_at_3": 0.3535,
        "precision_at_5": 0.27977,
        "precision_at_10": 0.19031,
        "precision_at_20": 0.11858,
        "precision_at_100": 0.02942,
        "precision_at_1000": 0.00316,
        "mrr_at_1": 0.513988,
        "mrr_at_3": 0.640967,
        "mrr_at_5": 0.661592,
        "mrr_at_10": 0.672076,
        "mrr_at_20": 0.673947,
        "mrr_at_100": 0.674236,
        "mrr_at_1000": 0.674246,
        "nauc_ndcg_at_1_max": 0.157142,
        "nauc_ndcg_at_1_std": -0.071074,
        "nauc_ndcg_at_1_diff1": 0.336986,
        "nauc_ndcg_at_3_max": 0.149174,
        "nauc_ndcg_at_3_std": -0.102324,
        "nauc_ndcg_at_3_diff1": 0.256947,
        "nauc_ndcg_at_5_max": 0.15417,
        "nauc_ndcg_at_5_std": -0.089306,
        "nauc_ndcg_at_5_diff1": 0.260103,
        "nauc_ndcg_at_10_max": 0.151616,
        "nauc_ndcg_at_10_std": -0.064775,
        "nauc_ndcg_at_10_diff1": 0.241909,
        "nauc_ndcg_at_20_max": 0.146535,
        "nauc_ndcg_at_20_std": -0.053236,
        "nauc_ndcg_at_20_diff1": 0.247382,
        "nauc_ndcg_at_100_max": 0.163174,
        "nauc_ndcg_at_100_std": -0.040289,
        "nauc_ndcg_at_100_diff1": 0.259454,
        "nauc_ndcg_at_1000_max": 0.160964,
        "nauc_ndcg_at_1000_std": -0.056687,
        "nauc_ndcg_at_1000_diff1": 0.267701,
        "nauc_map_at_1_max": 0.167251,
        "nauc_map_at_1_std": -0.064673,
        "nauc_map_at_1_diff1": 0.311617,
        "nauc_map_at_3_max": 0.153643,
        "nauc_map_at_3_std": -0.100036,
        "nauc_map_at_3_diff1": 0.254945,
        "nauc_map_at_5_max": 0.139876,
        "nauc_map_at_5_std": -0.090381,
        "nauc_map_at_5_diff1": 0.256093,
        "nauc_map_at_10_max": 0.14246,
        "nauc_map_at_10_std": -0.075575,
        "nauc_map_at_10_diff1": 0.244355,
        "nauc_map_at_20_max": 0.139854,
        "nauc_map_at_20_std": -0.069195,
        "nauc_map_at_20_diff1": 0.246479,
        "nauc_map_at_100_max": 0.143546,
        "nauc_map_at_100_std": -0.063859,
        "nauc_map_at_100_diff1": 0.248416,
        "nauc_map_at_1000_max": 0.143267,
        "nauc_map_at_1000_std": -0.064663,
        "nauc_map_at_1000_diff1": 0.24891,
        "nauc_recall_at_1_max": 0.167251,
        "nauc_recall_at_1_std": -0.064673,
        "nauc_recall_at_1_diff1": 0.311617,
        "nauc_recall_at_3_max": 0.152927,
        "nauc_recall_at_3_std": -0.111621,
        "nauc_recall_at_3_diff1": 0.200158,
        "nauc_recall_at_5_max": 0.121399,
        "nauc_recall_at_5_std": -0.071455,
        "nauc_recall_at_5_diff1": 0.179267,
        "nauc_recall_at_10_max": 0.09814,
        "nauc_recall_at_10_std": -0.00431,
        "nauc_recall_at_10_diff1": 0.10187,
        "nauc_recall_at_20_max": 0.07435,
        "nauc_recall_at_20_std": 0.036293,
        "nauc_recall_at_20_diff1": 0.086512,
        "nauc_recall_at_100_max": 0.154693,
        "nauc_recall_at_100_std": 0.20888,
        "nauc_recall_at_100_diff1": 0.056891,
        "nauc_recall_at_1000_max": 0.355797,
        "nauc_recall_at_1000_std": 0.273903,
        "nauc_recall_at_1000_diff1": 0.113727,
        "nauc_precision_at_1_max": 0.157142,
        "nauc_precision_at_1_std": -0.071074,
        "nauc_precision_at_1_diff1": 0.336986,
        "nauc_precision_at_3_max": 0.130615,
        "nauc_precision_at_3_std": -0.113311,
        "nauc_precision_at_3_diff1": 0.202911,
        "nauc_precision_at_5_max": 0.08394,
        "nauc_precision_at_5_std": -0.073121,
        "nauc_precision_at_5_diff1": 0.17895,
        "nauc_precision_at_10_max": 0.045288,
        "nauc_precision_at_10_std": -0.004911,
        "nauc_precision_at_10_diff1": 0.097953,
        "nauc_precision_at_20_max": -0.000507,
        "nauc_precision_at_20_std": 0.032435,
        "nauc_precision_at_20_diff1": 0.071653,
        "nauc_precision_at_100_max": -0.019937,
        "nauc_precision_at_100_std": 0.113296,
        "nauc_precision_at_100_diff1": 0.025514,
        "nauc_precision_at_1000_max": -0.096601,
        "nauc_precision_at_1000_std": 0.035994,
        "nauc_precision_at_1000_diff1": 0.013169,
        "nauc_mrr_at_1_max": 0.155365,
        "nauc_mrr_at_1_std": -0.072759,
        "nauc_mrr_at_1_diff1": 0.335329,
        "nauc_mrr_at_3_max": 0.194663,
        "nauc_mrr_at_3_std": -0.090057,
        "nauc_mrr_at_3_diff1": 0.313078,
        "nauc_mrr_at_5_max": 0.193323,
        "nauc_mrr_at_5_std": -0.088205,
        "nauc_mrr_at_5_diff1": 0.315865,
        "nauc_mrr_at_10_max": 0.187882,
        "nauc_mrr_at_10_std": -0.085715,
        "nauc_mrr_at_10_diff1": 0.319093,
        "nauc_mrr_at_20_max": 0.187226,
        "nauc_mrr_at_20_std": -0.084766,
        "nauc_mrr_at_20_diff1": 0.320183,
        "nauc_mrr_at_100_max": 0.186834,
        "nauc_mrr_at_100_std": -0.084993,
        "nauc_mrr_at_100_diff1": 0.3199,
        "nauc_mrr_at_1000_max": 0.186832,
        "nauc_mrr_at_1000_std": -0.085031,
        "nauc_mrr_at_1000_diff1": 0.319914,
        "main_score": 0.50971,
        "hf_subset": "default",
        "languages": [
          "fas-Arab"
        ]
      }
    ]
  },
  "evaluation_time": 13.304852962493896,
  "kg_co2_emissions": null
}