{
  "dataset_revision": "d1b62ef31bebbb48ae01867993a1e583c2ce7d93",
  "task_name": "SynPerQAPC",
  "mteb_version": "1.34.14",
  "scores": {
    "test": [
      {
        "similarity_accuracy": 0.938814,
        "similarity_accuracy_threshold": 0.629341,
        "similarity_f1": 0.939112,
        "similarity_f1_threshold": 0.625965,
        "similarity_precision": 0.932661,
        "similarity_recall": 0.945652,
        "similarity_ap": 0.976482,
        "cosine_accuracy": 0.938814,
        "cosine_accuracy_threshold": 0.629341,
        "cosine_f1": 0.939112,
        "cosine_f1_threshold": 0.625965,
        "cosine_precision": 0.932661,
        "cosine_recall": 0.945652,
        "cosine_ap": 0.976482,
        "manhattan_accuracy": 0.939048,
        "manhattan_accuracy_threshold": 514.544189,
        "manhattan_f1": 0.939155,
        "manhattan_f1_threshold": 517.680298,
        "manhattan_precision": 0.935849,
        "manhattan_recall": 0.942485,
        "manhattan_ap": 0.976476,
        "euclidean_accuracy": 0.938814,
        "euclidean_accuracy_threshold": 23.76956,
        "euclidean_f1": 0.939112,
        "euclidean_f1_threshold": 23.87751,
        "euclidean_precision": 0.932661,
        "euclidean_recall": 0.945652,
        "euclidean_ap": 0.976482,
        "dot_accuracy": 0.938814,
        "dot_accuracy_threshold": 479.64859,
        "dot_f1": 0.939112,
        "dot_f1_threshold": 477.074158,
        "dot_precision": 0.932661,
        "dot_recall": 0.945652,
        "dot_ap": 0.976482,
        "max_accuracy": 0.939048,
        "max_f1": 0.939155,
        "max_precision": 0.935849,
        "max_recall": 0.945652,
        "max_ap": 0.976482,
        "main_score": 0.976482,
        "hf_subset": "default",
        "languages": [
          "fas-Arab"
        ]
      }
    ]
  },
  "evaluation_time": 84.91105365753174,
  "kg_co2_emissions": null
}