{
  "dataset_revision": "da8f36a723da155738f5e3d8d84d543589bd5083",
  "task_name": "SynPerChatbotRAGTopicsRetrieval",
  "mteb_version": "1.34.14",
  "scores": {
    "test": [
      {
        "ndcg_at_1": 0.4977,
        "ndcg_at_3": 0.38879,
        "ndcg_at_5": 0.43607,
        "ndcg_at_10": 0.50883,
        "ndcg_at_20": 0.56051,
        "ndcg_at_100": 0.61166,
        "ndcg_at_1000": 0.6246,
        "map_at_1": 0.15707,
        "map_at_3": 0.27042,
        "map_at_5": 0.31854,
        "map_at_10": 0.36475,
        "map_at_20": 0.39063,
        "map_at_100": 0.40526,
        "map_at_1000": 0.40638,
        "recall_at_1": 0.15707,
        "recall_at_3": 0.33373,
        "recall_at_5": 0.44247,
        "recall_at_10": 0.5971,
        "recall_at_20": 0.73787,
        "recall_at_100": 0.92432,
        "recall_at_1000": 0.99345,
        "precision_at_1": 0.4977,
        "precision_at_3": 0.35449,
        "precision_at_5": 0.2828,
        "precision_at_10": 0.19172,
        "precision_at_20": 0.11863,
        "precision_at_100": 0.02978,
        "precision_at_1000": 0.0032,
        "mrr_at_1": 0.4977,
        "mrr_at_3": 0.624348,
        "mrr_at_5": 0.645278,
        "mrr_at_10": 0.656044,
        "mrr_at_20": 0.658227,
        "mrr_at_100": 0.658881,
        "mrr_at_1000": 0.658888,
        "nauc_ndcg_at_1_max": 0.175597,
        "nauc_ndcg_at_1_std": -0.11706,
        "nauc_ndcg_at_1_diff1": 0.308484,
        "nauc_ndcg_at_3_max": 0.151954,
        "nauc_ndcg_at_3_std": -0.090641,
        "nauc_ndcg_at_3_diff1": 0.213797,
        "nauc_ndcg_at_5_max": 0.170391,
        "nauc_ndcg_at_5_std": -0.099766,
        "nauc_ndcg_at_5_diff1": 0.201897,
        "nauc_ndcg_at_10_max": 0.177306,
        "nauc_ndcg_at_10_std": -0.080113,
        "nauc_ndcg_at_10_diff1": 0.194085,
        "nauc_ndcg_at_20_max": 0.178724,
        "nauc_ndcg_at_20_std": -0.053319,
        "nauc_ndcg_at_20_diff1": 0.176697,
        "nauc_ndcg_at_100_max": 0.174183,
        "nauc_ndcg_at_100_std": -0.039606,
        "nauc_ndcg_at_100_diff1": 0.200521,
        "nauc_ndcg_at_1000_max": 0.170367,
        "nauc_ndcg_at_1000_std": -0.062614,
        "nauc_ndcg_at_1000_diff1": 0.20566,
        "nauc_map_at_1_max": 0.205514,
        "nauc_map_at_1_std": -0.103525,
        "nauc_map_at_1_diff1": 0.294631,
        "nauc_map_at_3_max": 0.16616,
        "nauc_map_at_3_std": -0.095538,
        "nauc_map_at_3_diff1": 0.201678,
        "nauc_map_at_5_max": 0.161675,
        "nauc_map_at_5_std": -0.098564,
        "nauc_map_at_5_diff1": 0.191013,
        "nauc_map_at_10_max": 0.165749,
        "nauc_map_at_10_std": -0.092541,
        "nauc_map_at_10_diff1": 0.186109,
        "nauc_map_at_20_max": 0.165479,
        "nauc_map_at_20_std": -0.079648,
        "nauc_map_at_20_diff1": 0.17533,
        "nauc_map_at_100_max": 0.163105,
        "nauc_map_at_100_std": -0.073647,
        "nauc_map_at_100_diff1": 0.179436,
        "nauc_map_at_1000_max": 0.162887,
        "nauc_map_at_1000_std": -0.075214,
        "nauc_map_at_1000_diff1": 0.179926,
        "nauc_recall_at_1_max": 0.205514,
        "nauc_recall_at_1_std": -0.103525,
        "nauc_recall_at_1_diff1": 0.294631,
        "nauc_recall_at_3_max": 0.182772,
        "nauc_recall_at_3_std": -0.071239,
        "nauc_recall_at_3_diff1": 0.161401,
        "nauc_recall_at_5_max": 0.150211,
        "nauc_recall_at_5_std": -0.082903,
        "nauc_recall_at_5_diff1": 0.125346,
        "nauc_recall_at_10_max": 0.150502,
        "nauc_recall_at_10_std": -0.024808,
        "nauc_recall_at_10_diff1": 0.086904,
        "nauc_recall_at_20_max": 0.153079,
        "nauc_recall_at_20_std": 0.062452,
        "nauc_recall_at_20_diff1": 0.019845,
        "nauc_recall_at_100_max": 0.167029,
        "nauc_recall_at_100_std": 0.316342,
        "nauc_recall_at_100_diff1": 0.058795,
        "nauc_recall_at_1000_max": 0.217307,
        "nauc_recall_at_1000_std": 0.678875,
        "nauc_recall_at_1000_diff1": -0.041962,
        "nauc_precision_at_1_max": 0.175597,
        "nauc_precision_at_1_std": -0.11706,
        "nauc_precision_at_1_diff1": 0.308484,
        "nauc_precision_at_3_max": 0.126777,
        "nauc_precision_at_3_std": -0.076547,
        "nauc_precision_at_3_diff1": 0.155715,
        "nauc_precision_at_5_max": 0.080331,
        "nauc_precision_at_5_std": -0.083302,
        "nauc_precision_at_5_diff1": 0.107826,
        "nauc_precision_at_10_max": 0.048352,
        "nauc_precision_at_10_std": -0.027783,
        "nauc_precision_at_10_diff1": 0.062582,
        "nauc_precision_at_20_max": 0.007461,
        "nauc_precision_at_20_std": 0.044674,
        "nauc_precision_at_20_diff1": -0.009093,
        "nauc_precision_at_100_max": -0.13554,
        "nauc_precision_at_100_std": 0.133879,
        "nauc_precision_at_100_diff1": -0.013939,
        "nauc_precision_at_1000_max": -0.276247,
        "nauc_precision_at_1000_std": 0.02482,
        "nauc_precision_at_1000_diff1": -0.064984,
        "nauc_mrr_at_1_max": 0.174642,
        "nauc_mrr_at_1_std": -0.11706,
        "nauc_mrr_at_1_diff1": 0.308484,
        "nauc_mrr_at_3_max": 0.206164,
        "nauc_mrr_at_3_std": -0.094444,
        "nauc_mrr_at_3_diff1": 0.294314,
        "nauc_mrr_at_5_max": 0.196378,
        "nauc_mrr_at_5_std": -0.10593,
        "nauc_mrr_at_5_diff1": 0.295398,
        "nauc_mrr_at_10_max": 0.198565,
        "nauc_mrr_at_10_std": -0.102518,
        "nauc_mrr_at_10_diff1": 0.296097,
        "nauc_mrr_at_20_max": 0.197033,
        "nauc_mrr_at_20_std": -0.100615,
        "nauc_mrr_at_20_diff1": 0.296296,
        "nauc_mrr_at_100_max": 0.197259,
        "nauc_mrr_at_100_std": -0.101869,
        "nauc_mrr_at_100_diff1": 0.296792,
        "nauc_mrr_at_1000_max": 0.197249,
        "nauc_mrr_at_1000_std": -0.101897,
        "nauc_mrr_at_1000_diff1": 0.29678,
        "main_score": 0.50883,
        "hf_subset": "default",
        "languages": [
          "fas-Arab"
        ]
      }
    ]
  },
  "evaluation_time": 8.985043048858643,
  "kg_co2_emissions": null
}