{
  "dataset_revision": "0f464636f91641cc6ef6f6f8f249c73f4a609982",
  "task_name": "Touche2020-Fa",
  "mteb_version": "1.34.14",
  "scores": {
    "test": [
      {
        "ndcg_at_1": 0.15306,
        "ndcg_at_3": 0.14357,
        "ndcg_at_5": 0.15481,
        "ndcg_at_10": 0.16902,
        "ndcg_at_20": 0.18874,
        "ndcg_at_100": 0.28348,
        "ndcg_at_1000": 0.39547,
        "map_at_1": 0.01421,
        "map_at_3": 0.03074,
        "map_at_5": 0.04432,
        "map_at_10": 0.06618,
        "map_at_20": 0.08547,
        "map_at_100": 0.1109,
        "map_at_1000": 0.12327,
        "recall_at_1": 0.01421,
        "recall_at_3": 0.03629,
        "recall_at_5": 0.06622,
        "recall_at_10": 0.12635,
        "recall_at_20": 0.19253,
        "recall_at_100": 0.39163,
        "recall_at_1000": 0.73783,
        "precision_at_1": 0.18367,
        "precision_at_3": 0.15646,
        "precision_at_5": 0.16735,
        "precision_at_10": 0.16327,
        "precision_at_20": 0.13265,
        "precision_at_100": 0.06286,
        "precision_at_1000": 0.01347,
        "mrr_at_1": 0.183673,
        "mrr_at_3": 0.248299,
        "mrr_at_5": 0.293197,
        "mrr_at_10": 0.317736,
        "mrr_at_20": 0.323819,
        "mrr_at_100": 0.32766,
        "mrr_at_1000": 0.328146,
        "nauc_ndcg_at_1_max": -0.166208,
        "nauc_ndcg_at_1_std": -0.256499,
        "nauc_ndcg_at_1_diff1": 0.199642,
        "nauc_ndcg_at_3_max": -0.002305,
        "nauc_ndcg_at_3_std": -0.30367,
        "nauc_ndcg_at_3_diff1": 0.322824,
        "nauc_ndcg_at_5_max": -0.076175,
        "nauc_ndcg_at_5_std": -0.348383,
        "nauc_ndcg_at_5_diff1": 0.290846,
        "nauc_ndcg_at_10_max": -0.181779,
        "nauc_ndcg_at_10_std": -0.387936,
        "nauc_ndcg_at_10_diff1": 0.259676,
        "nauc_ndcg_at_20_max": -0.079429,
        "nauc_ndcg_at_20_std": -0.30786,
        "nauc_ndcg_at_20_diff1": 0.257544,
        "nauc_ndcg_at_100_max": -0.043209,
        "nauc_ndcg_at_100_std": -0.114417,
        "nauc_ndcg_at_100_diff1": 0.282525,
        "nauc_ndcg_at_1000_max": 0.015632,
        "nauc_ndcg_at_1000_std": 0.152434,
        "nauc_ndcg_at_1000_diff1": 0.227904,
        "nauc_map_at_1_max": -0.044691,
        "nauc_map_at_1_std": -0.321626,
        "nauc_map_at_1_diff1": 0.247433,
        "nauc_map_at_3_max": 0.153195,
        "nauc_map_at_3_std": -0.35983,
        "nauc_map_at_3_diff1": 0.468093,
        "nauc_map_at_5_max": 0.117066,
        "nauc_map_at_5_std": -0.378874,
        "nauc_map_at_5_diff1": 0.442933,
        "nauc_map_at_10_max": 0.004789,
        "nauc_map_at_10_std": -0.389473,
        "nauc_map_at_10_diff1": 0.374519,
        "nauc_map_at_20_max": 0.067182,
        "nauc_map_at_20_std": -0.333005,
        "nauc_map_at_20_diff1": 0.355108,
        "nauc_map_at_100_max": 0.09564,
        "nauc_map_at_100_std": -0.235323,
        "nauc_map_at_100_diff1": 0.371525,
        "nauc_map_at_1000_max": 0.106972,
        "nauc_map_at_1000_std": -0.191023,
        "nauc_map_at_1000_diff1": 0.37286,
        "nauc_recall_at_1_max": -0.044691,
        "nauc_recall_at_1_std": -0.321626,
        "nauc_recall_at_1_diff1": 0.247433,
        "nauc_recall_at_3_max": 0.092027,
        "nauc_recall_at_3_std": -0.371069,
        "nauc_recall_at_3_diff1": 0.445206,
        "nauc_recall_at_5_max": -0.039484,
        "nauc_recall_at_5_std": -0.399576,
        "nauc_recall_at_5_diff1": 0.324823,
        "nauc_recall_at_10_max": -0.187663,
        "nauc_recall_at_10_std": -0.388856,
        "nauc_recall_at_10_diff1": 0.224197,
        "nauc_recall_at_20_max": -0.056511,
        "nauc_recall_at_20_std": -0.272364,
        "nauc_recall_at_20_diff1": 0.243192,
        "nauc_recall_at_100_max": -0.033683,
        "nauc_recall_at_100_std": 0.016061,
        "nauc_recall_at_100_diff1": 0.255703,
        "nauc_recall_at_1000_max": 0.014037,
        "nauc_recall_at_1000_std": 0.622066,
        "nauc_recall_at_1000_diff1": 0.018493,
        "nauc_precision_at_1_max": -0.173133,
        "nauc_precision_at_1_std": -0.288955,
        "nauc_precision_at_1_diff1": 0.240804,
        "nauc_precision_at_3_max": 0.023311,
        "nauc_precision_at_3_std": -0.330651,
        "nauc_precision_at_3_diff1": 0.38772,
        "nauc_precision_at_5_max": -0.093257,
        "nauc_precision_at_5_std": -0.372581,
        "nauc_precision_at_5_diff1": 0.296467,
        "nauc_precision_at_10_max": -0.229825,
        "nauc_precision_at_10_std": -0.352911,
        "nauc_precision_at_10_diff1": 0.224251,
        "nauc_precision_at_20_max": 0.00131,
        "nauc_precision_at_20_std": -0.156245,
        "nauc_precision_at_20_diff1": 0.264134,
        "nauc_precision_at_100_max": 0.085657,
        "nauc_precision_at_100_std": 0.268114,
        "nauc_precision_at_100_diff1": 0.259414,
        "nauc_precision_at_1000_max": 0.295756,
        "nauc_precision_at_1000_std": 0.729937,
        "nauc_precision_at_1000_diff1": -0.07022,
        "nauc_mrr_at_1_max": -0.173133,
        "nauc_mrr_at_1_std": -0.288955,
        "nauc_mrr_at_1_diff1": 0.240804,
        "nauc_mrr_at_3_max": -0.160543,
        "nauc_mrr_at_3_std": -0.313945,
        "nauc_mrr_at_3_diff1": 0.238769,
        "nauc_mrr_at_5_max": -0.204725,
        "nauc_mrr_at_5_std": -0.338736,
        "nauc_mrr_at_5_diff1": 0.231134,
        "nauc_mrr_at_10_max": -0.228898,
        "nauc_mrr_at_10_std": -0.350511,
        "nauc_mrr_at_10_diff1": 0.231354,
        "nauc_mrr_at_20_max": -0.220583,
        "nauc_mrr_at_20_std": -0.337984,
        "nauc_mrr_at_20_diff1": 0.240284,
        "nauc_mrr_at_100_max": -0.21859,
        "nauc_mrr_at_100_std": -0.32723,
        "nauc_mrr_at_100_diff1": 0.234891,
        "nauc_mrr_at_1000_max": -0.217739,
        "nauc_mrr_at_1000_std": -0.327692,
        "nauc_mrr_at_1000_diff1": 0.235085,
        "main_score": 0.16902,
        "hf_subset": "default",
        "languages": [
          "fas-Arab"
        ]
      }
    ]
  },
  "evaluation_time": 1424.4889097213745,
  "kg_co2_emissions": null
}