{
  "dataset_revision": "f22eecc8ad7f25875a77b5e5e23d484b7cc74c59",
  "task_name": "MSMARCO-FaHardNegatives",
  "mteb_version": "1.38.33",
  "scores": {
    "test": [
      {
        "ndcg_at_1": 0.25581,
        "ndcg_at_3": 0.24328,
        "ndcg_at_5": 0.25905,
        "ndcg_at_10": 0.26326,
        "ndcg_at_20": 0.28105,
        "ndcg_at_100": 0.34468,
        "ndcg_at_1000": 0.50887,
        "map_at_1": 0.00611,
        "map_at_3": 0.01448,
        "map_at_5": 0.02152,
        "map_at_10": 0.03609,
        "map_at_20": 0.06116,
        "map_at_100": 0.17233,
        "map_at_1000": 0.26129,
        "recall_at_1": 0.00611,
        "recall_at_3": 0.01726,
        "recall_at_5": 0.03043,
        "recall_at_10": 0.05461,
        "recall_at_20": 0.10354,
        "recall_at_100": 0.35266,
        "recall_at_1000": 0.76562,
        "precision_at_1": 0.39535,
        "precision_at_3": 0.37984,
        "precision_at_5": 0.4,
        "precision_at_10": 0.3907,
        "precision_at_20": 0.37558,
        "precision_at_100": 0.27419,
        "precision_at_1000": 0.07223,
        "mrr_at_1": 0.395349,
        "mrr_at_3": 0.496124,
        "mrr_at_5": 0.522868,
        "mrr_at_10": 0.528516,
        "mrr_at_20": 0.531746,
        "mrr_at_100": 0.533186,
        "mrr_at_1000": 0.533431,
        "nauc_ndcg_at_1_max": -0.00123,
        "nauc_ndcg_at_1_std": -0.08766,
        "nauc_ndcg_at_1_diff1": -0.191372,
        "nauc_ndcg_at_3_max": 0.017644,
        "nauc_ndcg_at_3_std": -0.102282,
        "nauc_ndcg_at_3_diff1": -0.049368,
        "nauc_ndcg_at_5_max": 0.110547,
        "nauc_ndcg_at_5_std": -0.024174,
        "nauc_ndcg_at_5_diff1": -0.072727,
        "nauc_ndcg_at_10_max": 0.141025,
        "nauc_ndcg_at_10_std": -0.003998,
        "nauc_ndcg_at_10_diff1": -0.108519,
        "nauc_ndcg_at_20_max": 0.259767,
        "nauc_ndcg_at_20_std": 0.060147,
        "nauc_ndcg_at_20_diff1": -0.185101,
        "nauc_ndcg_at_100_max": 0.422311,
        "nauc_ndcg_at_100_std": 0.200659,
        "nauc_ndcg_at_100_diff1": -0.206091,
        "nauc_ndcg_at_1000_max": 0.531929,
        "nauc_ndcg_at_1000_std": 0.156077,
        "nauc_ndcg_at_1000_diff1": -0.36922,
        "nauc_map_at_1_max": 0.02242,
        "nauc_map_at_1_std": -0.096014,
        "nauc_map_at_1_diff1": 0.143327,
        "nauc_map_at_3_max": 0.029973,
        "nauc_map_at_3_std": -0.131393,
        "nauc_map_at_3_diff1": 0.266147,
        "nauc_map_at_5_max": 0.114344,
        "nauc_map_at_5_std": -0.042095,
        "nauc_map_at_5_diff1": 0.145314,
        "nauc_map_at_10_max": 0.195219,
        "nauc_map_at_10_std": 0.084441,
        "nauc_map_at_10_diff1": 0.038779,
        "nauc_map_at_20_max": 0.311514,
        "nauc_map_at_20_std": 0.175541,
        "nauc_map_at_20_diff1": -0.144083,
        "nauc_map_at_100_max": 0.374029,
        "nauc_map_at_100_std": 0.264416,
        "nauc_map_at_100_diff1": -0.198964,
        "nauc_map_at_1000_max": 0.363221,
        "nauc_map_at_1000_std": 0.25533,
        "nauc_map_at_1000_diff1": -0.148901,
        "nauc_recall_at_1_max": 0.02242,
        "nauc_recall_at_1_std": -0.096014,
        "nauc_recall_at_1_diff1": 0.143327,
        "nauc_recall_at_3_max": 0.060571,
        "nauc_recall_at_3_std": -0.110504,
        "nauc_recall_at_3_diff1": 0.268945,
        "nauc_recall_at_5_max": 0.250334,
        "nauc_recall_at_5_std": 0.072627,
        "nauc_recall_at_5_diff1": 0.043691,
        "nauc_recall_at_10_max": 0.352826,
        "nauc_recall_at_10_std": 0.195593,
        "nauc_recall_at_10_diff1": -0.108744,
        "nauc_recall_at_20_max": 0.503299,
        "nauc_recall_at_20_std": 0.272213,
        "nauc_recall_at_20_diff1": -0.330952,
        "nauc_recall_at_100_max": 0.499581,
        "nauc_recall_at_100_std": 0.212417,
        "nauc_recall_at_100_diff1": -0.314388,
        "nauc_recall_at_1000_max": 0.760403,
        "nauc_recall_at_1000_std": 0.297478,
        "nauc_recall_at_1000_diff1": -0.558729,
        "nauc_precision_at_1_max": 0.061149,
        "nauc_precision_at_1_std": -0.139677,
        "nauc_precision_at_1_diff1": -0.142381,
        "nauc_precision_at_3_max": 0.121899,
        "nauc_precision_at_3_std": -0.138932,
        "nauc_precision_at_3_diff1": 0.015536,
        "nauc_precision_at_5_max": 0.208535,
        "nauc_precision_at_5_std": -0.020337,
        "nauc_precision_at_5_diff1": -0.07888,
        "nauc_precision_at_10_max": 0.186722,
        "nauc_precision_at_10_std": 0.044263,
        "nauc_precision_at_10_diff1": -0.124853,
        "nauc_precision_at_20_max": 0.274392,
        "nauc_precision_at_20_std": 0.070585,
        "nauc_precision_at_20_diff1": -0.229716,
        "nauc_precision_at_100_max": 0.263476,
        "nauc_precision_at_100_std": 0.116751,
        "nauc_precision_at_100_diff1": -0.112199,
        "nauc_precision_at_1000_max": 0.148062,
        "nauc_precision_at_1000_std": -0.025844,
        "nauc_precision_at_1000_diff1": -0.027574,
        "nauc_mrr_at_1_max": 0.061149,
        "nauc_mrr_at_1_std": -0.139677,
        "nauc_mrr_at_1_diff1": -0.142381,
        "nauc_mrr_at_3_max": 0.141446,
        "nauc_mrr_at_3_std": -0.196148,
        "nauc_mrr_at_3_diff1": -0.117869,
        "nauc_mrr_at_5_max": 0.200402,
        "nauc_mrr_at_5_std": -0.163117,
        "nauc_mrr_at_5_diff1": -0.162768,
        "nauc_mrr_at_10_max": 0.198515,
        "nauc_mrr_at_10_std": -0.176243,
        "nauc_mrr_at_10_diff1": -0.175885,
        "nauc_mrr_at_20_max": 0.19882,
        "nauc_mrr_at_20_std": -0.180799,
        "nauc_mrr_at_20_diff1": -0.184833,
        "nauc_mrr_at_100_max": 0.195638,
        "nauc_mrr_at_100_std": -0.182939,
        "nauc_mrr_at_100_diff1": -0.181932,
        "nauc_mrr_at_1000_max": 0.195176,
        "nauc_mrr_at_1000_std": -0.181818,
        "nauc_mrr_at_1000_diff1": -0.181076,
        "main_score": 0.26326,
        "hf_subset": "default",
        "languages": [
          "fas-Arab"
        ]
      }
    ]
  },
  "evaluation_time": 12.09261441230774,
  "kg_co2_emissions": null
}