{
  "dataset_revision": "35dd709a0d846ae987541cf8ca978562636260f0",
  "task_name": "NeuCLIR2022RetrievalHardNegatives",
  "mteb_version": "1.38.33",
  "scores": {
    "test": [
      {
        "ndcg_at_1": 0.08889,
        "ndcg_at_3": 0.134,
        "ndcg_at_5": 0.13957,
        "ndcg_at_10": 0.14921,
        "ndcg_at_20": 0.18667,
        "ndcg_at_100": 0.27356,
        "ndcg_at_1000": 0.39453,
        "map_at_1": 0.00681,
        "map_at_3": 0.0201,
        "map_at_5": 0.03198,
        "map_at_10": 0.04197,
        "map_at_20": 0.06179,
        "map_at_100": 0.11324,
        "map_at_1000": 0.1486,
        "recall_at_1": 0.00681,
        "recall_at_3": 0.03574,
        "recall_at_5": 0.07643,
        "recall_at_10": 0.11385,
        "recall_at_20": 0.19465,
        "recall_at_100": 0.45891,
        "recall_at_1000": 0.89621,
        "precision_at_1": 0.13333,
        "precision_at_3": 0.20741,
        "precision_at_5": 0.18667,
        "precision_at_10": 0.17333,
        "precision_at_20": 0.17,
        "precision_at_100": 0.11311,
        "precision_at_1000": 0.02596,
        "mrr_at_1": 0.133333,
        "mrr_at_3": 0.262963,
        "mrr_at_5": 0.278519,
        "mrr_at_10": 0.304004,
        "mrr_at_20": 0.31154,
        "mrr_at_100": 0.314926,
        "mrr_at_1000": 0.315248,
        "nauc_ndcg_at_1_max": -0.099215,
        "nauc_ndcg_at_1_std": 0.012529,
        "nauc_ndcg_at_1_diff1": -0.205011,
        "nauc_ndcg_at_3_max": -0.109405,
        "nauc_ndcg_at_3_std": -0.033386,
        "nauc_ndcg_at_3_diff1": -0.155631,
        "nauc_ndcg_at_5_max": -0.175841,
        "nauc_ndcg_at_5_std": -0.197874,
        "nauc_ndcg_at_5_diff1": -0.111055,
        "nauc_ndcg_at_10_max": -0.246124,
        "nauc_ndcg_at_10_std": -0.212579,
        "nauc_ndcg_at_10_diff1": -0.150643,
        "nauc_ndcg_at_20_max": -0.149471,
        "nauc_ndcg_at_20_std": -0.140637,
        "nauc_ndcg_at_20_diff1": -0.167679,
        "nauc_ndcg_at_100_max": -0.0283,
        "nauc_ndcg_at_100_std": -0.018314,
        "nauc_ndcg_at_100_diff1": -0.169494,
        "nauc_ndcg_at_1000_max": 0.09114,
        "nauc_ndcg_at_1000_std": 0.028707,
        "nauc_ndcg_at_1000_diff1": -0.154622,
        "nauc_map_at_1_max": 0.091108,
        "nauc_map_at_1_std": 0.054141,
        "nauc_map_at_1_diff1": -0.12011,
        "nauc_map_at_3_max": 0.02521,
        "nauc_map_at_3_std": 0.137649,
        "nauc_map_at_3_diff1": -0.130794,
        "nauc_map_at_5_max": -0.103643,
        "nauc_map_at_5_std": -0.139548,
        "nauc_map_at_5_diff1": 0.085035,
        "nauc_map_at_10_max": -0.149411,
        "nauc_map_at_10_std": -0.090198,
        "nauc_map_at_10_diff1": 0.066887,
        "nauc_map_at_20_max": -0.049847,
        "nauc_map_at_20_std": -0.043732,
        "nauc_map_at_20_diff1": 0.054976,
        "nauc_map_at_100_max": -0.09452,
        "nauc_map_at_100_std": -0.139536,
        "nauc_map_at_100_diff1": -0.051798,
        "nauc_map_at_1000_max": -0.07831,
        "nauc_map_at_1000_std": -0.171435,
        "nauc_map_at_1000_diff1": -0.123965,
        "nauc_recall_at_1_max": 0.091108,
        "nauc_recall_at_1_std": 0.054141,
        "nauc_recall_at_1_diff1": -0.12011,
        "nauc_recall_at_3_max": 0.046446,
        "nauc_recall_at_3_std": 0.264372,
        "nauc_recall_at_3_diff1": -0.080263,
        "nauc_recall_at_5_max": -0.168842,
        "nauc_recall_at_5_std": -0.212048,
        "nauc_recall_at_5_diff1": 0.231543,
        "nauc_recall_at_10_max": -0.16223,
        "nauc_recall_at_10_std": -0.077165,
        "nauc_recall_at_10_diff1": 0.173505,
        "nauc_recall_at_20_max": 0.002911,
        "nauc_recall_at_20_std": 0.073019,
        "nauc_recall_at_20_diff1": 0.089461,
        "nauc_recall_at_100_max": 0.116194,
        "nauc_recall_at_100_std": 0.222771,
        "nauc_recall_at_100_diff1": 0.03548,
        "nauc_recall_at_1000_max": 0.612602,
        "nauc_recall_at_1000_std": 0.616428,
        "nauc_recall_at_1000_diff1": 0.513215,
        "nauc_precision_at_1_max": -0.041296,
        "nauc_precision_at_1_std": -0.042863,
        "nauc_precision_at_1_diff1": -0.160163,
        "nauc_precision_at_3_max": -0.117025,
        "nauc_precision_at_3_std": -0.161595,
        "nauc_precision_at_3_diff1": -0.227988,
        "nauc_precision_at_5_max": -0.195632,
        "nauc_precision_at_5_std": -0.317552,
        "nauc_precision_at_5_diff1": -0.179165,
        "nauc_precision_at_10_max": -0.271857,
        "nauc_precision_at_10_std": -0.245355,
        "nauc_precision_at_10_diff1": -0.183743,
        "nauc_precision_at_20_max": -0.206645,
        "nauc_precision_at_20_std": -0.23101,
        "nauc_precision_at_20_diff1": -0.173637,
        "nauc_precision_at_100_max": -0.175498,
        "nauc_precision_at_100_std": -0.294787,
        "nauc_precision_at_100_diff1": -0.256573,
        "nauc_precision_at_1000_max": -0.168096,
        "nauc_precision_at_1000_std": -0.325514,
        "nauc_precision_at_1000_diff1": -0.27783,
        "nauc_mrr_at_1_max": -0.041296,
        "nauc_mrr_at_1_std": -0.042863,
        "nauc_mrr_at_1_diff1": -0.160163,
        "nauc_mrr_at_3_max": -0.066914,
        "nauc_mrr_at_3_std": -0.098351,
        "nauc_mrr_at_3_diff1": -0.146893,
        "nauc_mrr_at_5_max": -0.106471,
        "nauc_mrr_at_5_std": -0.141751,
        "nauc_mrr_at_5_diff1": -0.142979,
        "nauc_mrr_at_10_max": -0.083248,
        "nauc_mrr_at_10_std": -0.10121,
        "nauc_mrr_at_10_diff1": -0.177791,
        "nauc_mrr_at_20_max": -0.082268,
        "nauc_mrr_at_20_std": -0.086817,
        "nauc_mrr_at_20_diff1": -0.170649,
        "nauc_mrr_at_100_max": -0.07459,
        "nauc_mrr_at_100_std": -0.088973,
        "nauc_mrr_at_100_diff1": -0.166185,
        "nauc_mrr_at_1000_max": -0.075598,
        "nauc_mrr_at_1000_std": -0.08989,
        "nauc_mrr_at_1000_diff1": -0.166596,
        "main_score": 0.18667,
        "hf_subset": "fas",
        "languages": [
          "fas-Arab"
        ]
      }
    ]
  },
  "evaluation_time": 40.33657503128052,
  "kg_co2_emissions": null
}