{
  "dataset_revision": "45d9176b6fcba33abc58494ee82f18ee7e8ddbae",
  "task_name": "ClimateFEVER-Fa",
  "mteb_version": "1.38.34",
  "scores": {
    "test": [
      {
        "ndcg_at_1": 0.14919,
        "ndcg_at_3": 0.13518,
        "ndcg_at_5": 0.1473,
        "ndcg_at_10": 0.16988,
        "ndcg_at_20": 0.18981,
        "ndcg_at_100": 0.22929,
        "ndcg_at_1000": 0.2613,
        "map_at_1": 0.06637,
        "map_at_3": 0.09529,
        "map_at_5": 0.1045,
        "map_at_10": 0.11355,
        "map_at_20": 0.11961,
        "map_at_100": 0.12617,
        "map_at_1000": 0.12768,
        "recall_at_1": 0.06637,
        "recall_at_3": 0.1284,
        "recall_at_5": 0.16206,
        "recall_at_10": 0.21381,
        "recall_at_20": 0.27175,
        "recall_at_100": 0.42603,
        "recall_at_1000": 0.61012,
        "precision_at_1": 0.14919,
        "precision_at_3": 0.10033,
        "precision_at_5": 0.07818,
        "precision_at_10": 0.05355,
        "precision_at_20": 0.03502,
        "precision_at_100": 0.01167,
        "precision_at_1000": 0.00175,
        "mrr_at_1": 0.149186,
        "mrr_at_3": 0.207818,
        "mrr_at_5": 0.223257,
        "mrr_at_10": 0.235866,
        "mrr_at_20": 0.241728,
        "mrr_at_100": 0.246271,
        "mrr_at_1000": 0.246857,
        "nauc_ndcg_at_1_max": 0.330288,
        "nauc_ndcg_at_1_std": 0.117406,
        "nauc_ndcg_at_1_diff1": 0.207943,
        "nauc_ndcg_at_3_max": 0.363996,
        "nauc_ndcg_at_3_std": 0.119171,
        "nauc_ndcg_at_3_diff1": 0.200101,
        "nauc_ndcg_at_5_max": 0.371203,
        "nauc_ndcg_at_5_std": 0.145082,
        "nauc_ndcg_at_5_diff1": 0.194379,
        "nauc_ndcg_at_10_max": 0.370034,
        "nauc_ndcg_at_10_std": 0.173961,
        "nauc_ndcg_at_10_diff1": 0.177811,
        "nauc_ndcg_at_20_max": 0.373763,
        "nauc_ndcg_at_20_std": 0.200783,
        "nauc_ndcg_at_20_diff1": 0.181763,
        "nauc_ndcg_at_100_max": 0.387883,
        "nauc_ndcg_at_100_std": 0.244338,
        "nauc_ndcg_at_100_diff1": 0.16811,
        "nauc_ndcg_at_1000_max": 0.379835,
        "nauc_ndcg_at_1000_std": 0.255941,
        "nauc_ndcg_at_1000_diff1": 0.165892,
        "nauc_map_at_1_max": 0.369587,
        "nauc_map_at_1_std": 0.113596,
        "nauc_map_at_1_diff1": 0.262796,
        "nauc_map_at_3_max": 0.370479,
        "nauc_map_at_3_std": 0.111356,
        "nauc_map_at_3_diff1": 0.221904,
        "nauc_map_at_5_max": 0.372233,
        "nauc_map_at_5_std": 0.12893,
        "nauc_map_at_5_diff1": 0.212111,
        "nauc_map_at_10_max": 0.371227,
        "nauc_map_at_10_std": 0.143308,
        "nauc_map_at_10_diff1": 0.20226,
        "nauc_map_at_20_max": 0.372335,
        "nauc_map_at_20_std": 0.155256,
        "nauc_map_at_20_diff1": 0.202899,
        "nauc_map_at_100_max": 0.377267,
        "nauc_map_at_100_std": 0.168865,
        "nauc_map_at_100_diff1": 0.199585,
        "nauc_map_at_1000_max": 0.376791,
        "nauc_map_at_1000_std": 0.170336,
        "nauc_map_at_1000_diff1": 0.199127,
        "nauc_recall_at_1_max": 0.369587,
        "nauc_recall_at_1_std": 0.113596,
        "nauc_recall_at_1_diff1": 0.262796,
        "nauc_recall_at_3_max": 0.359422,
        "nauc_recall_at_3_std": 0.115166,
        "nauc_recall_at_3_diff1": 0.187512,
        "nauc_recall_at_5_max": 0.361339,
        "nauc_recall_at_5_std": 0.153385,
        "nauc_recall_at_5_diff1": 0.162188,
        "nauc_recall_at_10_max": 0.337062,
        "nauc_recall_at_10_std": 0.198836,
        "nauc_recall_at_10_diff1": 0.122432,
        "nauc_recall_at_20_max": 0.330003,
        "nauc_recall_at_20_std": 0.246295,
        "nauc_recall_at_20_diff1": 0.131222,
        "nauc_recall_at_100_max": 0.333292,
        "nauc_recall_at_100_std": 0.325193,
        "nauc_recall_at_100_diff1": 0.078489,
        "nauc_recall_at_1000_max": 0.283621,
        "nauc_recall_at_1000_std": 0.369117,
        "nauc_recall_at_1000_diff1": 0.055565,
        "nauc_precision_at_1_max": 0.330288,
        "nauc_precision_at_1_std": 0.117406,
        "nauc_precision_at_1_diff1": 0.207943,
        "nauc_precision_at_3_max": 0.352155,
        "nauc_precision_at_3_std": 0.131991,
        "nauc_precision_at_3_diff1": 0.167244,
        "nauc_precision_at_5_max": 0.357539,
        "nauc_precision_at_5_std": 0.194522,
        "nauc_precision_at_5_diff1": 0.146533,
        "nauc_precision_at_10_max": 0.32951,
        "nauc_precision_at_10_std": 0.24207,
        "nauc_precision_at_10_diff1": 0.102584,
        "nauc_precision_at_20_max": 0.310075,
        "nauc_precision_at_20_std": 0.288003,
        "nauc_precision_at_20_diff1": 0.10398,
        "nauc_precision_at_100_max": 0.265366,
        "nauc_precision_at_100_std": 0.342573,
        "nauc_precision_at_100_diff1": 0.046344,
        "nauc_precision_at_1000_max": 0.160499,
        "nauc_precision_at_1000_std": 0.317649,
        "nauc_precision_at_1000_diff1": 0.018729,
        "nauc_mrr_at_1_max": 0.330288,
        "nauc_mrr_at_1_std": 0.117406,
        "nauc_mrr_at_1_diff1": 0.207943,
        "nauc_mrr_at_3_max": 0.346294,
        "nauc_mrr_at_3_std": 0.123144,
        "nauc_mrr_at_3_diff1": 0.191199,
        "nauc_mrr_at_5_max": 0.35149,
        "nauc_mrr_at_5_std": 0.136471,
        "nauc_mrr_at_5_diff1": 0.188908,
        "nauc_mrr_at_10_max": 0.351436,
        "nauc_mrr_at_10_std": 0.148611,
        "nauc_mrr_at_10_diff1": 0.184319,
        "nauc_mrr_at_20_max": 0.352268,
        "nauc_mrr_at_20_std": 0.152589,
        "nauc_mrr_at_20_diff1": 0.184867,
        "nauc_mrr_at_100_max": 0.352482,
        "nauc_mrr_at_100_std": 0.153452,
        "nauc_mrr_at_100_diff1": 0.184369,
        "nauc_mrr_at_1000_max": 0.352437,
        "nauc_mrr_at_1000_std": 0.153201,
        "nauc_mrr_at_1000_diff1": 0.184498,
        "main_score": 0.16988,
        "hf_subset": "default",
        "languages": [
          "fas-Arab"
        ]
      }
    ]
  },
  "evaluation_time": 32434.249129533768,
  "kg_co2_emissions": null
}