{
  "dataset_revision": "816ad7473d6813f77a0ca5e72b1ff7a52752d370",
  "task_name": "CQADupstackPhysicsRetrieval-Fa",
  "mteb_version": "1.38.34",
  "scores": {
    "test": [
      {
        "ndcg_at_1": 0.21078,
        "ndcg_at_3": 0.25226,
        "ndcg_at_5": 0.26967,
        "ndcg_at_10": 0.29583,
        "ndcg_at_20": 0.31907,
        "ndcg_at_100": 0.35373,
        "ndcg_at_1000": 0.38082,
        "map_at_1": 0.17033,
        "map_at_3": 0.22227,
        "map_at_5": 0.23431,
        "map_at_10": 0.24716,
        "map_at_20": 0.25418,
        "map_at_100": 0.25965,
        "map_at_1000": 0.26085,
        "recall_at_1": 0.17033,
        "recall_at_3": 0.27926,
        "recall_at_5": 0.32389,
        "recall_at_10": 0.40219,
        "recall_at_20": 0.48684,
        "recall_at_100": 0.65141,
        "recall_at_1000": 0.83914,
        "precision_at_1": 0.21078,
        "precision_at_3": 0.12031,
        "precision_at_5": 0.0872,
        "precision_at_10": 0.05611,
        "precision_at_20": 0.03494,
        "precision_at_100": 0.0101,
        "precision_at_1000": 0.00142,
        "mrr_at_1": 0.21078,
        "mrr_at_3": 0.263073,
        "mrr_at_5": 0.275441,
        "mrr_at_10": 0.287456,
        "mrr_at_20": 0.293495,
        "mrr_at_100": 0.297629,
        "mrr_at_1000": 0.298259,
        "nauc_ndcg_at_1_max": 0.223977,
        "nauc_ndcg_at_1_std": 0.015296,
        "nauc_ndcg_at_1_diff1": 0.43688,
        "nauc_ndcg_at_3_max": 0.204439,
        "nauc_ndcg_at_3_std": 0.002119,
        "nauc_ndcg_at_3_diff1": 0.365342,
        "nauc_ndcg_at_5_max": 0.20362,
        "nauc_ndcg_at_5_std": 0.016687,
        "nauc_ndcg_at_5_diff1": 0.351174,
        "nauc_ndcg_at_10_max": 0.202808,
        "nauc_ndcg_at_10_std": 0.024775,
        "nauc_ndcg_at_10_diff1": 0.347046,
        "nauc_ndcg_at_20_max": 0.204921,
        "nauc_ndcg_at_20_std": 0.038532,
        "nauc_ndcg_at_20_diff1": 0.346416,
        "nauc_ndcg_at_100_max": 0.201688,
        "nauc_ndcg_at_100_std": 0.045353,
        "nauc_ndcg_at_100_diff1": 0.333272,
        "nauc_ndcg_at_1000_max": 0.209279,
        "nauc_ndcg_at_1000_std": 0.048416,
        "nauc_ndcg_at_1000_diff1": 0.335535,
        "nauc_map_at_1_max": 0.188109,
        "nauc_map_at_1_std": -0.042177,
        "nauc_map_at_1_diff1": 0.472041,
        "nauc_map_at_3_max": 0.193511,
        "nauc_map_at_3_std": -0.017991,
        "nauc_map_at_3_diff1": 0.395982,
        "nauc_map_at_5_max": 0.19717,
        "nauc_map_at_5_std": -0.005925,
        "nauc_map_at_5_diff1": 0.387483,
        "nauc_map_at_10_max": 0.199433,
        "nauc_map_at_10_std": 0.001757,
        "nauc_map_at_10_diff1": 0.383809,
        "nauc_map_at_20_max": 0.200311,
        "nauc_map_at_20_std": 0.006154,
        "nauc_map_at_20_diff1": 0.383586,
        "nauc_map_at_100_max": 0.200236,
        "nauc_map_at_100_std": 0.00859,
        "nauc_map_at_100_diff1": 0.380879,
        "nauc_map_at_1000_max": 0.200572,
        "nauc_map_at_1000_std": 0.009026,
        "nauc_map_at_1000_diff1": 0.380637,
        "nauc_recall_at_1_max": 0.188109,
        "nauc_recall_at_1_std": -0.042177,
        "nauc_recall_at_1_diff1": 0.472041,
        "nauc_recall_at_3_max": 0.174199,
        "nauc_recall_at_3_std": -0.011897,
        "nauc_recall_at_3_diff1": 0.309706,
        "nauc_recall_at_5_max": 0.17376,
        "nauc_recall_at_5_std": 0.021843,
        "nauc_recall_at_5_diff1": 0.280143,
        "nauc_recall_at_10_max": 0.174178,
        "nauc_recall_at_10_std": 0.045843,
        "nauc_recall_at_10_diff1": 0.263234,
        "nauc_recall_at_20_max": 0.177273,
        "nauc_recall_at_20_std": 0.089282,
        "nauc_recall_at_20_diff1": 0.256406,
        "nauc_recall_at_100_max": 0.148793,
        "nauc_recall_at_100_std": 0.112304,
        "nauc_recall_at_100_diff1": 0.185455,
        "nauc_recall_at_1000_max": 0.198966,
        "nauc_recall_at_1000_std": 0.172589,
        "nauc_recall_at_1000_diff1": 0.154456,
        "nauc_precision_at_1_max": 0.223977,
        "nauc_precision_at_1_std": 0.015296,
        "nauc_precision_at_1_diff1": 0.43688,
        "nauc_precision_at_3_max": 0.225153,
        "nauc_precision_at_3_std": 0.049769,
        "nauc_precision_at_3_diff1": 0.272651,
        "nauc_precision_at_5_max": 0.238664,
        "nauc_precision_at_5_std": 0.100554,
        "nauc_precision_at_5_diff1": 0.219356,
        "nauc_precision_at_10_max": 0.227471,
        "nauc_precision_at_10_std": 0.138588,
        "nauc_precision_at_10_diff1": 0.188532,
        "nauc_precision_at_20_max": 0.214565,
        "nauc_precision_at_20_std": 0.173801,
        "nauc_precision_at_20_diff1": 0.15486,
        "nauc_precision_at_100_max": 0.157458,
        "nauc_precision_at_100_std": 0.213742,
        "nauc_precision_at_100_diff1": 0.020003,
        "nauc_precision_at_1000_max": 0.110653,
        "nauc_precision_at_1000_std": 0.188037,
        "nauc_precision_at_1000_diff1": -0.069593,
        "nauc_mrr_at_1_max": 0.223977,
        "nauc_mrr_at_1_std": 0.015296,
        "nauc_mrr_at_1_diff1": 0.43688,
        "nauc_mrr_at_3_max": 0.223016,
        "nauc_mrr_at_3_std": 0.027665,
        "nauc_mrr_at_3_diff1": 0.363805,
        "nauc_mrr_at_5_max": 0.222219,
        "nauc_mrr_at_5_std": 0.036975,
        "nauc_mrr_at_5_diff1": 0.35375,
        "nauc_mrr_at_10_max": 0.223557,
        "nauc_mrr_at_10_std": 0.039828,
        "nauc_mrr_at_10_diff1": 0.35192,
        "nauc_mrr_at_20_max": 0.223773,
        "nauc_mrr_at_20_std": 0.044579,
        "nauc_mrr_at_20_diff1": 0.352042,
        "nauc_mrr_at_100_max": 0.222851,
        "nauc_mrr_at_100_std": 0.044155,
        "nauc_mrr_at_100_diff1": 0.350543,
        "nauc_mrr_at_1000_max": 0.223012,
        "nauc_mrr_at_1000_std": 0.044008,
        "nauc_mrr_at_1000_diff1": 0.350851,
        "main_score": 0.29583,
        "hf_subset": "default",
        "languages": [
          "fas-Arab"
        ]
      }
    ]
  },
  "evaluation_time": 434.8514986038208,
  "kg_co2_emissions": null
}