{
  "dataset_revision": "506f29f8ce59648efe99afee736b0b158eced516",
  "task_name": "CQADupstackWebmastersRetrieval-Fa",
  "mteb_version": "1.38.34",
  "scores": {
    "test": [
      {
        "ndcg_at_1": 0.20356,
        "ndcg_at_3": 0.23861,
        "ndcg_at_5": 0.25318,
        "ndcg_at_10": 0.27262,
        "ndcg_at_20": 0.29357,
        "ndcg_at_100": 0.32909,
        "ndcg_at_1000": 0.36459,
        "map_at_1": 0.16763,
        "map_at_3": 0.20948,
        "map_at_5": 0.21935,
        "map_at_10": 0.22921,
        "map_at_20": 0.23586,
        "map_at_100": 0.24219,
        "map_at_1000": 0.24459,
        "recall_at_1": 0.16763,
        "recall_at_3": 0.25572,
        "recall_at_5": 0.29163,
        "recall_at_10": 0.35547,
        "recall_at_20": 0.43969,
        "recall_at_100": 0.61348,
        "recall_at_1000": 0.85293,
        "precision_at_1": 0.20356,
        "precision_at_3": 0.11265,
        "precision_at_5": 0.083,
        "precision_at_10": 0.05375,
        "precision_at_20": 0.03449,
        "precision_at_100": 0.01221,
        "precision_at_1000": 0.0022,
        "mrr_at_1": 0.203557,
        "mrr_at_3": 0.246377,
        "mrr_at_5": 0.257049,
        "mrr_at_10": 0.265746,
        "mrr_at_20": 0.272136,
        "mrr_at_100": 0.276116,
        "mrr_at_1000": 0.276932,
        "nauc_ndcg_at_1_max": 0.195527,
        "nauc_ndcg_at_1_std": 0.184117,
        "nauc_ndcg_at_1_diff1": 0.345434,
        "nauc_ndcg_at_3_max": 0.197778,
        "nauc_ndcg_at_3_std": 0.198817,
        "nauc_ndcg_at_3_diff1": 0.314141,
        "nauc_ndcg_at_5_max": 0.198417,
        "nauc_ndcg_at_5_std": 0.193153,
        "nauc_ndcg_at_5_diff1": 0.303055,
        "nauc_ndcg_at_10_max": 0.191157,
        "nauc_ndcg_at_10_std": 0.183692,
        "nauc_ndcg_at_10_diff1": 0.285272,
        "nauc_ndcg_at_20_max": 0.203006,
        "nauc_ndcg_at_20_std": 0.21088,
        "nauc_ndcg_at_20_diff1": 0.280512,
        "nauc_ndcg_at_100_max": 0.205175,
        "nauc_ndcg_at_100_std": 0.225525,
        "nauc_ndcg_at_100_diff1": 0.274039,
        "nauc_ndcg_at_1000_max": 0.199928,
        "nauc_ndcg_at_1000_std": 0.223471,
        "nauc_ndcg_at_1000_diff1": 0.27552,
        "nauc_map_at_1_max": 0.230909,
        "nauc_map_at_1_std": 0.152457,
        "nauc_map_at_1_diff1": 0.395631,
        "nauc_map_at_3_max": 0.223562,
        "nauc_map_at_3_std": 0.185344,
        "nauc_map_at_3_diff1": 0.343794,
        "nauc_map_at_5_max": 0.222335,
        "nauc_map_at_5_std": 0.181088,
        "nauc_map_at_5_diff1": 0.336135,
        "nauc_map_at_10_max": 0.217737,
        "nauc_map_at_10_std": 0.17802,
        "nauc_map_at_10_diff1": 0.324214,
        "nauc_map_at_20_max": 0.219637,
        "nauc_map_at_20_std": 0.186897,
        "nauc_map_at_20_diff1": 0.322602,
        "nauc_map_at_100_max": 0.217847,
        "nauc_map_at_100_std": 0.192646,
        "nauc_map_at_100_diff1": 0.321139,
        "nauc_map_at_1000_max": 0.215356,
        "nauc_map_at_1000_std": 0.195147,
        "nauc_map_at_1000_diff1": 0.319242,
        "nauc_recall_at_1_max": 0.230909,
        "nauc_recall_at_1_std": 0.152457,
        "nauc_recall_at_1_diff1": 0.395631,
        "nauc_recall_at_3_max": 0.211712,
        "nauc_recall_at_3_std": 0.19298,
        "nauc_recall_at_3_diff1": 0.294251,
        "nauc_recall_at_5_max": 0.208866,
        "nauc_recall_at_5_std": 0.179706,
        "nauc_recall_at_5_diff1": 0.264857,
        "nauc_recall_at_10_max": 0.168849,
        "nauc_recall_at_10_std": 0.164468,
        "nauc_recall_at_10_diff1": 0.20877,
        "nauc_recall_at_20_max": 0.190293,
        "nauc_recall_at_20_std": 0.255073,
        "nauc_recall_at_20_diff1": 0.180034,
        "nauc_recall_at_100_max": 0.1951,
        "nauc_recall_at_100_std": 0.334463,
        "nauc_recall_at_100_diff1": 0.129121,
        "nauc_recall_at_1000_max": 0.23155,
        "nauc_recall_at_1000_std": 0.40863,
        "nauc_recall_at_1000_diff1": 0.147696,
        "nauc_precision_at_1_max": 0.195527,
        "nauc_precision_at_1_std": 0.184117,
        "nauc_precision_at_1_diff1": 0.345434,
        "nauc_precision_at_3_max": 0.167265,
        "nauc_precision_at_3_std": 0.231387,
        "nauc_precision_at_3_diff1": 0.212517,
        "nauc_precision_at_5_max": 0.139732,
        "nauc_precision_at_5_std": 0.221064,
        "nauc_precision_at_5_diff1": 0.16424,
        "nauc_precision_at_10_max": 0.075283,
        "nauc_precision_at_10_std": 0.193086,
        "nauc_precision_at_10_diff1": 0.083409,
        "nauc_precision_at_20_max": 0.051016,
        "nauc_precision_at_20_std": 0.270539,
        "nauc_precision_at_20_diff1": 0.039215,
        "nauc_precision_at_100_max": -0.104649,
        "nauc_precision_at_100_std": 0.300512,
        "nauc_precision_at_100_diff1": -0.093509,
        "nauc_precision_at_1000_max": -0.225522,
        "nauc_precision_at_1000_std": 0.272312,
        "nauc_precision_at_1000_diff1": -0.167992,
        "nauc_mrr_at_1_max": 0.195527,
        "nauc_mrr_at_1_std": 0.184117,
        "nauc_mrr_at_1_diff1": 0.345434,
        "nauc_mrr_at_3_max": 0.179602,
        "nauc_mrr_at_3_std": 0.186642,
        "nauc_mrr_at_3_diff1": 0.316091,
        "nauc_mrr_at_5_max": 0.182575,
        "nauc_mrr_at_5_std": 0.185885,
        "nauc_mrr_at_5_diff1": 0.303833,
        "nauc_mrr_at_10_max": 0.17793,
        "nauc_mrr_at_10_std": 0.184213,
        "nauc_mrr_at_10_diff1": 0.295473,
        "nauc_mrr_at_20_max": 0.180054,
        "nauc_mrr_at_20_std": 0.191859,
        "nauc_mrr_at_20_diff1": 0.293436,
        "nauc_mrr_at_100_max": 0.180211,
        "nauc_mrr_at_100_std": 0.193623,
        "nauc_mrr_at_100_diff1": 0.292728,
        "nauc_mrr_at_1000_max": 0.1802,
        "nauc_mrr_at_1000_std": 0.193527,
        "nauc_mrr_at_1000_diff1": 0.293126,
        "main_score": 0.27262,
        "hf_subset": "default",
        "languages": [
          "fas-Arab"
        ]
      }
    ]
  },
  "evaluation_time": 162.9364550113678,
  "kg_co2_emissions": null
}