{
  "dataset_revision": "7f755e88647b4023df52da04d4e3d31a7de5fcb0",
  "task_name": "CQADupstackWordpressRetrieval-Fa",
  "mteb_version": "1.38.34",
  "scores": {
    "test": [
      {
        "ndcg_at_1": 0.12384,
        "ndcg_at_3": 0.15124,
        "ndcg_at_5": 0.16492,
        "ndcg_at_10": 0.19081,
        "ndcg_at_20": 0.208,
        "ndcg_at_100": 0.23619,
        "ndcg_at_1000": 0.26897,
        "map_at_1": 0.11035,
        "map_at_3": 0.13858,
        "map_at_5": 0.14624,
        "map_at_10": 0.15732,
        "map_at_20": 0.16189,
        "map_at_100": 0.16566,
        "map_at_1000": 0.16677,
        "recall_at_1": 0.11035,
        "recall_at_3": 0.1703,
        "recall_at_5": 0.20493,
        "recall_at_10": 0.28111,
        "recall_at_20": 0.34772,
        "recall_at_100": 0.49735,
        "recall_at_1000": 0.75039,
        "precision_at_1": 0.12384,
        "precision_at_3": 0.06531,
        "precision_at_5": 0.04732,
        "precision_at_10": 0.03309,
        "precision_at_20": 0.02052,
        "precision_at_100": 0.00597,
        "precision_at_1000": 0.00098,
        "mrr_at_1": 0.123845,
        "mrr_at_3": 0.154652,
        "mrr_at_5": 0.1626,
        "mrr_at_10": 0.173287,
        "mrr_at_20": 0.17818,
        "mrr_at_100": 0.181631,
        "mrr_at_1000": 0.182579,
        "nauc_ndcg_at_1_max": 0.258439,
        "nauc_ndcg_at_1_std": -0.066632,
        "nauc_ndcg_at_1_diff1": 0.38036,
        "nauc_ndcg_at_3_max": 0.238161,
        "nauc_ndcg_at_3_std": -0.059192,
        "nauc_ndcg_at_3_diff1": 0.26039,
        "nauc_ndcg_at_5_max": 0.236495,
        "nauc_ndcg_at_5_std": -0.03761,
        "nauc_ndcg_at_5_diff1": 0.249568,
        "nauc_ndcg_at_10_max": 0.228029,
        "nauc_ndcg_at_10_std": -0.01133,
        "nauc_ndcg_at_10_diff1": 0.246434,
        "nauc_ndcg_at_20_max": 0.220386,
        "nauc_ndcg_at_20_std": -0.013177,
        "nauc_ndcg_at_20_diff1": 0.231113,
        "nauc_ndcg_at_100_max": 0.215468,
        "nauc_ndcg_at_100_std": -0.000885,
        "nauc_ndcg_at_100_diff1": 0.220942,
        "nauc_ndcg_at_1000_max": 0.223093,
        "nauc_ndcg_at_1000_std": 0.022444,
        "nauc_ndcg_at_1000_diff1": 0.231573,
        "nauc_map_at_1_max": 0.237462,
        "nauc_map_at_1_std": -0.059692,
        "nauc_map_at_1_diff1": 0.336044,
        "nauc_map_at_3_max": 0.233598,
        "nauc_map_at_3_std": -0.061134,
        "nauc_map_at_3_diff1": 0.269631,
        "nauc_map_at_5_max": 0.234624,
        "nauc_map_at_5_std": -0.048977,
        "nauc_map_at_5_diff1": 0.264212,
        "nauc_map_at_10_max": 0.232168,
        "nauc_map_at_10_std": -0.037763,
        "nauc_map_at_10_diff1": 0.263657,
        "nauc_map_at_20_max": 0.23057,
        "nauc_map_at_20_std": -0.038364,
        "nauc_map_at_20_diff1": 0.259468,
        "nauc_map_at_100_max": 0.23023,
        "nauc_map_at_100_std": -0.036404,
        "nauc_map_at_100_diff1": 0.258744,
        "nauc_map_at_1000_max": 0.230703,
        "nauc_map_at_1000_std": -0.035092,
        "nauc_map_at_1000_diff1": 0.259167,
        "nauc_recall_at_1_max": 0.237462,
        "nauc_recall_at_1_std": -0.059692,
        "nauc_recall_at_1_diff1": 0.336044,
        "nauc_recall_at_3_max": 0.223868,
        "nauc_recall_at_3_std": -0.056463,
        "nauc_recall_at_3_diff1": 0.207192,
        "nauc_recall_at_5_max": 0.219806,
        "nauc_recall_at_5_std": -0.011313,
        "nauc_recall_at_5_diff1": 0.188362,
        "nauc_recall_at_10_max": 0.195668,
        "nauc_recall_at_10_std": 0.050987,
        "nauc_recall_at_10_diff1": 0.185507,
        "nauc_recall_at_20_max": 0.173123,
        "nauc_recall_at_20_std": 0.043766,
        "nauc_recall_at_20_diff1": 0.13967,
        "nauc_recall_at_100_max": 0.147894,
        "nauc_recall_at_100_std": 0.091772,
        "nauc_recall_at_100_diff1": 0.091605,
        "nauc_recall_at_1000_max": 0.159593,
        "nauc_recall_at_1000_std": 0.318332,
        "nauc_recall_at_1000_diff1": 0.114776,
        "nauc_precision_at_1_max": 0.258439,
        "nauc_precision_at_1_std": -0.066632,
        "nauc_precision_at_1_diff1": 0.38036,
        "nauc_precision_at_3_max": 0.255942,
        "nauc_precision_at_3_std": -0.052981,
        "nauc_precision_at_3_diff1": 0.24726,
        "nauc_precision_at_5_max": 0.267645,
        "nauc_precision_at_5_std": -0.008362,
        "nauc_precision_at_5_diff1": 0.237649,
        "nauc_precision_at_10_max": 0.244233,
        "nauc_precision_at_10_std": 0.041925,
        "nauc_precision_at_10_diff1": 0.223242,
        "nauc_precision_at_20_max": 0.217731,
        "nauc_precision_at_20_std": 0.031745,
        "nauc_precision_at_20_diff1": 0.175479,
        "nauc_precision_at_100_max": 0.186679,
        "nauc_precision_at_100_std": 0.083715,
        "nauc_precision_at_100_diff1": 0.127074,
        "nauc_precision_at_1000_max": 0.123785,
        "nauc_precision_at_1000_std": 0.140557,
        "nauc_precision_at_1000_diff1": 0.104421,
        "nauc_mrr_at_1_max": 0.258439,
        "nauc_mrr_at_1_std": -0.066632,
        "nauc_mrr_at_1_diff1": 0.38036,
        "nauc_mrr_at_3_max": 0.250273,
        "nauc_mrr_at_3_std": -0.059948,
        "nauc_mrr_at_3_diff1": 0.301031,
        "nauc_mrr_at_5_max": 0.250498,
        "nauc_mrr_at_5_std": -0.046538,
        "nauc_mrr_at_5_diff1": 0.292846,
        "nauc_mrr_at_10_max": 0.247415,
        "nauc_mrr_at_10_std": -0.034536,
        "nauc_mrr_at_10_diff1": 0.29022,
        "nauc_mrr_at_20_max": 0.243799,
        "nauc_mrr_at_20_std": -0.035532,
        "nauc_mrr_at_20_diff1": 0.285862,
        "nauc_mrr_at_100_max": 0.242858,
        "nauc_mrr_at_100_std": -0.034295,
        "nauc_mrr_at_100_diff1": 0.284692,
        "nauc_mrr_at_1000_max": 0.243447,
        "nauc_mrr_at_1000_std": -0.033117,
        "nauc_mrr_at_1000_diff1": 0.285191,
        "main_score": 0.19081,
        "hf_subset": "default",
        "languages": [
          "fas-Arab"
        ]
      }
    ]
  },
  "evaluation_time": 542.6062366962433,
  "kg_co2_emissions": null
}