{
  "dataset_revision": "c2a326387954aad66ff00d324a9278067b1e3bb6",
  "task_name": "CQADupstackUnixRetrieval-Fa",
  "mteb_version": "1.38.34",
  "scores": {
    "test": [
      {
        "ndcg_at_1": 0.17071,
        "ndcg_at_3": 0.20394,
        "ndcg_at_5": 0.21887,
        "ndcg_at_10": 0.23873,
        "ndcg_at_20": 0.2551,
        "ndcg_at_100": 0.2855,
        "ndcg_at_1000": 0.31813,
        "map_at_1": 0.14516,
        "map_at_3": 0.18282,
        "map_at_5": 0.19233,
        "map_at_10": 0.20111,
        "map_at_20": 0.20562,
        "map_at_100": 0.21007,
        "map_at_1000": 0.21132,
        "recall_at_1": 0.14516,
        "recall_at_3": 0.22613,
        "recall_at_5": 0.2638,
        "recall_at_10": 0.32213,
        "recall_at_20": 0.38409,
        "recall_at_100": 0.53668,
        "recall_at_1000": 0.77578,
        "precision_at_1": 0.17071,
        "precision_at_3": 0.09453,
        "precision_at_5": 0.06791,
        "precision_at_10": 0.04188,
        "precision_at_20": 0.02523,
        "precision_at_100": 0.00733,
        "precision_at_1000": 0.00114,
        "mrr_at_1": 0.170709,
        "mrr_at_3": 0.215485,
        "mrr_at_5": 0.224487,
        "mrr_at_10": 0.233646,
        "mrr_at_20": 0.23799,
        "mrr_at_100": 0.241626,
        "mrr_at_1000": 0.242517,
        "nauc_ndcg_at_1_max": 0.279281,
        "nauc_ndcg_at_1_std": -0.082528,
        "nauc_ndcg_at_1_diff1": 0.448699,
        "nauc_ndcg_at_3_max": 0.268471,
        "nauc_ndcg_at_3_std": -0.056795,
        "nauc_ndcg_at_3_diff1": 0.359471,
        "nauc_ndcg_at_5_max": 0.267241,
        "nauc_ndcg_at_5_std": -0.053432,
        "nauc_ndcg_at_5_diff1": 0.352626,
        "nauc_ndcg_at_10_max": 0.263874,
        "nauc_ndcg_at_10_std": -0.050571,
        "nauc_ndcg_at_10_diff1": 0.339701,
        "nauc_ndcg_at_20_max": 0.260379,
        "nauc_ndcg_at_20_std": -0.041356,
        "nauc_ndcg_at_20_diff1": 0.33015,
        "nauc_ndcg_at_100_max": 0.265922,
        "nauc_ndcg_at_100_std": -0.021321,
        "nauc_ndcg_at_100_diff1": 0.327008,
        "nauc_ndcg_at_1000_max": 0.280503,
        "nauc_ndcg_at_1000_std": -0.008483,
        "nauc_ndcg_at_1000_diff1": 0.322894,
        "nauc_map_at_1_max": 0.276969,
        "nauc_map_at_1_std": -0.090178,
        "nauc_map_at_1_diff1": 0.479573,
        "nauc_map_at_3_max": 0.269814,
        "nauc_map_at_3_std": -0.061739,
        "nauc_map_at_3_diff1": 0.390975,
        "nauc_map_at_5_max": 0.269287,
        "nauc_map_at_5_std": -0.059065,
        "nauc_map_at_5_diff1": 0.384061,
        "nauc_map_at_10_max": 0.269228,
        "nauc_map_at_10_std": -0.056754,
        "nauc_map_at_10_diff1": 0.377131,
        "nauc_map_at_20_max": 0.268482,
        "nauc_map_at_20_std": -0.053847,
        "nauc_map_at_20_diff1": 0.374133,
        "nauc_map_at_100_max": 0.269902,
        "nauc_map_at_100_std": -0.050235,
        "nauc_map_at_100_diff1": 0.37348,
        "nauc_map_at_1000_max": 0.270649,
        "nauc_map_at_1000_std": -0.049686,
        "nauc_map_at_1000_diff1": 0.373316,
        "nauc_recall_at_1_max": 0.276969,
        "nauc_recall_at_1_std": -0.090178,
        "nauc_recall_at_1_diff1": 0.479573,
        "nauc_recall_at_3_max": 0.247755,
        "nauc_recall_at_3_std": -0.047276,
        "nauc_recall_at_3_diff1": 0.304632,
        "nauc_recall_at_5_max": 0.244936,
        "nauc_recall_at_5_std": -0.041871,
        "nauc_recall_at_5_diff1": 0.285604,
        "nauc_recall_at_10_max": 0.229454,
        "nauc_recall_at_10_std": -0.037246,
        "nauc_recall_at_10_diff1": 0.24942,
        "nauc_recall_at_20_max": 0.212128,
        "nauc_recall_at_20_std": -0.012745,
        "nauc_recall_at_20_diff1": 0.217461,
        "nauc_recall_at_100_max": 0.220023,
        "nauc_recall_at_100_std": 0.070166,
        "nauc_recall_at_100_diff1": 0.196117,
        "nauc_recall_at_1000_max": 0.320776,
        "nauc_recall_at_1000_std": 0.242764,
        "nauc_recall_at_1000_diff1": 0.090066,
        "nauc_precision_at_1_max": 0.279281,
        "nauc_precision_at_1_std": -0.082528,
        "nauc_precision_at_1_diff1": 0.448699,
        "nauc_precision_at_3_max": 0.268239,
        "nauc_precision_at_3_std": -0.029715,
        "nauc_precision_at_3_diff1": 0.266793,
        "nauc_precision_at_5_max": 0.27077,
        "nauc_precision_at_5_std": -0.012514,
        "nauc_precision_at_5_diff1": 0.250423,
        "nauc_precision_at_10_max": 0.26157,
        "nauc_precision_at_10_std": -0.007523,
        "nauc_precision_at_10_diff1": 0.207371,
        "nauc_precision_at_20_max": 0.248703,
        "nauc_precision_at_20_std": 0.032508,
        "nauc_precision_at_20_diff1": 0.171619,
        "nauc_precision_at_100_max": 0.238252,
        "nauc_precision_at_100_std": 0.122342,
        "nauc_precision_at_100_diff1": 0.121276,
        "nauc_precision_at_1000_max": 0.218822,
        "nauc_precision_at_1000_std": 0.174396,
        "nauc_precision_at_1000_diff1": -0.01738,
        "nauc_mrr_at_1_max": 0.279281,
        "nauc_mrr_at_1_std": -0.082528,
        "nauc_mrr_at_1_diff1": 0.448699,
        "nauc_mrr_at_3_max": 0.273386,
        "nauc_mrr_at_3_std": -0.061303,
        "nauc_mrr_at_3_diff1": 0.365207,
        "nauc_mrr_at_5_max": 0.273456,
        "nauc_mrr_at_5_std": -0.058503,
        "nauc_mrr_at_5_diff1": 0.36134,
        "nauc_mrr_at_10_max": 0.271319,
        "nauc_mrr_at_10_std": -0.058553,
        "nauc_mrr_at_10_diff1": 0.356213,
        "nauc_mrr_at_20_max": 0.270507,
        "nauc_mrr_at_20_std": -0.055429,
        "nauc_mrr_at_20_diff1": 0.353032,
        "nauc_mrr_at_100_max": 0.270957,
        "nauc_mrr_at_100_std": -0.053766,
        "nauc_mrr_at_100_diff1": 0.352304,
        "nauc_mrr_at_1000_max": 0.271371,
        "nauc_mrr_at_1000_std": -0.053483,
        "nauc_mrr_at_1000_diff1": 0.352379,
        "main_score": 0.23873,
        "hf_subset": "default",
        "languages": [
          "fas-Arab"
        ]
      }
    ]
  },
  "evaluation_time": 507.2451431751251,
  "kg_co2_emissions": null
}