{
  "dataset_revision": "1cafde1306aa56b5dfdce0b14633ae9ee1a63ddb",
  "task_name": "HotpotQA-Fa",
  "mteb_version": "1.38.34",
  "scores": {
    "test": [
      {
        "ndcg_at_1": 0.39554,
        "ndcg_at_3": 0.30196,
        "ndcg_at_5": 0.32043,
        "ndcg_at_10": 0.33849,
        "ndcg_at_20": 0.35229,
        "ndcg_at_100": 0.37578,
        "ndcg_at_1000": 0.39731,
        "map_at_1": 0.19777,
        "map_at_3": 0.24513,
        "map_at_5": 0.25585,
        "map_at_10": 0.2644,
        "map_at_20": 0.26869,
        "map_at_100": 0.27243,
        "map_at_1000": 0.27332,
        "recall_at_1": 0.19777,
        "recall_at_3": 0.28089,
        "recall_at_5": 0.31756,
        "recall_at_10": 0.36307,
        "recall_at_20": 0.40763,
        "recall_at_100": 0.51222,
        "recall_at_1000": 0.65638,
        "precision_at_1": 0.39554,
        "precision_at_3": 0.18726,
        "precision_at_5": 0.12702,
        "precision_at_10": 0.07261,
        "precision_at_20": 0.04076,
        "precision_at_100": 0.01024,
        "precision_at_1000": 0.00131,
        "mrr_at_1": 0.395544,
        "mrr_at_3": 0.446815,
        "mrr_at_5": 0.458719,
        "mrr_at_10": 0.465956,
        "mrr_at_20": 0.469694,
        "mrr_at_100": 0.472435,
        "mrr_at_1000": 0.472906,
        "nauc_ndcg_at_1_max": 0.3889,
        "nauc_ndcg_at_1_std": 0.056756,
        "nauc_ndcg_at_1_diff1": 0.630239,
        "nauc_ndcg_at_3_max": 0.381998,
        "nauc_ndcg_at_3_std": 0.06985,
        "nauc_ndcg_at_3_diff1": 0.540036,
        "nauc_ndcg_at_5_max": 0.376148,
        "nauc_ndcg_at_5_std": 0.078704,
        "nauc_ndcg_at_5_diff1": 0.519354,
        "nauc_ndcg_at_10_max": 0.372635,
        "nauc_ndcg_at_10_std": 0.094004,
        "nauc_ndcg_at_10_diff1": 0.497936,
        "nauc_ndcg_at_20_max": 0.369335,
        "nauc_ndcg_at_20_std": 0.100247,
        "nauc_ndcg_at_20_diff1": 0.488425,
        "nauc_ndcg_at_100_max": 0.369423,
        "nauc_ndcg_at_100_std": 0.113352,
        "nauc_ndcg_at_100_diff1": 0.480978,
        "nauc_ndcg_at_1000_max": 0.371271,
        "nauc_ndcg_at_1000_std": 0.119567,
        "nauc_ndcg_at_1000_diff1": 0.477867,
        "nauc_map_at_1_max": 0.3889,
        "nauc_map_at_1_std": 0.056756,
        "nauc_map_at_1_diff1": 0.630239,
        "nauc_map_at_3_max": 0.376551,
        "nauc_map_at_3_std": 0.065294,
        "nauc_map_at_3_diff1": 0.532614,
        "nauc_map_at_5_max": 0.371355,
        "nauc_map_at_5_std": 0.070881,
        "nauc_map_at_5_diff1": 0.516382,
        "nauc_map_at_10_max": 0.369255,
        "nauc_map_at_10_std": 0.079535,
        "nauc_map_at_10_diff1": 0.502832,
        "nauc_map_at_20_max": 0.36786,
        "nauc_map_at_20_std": 0.082069,
        "nauc_map_at_20_diff1": 0.498923,
        "nauc_map_at_100_max": 0.368241,
        "nauc_map_at_100_std": 0.084842,
        "nauc_map_at_100_diff1": 0.497663,
        "nauc_map_at_1000_max": 0.36828,
        "nauc_map_at_1000_std": 0.085201,
        "nauc_map_at_1000_diff1": 0.497476,
        "nauc_recall_at_1_max": 0.3889,
        "nauc_recall_at_1_std": 0.056756,
        "nauc_recall_at_1_diff1": 0.630239,
        "nauc_recall_at_3_max": 0.373682,
        "nauc_recall_at_3_std": 0.077902,
        "nauc_recall_at_3_diff1": 0.482486,
        "nauc_recall_at_5_max": 0.351605,
        "nauc_recall_at_5_std": 0.095342,
        "nauc_recall_at_5_diff1": 0.426544,
        "nauc_recall_at_10_max": 0.322662,
        "nauc_recall_at_10_std": 0.128541,
        "nauc_recall_at_10_diff1": 0.349791,
        "nauc_recall_at_20_max": 0.303432,
        "nauc_recall_at_20_std": 0.145773,
        "nauc_recall_at_20_diff1": 0.308874,
        "nauc_recall_at_100_max": 0.263793,
        "nauc_recall_at_100_std": 0.188955,
        "nauc_recall_at_100_diff1": 0.22813,
        "nauc_recall_at_1000_max": 0.236332,
        "nauc_recall_at_1000_std": 0.227835,
        "nauc_recall_at_1000_diff1": 0.142792,
        "nauc_precision_at_1_max": 0.3889,
        "nauc_precision_at_1_std": 0.056756,
        "nauc_precision_at_1_diff1": 0.630239,
        "nauc_precision_at_3_max": 0.373682,
        "nauc_precision_at_3_std": 0.077902,
        "nauc_precision_at_3_diff1": 0.482486,
        "nauc_precision_at_5_max": 0.351605,
        "nauc_precision_at_5_std": 0.095342,
        "nauc_precision_at_5_diff1": 0.426544,
        "nauc_precision_at_10_max": 0.322662,
        "nauc_precision_at_10_std": 0.128541,
        "nauc_precision_at_10_diff1": 0.349791,
        "nauc_precision_at_20_max": 0.303432,
        "nauc_precision_at_20_std": 0.145773,
        "nauc_precision_at_20_diff1": 0.308874,
        "nauc_precision_at_100_max": 0.263793,
        "nauc_precision_at_100_std": 0.188955,
        "nauc_precision_at_100_diff1": 0.22813,
        "nauc_precision_at_1000_max": 0.236332,
        "nauc_precision_at_1000_std": 0.227835,
        "nauc_precision_at_1000_diff1": 0.142792,
        "nauc_mrr_at_1_max": 0.3889,
        "nauc_mrr_at_1_std": 0.056756,
        "nauc_mrr_at_1_diff1": 0.630239,
        "nauc_mrr_at_3_max": 0.393127,
        "nauc_mrr_at_3_std": 0.068238,
        "nauc_mrr_at_3_diff1": 0.594157,
        "nauc_mrr_at_5_max": 0.3927,
        "nauc_mrr_at_5_std": 0.072629,
        "nauc_mrr_at_5_diff1": 0.588841,
        "nauc_mrr_at_10_max": 0.392815,
        "nauc_mrr_at_10_std": 0.076991,
        "nauc_mrr_at_10_diff1": 0.5859,
        "nauc_mrr_at_20_max": 0.392692,
        "nauc_mrr_at_20_std": 0.077714,
        "nauc_mrr_at_20_diff1": 0.585517,
        "nauc_mrr_at_100_max": 0.392529,
        "nauc_mrr_at_100_std": 0.078003,
        "nauc_mrr_at_100_diff1": 0.585436,
        "nauc_mrr_at_1000_max": 0.392626,
        "nauc_mrr_at_1000_std": 0.078022,
        "nauc_mrr_at_1000_diff1": 0.585553,
        "main_score": 0.33849,
        "hf_subset": "default",
        "languages": [
          "fas-Arab"
        ]
      }
    ]
  },
  "evaluation_time": 19647.14887523651,
  "kg_co2_emissions": null
}