{
  "dataset_revision": "6d1962c527217f8927fca80f890f14f36b2802af",
  "task_name": "MIRACLReranking",
  "mteb_version": "1.38.34",
  "scores": {
    "dev": [
      {
        "NDCG@1(MIRACL)": 0.30854,
        "NDCG@3(MIRACL)": 0.37394,
        "NDCG@5(MIRACL)": 0.40344,
        "NDCG@10(MIRACL)": 0.45183,
        "NDCG@20(MIRACL)": 0.48392,
        "NDCG@100(MIRACL)": 0.50722,
        "NDCG@1000(MIRACL)": 0.50722,
        "MAP@1(MIRACL)": 0.22598,
        "MAP@3(MIRACL)": 0.32366,
        "MAP@5(MIRACL)": 0.34819,
        "MAP@10(MIRACL)": 0.37547,
        "MAP@20(MIRACL)": 0.38837,
        "MAP@100(MIRACL)": 0.39409,
        "MAP@1000(MIRACL)": 0.39409,
        "Recall@1(MIRACL)": 0.22598,
        "Recall@3(MIRACL)": 0.41391,
        "Recall@5(MIRACL)": 0.48348,
        "Recall@10(MIRACL)": 0.61157,
        "Recall@20(MIRACL)": 0.71581,
        "Recall@100(MIRACL)": 0.81487,
        "Recall@1000(MIRACL)": 0.81487,
        "P@1(MIRACL)": 0.30854,
        "P@3(MIRACL)": 0.20992,
        "P@5(MIRACL)": 0.15633,
        "P@10(MIRACL)": 0.10411,
        "P@20(MIRACL)": 0.06297,
        "P@100(MIRACL)": 0.01467,
        "P@1000(MIRACL)": 0.00147,
        "nAUC_NDCG@1_max(MIRACL)": 0.162594,
        "nAUC_NDCG@1_std(MIRACL)": 0.019775,
        "nAUC_NDCG@1_diff1(MIRACL)": 0.238808,
        "nAUC_NDCG@3_max(MIRACL)": 0.196119,
        "nAUC_NDCG@3_std(MIRACL)": 0.010356,
        "nAUC_NDCG@3_diff1(MIRACL)": 0.227859,
        "nAUC_NDCG@5_max(MIRACL)": 0.196599,
        "nAUC_NDCG@5_std(MIRACL)": 0.023257,
        "nAUC_NDCG@5_diff1(MIRACL)": 0.212353,
        "nAUC_NDCG@10_max(MIRACL)": 0.234838,
        "nAUC_NDCG@10_std(MIRACL)": 0.037986,
        "nAUC_NDCG@10_diff1(MIRACL)": 0.188405,
        "nAUC_NDCG@20_max(MIRACL)": 0.260517,
        "nAUC_NDCG@20_std(MIRACL)": 0.071014,
        "nAUC_NDCG@20_diff1(MIRACL)": 0.182961,
        "nAUC_NDCG@100_max(MIRACL)": 0.261024,
        "nAUC_NDCG@100_std(MIRACL)": 0.065972,
        "nAUC_NDCG@100_diff1(MIRACL)": 0.169374,
        "nAUC_NDCG@1000_max(MIRACL)": 0.261024,
        "nAUC_NDCG@1000_std(MIRACL)": 0.065972,
        "nAUC_NDCG@1000_diff1(MIRACL)": 0.169374,
        "nAUC_MAP@1_max(MIRACL)": 0.097269,
        "nAUC_MAP@1_std(MIRACL)": -0.01567,
        "nAUC_MAP@1_diff1(MIRACL)": 0.299148,
        "nAUC_MAP@3_max(MIRACL)": 0.15887,
        "nAUC_MAP@3_std(MIRACL)": -0.004637,
        "nAUC_MAP@3_diff1(MIRACL)": 0.250145,
        "nAUC_MAP@5_max(MIRACL)": 0.167733,
        "nAUC_MAP@5_std(MIRACL)": 0.007575,
        "nAUC_MAP@5_diff1(MIRACL)": 0.231707,
        "nAUC_MAP@10_max(MIRACL)": 0.192198,
        "nAUC_MAP@10_std(MIRACL)": 0.017729,
        "nAUC_MAP@10_diff1(MIRACL)": 0.215153,
        "nAUC_MAP@20_max(MIRACL)": 0.203712,
        "nAUC_MAP@20_std(MIRACL)": 0.029458,
        "nAUC_MAP@20_diff1(MIRACL)": 0.213526,
        "nAUC_MAP@100_max(MIRACL)": 0.204391,
        "nAUC_MAP@100_std(MIRACL)": 0.02843,
        "nAUC_MAP@100_diff1(MIRACL)": 0.210538,
        "nAUC_MAP@1000_max(MIRACL)": 0.204391,
        "nAUC_MAP@1000_std(MIRACL)": 0.02843,
        "nAUC_MAP@1000_diff1(MIRACL)": 0.210538,
        "nAUC_Recall@1_max(MIRACL)": 0.097269,
        "nAUC_Recall@1_std(MIRACL)": -0.01567,
        "nAUC_Recall@1_diff1(MIRACL)": 0.299148,
        "nAUC_Recall@3_max(MIRACL)": 0.184574,
        "nAUC_Recall@3_std(MIRACL)": -6e-06,
        "nAUC_Recall@3_diff1(MIRACL)": 0.216792,
        "nAUC_Recall@5_max(MIRACL)": 0.189676,
        "nAUC_Recall@5_std(MIRACL)": 0.031924,
        "nAUC_Recall@5_diff1(MIRACL)": 0.176747,
        "nAUC_Recall@10_max(MIRACL)": 0.297081,
        "nAUC_Recall@10_std(MIRACL)": 0.076861,
        "nAUC_Recall@10_diff1(MIRACL)": 0.110629,
        "nAUC_Recall@20_max(MIRACL)": 0.416494,
        "nAUC_Recall@20_std(MIRACL)": 0.227536,
        "nAUC_Recall@20_diff1(MIRACL)": 0.079674,
        "nAUC_Recall@100_max(MIRACL)": 0.498393,
        "nAUC_Recall@100_std(MIRACL)": 0.262664,
        "nAUC_Recall@100_diff1(MIRACL)": -0.036173,
        "nAUC_Recall@1000_max(MIRACL)": 0.498393,
        "nAUC_Recall@1000_std(MIRACL)": 0.262664,
        "nAUC_Recall@1000_diff1(MIRACL)": -0.036173,
        "nAUC_P@1_max(MIRACL)": 0.162594,
        "nAUC_P@1_std(MIRACL)": 0.019775,
        "nAUC_P@1_diff1(MIRACL)": 0.238808,
        "nAUC_P@3_max(MIRACL)": 0.244861,
        "nAUC_P@3_std(MIRACL)": 0.050216,
        "nAUC_P@3_diff1(MIRACL)": 0.085832,
        "nAUC_P@5_max(MIRACL)": 0.244637,
        "nAUC_P@5_std(MIRACL)": 0.07603,
        "nAUC_P@5_diff1(MIRACL)": 0.019425,
        "nAUC_P@10_max(MIRACL)": 0.288334,
        "nAUC_P@10_std(MIRACL)": 0.093236,
        "nAUC_P@10_diff1(MIRACL)": -0.069926,
        "nAUC_P@20_max(MIRACL)": 0.297363,
        "nAUC_P@20_std(MIRACL)": 0.138896,
        "nAUC_P@20_diff1(MIRACL)": -0.096592,
        "nAUC_P@100_max(MIRACL)": 0.242031,
        "nAUC_P@100_std(MIRACL)": 0.097222,
        "nAUC_P@100_diff1(MIRACL)": -0.148229,
        "nAUC_P@1000_max(MIRACL)": 0.242031,
        "nAUC_P@1000_std(MIRACL)": 0.097222,
        "nAUC_P@1000_diff1(MIRACL)": -0.148229,
        "main_score": 0.45183,
        "hf_subset": "fa",
        "languages": [
          "fas-Arab"
        ]
      }
    ]
  },
  "evaluation_time": 417.4389567375183,
  "kg_co2_emissions": null
}