{
  "dataset_revision": "88f90b0b04f91778ba5341095b0a9f1d7799ce10",
  "task_name": "MSMARCO-Fa",
  "mteb_version": "1.38.34",
  "scores": {
    "dev": [
      {
        "ndcg_at_1": 0.08195,
        "ndcg_at_3": 0.13075,
        "ndcg_at_5": 0.15198,
        "ndcg_at_10": 0.17673,
        "ndcg_at_20": 0.19645,
        "ndcg_at_100": 0.22868,
        "ndcg_at_1000": 0.25575,
        "map_at_1": 0.07991,
        "map_at_3": 0.11782,
        "map_at_5": 0.12961,
        "map_at_10": 0.13979,
        "map_at_20": 0.14526,
        "map_at_100": 0.14965,
        "map_at_1000": 0.15057,
        "recall_at_1": 0.07991,
        "recall_at_3": 0.16572,
        "recall_at_5": 0.21697,
        "recall_at_10": 0.29285,
        "recall_at_20": 0.36973,
        "recall_at_100": 0.54267,
        "recall_at_1000": 0.75907,
        "precision_at_1": 0.08195,
        "precision_at_3": 0.05712,
        "precision_at_5": 0.04493,
        "precision_at_10": 0.0304,
        "precision_at_20": 0.01928,
        "precision_at_100": 0.0057,
        "precision_at_1000": 0.0008,
        "mrr_at_1": 0.081662,
        "mrr_at_3": 0.120081,
        "mrr_at_5": 0.131929,
        "mrr_at_10": 0.14232,
        "mrr_at_20": 0.147743,
        "mrr_at_100": 0.152078,
        "mrr_at_1000": 0.152955,
        "nauc_ndcg_at_1_max": 0.021941,
        "nauc_ndcg_at_1_std": -0.042162,
        "nauc_ndcg_at_1_diff1": 0.250625,
        "nauc_ndcg_at_3_max": 0.024371,
        "nauc_ndcg_at_3_std": -0.046459,
        "nauc_ndcg_at_3_diff1": 0.206179,
        "nauc_ndcg_at_5_max": 0.029559,
        "nauc_ndcg_at_5_std": -0.039965,
        "nauc_ndcg_at_5_diff1": 0.199417,
        "nauc_ndcg_at_10_max": 0.03834,
        "nauc_ndcg_at_10_std": -0.020245,
        "nauc_ndcg_at_10_diff1": 0.183276,
        "nauc_ndcg_at_20_max": 0.049088,
        "nauc_ndcg_at_20_std": -0.002814,
        "nauc_ndcg_at_20_diff1": 0.178281,
        "nauc_ndcg_at_100_max": 0.071207,
        "nauc_ndcg_at_100_std": 0.0451,
        "nauc_ndcg_at_100_diff1": 0.171465,
        "nauc_ndcg_at_1000_max": 0.083078,
        "nauc_ndcg_at_1000_std": 0.056719,
        "nauc_ndcg_at_1000_diff1": 0.16969,
        "nauc_map_at_1_max": 0.020915,
        "nauc_map_at_1_std": -0.042888,
        "nauc_map_at_1_diff1": 0.257552,
        "nauc_map_at_3_max": 0.023326,
        "nauc_map_at_3_std": -0.046923,
        "nauc_map_at_3_diff1": 0.216077,
        "nauc_map_at_5_max": 0.026344,
        "nauc_map_at_5_std": -0.04303,
        "nauc_map_at_5_diff1": 0.211055,
        "nauc_map_at_10_max": 0.030575,
        "nauc_map_at_10_std": -0.033213,
        "nauc_map_at_10_diff1": 0.202927,
        "nauc_map_at_20_max": 0.034042,
        "nauc_map_at_20_std": -0.027533,
        "nauc_map_at_20_diff1": 0.201175,
        "nauc_map_at_100_max": 0.037567,
        "nauc_map_at_100_std": -0.019734,
        "nauc_map_at_100_diff1": 0.199917,
        "nauc_map_at_1000_max": 0.037972,
        "nauc_map_at_1000_std": -0.019182,
        "nauc_map_at_1000_diff1": 0.199871,
        "nauc_recall_at_1_max": 0.020915,
        "nauc_recall_at_1_std": -0.042888,
        "nauc_recall_at_1_diff1": 0.257552,
        "nauc_recall_at_3_max": 0.025249,
        "nauc_recall_at_3_std": -0.047542,
        "nauc_recall_at_3_diff1": 0.186616,
        "nauc_recall_at_5_max": 0.03419,
        "nauc_recall_at_5_std": -0.035247,
        "nauc_recall_at_5_diff1": 0.176988,
        "nauc_recall_at_10_max": 0.051717,
        "nauc_recall_at_10_std": 0.005726,
        "nauc_recall_at_10_diff1": 0.14607,
        "nauc_recall_at_20_max": 0.079132,
        "nauc_recall_at_20_std": 0.050461,
        "nauc_recall_at_20_diff1": 0.134149,
        "nauc_recall_at_100_max": 0.164031,
        "nauc_recall_at_100_std": 0.236473,
        "nauc_recall_at_100_diff1": 0.105181,
        "nauc_recall_at_1000_max": 0.308321,
        "nauc_recall_at_1000_std": 0.424371,
        "nauc_recall_at_1000_diff1": 0.056985,
        "nauc_precision_at_1_max": 0.021941,
        "nauc_precision_at_1_std": -0.042162,
        "nauc_precision_at_1_diff1": 0.250625,
        "nauc_precision_at_3_max": 0.028645,
        "nauc_precision_at_3_std": -0.046131,
        "nauc_precision_at_3_diff1": 0.181523,
        "nauc_precision_at_5_max": 0.040033,
        "nauc_precision_at_5_std": -0.031602,
        "nauc_precision_at_5_diff1": 0.17334,
        "nauc_precision_at_10_max": 0.060652,
        "nauc_precision_at_10_std": 0.010989,
        "nauc_precision_at_10_diff1": 0.141149,
        "nauc_precision_at_20_max": 0.090576,
        "nauc_precision_at_20_std": 0.059839,
        "nauc_precision_at_20_diff1": 0.126417,
        "nauc_precision_at_100_max": 0.181353,
        "nauc_precision_at_100_std": 0.237835,
        "nauc_precision_at_100_diff1": 0.098624,
        "nauc_precision_at_1000_max": 0.305737,
        "nauc_precision_at_1000_std": 0.372646,
        "nauc_precision_at_1000_diff1": 0.042012,
        "nauc_mrr_at_1_max": 0.020289,
        "nauc_mrr_at_1_std": -0.042743,
        "nauc_mrr_at_1_diff1": 0.253521,
        "nauc_mrr_at_3_max": 0.024311,
        "nauc_mrr_at_3_std": -0.04404,
        "nauc_mrr_at_3_diff1": 0.213266,
        "nauc_mrr_at_5_max": 0.02807,
        "nauc_mrr_at_5_std": -0.040072,
        "nauc_mrr_at_5_diff1": 0.208831,
        "nauc_mrr_at_10_max": 0.03269,
        "nauc_mrr_at_10_std": -0.030771,
        "nauc_mrr_at_10_diff1": 0.200499,
        "nauc_mrr_at_20_max": 0.036102,
        "nauc_mrr_at_20_std": -0.025235,
        "nauc_mrr_at_20_diff1": 0.198918,
        "nauc_mrr_at_100_max": 0.039296,
        "nauc_mrr_at_100_std": -0.017855,
        "nauc_mrr_at_100_diff1": 0.197826,
        "nauc_mrr_at_1000_max": 0.039601,
        "nauc_mrr_at_1000_std": -0.01745,
        "nauc_mrr_at_1000_diff1": 0.197789,
        "main_score": 0.17673,
        "hf_subset": "default",
        "languages": [
          "fas-Arab"
        ]
      }
    ]
  },
  "evaluation_time": 40437.85940718651,
  "kg_co2_emissions": null
}