{
  "dataset_revision": "70aa71825a791e87210c0355a01f538aa611feae",
  "task_name": "NFCorpus-Fa",
  "mteb_version": "1.38.34",
  "scores": {
    "test": [
      {
        "ndcg_at_1": 0.32508,
        "ndcg_at_3": 0.29459,
        "ndcg_at_5": 0.27932,
        "ndcg_at_10": 0.25302,
        "ndcg_at_20": 0.23218,
        "ndcg_at_100": 0.22609,
        "ndcg_at_1000": 0.31199,
        "map_at_1": 0.03883,
        "map_at_3": 0.06012,
        "map_at_5": 0.07083,
        "map_at_10": 0.08259,
        "map_at_20": 0.0915,
        "map_at_100": 0.1033,
        "map_at_1000": 0.11418,
        "recall_at_1": 0.03883,
        "recall_at_3": 0.06705,
        "recall_at_5": 0.0855,
        "recall_at_10": 0.11286,
        "recall_at_20": 0.14615,
        "recall_at_100": 0.23637,
        "recall_at_1000": 0.5347,
        "precision_at_1": 0.34985,
        "precision_at_3": 0.28173,
        "precision_at_5": 0.24954,
        "precision_at_10": 0.19195,
        "precision_at_20": 0.13777,
        "precision_at_100": 0.05898,
        "precision_at_1000": 0.01805,
        "mrr_at_1": 0.349845,
        "mrr_at_3": 0.412281,
        "mrr_at_5": 0.426367,
        "mrr_at_10": 0.434717,
        "mrr_at_20": 0.438881,
        "mrr_at_100": 0.441505,
        "mrr_at_1000": 0.442104,
        "nauc_ndcg_at_1_max": 0.296357,
        "nauc_ndcg_at_1_std": 0.110056,
        "nauc_ndcg_at_1_diff1": 0.304521,
        "nauc_ndcg_at_3_max": 0.36363,
        "nauc_ndcg_at_3_std": 0.211463,
        "nauc_ndcg_at_3_diff1": 0.194602,
        "nauc_ndcg_at_5_max": 0.35282,
        "nauc_ndcg_at_5_std": 0.229681,
        "nauc_ndcg_at_5_diff1": 0.158701,
        "nauc_ndcg_at_10_max": 0.363122,
        "nauc_ndcg_at_10_std": 0.242186,
        "nauc_ndcg_at_10_diff1": 0.143862,
        "nauc_ndcg_at_20_max": 0.360646,
        "nauc_ndcg_at_20_std": 0.257682,
        "nauc_ndcg_at_20_diff1": 0.142291,
        "nauc_ndcg_at_100_max": 0.384141,
        "nauc_ndcg_at_100_std": 0.271847,
        "nauc_ndcg_at_100_diff1": 0.137701,
        "nauc_ndcg_at_1000_max": 0.438204,
        "nauc_ndcg_at_1000_std": 0.326439,
        "nauc_ndcg_at_1000_diff1": 0.146278,
        "nauc_map_at_1_max": 0.199651,
        "nauc_map_at_1_std": -0.129262,
        "nauc_map_at_1_diff1": 0.340479,
        "nauc_map_at_3_max": 0.215299,
        "nauc_map_at_3_std": -0.047276,
        "nauc_map_at_3_diff1": 0.241143,
        "nauc_map_at_5_max": 0.237235,
        "nauc_map_at_5_std": 0.012553,
        "nauc_map_at_5_diff1": 0.211246,
        "nauc_map_at_10_max": 0.262248,
        "nauc_map_at_10_std": 0.053282,
        "nauc_map_at_10_diff1": 0.18463,
        "nauc_map_at_20_max": 0.271315,
        "nauc_map_at_20_std": 0.084568,
        "nauc_map_at_20_diff1": 0.163773,
        "nauc_map_at_100_max": 0.281016,
        "nauc_map_at_100_std": 0.138494,
        "nauc_map_at_100_diff1": 0.135955,
        "nauc_map_at_1000_max": 0.287177,
        "nauc_map_at_1000_std": 0.170741,
        "nauc_map_at_1000_diff1": 0.123384,
        "nauc_recall_at_1_max": 0.199651,
        "nauc_recall_at_1_std": -0.129262,
        "nauc_recall_at_1_diff1": 0.340479,
        "nauc_recall_at_3_max": 0.238687,
        "nauc_recall_at_3_std": -0.035804,
        "nauc_recall_at_3_diff1": 0.220974,
        "nauc_recall_at_5_max": 0.255061,
        "nauc_recall_at_5_std": 0.038618,
        "nauc_recall_at_5_diff1": 0.181016,
        "nauc_recall_at_10_max": 0.284631,
        "nauc_recall_at_10_std": 0.076293,
        "nauc_recall_at_10_diff1": 0.175079,
        "nauc_recall_at_20_max": 0.264216,
        "nauc_recall_at_20_std": 0.11432,
        "nauc_recall_at_20_diff1": 0.14036,
        "nauc_recall_at_100_max": 0.269193,
        "nauc_recall_at_100_std": 0.227175,
        "nauc_recall_at_100_diff1": 0.076736,
        "nauc_recall_at_1000_max": 0.247152,
        "nauc_recall_at_1000_std": 0.261081,
        "nauc_recall_at_1000_diff1": 0.082465,
        "nauc_precision_at_1_max": 0.336731,
        "nauc_precision_at_1_std": 0.14387,
        "nauc_precision_at_1_diff1": 0.295639,
        "nauc_precision_at_3_max": 0.371909,
        "nauc_precision_at_3_std": 0.282589,
        "nauc_precision_at_3_diff1": 0.106938,
        "nauc_precision_at_5_max": 0.339787,
        "nauc_precision_at_5_std": 0.317992,
        "nauc_precision_at_5_diff1": 0.041657,
        "nauc_precision_at_10_max": 0.325329,
        "nauc_precision_at_10_std": 0.354203,
        "nauc_precision_at_10_diff1": -0.007382,
        "nauc_precision_at_20_max": 0.285933,
        "nauc_precision_at_20_std": 0.410488,
        "nauc_precision_at_20_diff1": -0.045161,
        "nauc_precision_at_100_max": 0.190577,
        "nauc_precision_at_100_std": 0.435405,
        "nauc_precision_at_100_diff1": -0.111993,
        "nauc_precision_at_1000_max": 0.089827,
        "nauc_precision_at_1000_std": 0.305906,
        "nauc_precision_at_1000_diff1": -0.079235,
        "nauc_mrr_at_1_max": 0.336731,
        "nauc_mrr_at_1_std": 0.14387,
        "nauc_mrr_at_1_diff1": 0.295639,
        "nauc_mrr_at_3_max": 0.395934,
        "nauc_mrr_at_3_std": 0.185382,
        "nauc_mrr_at_3_diff1": 0.270278,
        "nauc_mrr_at_5_max": 0.395475,
        "nauc_mrr_at_5_std": 0.190635,
        "nauc_mrr_at_5_diff1": 0.258897,
        "nauc_mrr_at_10_max": 0.399665,
        "nauc_mrr_at_10_std": 0.198225,
        "nauc_mrr_at_10_diff1": 0.258868,
        "nauc_mrr_at_20_max": 0.404314,
        "nauc_mrr_at_20_std": 0.204578,
        "nauc_mrr_at_20_diff1": 0.263726,
        "nauc_mrr_at_100_max": 0.403989,
        "nauc_mrr_at_100_std": 0.20361,
        "nauc_mrr_at_100_diff1": 0.263215,
        "nauc_mrr_at_1000_max": 0.403624,
        "nauc_mrr_at_1000_std": 0.203176,
        "nauc_mrr_at_1000_diff1": 0.263336,
        "main_score": 0.25302,
        "hf_subset": "default",
        "languages": [
          "fas-Arab"
        ]
      }
    ]
  },
  "evaluation_time": 60.357091665267944,
  "kg_co2_emissions": null
}