{
  "dataset_revision": "6611ebf4b4c1aaf8b021e4728440db2188291b8b",
  "task_name": "SCIDOCS-Fa",
  "mteb_version": "1.38.34",
  "scores": {
    "test": [
      {
        "ndcg_at_1": 0.146,
        "ndcg_at_3": 0.11877,
        "ndcg_at_5": 0.10318,
        "ndcg_at_10": 0.12423,
        "ndcg_at_20": 0.14434,
        "ndcg_at_100": 0.18657,
        "ndcg_at_1000": 0.23923,
        "map_at_1": 0.02973,
        "map_at_3": 0.05207,
        "map_at_5": 0.06142,
        "map_at_10": 0.07078,
        "map_at_20": 0.07755,
        "map_at_100": 0.08477,
        "map_at_1000": 0.08724,
        "recall_at_1": 0.02973,
        "recall_at_3": 0.06787,
        "recall_at_5": 0.09177,
        "recall_at_10": 0.13037,
        "recall_at_20": 0.1776,
        "recall_at_100": 0.31468,
        "recall_at_1000": 0.57483,
        "precision_at_1": 0.146,
        "precision_at_3": 0.11133,
        "precision_at_5": 0.0904,
        "precision_at_10": 0.0643,
        "precision_at_20": 0.0438,
        "precision_at_100": 0.01552,
        "precision_at_1000": 0.00283,
        "mrr_at_1": 0.146,
        "mrr_at_3": 0.197667,
        "mrr_at_5": 0.210117,
        "mrr_at_10": 0.221352,
        "mrr_at_20": 0.227628,
        "mrr_at_100": 0.233201,
        "mrr_at_1000": 0.234138,
        "nauc_ndcg_at_1_max": 0.271933,
        "nauc_ndcg_at_1_std": 0.066998,
        "nauc_ndcg_at_1_diff1": 0.329885,
        "nauc_ndcg_at_3_max": 0.272302,
        "nauc_ndcg_at_3_std": 0.06216,
        "nauc_ndcg_at_3_diff1": 0.262887,
        "nauc_ndcg_at_5_max": 0.284857,
        "nauc_ndcg_at_5_std": 0.08606,
        "nauc_ndcg_at_5_diff1": 0.244175,
        "nauc_ndcg_at_10_max": 0.286676,
        "nauc_ndcg_at_10_std": 0.114985,
        "nauc_ndcg_at_10_diff1": 0.224993,
        "nauc_ndcg_at_20_max": 0.297017,
        "nauc_ndcg_at_20_std": 0.145886,
        "nauc_ndcg_at_20_diff1": 0.222146,
        "nauc_ndcg_at_100_max": 0.303309,
        "nauc_ndcg_at_100_std": 0.196295,
        "nauc_ndcg_at_100_diff1": 0.206195,
        "nauc_ndcg_at_1000_max": 0.315006,
        "nauc_ndcg_at_1000_std": 0.2199,
        "nauc_ndcg_at_1000_diff1": 0.190267,
        "nauc_map_at_1_max": 0.273617,
        "nauc_map_at_1_std": 0.067726,
        "nauc_map_at_1_diff1": 0.333779,
        "nauc_map_at_3_max": 0.281679,
        "nauc_map_at_3_std": 0.057879,
        "nauc_map_at_3_diff1": 0.287328,
        "nauc_map_at_5_max": 0.297881,
        "nauc_map_at_5_std": 0.077675,
        "nauc_map_at_5_diff1": 0.269563,
        "nauc_map_at_10_max": 0.295588,
        "nauc_map_at_10_std": 0.097135,
        "nauc_map_at_10_diff1": 0.251338,
        "nauc_map_at_20_max": 0.297618,
        "nauc_map_at_20_std": 0.114449,
        "nauc_map_at_20_diff1": 0.246905,
        "nauc_map_at_100_max": 0.300136,
        "nauc_map_at_100_std": 0.132001,
        "nauc_map_at_100_diff1": 0.242308,
        "nauc_map_at_1000_max": 0.301644,
        "nauc_map_at_1000_std": 0.135892,
        "nauc_map_at_1000_diff1": 0.240356,
        "nauc_recall_at_1_max": 0.273617,
        "nauc_recall_at_1_std": 0.067726,
        "nauc_recall_at_1_diff1": 0.333779,
        "nauc_recall_at_3_max": 0.266004,
        "nauc_recall_at_3_std": 0.05863,
        "nauc_recall_at_3_diff1": 0.2392,
        "nauc_recall_at_5_max": 0.284019,
        "nauc_recall_at_5_std": 0.098287,
        "nauc_recall_at_5_diff1": 0.205856,
        "nauc_recall_at_10_max": 0.279653,
        "nauc_recall_at_10_std": 0.147291,
        "nauc_recall_at_10_diff1": 0.170853,
        "nauc_recall_at_20_max": 0.287222,
        "nauc_recall_at_20_std": 0.200814,
        "nauc_recall_at_20_diff1": 0.16353,
        "nauc_recall_at_100_max": 0.27875,
        "nauc_recall_at_100_std": 0.298176,
        "nauc_recall_at_100_diff1": 0.117751,
        "nauc_recall_at_1000_max": 0.273407,
        "nauc_recall_at_1000_std": 0.343018,
        "nauc_recall_at_1000_diff1": 0.03716,
        "nauc_precision_at_1_max": 0.271933,
        "nauc_precision_at_1_std": 0.066998,
        "nauc_precision_at_1_diff1": 0.329885,
        "nauc_precision_at_3_max": 0.266829,
        "nauc_precision_at_3_std": 0.058279,
        "nauc_precision_at_3_diff1": 0.237162,
        "nauc_precision_at_5_max": 0.284326,
        "nauc_precision_at_5_std": 0.09823,
        "nauc_precision_at_5_diff1": 0.204892,
        "nauc_precision_at_10_max": 0.280711,
        "nauc_precision_at_10_std": 0.147543,
        "nauc_precision_at_10_diff1": 0.16912,
        "nauc_precision_at_20_max": 0.288565,
        "nauc_precision_at_20_std": 0.199591,
        "nauc_precision_at_20_diff1": 0.161216,
        "nauc_precision_at_100_max": 0.277828,
        "nauc_precision_at_100_std": 0.294243,
        "nauc_precision_at_100_diff1": 0.114979,
        "nauc_precision_at_1000_max": 0.270818,
        "nauc_precision_at_1000_std": 0.335868,
        "nauc_precision_at_1000_diff1": 0.038544,
        "nauc_mrr_at_1_max": 0.271933,
        "nauc_mrr_at_1_std": 0.066998,
        "nauc_mrr_at_1_diff1": 0.329885,
        "nauc_mrr_at_3_max": 0.26218,
        "nauc_mrr_at_3_std": 0.072076,
        "nauc_mrr_at_3_diff1": 0.266371,
        "nauc_mrr_at_5_max": 0.263139,
        "nauc_mrr_at_5_std": 0.081045,
        "nauc_mrr_at_5_diff1": 0.257339,
        "nauc_mrr_at_10_max": 0.264498,
        "nauc_mrr_at_10_std": 0.088912,
        "nauc_mrr_at_10_diff1": 0.254396,
        "nauc_mrr_at_20_max": 0.267555,
        "nauc_mrr_at_20_std": 0.093486,
        "nauc_mrr_at_20_diff1": 0.254066,
        "nauc_mrr_at_100_max": 0.268514,
        "nauc_mrr_at_100_std": 0.095717,
        "nauc_mrr_at_100_diff1": 0.253853,
        "nauc_mrr_at_1000_max": 0.26839,
        "nauc_mrr_at_1000_std": 0.095313,
        "nauc_mrr_at_1000_diff1": 0.254067,
        "main_score": 0.12423,
        "hf_subset": "default",
        "languages": [
          "fas-Arab"
        ]
      }
    ]
  },
  "evaluation_time": 331.80312967300415,
  "kg_co2_emissions": null
}