{
  "dataset_revision": "086995ca4cea33f37a407c2fa5282f74913740ee",
  "task_name": "SynPerChatbotTopicsRetrieval",
  "mteb_version": "1.38.34",
  "scores": {
    "test": [
      {
        "ndcg_at_1": 0.11841,
        "ndcg_at_3": 0.10633,
        "ndcg_at_5": 0.12617,
        "ndcg_at_10": 0.1595,
        "ndcg_at_20": 0.19381,
        "ndcg_at_100": 0.26988,
        "ndcg_at_1000": 0.32522,
        "map_at_1": 0.0373,
        "map_at_3": 0.06559,
        "map_at_5": 0.07656,
        "map_at_10": 0.08973,
        "map_at_20": 0.09974,
        "map_at_100": 0.11315,
        "map_at_1000": 0.11667,
        "recall_at_1": 0.0373,
        "recall_at_3": 0.09642,
        "recall_at_5": 0.13702,
        "recall_at_10": 0.20934,
        "recall_at_20": 0.304,
        "recall_at_100": 0.59337,
        "recall_at_1000": 0.90098,
        "precision_at_1": 0.11841,
        "precision_at_3": 0.1015,
        "precision_at_5": 0.08679,
        "precision_at_10": 0.06636,
        "precision_at_20": 0.04841,
        "precision_at_100": 0.01899,
        "precision_at_1000": 0.00288,
        "mrr_at_1": 0.119063,
        "mrr_at_3": 0.190197,
        "mrr_at_5": 0.213847,
        "mrr_at_10": 0.233423,
        "mrr_at_20": 0.244639,
        "mrr_at_100": 0.25161,
        "mrr_at_1000": 0.251912,
        "nauc_ndcg_at_1_max": 0.019138,
        "nauc_ndcg_at_1_std": -0.241105,
        "nauc_ndcg_at_1_diff1": 0.276608,
        "nauc_ndcg_at_3_max": 0.084567,
        "nauc_ndcg_at_3_std": -0.216274,
        "nauc_ndcg_at_3_diff1": 0.207367,
        "nauc_ndcg_at_5_max": 0.088347,
        "nauc_ndcg_at_5_std": -0.198281,
        "nauc_ndcg_at_5_diff1": 0.189275,
        "nauc_ndcg_at_10_max": 0.100996,
        "nauc_ndcg_at_10_std": -0.177889,
        "nauc_ndcg_at_10_diff1": 0.198287,
        "nauc_ndcg_at_20_max": 0.098763,
        "nauc_ndcg_at_20_std": -0.164391,
        "nauc_ndcg_at_20_diff1": 0.194629,
        "nauc_ndcg_at_100_max": 0.064838,
        "nauc_ndcg_at_100_std": -0.161708,
        "nauc_ndcg_at_100_diff1": 0.185211,
        "nauc_ndcg_at_1000_max": 0.048254,
        "nauc_ndcg_at_1000_std": -0.185604,
        "nauc_ndcg_at_1000_diff1": 0.18629,
        "nauc_map_at_1_max": 0.040927,
        "nauc_map_at_1_std": -0.226126,
        "nauc_map_at_1_diff1": 0.271462,
        "nauc_map_at_3_max": 0.092133,
        "nauc_map_at_3_std": -0.210748,
        "nauc_map_at_3_diff1": 0.210753,
        "nauc_map_at_5_max": 0.085609,
        "nauc_map_at_5_std": -0.208561,
        "nauc_map_at_5_diff1": 0.206081,
        "nauc_map_at_10_max": 0.089986,
        "nauc_map_at_10_std": -0.200129,
        "nauc_map_at_10_diff1": 0.21095,
        "nauc_map_at_20_max": 0.086272,
        "nauc_map_at_20_std": -0.197041,
        "nauc_map_at_20_diff1": 0.211026,
        "nauc_map_at_100_max": 0.078875,
        "nauc_map_at_100_std": -0.194897,
        "nauc_map_at_100_diff1": 0.207701,
        "nauc_map_at_1000_max": 0.076302,
        "nauc_map_at_1000_std": -0.197148,
        "nauc_map_at_1000_diff1": 0.20791,
        "nauc_recall_at_1_max": 0.040927,
        "nauc_recall_at_1_std": -0.226126,
        "nauc_recall_at_1_diff1": 0.271462,
        "nauc_recall_at_3_max": 0.121202,
        "nauc_recall_at_3_std": -0.187975,
        "nauc_recall_at_3_diff1": 0.166962,
        "nauc_recall_at_5_max": 0.10673,
        "nauc_recall_at_5_std": -0.168716,
        "nauc_recall_at_5_diff1": 0.145993,
        "nauc_recall_at_10_max": 0.12438,
        "nauc_recall_at_10_std": -0.113154,
        "nauc_recall_at_10_diff1": 0.153655,
        "nauc_recall_at_20_max": 0.108315,
        "nauc_recall_at_20_std": -0.072877,
        "nauc_recall_at_20_diff1": 0.13131,
        "nauc_recall_at_100_max": -0.002479,
        "nauc_recall_at_100_std": -0.027082,
        "nauc_recall_at_100_diff1": 0.056632,
        "nauc_recall_at_1000_max": -0.175494,
        "nauc_recall_at_1000_std": -0.060489,
        "nauc_recall_at_1000_diff1": -0.078399,
        "nauc_precision_at_1_max": 0.019138,
        "nauc_precision_at_1_std": -0.241105,
        "nauc_precision_at_1_diff1": 0.276608,
        "nauc_precision_at_3_max": 0.108816,
        "nauc_precision_at_3_std": -0.205749,
        "nauc_precision_at_3_diff1": 0.18257,
        "nauc_precision_at_5_max": 0.091007,
        "nauc_precision_at_5_std": -0.192588,
        "nauc_precision_at_5_diff1": 0.161929,
        "nauc_precision_at_10_max": 0.107559,
        "nauc_precision_at_10_std": -0.137962,
        "nauc_precision_at_10_diff1": 0.17079,
        "nauc_precision_at_20_max": 0.087832,
        "nauc_precision_at_20_std": -0.102223,
        "nauc_precision_at_20_diff1": 0.147598,
        "nauc_precision_at_100_max": -0.030694,
        "nauc_precision_at_100_std": -0.060227,
        "nauc_precision_at_100_diff1": 0.086924,
        "nauc_precision_at_1000_max": -0.167515,
        "nauc_precision_at_1000_std": -0.109758,
        "nauc_precision_at_1000_diff1": 0.02708,
        "nauc_mrr_at_1_max": 0.014537,
        "nauc_mrr_at_1_std": -0.235255,
        "nauc_mrr_at_1_diff1": 0.272231,
        "nauc_mrr_at_3_max": 0.063152,
        "nauc_mrr_at_3_std": -0.213034,
        "nauc_mrr_at_3_diff1": 0.214743,
        "nauc_mrr_at_5_max": 0.066279,
        "nauc_mrr_at_5_std": -0.204211,
        "nauc_mrr_at_5_diff1": 0.206498,
        "nauc_mrr_at_10_max": 0.073673,
        "nauc_mrr_at_10_std": -0.195823,
        "nauc_mrr_at_10_diff1": 0.211956,
        "nauc_mrr_at_20_max": 0.075319,
        "nauc_mrr_at_20_std": -0.192458,
        "nauc_mrr_at_20_diff1": 0.212089,
        "nauc_mrr_at_100_max": 0.071842,
        "nauc_mrr_at_100_std": -0.195326,
        "nauc_mrr_at_100_diff1": 0.213484,
        "nauc_mrr_at_1000_max": 0.071688,
        "nauc_mrr_at_1000_std": -0.195667,
        "nauc_mrr_at_1000_diff1": 0.213585,
        "main_score": 0.1595,
        "hf_subset": "default",
        "languages": [
          "fas-Arab"
        ]
      }
    ]
  },
  "evaluation_time": 24.979637622833252,
  "kg_co2_emissions": null
}