{
  "dataset_revision": "0f464636f91641cc6ef6f6f8f249c73f4a609982",
  "task_name": "Touche2020-Fa",
  "mteb_version": "1.38.34",
  "scores": {
    "test": [
      {
        "ndcg_at_1": 0.05102,
        "ndcg_at_3": 0.10436,
        "ndcg_at_5": 0.12495,
        "ndcg_at_10": 0.12694,
        "ndcg_at_20": 0.1505,
        "ndcg_at_100": 0.23208,
        "ndcg_at_1000": 0.35168,
        "map_at_1": 0.00545,
        "map_at_3": 0.02018,
        "map_at_5": 0.034,
        "map_at_10": 0.04978,
        "map_at_20": 0.0663,
        "map_at_100": 0.08902,
        "map_at_1000": 0.10112,
        "recall_at_1": 0.00545,
        "recall_at_3": 0.03316,
        "recall_at_5": 0.06282,
        "recall_at_10": 0.10578,
        "recall_at_20": 0.16709,
        "recall_at_100": 0.35363,
        "recall_at_1000": 0.72239,
        "precision_at_1": 0.06122,
        "precision_at_3": 0.12925,
        "precision_at_5": 0.15102,
        "precision_at_10": 0.12653,
        "precision_at_20": 0.11327,
        "precision_at_100": 0.05571,
        "precision_at_1000": 0.01324,
        "mrr_at_1": 0.061224,
        "mrr_at_3": 0.170068,
        "mrr_at_5": 0.193537,
        "mrr_at_10": 0.205159,
        "mrr_at_20": 0.224316,
        "mrr_at_100": 0.229327,
        "mrr_at_1000": 0.229553,
        "nauc_ndcg_at_1_max": 0.015844,
        "nauc_ndcg_at_1_std": 0.424626,
        "nauc_ndcg_at_1_diff1": -0.192265,
        "nauc_ndcg_at_3_max": -0.212919,
        "nauc_ndcg_at_3_std": 0.111328,
        "nauc_ndcg_at_3_diff1": 0.06046,
        "nauc_ndcg_at_5_max": -0.161691,
        "nauc_ndcg_at_5_std": 0.063769,
        "nauc_ndcg_at_5_diff1": 0.148511,
        "nauc_ndcg_at_10_max": -0.234838,
        "nauc_ndcg_at_10_std": -0.066196,
        "nauc_ndcg_at_10_diff1": 0.097505,
        "nauc_ndcg_at_20_max": -0.203672,
        "nauc_ndcg_at_20_std": -0.062236,
        "nauc_ndcg_at_20_diff1": 0.07559,
        "nauc_ndcg_at_100_max": -0.096555,
        "nauc_ndcg_at_100_std": 0.178521,
        "nauc_ndcg_at_100_diff1": 0.091044,
        "nauc_ndcg_at_1000_max": -0.095206,
        "nauc_ndcg_at_1000_std": 0.326502,
        "nauc_ndcg_at_1000_diff1": 0.114224,
        "nauc_map_at_1_max": -0.220896,
        "nauc_map_at_1_std": 0.152803,
        "nauc_map_at_1_diff1": -0.409564,
        "nauc_map_at_3_max": -0.336493,
        "nauc_map_at_3_std": -0.068311,
        "nauc_map_at_3_diff1": -0.102211,
        "nauc_map_at_5_max": -0.318492,
        "nauc_map_at_5_std": -0.112095,
        "nauc_map_at_5_diff1": -0.003258,
        "nauc_map_at_10_max": -0.348768,
        "nauc_map_at_10_std": -0.159415,
        "nauc_map_at_10_diff1": -0.038422,
        "nauc_map_at_20_max": -0.247121,
        "nauc_map_at_20_std": -0.123429,
        "nauc_map_at_20_diff1": -0.045168,
        "nauc_map_at_100_max": -0.167229,
        "nauc_map_at_100_std": -0.000635,
        "nauc_map_at_100_diff1": -0.028111,
        "nauc_map_at_1000_max": -0.165151,
        "nauc_map_at_1000_std": 0.047706,
        "nauc_map_at_1000_diff1": -0.027528,
        "nauc_recall_at_1_max": -0.220896,
        "nauc_recall_at_1_std": 0.152803,
        "nauc_recall_at_1_diff1": -0.409564,
        "nauc_recall_at_3_max": -0.368574,
        "nauc_recall_at_3_std": -0.113843,
        "nauc_recall_at_3_diff1": -0.021183,
        "nauc_recall_at_5_max": -0.275316,
        "nauc_recall_at_5_std": -0.121621,
        "nauc_recall_at_5_diff1": 0.115604,
        "nauc_recall_at_10_max": -0.319948,
        "nauc_recall_at_10_std": -0.207906,
        "nauc_recall_at_10_diff1": 0.052515,
        "nauc_recall_at_20_max": -0.228243,
        "nauc_recall_at_20_std": -0.152091,
        "nauc_recall_at_20_diff1": 0.046323,
        "nauc_recall_at_100_max": -0.039663,
        "nauc_recall_at_100_std": 0.240567,
        "nauc_recall_at_100_diff1": 0.087218,
        "nauc_recall_at_1000_max": -0.028154,
        "nauc_recall_at_1000_std": 0.562699,
        "nauc_recall_at_1000_diff1": 0.137955,
        "nauc_precision_at_1_max": -0.057365,
        "nauc_precision_at_1_std": 0.341893,
        "nauc_precision_at_1_diff1": -0.258074,
        "nauc_precision_at_3_max": -0.28117,
        "nauc_precision_at_3_std": 0.037311,
        "nauc_precision_at_3_diff1": 0.060539,
        "nauc_precision_at_5_max": -0.168571,
        "nauc_precision_at_5_std": 0.011857,
        "nauc_precision_at_5_diff1": 0.212082,
        "nauc_precision_at_10_max": -0.212268,
        "nauc_precision_at_10_std": -0.125183,
        "nauc_precision_at_10_diff1": 0.143083,
        "nauc_precision_at_20_max": -0.083571,
        "nauc_precision_at_20_std": -0.014933,
        "nauc_precision_at_20_diff1": 0.10033,
        "nauc_precision_at_100_max": 0.172149,
        "nauc_precision_at_100_std": 0.489922,
        "nauc_precision_at_100_diff1": 0.046656,
        "nauc_precision_at_1000_max": 0.316613,
        "nauc_precision_at_1000_std": 0.504239,
        "nauc_precision_at_1000_diff1": 0.030917,
        "nauc_mrr_at_1_max": -0.057365,
        "nauc_mrr_at_1_std": 0.341893,
        "nauc_mrr_at_1_diff1": -0.258074,
        "nauc_mrr_at_3_max": -0.274909,
        "nauc_mrr_at_3_std": 0.066845,
        "nauc_mrr_at_3_diff1": 0.009864,
        "nauc_mrr_at_5_max": -0.168599,
        "nauc_mrr_at_5_std": 0.115293,
        "nauc_mrr_at_5_diff1": 0.078828,
        "nauc_mrr_at_10_max": -0.174207,
        "nauc_mrr_at_10_std": 0.075584,
        "nauc_mrr_at_10_diff1": 0.076018,
        "nauc_mrr_at_20_max": -0.198995,
        "nauc_mrr_at_20_std": 0.093767,
        "nauc_mrr_at_20_diff1": 0.070347,
        "nauc_mrr_at_100_max": -0.195452,
        "nauc_mrr_at_100_std": 0.090933,
        "nauc_mrr_at_100_diff1": 0.067352,
        "nauc_mrr_at_1000_max": -0.195501,
        "nauc_mrr_at_1000_std": 0.090268,
        "nauc_mrr_at_1000_diff1": 0.066741,
        "main_score": 0.12694,
        "hf_subset": "default",
        "languages": [
          "fas-Arab"
        ]
      }
    ]
  },
  "evaluation_time": 3783.94557929039,
  "kg_co2_emissions": null
}