{
  "dataset_revision": "98e6c2d33dfa166ee326e8b1bc7ea82c7e6898dd",
  "task_name": "TRECCOVID-Fa",
  "mteb_version": "1.38.34",
  "scores": {
    "test": [
      {
        "ndcg_at_1": 0.5,
        "ndcg_at_3": 0.45531,
        "ndcg_at_5": 0.43458,
        "ndcg_at_10": 0.4157,
        "ndcg_at_20": 0.38429,
        "ndcg_at_100": 0.31156,
        "ndcg_at_1000": 0.30666,
        "map_at_1": 0.00155,
        "map_at_3": 0.00356,
        "map_at_5": 0.00537,
        "map_at_10": 0.00921,
        "map_at_20": 0.0156,
        "map_at_100": 0.04796,
        "map_at_1000": 0.12138,
        "recall_at_1": 0.00155,
        "recall_at_3": 0.00375,
        "recall_at_5": 0.00602,
        "recall_at_10": 0.01142,
        "recall_at_20": 0.02088,
        "recall_at_100": 0.07858,
        "recall_at_1000": 0.29954,
        "precision_at_1": 0.54,
        "precision_at_3": 0.47333,
        "precision_at_5": 0.452,
        "precision_at_10": 0.44,
        "precision_at_20": 0.401,
        "precision_at_100": 0.3212,
        "precision_at_1000": 0.1348,
        "mrr_at_1": 0.52,
        "mrr_at_3": 0.606667,
        "mrr_at_5": 0.619667,
        "mrr_at_10": 0.63419,
        "mrr_at_20": 0.63684,
        "mrr_at_100": 0.640445,
        "mrr_at_1000": 0.640445,
        "nauc_ndcg_at_1_max": 0.322898,
        "nauc_ndcg_at_1_std": 0.258772,
        "nauc_ndcg_at_1_diff1": 0.274088,
        "nauc_ndcg_at_3_max": 0.401849,
        "nauc_ndcg_at_3_std": 0.327917,
        "nauc_ndcg_at_3_diff1": 0.299101,
        "nauc_ndcg_at_5_max": 0.466554,
        "nauc_ndcg_at_5_std": 0.418302,
        "nauc_ndcg_at_5_diff1": 0.295581,
        "nauc_ndcg_at_10_max": 0.447264,
        "nauc_ndcg_at_10_std": 0.469032,
        "nauc_ndcg_at_10_diff1": 0.218535,
        "nauc_ndcg_at_20_max": 0.449917,
        "nauc_ndcg_at_20_std": 0.539,
        "nauc_ndcg_at_20_diff1": 0.212854,
        "nauc_ndcg_at_100_max": 0.486549,
        "nauc_ndcg_at_100_std": 0.695623,
        "nauc_ndcg_at_100_diff1": 0.114961,
        "nauc_ndcg_at_1000_max": 0.419545,
        "nauc_ndcg_at_1000_std": 0.753361,
        "nauc_ndcg_at_1000_diff1": 0.017774,
        "nauc_map_at_1_max": 0.14435,
        "nauc_map_at_1_std": -0.001069,
        "nauc_map_at_1_diff1": 0.191156,
        "nauc_map_at_3_max": 0.371174,
        "nauc_map_at_3_std": 0.191782,
        "nauc_map_at_3_diff1": 0.329926,
        "nauc_map_at_5_max": 0.444175,
        "nauc_map_at_5_std": 0.262142,
        "nauc_map_at_5_diff1": 0.387397,
        "nauc_map_at_10_max": 0.496656,
        "nauc_map_at_10_std": 0.374219,
        "nauc_map_at_10_diff1": 0.331396,
        "nauc_map_at_20_max": 0.558903,
        "nauc_map_at_20_std": 0.483954,
        "nauc_map_at_20_diff1": 0.31867,
        "nauc_map_at_100_max": 0.604393,
        "nauc_map_at_100_std": 0.754691,
        "nauc_map_at_100_diff1": 0.179289,
        "nauc_map_at_1000_max": 0.539743,
        "nauc_map_at_1000_std": 0.816714,
        "nauc_map_at_1000_diff1": 0.058322,
        "nauc_recall_at_1_max": 0.14435,
        "nauc_recall_at_1_std": -0.001069,
        "nauc_recall_at_1_diff1": 0.191156,
        "nauc_recall_at_3_max": 0.382665,
        "nauc_recall_at_3_std": 0.200065,
        "nauc_recall_at_3_diff1": 0.341421,
        "nauc_recall_at_5_max": 0.448273,
        "nauc_recall_at_5_std": 0.308313,
        "nauc_recall_at_5_diff1": 0.390798,
        "nauc_recall_at_10_max": 0.440939,
        "nauc_recall_at_10_std": 0.394881,
        "nauc_recall_at_10_diff1": 0.284449,
        "nauc_recall_at_20_max": 0.481403,
        "nauc_recall_at_20_std": 0.505567,
        "nauc_recall_at_20_diff1": 0.278504,
        "nauc_recall_at_100_max": 0.474977,
        "nauc_recall_at_100_std": 0.736903,
        "nauc_recall_at_100_diff1": 0.10265,
        "nauc_recall_at_1000_max": 0.33812,
        "nauc_recall_at_1000_std": 0.717009,
        "nauc_recall_at_1000_diff1": -0.053286,
        "nauc_precision_at_1_max": 0.251313,
        "nauc_precision_at_1_std": 0.236309,
        "nauc_precision_at_1_diff1": 0.206163,
        "nauc_precision_at_3_max": 0.414566,
        "nauc_precision_at_3_std": 0.348723,
        "nauc_precision_at_3_diff1": 0.278429,
        "nauc_precision_at_5_max": 0.485511,
        "nauc_precision_at_5_std": 0.477203,
        "nauc_precision_at_5_diff1": 0.285887,
        "nauc_precision_at_10_max": 0.433031,
        "nauc_precision_at_10_std": 0.520934,
        "nauc_precision_at_10_diff1": 0.174216,
        "nauc_precision_at_20_max": 0.459924,
        "nauc_precision_at_20_std": 0.597621,
        "nauc_precision_at_20_diff1": 0.195917,
        "nauc_precision_at_100_max": 0.470228,
        "nauc_precision_at_100_std": 0.721651,
        "nauc_precision_at_100_diff1": 0.078404,
        "nauc_precision_at_1000_max": 0.326485,
        "nauc_precision_at_1000_std": 0.605381,
        "nauc_precision_at_1000_diff1": -0.0502,
        "nauc_mrr_at_1_max": 0.266935,
        "nauc_mrr_at_1_std": 0.282034,
        "nauc_mrr_at_1_diff1": 0.260134,
        "nauc_mrr_at_3_max": 0.282007,
        "nauc_mrr_at_3_std": 0.267355,
        "nauc_mrr_at_3_diff1": 0.306872,
        "nauc_mrr_at_5_max": 0.286866,
        "nauc_mrr_at_5_std": 0.302997,
        "nauc_mrr_at_5_diff1": 0.299299,
        "nauc_mrr_at_10_max": 0.276106,
        "nauc_mrr_at_10_std": 0.298788,
        "nauc_mrr_at_10_diff1": 0.295233,
        "nauc_mrr_at_20_max": 0.272984,
        "nauc_mrr_at_20_std": 0.294747,
        "nauc_mrr_at_20_diff1": 0.290822,
        "nauc_mrr_at_100_max": 0.273088,
        "nauc_mrr_at_100_std": 0.29138,
        "nauc_mrr_at_100_diff1": 0.293061,
        "nauc_mrr_at_1000_max": 0.273088,
        "nauc_mrr_at_1000_std": 0.29138,
        "nauc_mrr_at_1000_diff1": 0.293061,
        "main_score": 0.4157,
        "hf_subset": "default",
        "languages": [
          "fas-Arab"
        ]
      }
    ]
  },
  "evaluation_time": 1948.0042340755463,
  "kg_co2_emissions": null
}