{
  "dataset_revision": "45d9176b6fcba33abc58494ee82f18ee7e8ddbae",
  "task_name": "ClimateFEVER-Fa",
  "mteb_version": "1.34.14",
  "scores": {
    "test": [
      {
        "ndcg_at_1": 0.13681,
        "ndcg_at_3": 0.12496,
        "ndcg_at_5": 0.13894,
        "ndcg_at_10": 0.1604,
        "ndcg_at_20": 0.1812,
        "ndcg_at_100": 0.21627,
        "ndcg_at_1000": 0.25038,
        "map_at_1": 0.05731,
        "map_at_3": 0.08677,
        "map_at_5": 0.09737,
        "map_at_10": 0.10623,
        "map_at_20": 0.11259,
        "map_at_100": 0.1184,
        "map_at_1000": 0.12007,
        "recall_at_1": 0.05731,
        "recall_at_3": 0.1167,
        "recall_at_5": 0.154,
        "recall_at_10": 0.20326,
        "recall_at_20": 0.26336,
        "recall_at_100": 0.39987,
        "recall_at_1000": 0.59619,
        "precision_at_1": 0.13681,
        "precision_at_3": 0.09577,
        "precision_at_5": 0.07792,
        "precision_at_10": 0.05225,
        "precision_at_20": 0.03469,
        "precision_at_100": 0.01112,
        "precision_at_1000": 0.00172,
        "mrr_at_1": 0.136808,
        "mrr_at_3": 0.1924,
        "mrr_at_5": 0.209891,
        "mrr_at_10": 0.221527,
        "mrr_at_20": 0.227549,
        "mrr_at_100": 0.231556,
        "mrr_at_1000": 0.23224,
        "nauc_ndcg_at_1_max": 0.314193,
        "nauc_ndcg_at_1_std": 0.210377,
        "nauc_ndcg_at_1_diff1": 0.26105,
        "nauc_ndcg_at_3_max": 0.376554,
        "nauc_ndcg_at_3_std": 0.252626,
        "nauc_ndcg_at_3_diff1": 0.238487,
        "nauc_ndcg_at_5_max": 0.377378,
        "nauc_ndcg_at_5_std": 0.273578,
        "nauc_ndcg_at_5_diff1": 0.225834,
        "nauc_ndcg_at_10_max": 0.386903,
        "nauc_ndcg_at_10_std": 0.299377,
        "nauc_ndcg_at_10_diff1": 0.222885,
        "nauc_ndcg_at_20_max": 0.390361,
        "nauc_ndcg_at_20_std": 0.311998,
        "nauc_ndcg_at_20_diff1": 0.221486,
        "nauc_ndcg_at_100_max": 0.406992,
        "nauc_ndcg_at_100_std": 0.339912,
        "nauc_ndcg_at_100_diff1": 0.215936,
        "nauc_ndcg_at_1000_max": 0.413511,
        "nauc_ndcg_at_1000_std": 0.354889,
        "nauc_ndcg_at_1000_diff1": 0.215526,
        "nauc_map_at_1_max": 0.312243,
        "nauc_map_at_1_std": 0.158473,
        "nauc_map_at_1_diff1": 0.327713,
        "nauc_map_at_3_max": 0.362244,
        "nauc_map_at_3_std": 0.216524,
        "nauc_map_at_3_diff1": 0.265255,
        "nauc_map_at_5_max": 0.364849,
        "nauc_map_at_5_std": 0.239374,
        "nauc_map_at_5_diff1": 0.251428,
        "nauc_map_at_10_max": 0.37279,
        "nauc_map_at_10_std": 0.25622,
        "nauc_map_at_10_diff1": 0.249516,
        "nauc_map_at_20_max": 0.376053,
        "nauc_map_at_20_std": 0.26361,
        "nauc_map_at_20_diff1": 0.249295,
        "nauc_map_at_100_max": 0.380907,
        "nauc_map_at_100_std": 0.272746,
        "nauc_map_at_100_diff1": 0.246801,
        "nauc_map_at_1000_max": 0.381804,
        "nauc_map_at_1000_std": 0.274265,
        "nauc_map_at_1000_diff1": 0.24653,
        "nauc_recall_at_1_max": 0.312243,
        "nauc_recall_at_1_std": 0.158473,
        "nauc_recall_at_1_diff1": 0.327713,
        "nauc_recall_at_3_max": 0.381128,
        "nauc_recall_at_3_std": 0.246677,
        "nauc_recall_at_3_diff1": 0.227211,
        "nauc_recall_at_5_max": 0.36972,
        "nauc_recall_at_5_std": 0.286133,
        "nauc_recall_at_5_diff1": 0.191042,
        "nauc_recall_at_10_max": 0.365261,
        "nauc_recall_at_10_std": 0.31739,
        "nauc_recall_at_10_diff1": 0.175723,
        "nauc_recall_at_20_max": 0.345769,
        "nauc_recall_at_20_std": 0.319016,
        "nauc_recall_at_20_diff1": 0.16746,
        "nauc_recall_at_100_max": 0.360062,
        "nauc_recall_at_100_std": 0.36073,
        "nauc_recall_at_100_diff1": 0.145721,
        "nauc_recall_at_1000_max": 0.379283,
        "nauc_recall_at_1000_std": 0.414984,
        "nauc_recall_at_1000_diff1": 0.142712,
        "nauc_precision_at_1_max": 0.314193,
        "nauc_precision_at_1_std": 0.210377,
        "nauc_precision_at_1_diff1": 0.26105,
        "nauc_precision_at_3_max": 0.405199,
        "nauc_precision_at_3_std": 0.305519,
        "nauc_precision_at_3_diff1": 0.190216,
        "nauc_precision_at_5_max": 0.405552,
        "nauc_precision_at_5_std": 0.351643,
        "nauc_precision_at_5_diff1": 0.161156,
        "nauc_precision_at_10_max": 0.40258,
        "nauc_precision_at_10_std": 0.378841,
        "nauc_precision_at_10_diff1": 0.159102,
        "nauc_precision_at_20_max": 0.382391,
        "nauc_precision_at_20_std": 0.379143,
        "nauc_precision_at_20_diff1": 0.139172,
        "nauc_precision_at_100_max": 0.369166,
        "nauc_precision_at_100_std": 0.393442,
        "nauc_precision_at_100_diff1": 0.098211,
        "nauc_precision_at_1000_max": 0.315698,
        "nauc_precision_at_1000_std": 0.378552,
        "nauc_precision_at_1000_diff1": 0.065722,
        "nauc_mrr_at_1_max": 0.314193,
        "nauc_mrr_at_1_std": 0.210377,
        "nauc_mrr_at_1_diff1": 0.26105,
        "nauc_mrr_at_3_max": 0.361905,
        "nauc_mrr_at_3_std": 0.258541,
        "nauc_mrr_at_3_diff1": 0.2232,
        "nauc_mrr_at_5_max": 0.365669,
        "nauc_mrr_at_5_std": 0.274338,
        "nauc_mrr_at_5_diff1": 0.212962,
        "nauc_mrr_at_10_max": 0.367901,
        "nauc_mrr_at_10_std": 0.283057,
        "nauc_mrr_at_10_diff1": 0.211277,
        "nauc_mrr_at_20_max": 0.367672,
        "nauc_mrr_at_20_std": 0.283964,
        "nauc_mrr_at_20_diff1": 0.210977,
        "nauc_mrr_at_100_max": 0.368387,
        "nauc_mrr_at_100_std": 0.284637,
        "nauc_mrr_at_100_diff1": 0.211697,
        "nauc_mrr_at_1000_max": 0.368249,
        "nauc_mrr_at_1000_std": 0.28445,
        "nauc_mrr_at_1000_diff1": 0.211898,
        "main_score": 0.1604,
        "hf_subset": "default",
        "languages": [
          "fas-Arab"
        ]
      }
    ]
  },
  "evaluation_time": 10758.914885520935,
  "kg_co2_emissions": null
}