{
  "dataset_revision": "816ad7473d6813f77a0ca5e72b1ff7a52752d370",
  "task_name": "CQADupstackPhysicsRetrieval-Fa",
  "mteb_version": "1.34.14",
  "scores": {
    "test": [
      {
        "ndcg_at_1": 0.26468,
        "ndcg_at_3": 0.30239,
        "ndcg_at_5": 0.32046,
        "ndcg_at_10": 0.348,
        "ndcg_at_20": 0.36578,
        "ndcg_at_100": 0.39907,
        "ndcg_at_1000": 0.42606,
        "map_at_1": 0.21846,
        "map_at_3": 0.27084,
        "map_at_5": 0.28332,
        "map_at_10": 0.29649,
        "map_at_20": 0.30217,
        "map_at_100": 0.30744,
        "map_at_1000": 0.30868,
        "recall_at_1": 0.21846,
        "recall_at_3": 0.32478,
        "recall_at_5": 0.37283,
        "recall_at_10": 0.45573,
        "recall_at_20": 0.51974,
        "recall_at_100": 0.67962,
        "recall_at_1000": 0.86827,
        "precision_at_1": 0.26468,
        "precision_at_3": 0.14277,
        "precision_at_5": 0.10144,
        "precision_at_10": 0.06487,
        "precision_at_20": 0.03831,
        "precision_at_100": 0.01065,
        "precision_at_1000": 0.00146,
        "mrr_at_1": 0.264678,
        "mrr_at_3": 0.319538,
        "mrr_at_5": 0.331954,
        "mrr_at_10": 0.343936,
        "mrr_at_20": 0.348434,
        "mrr_at_100": 0.351995,
        "mrr_at_1000": 0.352635,
        "nauc_ndcg_at_1_max": 0.295692,
        "nauc_ndcg_at_1_std": -0.008207,
        "nauc_ndcg_at_1_diff1": 0.501568,
        "nauc_ndcg_at_3_max": 0.266821,
        "nauc_ndcg_at_3_std": -0.001678,
        "nauc_ndcg_at_3_diff1": 0.449185,
        "nauc_ndcg_at_5_max": 0.257993,
        "nauc_ndcg_at_5_std": 0.006772,
        "nauc_ndcg_at_5_diff1": 0.437826,
        "nauc_ndcg_at_10_max": 0.248104,
        "nauc_ndcg_at_10_std": 0.004218,
        "nauc_ndcg_at_10_diff1": 0.426264,
        "nauc_ndcg_at_20_max": 0.246674,
        "nauc_ndcg_at_20_std": 0.013798,
        "nauc_ndcg_at_20_diff1": 0.421017,
        "nauc_ndcg_at_100_max": 0.248855,
        "nauc_ndcg_at_100_std": 0.032191,
        "nauc_ndcg_at_100_diff1": 0.412735,
        "nauc_ndcg_at_1000_max": 0.257508,
        "nauc_ndcg_at_1000_std": 0.03232,
        "nauc_ndcg_at_1000_diff1": 0.415622,
        "nauc_map_at_1_max": 0.261239,
        "nauc_map_at_1_std": -0.036075,
        "nauc_map_at_1_diff1": 0.478674,
        "nauc_map_at_3_max": 0.260008,
        "nauc_map_at_3_std": -0.012444,
        "nauc_map_at_3_diff1": 0.450444,
        "nauc_map_at_5_max": 0.256361,
        "nauc_map_at_5_std": -0.006038,
        "nauc_map_at_5_diff1": 0.44586,
        "nauc_map_at_10_max": 0.254474,
        "nauc_map_at_10_std": -0.005675,
        "nauc_map_at_10_diff1": 0.443197,
        "nauc_map_at_20_max": 0.254096,
        "nauc_map_at_20_std": -0.001876,
        "nauc_map_at_20_diff1": 0.441235,
        "nauc_map_at_100_max": 0.254567,
        "nauc_map_at_100_std": 0.001446,
        "nauc_map_at_100_diff1": 0.439822,
        "nauc_map_at_1000_max": 0.255227,
        "nauc_map_at_1000_std": 0.001878,
        "nauc_map_at_1000_diff1": 0.439876,
        "nauc_recall_at_1_max": 0.261239,
        "nauc_recall_at_1_std": -0.036075,
        "nauc_recall_at_1_diff1": 0.478674,
        "nauc_recall_at_3_max": 0.242401,
        "nauc_recall_at_3_std": -0.007256,
        "nauc_recall_at_3_diff1": 0.415448,
        "nauc_recall_at_5_max": 0.226082,
        "nauc_recall_at_5_std": 0.01911,
        "nauc_recall_at_5_diff1": 0.392335,
        "nauc_recall_at_10_max": 0.192006,
        "nauc_recall_at_10_std": 0.011782,
        "nauc_recall_at_10_diff1": 0.351644,
        "nauc_recall_at_20_max": 0.188065,
        "nauc_recall_at_20_std": 0.043136,
        "nauc_recall_at_20_diff1": 0.334733,
        "nauc_recall_at_100_max": 0.176129,
        "nauc_recall_at_100_std": 0.137588,
        "nauc_recall_at_100_diff1": 0.269626,
        "nauc_recall_at_1000_max": 0.228804,
        "nauc_recall_at_1000_std": 0.217727,
        "nauc_recall_at_1000_diff1": 0.210696,
        "nauc_precision_at_1_max": 0.295692,
        "nauc_precision_at_1_std": -0.008207,
        "nauc_precision_at_1_diff1": 0.501568,
        "nauc_precision_at_3_max": 0.261377,
        "nauc_precision_at_3_std": 0.049808,
        "nauc_precision_at_3_diff1": 0.399853,
        "nauc_precision_at_5_max": 0.245443,
        "nauc_precision_at_5_std": 0.067547,
        "nauc_precision_at_5_diff1": 0.351671,
        "nauc_precision_at_10_max": 0.216824,
        "nauc_precision_at_10_std": 0.083346,
        "nauc_precision_at_10_diff1": 0.265882,
        "nauc_precision_at_20_max": 0.182144,
        "nauc_precision_at_20_std": 0.123465,
        "nauc_precision_at_20_diff1": 0.19919,
        "nauc_precision_at_100_max": 0.137833,
        "nauc_precision_at_100_std": 0.203909,
        "nauc_precision_at_100_diff1": 0.044844,
        "nauc_precision_at_1000_max": 0.085988,
        "nauc_precision_at_1000_std": 0.171674,
        "nauc_precision_at_1000_diff1": -0.072355,
        "nauc_mrr_at_1_max": 0.295692,
        "nauc_mrr_at_1_std": -0.008207,
        "nauc_mrr_at_1_diff1": 0.501568,
        "nauc_mrr_at_3_max": 0.28307,
        "nauc_mrr_at_3_std": 0.005393,
        "nauc_mrr_at_3_diff1": 0.46599,
        "nauc_mrr_at_5_max": 0.280868,
        "nauc_mrr_at_5_std": 0.011073,
        "nauc_mrr_at_5_diff1": 0.459075,
        "nauc_mrr_at_10_max": 0.276983,
        "nauc_mrr_at_10_std": 0.009993,
        "nauc_mrr_at_10_diff1": 0.45159,
        "nauc_mrr_at_20_max": 0.276632,
        "nauc_mrr_at_20_std": 0.012159,
        "nauc_mrr_at_20_diff1": 0.450295,
        "nauc_mrr_at_100_max": 0.276543,
        "nauc_mrr_at_100_std": 0.012831,
        "nauc_mrr_at_100_diff1": 0.450352,
        "nauc_mrr_at_1000_max": 0.276799,
        "nauc_mrr_at_1000_std": 0.012724,
        "nauc_mrr_at_1000_diff1": 0.450626,
        "main_score": 0.348,
        "hf_subset": "default",
        "languages": [
          "fas-Arab"
        ]
      }
    ]
  },
  "evaluation_time": 140.94024395942688,
  "kg_co2_emissions": null
}