{
  "dataset_revision": "7f755e88647b4023df52da04d4e3d31a7de5fcb0",
  "task_name": "CQADupstackWordpressRetrieval-Fa",
  "mteb_version": "1.34.14",
  "scores": {
    "test": [
      {
        "ndcg_at_1": 0.15896,
        "ndcg_at_3": 0.17984,
        "ndcg_at_5": 0.18776,
        "ndcg_at_10": 0.20723,
        "ndcg_at_20": 0.22027,
        "ndcg_at_100": 0.2438,
        "ndcg_at_1000": 0.27591,
        "map_at_1": 0.13993,
        "map_at_3": 0.16561,
        "map_at_5": 0.17111,
        "map_at_10": 0.17956,
        "map_at_20": 0.18313,
        "map_at_100": 0.18628,
        "map_at_1000": 0.18729,
        "recall_at_1": 0.13993,
        "recall_at_3": 0.19646,
        "recall_at_5": 0.21648,
        "recall_at_10": 0.27563,
        "recall_at_20": 0.32514,
        "recall_at_100": 0.44941,
        "recall_at_1000": 0.70178,
        "precision_at_1": 0.15896,
        "precision_at_3": 0.0764,
        "precision_at_5": 0.05065,
        "precision_at_10": 0.03235,
        "precision_at_20": 0.01922,
        "precision_at_100": 0.0054,
        "precision_at_1000": 0.0009,
        "mrr_at_1": 0.158965,
        "mrr_at_3": 0.188232,
        "mrr_at_5": 0.192668,
        "mrr_at_10": 0.200106,
        "mrr_at_20": 0.20389,
        "mrr_at_100": 0.207086,
        "mrr_at_1000": 0.207951,
        "nauc_ndcg_at_1_max": 0.364373,
        "nauc_ndcg_at_1_std": -0.046593,
        "nauc_ndcg_at_1_diff1": 0.5305,
        "nauc_ndcg_at_3_max": 0.36627,
        "nauc_ndcg_at_3_std": -0.012539,
        "nauc_ndcg_at_3_diff1": 0.436422,
        "nauc_ndcg_at_5_max": 0.349737,
        "nauc_ndcg_at_5_std": -0.025006,
        "nauc_ndcg_at_5_diff1": 0.426059,
        "nauc_ndcg_at_10_max": 0.331546,
        "nauc_ndcg_at_10_std": -0.02798,
        "nauc_ndcg_at_10_diff1": 0.386993,
        "nauc_ndcg_at_20_max": 0.321777,
        "nauc_ndcg_at_20_std": -0.014517,
        "nauc_ndcg_at_20_diff1": 0.385083,
        "nauc_ndcg_at_100_max": 0.314576,
        "nauc_ndcg_at_100_std": -0.003326,
        "nauc_ndcg_at_100_diff1": 0.371144,
        "nauc_ndcg_at_1000_max": 0.321218,
        "nauc_ndcg_at_1000_std": 0.016341,
        "nauc_ndcg_at_1000_diff1": 0.369214,
        "nauc_map_at_1_max": 0.368995,
        "nauc_map_at_1_std": -0.045044,
        "nauc_map_at_1_diff1": 0.530117,
        "nauc_map_at_3_max": 0.367786,
        "nauc_map_at_3_std": -0.021461,
        "nauc_map_at_3_diff1": 0.455461,
        "nauc_map_at_5_max": 0.357515,
        "nauc_map_at_5_std": -0.027816,
        "nauc_map_at_5_diff1": 0.447251,
        "nauc_map_at_10_max": 0.347858,
        "nauc_map_at_10_std": -0.029485,
        "nauc_map_at_10_diff1": 0.428583,
        "nauc_map_at_20_max": 0.344976,
        "nauc_map_at_20_std": -0.025358,
        "nauc_map_at_20_diff1": 0.427927,
        "nauc_map_at_100_max": 0.344608,
        "nauc_map_at_100_std": -0.02379,
        "nauc_map_at_100_diff1": 0.426026,
        "nauc_map_at_1000_max": 0.344685,
        "nauc_map_at_1000_std": -0.023034,
        "nauc_map_at_1000_diff1": 0.425908,
        "nauc_recall_at_1_max": 0.368995,
        "nauc_recall_at_1_std": -0.045044,
        "nauc_recall_at_1_diff1": 0.530117,
        "nauc_recall_at_3_max": 0.367308,
        "nauc_recall_at_3_std": -0.003123,
        "nauc_recall_at_3_diff1": 0.392692,
        "nauc_recall_at_5_max": 0.325884,
        "nauc_recall_at_5_std": -0.023481,
        "nauc_recall_at_5_diff1": 0.367164,
        "nauc_recall_at_10_max": 0.28374,
        "nauc_recall_at_10_std": -0.026103,
        "nauc_recall_at_10_diff1": 0.273696,
        "nauc_recall_at_20_max": 0.247622,
        "nauc_recall_at_20_std": 0.01394,
        "nauc_recall_at_20_diff1": 0.267009,
        "nauc_recall_at_100_max": 0.203873,
        "nauc_recall_at_100_std": 0.058804,
        "nauc_recall_at_100_diff1": 0.201738,
        "nauc_recall_at_1000_max": 0.231408,
        "nauc_recall_at_1000_std": 0.231008,
        "nauc_recall_at_1000_diff1": 0.138953,
        "nauc_precision_at_1_max": 0.364373,
        "nauc_precision_at_1_std": -0.046593,
        "nauc_precision_at_1_diff1": 0.5305,
        "nauc_precision_at_3_max": 0.356798,
        "nauc_precision_at_3_std": 0.012836,
        "nauc_precision_at_3_diff1": 0.374024,
        "nauc_precision_at_5_max": 0.322923,
        "nauc_precision_at_5_std": -0.009511,
        "nauc_precision_at_5_diff1": 0.345758,
        "nauc_precision_at_10_max": 0.274499,
        "nauc_precision_at_10_std": -0.019474,
        "nauc_precision_at_10_diff1": 0.255827,
        "nauc_precision_at_20_max": 0.239193,
        "nauc_precision_at_20_std": 0.028283,
        "nauc_precision_at_20_diff1": 0.236209,
        "nauc_precision_at_100_max": 0.189642,
        "nauc_precision_at_100_std": 0.083926,
        "nauc_precision_at_100_diff1": 0.166967,
        "nauc_precision_at_1000_max": 0.109492,
        "nauc_precision_at_1000_std": 0.224395,
        "nauc_precision_at_1000_diff1": 0.022631,
        "nauc_mrr_at_1_max": 0.364373,
        "nauc_mrr_at_1_std": -0.046593,
        "nauc_mrr_at_1_diff1": 0.5305,
        "nauc_mrr_at_3_max": 0.360801,
        "nauc_mrr_at_3_std": -0.018284,
        "nauc_mrr_at_3_diff1": 0.452143,
        "nauc_mrr_at_5_max": 0.3518,
        "nauc_mrr_at_5_std": -0.023425,
        "nauc_mrr_at_5_diff1": 0.446668,
        "nauc_mrr_at_10_max": 0.344345,
        "nauc_mrr_at_10_std": -0.025064,
        "nauc_mrr_at_10_diff1": 0.430581,
        "nauc_mrr_at_20_max": 0.341224,
        "nauc_mrr_at_20_std": -0.020976,
        "nauc_mrr_at_20_diff1": 0.42992,
        "nauc_mrr_at_100_max": 0.341023,
        "nauc_mrr_at_100_std": -0.019954,
        "nauc_mrr_at_100_diff1": 0.428027,
        "nauc_mrr_at_1000_max": 0.341084,
        "nauc_mrr_at_1000_std": -0.019464,
        "nauc_mrr_at_1000_diff1": 0.427903,
        "main_score": 0.20723,
        "hf_subset": "default",
        "languages": [
          "fas-Arab"
        ]
      }
    ]
  },
  "evaluation_time": 201.68929290771484,
  "kg_co2_emissions": null
}