{
  "dataset_revision": "main",
  "task_name": "MIRACLRetrieval",
  "mteb_version": "1.34.14",
  "scores": {
    "dev": [
      {
        "ndcg_at_1": 0.37975,
        "ndcg_at_3": 0.4148,
        "ndcg_at_5": 0.44384,
        "ndcg_at_10": 0.48996,
        "ndcg_at_20": 0.51955,
        "ndcg_at_100": 0.55542,
        "ndcg_at_1000": 0.56913,
        "map_at_1": 0.24419,
        "map_at_3": 0.34467,
        "map_at_5": 0.37476,
        "map_at_10": 0.40266,
        "map_at_20": 0.41455,
        "map_at_100": 0.4223,
        "map_at_1000": 0.42321,
        "recall_at_1": 0.24419,
        "recall_at_3": 0.42907,
        "recall_at_5": 0.51035,
        "recall_at_10": 0.63229,
        "recall_at_20": 0.72391,
        "recall_at_100": 0.87685,
        "recall_at_1000": 0.96337,
        "precision_at_1": 0.37975,
        "precision_at_3": 0.24842,
        "precision_at_5": 0.18797,
        "precision_at_10": 0.1212,
        "precision_at_20": 0.07207,
        "precision_at_100": 0.01804,
        "precision_at_1000": 0.002,
        "mrr_at_1": 0.379747,
        "mrr_at_3": 0.47653,
        "mrr_at_5": 0.492431,
        "mrr_at_10": 0.50667,
        "mrr_at_20": 0.511462,
        "mrr_at_100": 0.514033,
        "mrr_at_1000": 0.514248,
        "nauc_ndcg_at_1_max": 0.322769,
        "nauc_ndcg_at_1_std": 0.073377,
        "nauc_ndcg_at_1_diff1": 0.360319,
        "nauc_ndcg_at_3_max": 0.274927,
        "nauc_ndcg_at_3_std": -0.021637,
        "nauc_ndcg_at_3_diff1": 0.290371,
        "nauc_ndcg_at_5_max": 0.298974,
        "nauc_ndcg_at_5_std": -0.015325,
        "nauc_ndcg_at_5_diff1": 0.277488,
        "nauc_ndcg_at_10_max": 0.334175,
        "nauc_ndcg_at_10_std": 0.010619,
        "nauc_ndcg_at_10_diff1": 0.268255,
        "nauc_ndcg_at_20_max": 0.360524,
        "nauc_ndcg_at_20_std": 0.044288,
        "nauc_ndcg_at_20_diff1": 0.274051,
        "nauc_ndcg_at_100_max": 0.356201,
        "nauc_ndcg_at_100_std": 0.058488,
        "nauc_ndcg_at_100_diff1": 0.268199,
        "nauc_ndcg_at_1000_max": 0.350872,
        "nauc_ndcg_at_1000_std": 0.059283,
        "nauc_ndcg_at_1000_diff1": 0.269727,
        "nauc_map_at_1_max": 0.181055,
        "nauc_map_at_1_std": -0.069122,
        "nauc_map_at_1_diff1": 0.405798,
        "nauc_map_at_3_max": 0.238224,
        "nauc_map_at_3_std": -0.064981,
        "nauc_map_at_3_diff1": 0.330325,
        "nauc_map_at_5_max": 0.268814,
        "nauc_map_at_5_std": -0.047312,
        "nauc_map_at_5_diff1": 0.306474,
        "nauc_map_at_10_max": 0.29398,
        "nauc_map_at_10_std": -0.02726,
        "nauc_map_at_10_diff1": 0.300153,
        "nauc_map_at_20_max": 0.304495,
        "nauc_map_at_20_std": -0.014272,
        "nauc_map_at_20_diff1": 0.300984,
        "nauc_map_at_100_max": 0.305139,
        "nauc_map_at_100_std": -0.009375,
        "nauc_map_at_100_diff1": 0.300049,
        "nauc_map_at_1000_max": 0.30498,
        "nauc_map_at_1000_std": -0.008872,
        "nauc_map_at_1000_diff1": 0.299924,
        "nauc_recall_at_1_max": 0.181055,
        "nauc_recall_at_1_std": -0.069122,
        "nauc_recall_at_1_diff1": 0.405798,
        "nauc_recall_at_3_max": 0.210944,
        "nauc_recall_at_3_std": -0.080484,
        "nauc_recall_at_3_diff1": 0.251231,
        "nauc_recall_at_5_max": 0.263377,
        "nauc_recall_at_5_std": -0.054711,
        "nauc_recall_at_5_diff1": 0.199587,
        "nauc_recall_at_10_max": 0.336903,
        "nauc_recall_at_10_std": 0.013383,
        "nauc_recall_at_10_diff1": 0.157761,
        "nauc_recall_at_20_max": 0.442562,
        "nauc_recall_at_20_std": 0.124422,
        "nauc_recall_at_20_diff1": 0.168498,
        "nauc_recall_at_100_max": 0.483691,
        "nauc_recall_at_100_std": 0.26718,
        "nauc_recall_at_100_diff1": 0.051942,
        "nauc_recall_at_1000_max": 0.660404,
        "nauc_recall_at_1000_std": 0.662782,
        "nauc_recall_at_1000_diff1": -0.123797,
        "nauc_precision_at_1_max": 0.322769,
        "nauc_precision_at_1_std": 0.073377,
        "nauc_precision_at_1_diff1": 0.360319,
        "nauc_precision_at_3_max": 0.351741,
        "nauc_precision_at_3_std": 0.086229,
        "nauc_precision_at_3_diff1": 0.10631,
        "nauc_precision_at_5_max": 0.35664,
        "nauc_precision_at_5_std": 0.132229,
        "nauc_precision_at_5_diff1": 0.025347,
        "nauc_precision_at_10_max": 0.364492,
        "nauc_precision_at_10_std": 0.196744,
        "nauc_precision_at_10_diff1": -0.038403,
        "nauc_precision_at_20_max": 0.353379,
        "nauc_precision_at_20_std": 0.275601,
        "nauc_precision_at_20_diff1": -0.058956,
        "nauc_precision_at_100_max": 0.244213,
        "nauc_precision_at_100_std": 0.303481,
        "nauc_precision_at_100_diff1": -0.122294,
        "nauc_precision_at_1000_max": 0.174864,
        "nauc_precision_at_1000_std": 0.28909,
        "nauc_precision_at_1000_diff1": -0.151553,
        "nauc_mrr_at_1_max": 0.322769,
        "nauc_mrr_at_1_std": 0.073377,
        "nauc_mrr_at_1_diff1": 0.360319,
        "nauc_mrr_at_3_max": 0.331651,
        "nauc_mrr_at_3_std": 0.066548,
        "nauc_mrr_at_3_diff1": 0.287985,
        "nauc_mrr_at_5_max": 0.339478,
        "nauc_mrr_at_5_std": 0.068756,
        "nauc_mrr_at_5_diff1": 0.290205,
        "nauc_mrr_at_10_max": 0.346923,
        "nauc_mrr_at_10_std": 0.075059,
        "nauc_mrr_at_10_diff1": 0.285121,
        "nauc_mrr_at_20_max": 0.348799,
        "nauc_mrr_at_20_std": 0.079221,
        "nauc_mrr_at_20_diff1": 0.28771,
        "nauc_mrr_at_100_max": 0.347381,
        "nauc_mrr_at_100_std": 0.078458,
        "nauc_mrr_at_100_diff1": 0.288235,
        "nauc_mrr_at_1000_max": 0.34727,
        "nauc_mrr_at_1000_std": 0.078348,
        "nauc_mrr_at_1000_diff1": 0.288384,
        "main_score": 0.48996,
        "hf_subset": "fa",
        "languages": [
          "fas-Arab"
        ]
      }
    ]
  },
  "evaluation_time": 2513.4683101177216,
  "kg_co2_emissions": null
}