{
  "dataset_revision": "b3dc818368a867b30ccb55a42ff287d253512c36",
  "task_name": "PersianWebDocumentRetrieval",
  "mteb_version": "1.34.14",
  "scores": {
    "test": [
      {
        "ndcg_at_1": 0.60042,
        "ndcg_at_3": 0.57969,
        "ndcg_at_5": 0.57665,
        "ndcg_at_10": 0.57739,
        "ndcg_at_20": 0.59218,
        "ndcg_at_100": 0.65453,
        "ndcg_at_1000": 0.6708,
        "map_at_1": 0.11567,
        "map_at_3": 0.23382,
        "map_at_5": 0.30268,
        "map_at_10": 0.39879,
        "map_at_20": 0.47612,
        "map_at_100": 0.51982,
        "map_at_1000": 0.52314,
        "recall_at_1": 0.11567,
        "recall_at_3": 0.25952,
        "recall_at_5": 0.35406,
        "recall_at_10": 0.49819,
        "recall_at_20": 0.63838,
        "recall_at_100": 0.7821,
        "recall_at_1000": 0.83315,
        "precision_at_1": 0.60042,
        "precision_at_3": 0.53523,
        "precision_at_5": 0.49085,
        "precision_at_10": 0.40305,
        "precision_at_20": 0.29311,
        "precision_at_100": 0.08099,
        "precision_at_1000": 0.00887,
        "mrr_at_1": 0.600421,
        "mrr_at_3": 0.666316,
        "mrr_at_5": 0.67599,
        "mrr_at_10": 0.679677,
        "mrr_at_20": 0.680639,
        "mrr_at_100": 0.680892,
        "mrr_at_1000": 0.680911,
        "nauc_ndcg_at_1_max": 0.293026,
        "nauc_ndcg_at_1_std": 0.067575,
        "nauc_ndcg_at_1_diff1": 0.037367,
        "nauc_ndcg_at_3_max": 0.305141,
        "nauc_ndcg_at_3_std": 0.041549,
        "nauc_ndcg_at_3_diff1": 0.007149,
        "nauc_ndcg_at_5_max": 0.313907,
        "nauc_ndcg_at_5_std": 0.041803,
        "nauc_ndcg_at_5_diff1": 0.002213,
        "nauc_ndcg_at_10_max": 0.326726,
        "nauc_ndcg_at_10_std": 0.025075,
        "nauc_ndcg_at_10_diff1": -0.005153,
        "nauc_ndcg_at_20_max": 0.35351,
        "nauc_ndcg_at_20_std": 0.036175,
        "nauc_ndcg_at_20_diff1": -0.024231,
        "nauc_ndcg_at_100_max": 0.418337,
        "nauc_ndcg_at_100_std": 0.177159,
        "nauc_ndcg_at_100_diff1": -0.050205,
        "nauc_ndcg_at_1000_max": 0.422122,
        "nauc_ndcg_at_1000_std": 0.206758,
        "nauc_ndcg_at_1000_diff1": -0.052425,
        "nauc_map_at_1_max": -0.029752,
        "nauc_map_at_1_std": -0.21554,
        "nauc_map_at_1_diff1": 0.219433,
        "nauc_map_at_3_max": 0.073022,
        "nauc_map_at_3_std": -0.196154,
        "nauc_map_at_3_diff1": 0.121617,
        "nauc_map_at_5_max": 0.134422,
        "nauc_map_at_5_std": -0.164874,
        "nauc_map_at_5_diff1": 0.079887,
        "nauc_map_at_10_max": 0.211178,
        "nauc_map_at_10_std": -0.127314,
        "nauc_map_at_10_diff1": 0.036555,
        "nauc_map_at_20_max": 0.274781,
        "nauc_map_at_20_std": -0.07378,
        "nauc_map_at_20_diff1": 0.000724,
        "nauc_map_at_100_max": 0.314765,
        "nauc_map_at_100_std": 0.000482,
        "nauc_map_at_100_diff1": -0.011855,
        "nauc_map_at_1000_max": 0.315584,
        "nauc_map_at_1000_std": 0.0067,
        "nauc_map_at_1000_diff1": -0.012172,
        "nauc_recall_at_1_max": -0.029752,
        "nauc_recall_at_1_std": -0.21554,
        "nauc_recall_at_1_diff1": 0.219433,
        "nauc_recall_at_3_max": 0.067482,
        "nauc_recall_at_3_std": -0.184415,
        "nauc_recall_at_3_diff1": 0.113419,
        "nauc_recall_at_5_max": 0.134988,
        "nauc_recall_at_5_std": -0.144407,
        "nauc_recall_at_5_diff1": 0.064533,
        "nauc_recall_at_10_max": 0.218543,
        "nauc_recall_at_10_std": -0.094312,
        "nauc_recall_at_10_diff1": 0.00736,
        "nauc_recall_at_20_max": 0.343719,
        "nauc_recall_at_20_std": 0.023315,
        "nauc_recall_at_20_diff1": -0.062079,
        "nauc_recall_at_100_max": 0.552569,
        "nauc_recall_at_100_std": 0.398371,
        "nauc_recall_at_100_diff1": -0.136015,
        "nauc_recall_at_1000_max": 0.613724,
        "nauc_recall_at_1000_std": 0.567694,
        "nauc_recall_at_1000_diff1": -0.160537,
        "nauc_precision_at_1_max": 0.293026,
        "nauc_precision_at_1_std": 0.067575,
        "nauc_precision_at_1_diff1": 0.037367,
        "nauc_precision_at_3_max": 0.348213,
        "nauc_precision_at_3_std": 0.100351,
        "nauc_precision_at_3_diff1": -0.065748,
        "nauc_precision_at_5_max": 0.359265,
        "nauc_precision_at_5_std": 0.15438,
        "nauc_precision_at_5_diff1": -0.098697,
        "nauc_precision_at_10_max": 0.330524,
        "nauc_precision_at_10_std": 0.189042,
        "nauc_precision_at_10_diff1": -0.115954,
        "nauc_precision_at_20_max": 0.304254,
        "nauc_precision_at_20_std": 0.24459,
        "nauc_precision_at_20_diff1": -0.124782,
        "nauc_precision_at_100_max": 0.266287,
        "nauc_precision_at_100_std": 0.381636,
        "nauc_precision_at_100_diff1": -0.115382,
        "nauc_precision_at_1000_max": 0.223859,
        "nauc_precision_at_1000_std": 0.39209,
        "nauc_precision_at_1000_diff1": -0.109529,
        "nauc_mrr_at_1_max": 0.293026,
        "nauc_mrr_at_1_std": 0.067575,
        "nauc_mrr_at_1_diff1": 0.037367,
        "nauc_mrr_at_3_max": 0.371511,
        "nauc_mrr_at_3_std": 0.144635,
        "nauc_mrr_at_3_diff1": 0.01407,
        "nauc_mrr_at_5_max": 0.382359,
        "nauc_mrr_at_5_std": 0.159837,
        "nauc_mrr_at_5_diff1": 0.006774,
        "nauc_mrr_at_10_max": 0.380952,
        "nauc_mrr_at_10_std": 0.164822,
        "nauc_mrr_at_10_diff1": 0.001873,
        "nauc_mrr_at_20_max": 0.382546,
        "nauc_mrr_at_20_std": 0.167297,
        "nauc_mrr_at_20_diff1": 0.001996,
        "nauc_mrr_at_100_max": 0.382274,
        "nauc_mrr_at_100_std": 0.167146,
        "nauc_mrr_at_100_diff1": 0.00197,
        "nauc_mrr_at_1000_max": 0.382281,
        "nauc_mrr_at_1000_std": 0.167126,
        "nauc_mrr_at_1000_diff1": 0.002003,
        "main_score": 0.57739,
        "hf_subset": "default",
        "languages": [
          "fas-Arab"
        ]
      }
    ]
  },
  "evaluation_time": 190.2575328350067,
  "kg_co2_emissions": null
}