{
  "dataset_revision": "7723397096199c4d6f367b445fccaf282c518abe",
  "task_name": "SciFact-Fa",
  "mteb_version": "1.34.14",
  "scores": {
    "test": [
      {
        "ndcg_at_1": 0.39,
        "ndcg_at_3": 0.45631,
        "ndcg_at_5": 0.47708,
        "ndcg_at_10": 0.4996,
        "ndcg_at_20": 0.51649,
        "ndcg_at_100": 0.53916,
        "ndcg_at_1000": 0.56006,
        "map_at_1": 0.36817,
        "map_at_3": 0.43061,
        "map_at_5": 0.44394,
        "map_at_10": 0.45482,
        "map_at_20": 0.46015,
        "map_at_100": 0.46335,
        "map_at_1000": 0.46414,
        "recall_at_1": 0.36817,
        "recall_at_3": 0.50367,
        "recall_at_5": 0.55756,
        "recall_at_10": 0.62367,
        "recall_at_20": 0.68456,
        "recall_at_100": 0.80567,
        "recall_at_1000": 0.96833,
        "precision_at_1": 0.39,
        "precision_at_3": 0.18444,
        "precision_at_5": 0.12333,
        "precision_at_10": 0.07,
        "precision_at_20": 0.03917,
        "precision_at_100": 0.00913,
        "precision_at_1000": 0.0011,
        "mrr_at_1": 0.39,
        "mrr_at_3": 0.449444,
        "mrr_at_5": 0.460944,
        "mrr_at_10": 0.468942,
        "mrr_at_20": 0.473424,
        "mrr_at_100": 0.476357,
        "mrr_at_1000": 0.477043,
        "nauc_ndcg_at_1_max": 0.309888,
        "nauc_ndcg_at_1_std": 0.087889,
        "nauc_ndcg_at_1_diff1": 0.610824,
        "nauc_ndcg_at_3_max": 0.29304,
        "nauc_ndcg_at_3_std": 0.074199,
        "nauc_ndcg_at_3_diff1": 0.559857,
        "nauc_ndcg_at_5_max": 0.29916,
        "nauc_ndcg_at_5_std": 0.084453,
        "nauc_ndcg_at_5_diff1": 0.55737,
        "nauc_ndcg_at_10_max": 0.325397,
        "nauc_ndcg_at_10_std": 0.134165,
        "nauc_ndcg_at_10_diff1": 0.541858,
        "nauc_ndcg_at_20_max": 0.317064,
        "nauc_ndcg_at_20_std": 0.132018,
        "nauc_ndcg_at_20_diff1": 0.538942,
        "nauc_ndcg_at_100_max": 0.317894,
        "nauc_ndcg_at_100_std": 0.14104,
        "nauc_ndcg_at_100_diff1": 0.541253,
        "nauc_ndcg_at_1000_max": 0.321352,
        "nauc_ndcg_at_1000_std": 0.131646,
        "nauc_ndcg_at_1000_diff1": 0.547509,
        "nauc_map_at_1_max": 0.286524,
        "nauc_map_at_1_std": 0.038745,
        "nauc_map_at_1_diff1": 0.642051,
        "nauc_map_at_3_max": 0.287993,
        "nauc_map_at_3_std": 0.062669,
        "nauc_map_at_3_diff1": 0.585097,
        "nauc_map_at_5_max": 0.294001,
        "nauc_map_at_5_std": 0.072245,
        "nauc_map_at_5_diff1": 0.580645,
        "nauc_map_at_10_max": 0.309063,
        "nauc_map_at_10_std": 0.100004,
        "nauc_map_at_10_diff1": 0.572692,
        "nauc_map_at_20_max": 0.306269,
        "nauc_map_at_20_std": 0.098844,
        "nauc_map_at_20_diff1": 0.571282,
        "nauc_map_at_100_max": 0.306303,
        "nauc_map_at_100_std": 0.099683,
        "nauc_map_at_100_diff1": 0.572066,
        "nauc_map_at_1000_max": 0.306509,
        "nauc_map_at_1000_std": 0.099383,
        "nauc_map_at_1000_diff1": 0.572359,
        "nauc_recall_at_1_max": 0.286524,
        "nauc_recall_at_1_std": 0.038745,
        "nauc_recall_at_1_diff1": 0.642051,
        "nauc_recall_at_3_max": 0.270344,
        "nauc_recall_at_3_std": 0.048836,
        "nauc_recall_at_3_diff1": 0.509098,
        "nauc_recall_at_5_max": 0.289998,
        "nauc_recall_at_5_std": 0.0758,
        "nauc_recall_at_5_diff1": 0.492948,
        "nauc_recall_at_10_max": 0.362658,
        "nauc_recall_at_10_std": 0.222909,
        "nauc_recall_at_10_diff1": 0.440099,
        "nauc_recall_at_20_max": 0.33901,
        "nauc_recall_at_20_std": 0.231581,
        "nauc_recall_at_20_diff1": 0.425628,
        "nauc_recall_at_100_max": 0.355158,
        "nauc_recall_at_100_std": 0.360307,
        "nauc_recall_at_100_diff1": 0.38216,
        "nauc_recall_at_1000_max": 0.783331,
        "nauc_recall_at_1000_std": 0.716989,
        "nauc_recall_at_1000_diff1": 0.138901,
        "nauc_precision_at_1_max": 0.309888,
        "nauc_precision_at_1_std": 0.087889,
        "nauc_precision_at_1_diff1": 0.610824,
        "nauc_precision_at_3_max": 0.301033,
        "nauc_precision_at_3_std": 0.142816,
        "nauc_precision_at_3_diff1": 0.403311,
        "nauc_precision_at_5_max": 0.318963,
        "nauc_precision_at_5_std": 0.196572,
        "nauc_precision_at_5_diff1": 0.348372,
        "nauc_precision_at_10_max": 0.379575,
        "nauc_precision_at_10_std": 0.361129,
        "nauc_precision_at_10_diff1": 0.245533,
        "nauc_precision_at_20_max": 0.320143,
        "nauc_precision_at_20_std": 0.331325,
        "nauc_precision_at_20_diff1": 0.177844,
        "nauc_precision_at_100_max": 0.317502,
        "nauc_precision_at_100_std": 0.437862,
        "nauc_precision_at_100_diff1": 0.079948,
        "nauc_precision_at_1000_max": 0.237092,
        "nauc_precision_at_1000_std": 0.393875,
        "nauc_precision_at_1000_diff1": -0.169685,
        "nauc_mrr_at_1_max": 0.309888,
        "nauc_mrr_at_1_std": 0.087889,
        "nauc_mrr_at_1_diff1": 0.610824,
        "nauc_mrr_at_3_max": 0.307129,
        "nauc_mrr_at_3_std": 0.106808,
        "nauc_mrr_at_3_diff1": 0.566892,
        "nauc_mrr_at_5_max": 0.309536,
        "nauc_mrr_at_5_std": 0.109353,
        "nauc_mrr_at_5_diff1": 0.565169,
        "nauc_mrr_at_10_max": 0.318981,
        "nauc_mrr_at_10_std": 0.123934,
        "nauc_mrr_at_10_diff1": 0.560564,
        "nauc_mrr_at_20_max": 0.315448,
        "nauc_mrr_at_20_std": 0.122515,
        "nauc_mrr_at_20_diff1": 0.559944,
        "nauc_mrr_at_100_max": 0.315491,
        "nauc_mrr_at_100_std": 0.122819,
        "nauc_mrr_at_100_diff1": 0.560935,
        "nauc_mrr_at_1000_max": 0.315702,
        "nauc_mrr_at_1000_std": 0.122486,
        "nauc_mrr_at_1000_diff1": 0.56111,
        "main_score": 0.4996,
        "hf_subset": "default",
        "languages": [
          "fas-Arab"
        ]
      }
    ]
  },
  "evaluation_time": 25.603391647338867,
  "kg_co2_emissions": null
}