{
  "dataset_revision": "ea9a840cb163b415cc70b2f7adf2554feae159dc",
  "task_name": "SynPerTextKeywordsPC",
  "mteb_version": "1.34.14",
  "scores": {
    "test": [
      {
        "similarity_accuracy": 0.898224,
        "similarity_accuracy_threshold": 0.609921,
        "similarity_f1": 0.896671,
        "similarity_f1_threshold": 0.609921,
        "similarity_precision": 0.910563,
        "similarity_recall": 0.883197,
        "similarity_ap": 0.964491,
        "cosine_accuracy": 0.898224,
        "cosine_accuracy_threshold": 0.609921,
        "cosine_f1": 0.896671,
        "cosine_f1_threshold": 0.609921,
        "cosine_precision": 0.910563,
        "cosine_recall": 0.883197,
        "cosine_ap": 0.964491,
        "manhattan_accuracy": 0.898224,
        "manhattan_accuracy_threshold": 523.827393,
        "manhattan_f1": 0.896025,
        "manhattan_f1_threshold": 528.644531,
        "manhattan_precision": 0.911048,
        "manhattan_recall": 0.881489,
        "manhattan_ap": 0.96391,
        "euclidean_accuracy": 0.898224,
        "euclidean_accuracy_threshold": 24.384289,
        "euclidean_f1": 0.896671,
        "euclidean_f1_threshold": 24.384289,
        "euclidean_precision": 0.910563,
        "euclidean_recall": 0.883197,
        "euclidean_ap": 0.964491,
        "dot_accuracy": 0.898224,
        "dot_accuracy_threshold": 464.848145,
        "dot_f1": 0.896671,
        "dot_f1_threshold": 464.848145,
        "dot_precision": 0.910563,
        "dot_recall": 0.883197,
        "dot_ap": 0.964492,
        "max_accuracy": 0.898224,
        "max_f1": 0.896671,
        "max_precision": 0.911048,
        "max_recall": 0.883197,
        "max_ap": 0.964492,
        "main_score": 0.964492,
        "hf_subset": "default",
        "languages": [
          "fas-Arab"
        ]
      }
    ]
  },
  "evaluation_time": 5.792100191116333,
  "kg_co2_emissions": null
}