{
  "dataset_revision": "e85114f13f42dc1edc456d58931cc38d44d697cf",
  "task_name": "SynPerQARetrieval",
  "mteb_version": "1.34.14",
  "scores": {
    "test": [
      {
        "ndcg_at_1": 0.68014,
        "ndcg_at_3": 0.78412,
        "ndcg_at_5": 0.80162,
        "ndcg_at_10": 0.81218,
        "ndcg_at_20": 0.81688,
        "ndcg_at_100": 0.82081,
        "ndcg_at_1000": 0.82289,
        "map_at_1": 0.68014,
        "map_at_3": 0.75948,
        "map_at_5": 0.76927,
        "map_at_10": 0.77373,
        "map_at_20": 0.77504,
        "map_at_100": 0.77561,
        "map_at_1000": 0.77568,
        "recall_at_1": 0.68014,
        "recall_at_3": 0.85505,
        "recall_at_5": 0.89718,
        "recall_at_10": 0.92934,
        "recall_at_20": 0.94777,
        "recall_at_100": 0.96858,
        "recall_at_1000": 0.98554,
        "precision_at_1": 0.68014,
        "precision_at_3": 0.28502,
        "precision_at_5": 0.17944,
        "precision_at_10": 0.09293,
        "precision_at_20": 0.04739,
        "precision_at_100": 0.00969,
        "precision_at_1000": 0.00099,
        "mrr_at_1": 0.680175,
        "mrr_at_3": 0.759498,
        "mrr_at_5": 0.769282,
        "mrr_at_10": 0.773748,
        "mrr_at_20": 0.775054,
        "mrr_at_100": 0.775626,
        "mrr_at_1000": 0.775695,
        "nauc_ndcg_at_1_max": 0.301695,
        "nauc_ndcg_at_1_std": -0.211257,
        "nauc_ndcg_at_1_diff1": 0.739974,
        "nauc_ndcg_at_3_max": 0.363817,
        "nauc_ndcg_at_3_std": -0.20338,
        "nauc_ndcg_at_3_diff1": 0.686784,
        "nauc_ndcg_at_5_max": 0.374747,
        "nauc_ndcg_at_5_std": -0.183994,
        "nauc_ndcg_at_5_diff1": 0.68289,
        "nauc_ndcg_at_10_max": 0.381975,
        "nauc_ndcg_at_10_std": -0.165321,
        "nauc_ndcg_at_10_diff1": 0.684783,
        "nauc_ndcg_at_20_max": 0.382623,
        "nauc_ndcg_at_20_std": -0.155958,
        "nauc_ndcg_at_20_diff1": 0.685933,
        "nauc_ndcg_at_100_max": 0.376996,
        "nauc_ndcg_at_100_std": -0.157221,
        "nauc_ndcg_at_100_diff1": 0.688232,
        "nauc_ndcg_at_1000_max": 0.371654,
        "nauc_ndcg_at_1000_std": -0.164385,
        "nauc_ndcg_at_1000_diff1": 0.691145,
        "nauc_map_at_1_max": 0.301695,
        "nauc_map_at_1_std": -0.211257,
        "nauc_map_at_1_diff1": 0.739974,
        "nauc_map_at_3_max": 0.34496,
        "nauc_map_at_3_std": -0.207084,
        "nauc_map_at_3_diff1": 0.701523,
        "nauc_map_at_5_max": 0.349536,
        "nauc_map_at_5_std": -0.197869,
        "nauc_map_at_5_diff1": 0.70031,
        "nauc_map_at_10_max": 0.351603,
        "nauc_map_at_10_std": -0.191649,
        "nauc_map_at_10_diff1": 0.701405,
        "nauc_map_at_20_max": 0.351585,
        "nauc_map_at_20_std": -0.189611,
        "nauc_map_at_20_diff1": 0.701775,
        "nauc_map_at_100_max": 0.3509,
        "nauc_map_at_100_std": -0.189759,
        "nauc_map_at_100_diff1": 0.702101,
        "nauc_map_at_1000_max": 0.350757,
        "nauc_map_at_1000_std": -0.18995,
        "nauc_map_at_1000_diff1": 0.702187,
        "nauc_recall_at_1_max": 0.301695,
        "nauc_recall_at_1_std": -0.211257,
        "nauc_recall_at_1_diff1": 0.739974,
        "nauc_recall_at_3_max": 0.446474,
        "nauc_recall_at_3_std": -0.186308,
        "nauc_recall_at_3_diff1": 0.62308,
        "nauc_recall_at_5_max": 0.521597,
        "nauc_recall_at_5_std": -0.098165,
        "nauc_recall_at_5_diff1": 0.583395,
        "nauc_recall_at_10_max": 0.638945,
        "nauc_recall_at_10_std": 0.076695,
        "nauc_recall_at_10_diff1": 0.551731,
        "nauc_recall_at_20_max": 0.736554,
        "nauc_recall_at_20_std": 0.274671,
        "nauc_recall_at_20_diff1": 0.519028,
        "nauc_recall_at_100_max": 0.815046,
        "nauc_recall_at_100_std": 0.518034,
        "nauc_recall_at_100_diff1": 0.469123,
        "nauc_recall_at_1000_max": 0.852729,
        "nauc_recall_at_1000_std": 0.670681,
        "nauc_recall_at_1000_diff1": 0.465908,
        "nauc_precision_at_1_max": 0.301695,
        "nauc_precision_at_1_std": -0.211257,
        "nauc_precision_at_1_diff1": 0.739974,
        "nauc_precision_at_3_max": 0.446474,
        "nauc_precision_at_3_std": -0.186308,
        "nauc_precision_at_3_diff1": 0.62308,
        "nauc_precision_at_5_max": 0.521597,
        "nauc_precision_at_5_std": -0.098165,
        "nauc_precision_at_5_diff1": 0.583395,
        "nauc_precision_at_10_max": 0.638945,
        "nauc_precision_at_10_std": 0.076695,
        "nauc_precision_at_10_diff1": 0.551731,
        "nauc_precision_at_20_max": 0.736554,
        "nauc_precision_at_20_std": 0.274671,
        "nauc_precision_at_20_diff1": 0.519028,
        "nauc_precision_at_100_max": 0.815046,
        "nauc_precision_at_100_std": 0.518034,
        "nauc_precision_at_100_diff1": 0.469123,
        "nauc_precision_at_1000_max": 0.852729,
        "nauc_precision_at_1000_std": 0.670681,
        "nauc_precision_at_1000_diff1": 0.465908,
        "nauc_mrr_at_1_max": 0.301669,
        "nauc_mrr_at_1_std": -0.211348,
        "nauc_mrr_at_1_diff1": 0.739894,
        "nauc_mrr_at_3_max": 0.344945,
        "nauc_mrr_at_3_std": -0.207142,
        "nauc_mrr_at_3_diff1": 0.70147,
        "nauc_mrr_at_5_max": 0.349536,
        "nauc_mrr_at_5_std": -0.197964,
        "nauc_mrr_at_5_diff1": 0.700253,
        "nauc_mrr_at_10_max": 0.35159,
        "nauc_mrr_at_10_std": -0.191715,
        "nauc_mrr_at_10_diff1": 0.701346,
        "nauc_mrr_at_20_max": 0.351558,
        "nauc_mrr_at_20_std": -0.189691,
        "nauc_mrr_at_20_diff1": 0.701718,
        "nauc_mrr_at_100_max": 0.350886,
        "nauc_mrr_at_100_std": -0.189825,
        "nauc_mrr_at_100_diff1": 0.702042,
        "nauc_mrr_at_1000_max": 0.350743,
        "nauc_mrr_at_1000_std": -0.190016,
        "nauc_mrr_at_1000_diff1": 0.702128,
        "main_score": 0.81218,
        "hf_subset": "default",
        "languages": [
          "fas-Arab"
        ]
      }
    ]
  },
  "evaluation_time": 533.3915004730225,
  "kg_co2_emissions": null
}