{
  "dataset_revision": "c6e2c8b6153958118ec04352dd82a30ea2e2cad5",
  "task_name": "CQADupstackStatsRetrieval-Fa",
  "mteb_version": "1.34.14",
  "scores": {
    "test": [
      {
        "ndcg_at_1": 0.06442,
        "ndcg_at_3": 0.07441,
        "ndcg_at_5": 0.08022,
        "ndcg_at_10": 0.08831,
        "ndcg_at_20": 0.09665,
        "ndcg_at_100": 0.11351,
        "ndcg_at_1000": 0.13941,
        "map_at_1": 0.05585,
        "map_at_3": 0.06842,
        "map_at_5": 0.07171,
        "map_at_10": 0.07499,
        "map_at_20": 0.07717,
        "map_at_100": 0.07929,
        "map_at_1000": 0.0801,
        "recall_at_1": 0.05585,
        "recall_at_3": 0.08269,
        "recall_at_5": 0.09701,
        "recall_at_10": 0.12112,
        "recall_at_20": 0.15327,
        "recall_at_100": 0.24215,
        "recall_at_1000": 0.4436,
        "precision_at_1": 0.06442,
        "precision_at_3": 0.03221,
        "precision_at_5": 0.0227,
        "precision_at_10": 0.01442,
        "precision_at_20": 0.00913,
        "precision_at_100": 0.00296,
        "precision_at_1000": 0.00057,
        "mrr_at_1": 0.064417,
        "mrr_at_3": 0.077198,
        "mrr_at_5": 0.081033,
        "mrr_at_10": 0.084622,
        "mrr_at_20": 0.087204,
        "mrr_at_100": 0.089607,
        "mrr_at_1000": 0.090381,
        "nauc_ndcg_at_1_max": -0.06104,
        "nauc_ndcg_at_1_std": -0.018635,
        "nauc_ndcg_at_1_diff1": 0.147651,
        "nauc_ndcg_at_3_max": -0.078547,
        "nauc_ndcg_at_3_std": -0.072682,
        "nauc_ndcg_at_3_diff1": 0.108818,
        "nauc_ndcg_at_5_max": -0.08598,
        "nauc_ndcg_at_5_std": -0.095071,
        "nauc_ndcg_at_5_diff1": 0.106215,
        "nauc_ndcg_at_10_max": -0.088375,
        "nauc_ndcg_at_10_std": -0.077746,
        "nauc_ndcg_at_10_diff1": 0.092528,
        "nauc_ndcg_at_20_max": -0.103565,
        "nauc_ndcg_at_20_std": -0.083634,
        "nauc_ndcg_at_20_diff1": 0.087299,
        "nauc_ndcg_at_100_max": -0.08952,
        "nauc_ndcg_at_100_std": -0.062094,
        "nauc_ndcg_at_100_diff1": 0.093384,
        "nauc_ndcg_at_1000_max": -0.094607,
        "nauc_ndcg_at_1000_std": -0.042445,
        "nauc_ndcg_at_1000_diff1": 0.09282,
        "nauc_map_at_1_max": -0.042524,
        "nauc_map_at_1_std": -0.076171,
        "nauc_map_at_1_diff1": 0.162723,
        "nauc_map_at_3_max": -0.065365,
        "nauc_map_at_3_std": -0.079689,
        "nauc_map_at_3_diff1": 0.117959,
        "nauc_map_at_5_max": -0.071263,
        "nauc_map_at_5_std": -0.091207,
        "nauc_map_at_5_diff1": 0.116059,
        "nauc_map_at_10_max": -0.072449,
        "nauc_map_at_10_std": -0.082363,
        "nauc_map_at_10_diff1": 0.110097,
        "nauc_map_at_20_max": -0.078272,
        "nauc_map_at_20_std": -0.084706,
        "nauc_map_at_20_diff1": 0.107753,
        "nauc_map_at_100_max": -0.076558,
        "nauc_map_at_100_std": -0.08106,
        "nauc_map_at_100_diff1": 0.108981,
        "nauc_map_at_1000_max": -0.076678,
        "nauc_map_at_1000_std": -0.079932,
        "nauc_map_at_1000_diff1": 0.109054,
        "nauc_recall_at_1_max": -0.042524,
        "nauc_recall_at_1_std": -0.076171,
        "nauc_recall_at_1_diff1": 0.162723,
        "nauc_recall_at_3_max": -0.090858,
        "nauc_recall_at_3_std": -0.097173,
        "nauc_recall_at_3_diff1": 0.087375,
        "nauc_recall_at_5_max": -0.105838,
        "nauc_recall_at_5_std": -0.131381,
        "nauc_recall_at_5_diff1": 0.079921,
        "nauc_recall_at_10_max": -0.109054,
        "nauc_recall_at_10_std": -0.080406,
        "nauc_recall_at_10_diff1": 0.049864,
        "nauc_recall_at_20_max": -0.14211,
        "nauc_recall_at_20_std": -0.095372,
        "nauc_recall_at_20_diff1": 0.045523,
        "nauc_recall_at_100_max": -0.084897,
        "nauc_recall_at_100_std": -0.029245,
        "nauc_recall_at_100_diff1": 0.068937,
        "nauc_recall_at_1000_max": -0.106293,
        "nauc_recall_at_1000_std": 0.034658,
        "nauc_recall_at_1000_diff1": 0.062835,
        "nauc_precision_at_1_max": -0.06104,
        "nauc_precision_at_1_std": -0.018635,
        "nauc_precision_at_1_diff1": 0.147651,
        "nauc_precision_at_3_max": -0.098304,
        "nauc_precision_at_3_std": -0.048445,
        "nauc_precision_at_3_diff1": 0.082726,
        "nauc_precision_at_5_max": -0.111064,
        "nauc_precision_at_5_std": -0.0878,
        "nauc_precision_at_5_diff1": 0.076998,
        "nauc_precision_at_10_max": -0.103397,
        "nauc_precision_at_10_std": -0.053778,
        "nauc_precision_at_10_diff1": 0.055321,
        "nauc_precision_at_20_max": -0.138099,
        "nauc_precision_at_20_std": -0.066208,
        "nauc_precision_at_20_diff1": 0.047974,
        "nauc_precision_at_100_max": -0.097569,
        "nauc_precision_at_100_std": -0.001108,
        "nauc_precision_at_100_diff1": 0.064635,
        "nauc_precision_at_1000_max": -0.119274,
        "nauc_precision_at_1000_std": 0.078034,
        "nauc_precision_at_1000_diff1": 0.060964,
        "nauc_mrr_at_1_max": -0.06104,
        "nauc_mrr_at_1_std": -0.018635,
        "nauc_mrr_at_1_diff1": 0.147651,
        "nauc_mrr_at_3_max": -0.083515,
        "nauc_mrr_at_3_std": -0.037798,
        "nauc_mrr_at_3_diff1": 0.123226,
        "nauc_mrr_at_5_max": -0.088174,
        "nauc_mrr_at_5_std": -0.050568,
        "nauc_mrr_at_5_diff1": 0.12095,
        "nauc_mrr_at_10_max": -0.090358,
        "nauc_mrr_at_10_std": -0.046342,
        "nauc_mrr_at_10_diff1": 0.112357,
        "nauc_mrr_at_20_max": -0.096004,
        "nauc_mrr_at_20_std": -0.048604,
        "nauc_mrr_at_20_diff1": 0.109397,
        "nauc_mrr_at_100_max": -0.094187,
        "nauc_mrr_at_100_std": -0.045284,
        "nauc_mrr_at_100_diff1": 0.110931,
        "nauc_mrr_at_1000_max": -0.09406,
        "nauc_mrr_at_1000_std": -0.044512,
        "nauc_mrr_at_1000_diff1": 0.111001,
        "main_score": 0.08831,
        "hf_subset": "default",
        "languages": [
          "fas-Arab"
        ]
      }
    ]
  },
  "evaluation_time": 168.15925931930542,
  "kg_co2_emissions": null
}