{
  "dataset_revision": "bcdaf4e30477eea9b9b17ecbb153ca403e5c3ebd",
  "task_name": "CQADupstackAndroidRetrieval-Fa",
  "mteb_version": "1.34.14",
  "scores": {
    "test": [
      {
        "ndcg_at_1": 0.06295,
        "ndcg_at_3": 0.07519,
        "ndcg_at_5": 0.08781,
        "ndcg_at_10": 0.09866,
        "ndcg_at_20": 0.10895,
        "ndcg_at_100": 0.1357,
        "ndcg_at_1000": 0.17505,
        "map_at_1": 0.04679,
        "map_at_3": 0.063,
        "map_at_5": 0.07118,
        "map_at_10": 0.07589,
        "map_at_20": 0.07884,
        "map_at_100": 0.0826,
        "map_at_1000": 0.08391,
        "recall_at_1": 0.04679,
        "recall_at_3": 0.08281,
        "recall_at_5": 0.11465,
        "recall_at_10": 0.14853,
        "recall_at_20": 0.18642,
        "recall_at_100": 0.31781,
        "recall_at_1000": 0.61005,
        "precision_at_1": 0.06295,
        "precision_at_3": 0.03767,
        "precision_at_5": 0.03233,
        "precision_at_10": 0.0216,
        "precision_at_20": 0.01388,
        "precision_at_100": 0.00508,
        "precision_at_1000": 0.00104,
        "mrr_at_1": 0.062947,
        "mrr_at_3": 0.08226,
        "mrr_at_5": 0.09113,
        "mrr_at_10": 0.096599,
        "mrr_at_20": 0.100069,
        "mrr_at_100": 0.104108,
        "mrr_at_1000": 0.105244,
        "nauc_ndcg_at_1_max": 0.159026,
        "nauc_ndcg_at_1_std": -0.104276,
        "nauc_ndcg_at_1_diff1": 0.316868,
        "nauc_ndcg_at_3_max": 0.080443,
        "nauc_ndcg_at_3_std": -0.095151,
        "nauc_ndcg_at_3_diff1": 0.241019,
        "nauc_ndcg_at_5_max": 0.059246,
        "nauc_ndcg_at_5_std": -0.112519,
        "nauc_ndcg_at_5_diff1": 0.214432,
        "nauc_ndcg_at_10_max": 0.038604,
        "nauc_ndcg_at_10_std": -0.114533,
        "nauc_ndcg_at_10_diff1": 0.203636,
        "nauc_ndcg_at_20_max": 0.027881,
        "nauc_ndcg_at_20_std": -0.094587,
        "nauc_ndcg_at_20_diff1": 0.18621,
        "nauc_ndcg_at_100_max": 0.036266,
        "nauc_ndcg_at_100_std": -0.039415,
        "nauc_ndcg_at_100_diff1": 0.174694,
        "nauc_ndcg_at_1000_max": 0.025548,
        "nauc_ndcg_at_1000_std": -0.022044,
        "nauc_ndcg_at_1000_diff1": 0.172341,
        "nauc_map_at_1_max": 0.107218,
        "nauc_map_at_1_std": -0.125748,
        "nauc_map_at_1_diff1": 0.310113,
        "nauc_map_at_3_max": 0.073849,
        "nauc_map_at_3_std": -0.110862,
        "nauc_map_at_3_diff1": 0.249554,
        "nauc_map_at_5_max": 0.066287,
        "nauc_map_at_5_std": -0.120242,
        "nauc_map_at_5_diff1": 0.231831,
        "nauc_map_at_10_max": 0.058693,
        "nauc_map_at_10_std": -0.118889,
        "nauc_map_at_10_diff1": 0.229014,
        "nauc_map_at_20_max": 0.054686,
        "nauc_map_at_20_std": -0.11028,
        "nauc_map_at_20_diff1": 0.221817,
        "nauc_map_at_100_max": 0.057164,
        "nauc_map_at_100_std": -0.097213,
        "nauc_map_at_100_diff1": 0.220121,
        "nauc_map_at_1000_max": 0.056344,
        "nauc_map_at_1000_std": -0.09615,
        "nauc_map_at_1000_diff1": 0.219365,
        "nauc_recall_at_1_max": 0.107218,
        "nauc_recall_at_1_std": -0.125748,
        "nauc_recall_at_1_diff1": 0.310113,
        "nauc_recall_at_3_max": 0.045114,
        "nauc_recall_at_3_std": -0.091382,
        "nauc_recall_at_3_diff1": 0.196833,
        "nauc_recall_at_5_max": 0.017656,
        "nauc_recall_at_5_std": -0.121938,
        "nauc_recall_at_5_diff1": 0.157615,
        "nauc_recall_at_10_max": -0.01599,
        "nauc_recall_at_10_std": -0.119981,
        "nauc_recall_at_10_diff1": 0.147877,
        "nauc_recall_at_20_max": -0.037354,
        "nauc_recall_at_20_std": -0.081014,
        "nauc_recall_at_20_diff1": 0.111809,
        "nauc_recall_at_100_max": -0.007508,
        "nauc_recall_at_100_std": 0.052947,
        "nauc_recall_at_100_diff1": 0.083988,
        "nauc_recall_at_1000_max": -0.071806,
        "nauc_recall_at_1000_std": 0.12666,
        "nauc_recall_at_1000_diff1": 0.051866,
        "nauc_precision_at_1_max": 0.159026,
        "nauc_precision_at_1_std": -0.104276,
        "nauc_precision_at_1_diff1": 0.316868,
        "nauc_precision_at_3_max": 0.091106,
        "nauc_precision_at_3_std": -0.078967,
        "nauc_precision_at_3_diff1": 0.230417,
        "nauc_precision_at_5_max": 0.067557,
        "nauc_precision_at_5_std": -0.075176,
        "nauc_precision_at_5_diff1": 0.19154,
        "nauc_precision_at_10_max": 0.045872,
        "nauc_precision_at_10_std": -0.063449,
        "nauc_precision_at_10_diff1": 0.181179,
        "nauc_precision_at_20_max": 0.041348,
        "nauc_precision_at_20_std": -0.01537,
        "nauc_precision_at_20_diff1": 0.155884,
        "nauc_precision_at_100_max": 0.062075,
        "nauc_precision_at_100_std": 0.102997,
        "nauc_precision_at_100_diff1": 0.125392,
        "nauc_precision_at_1000_max": 0.018401,
        "nauc_precision_at_1000_std": 0.118654,
        "nauc_precision_at_1000_diff1": 0.065956,
        "nauc_mrr_at_1_max": 0.159026,
        "nauc_mrr_at_1_std": -0.104276,
        "nauc_mrr_at_1_diff1": 0.316868,
        "nauc_mrr_at_3_max": 0.107798,
        "nauc_mrr_at_3_std": -0.088399,
        "nauc_mrr_at_3_diff1": 0.262788,
        "nauc_mrr_at_5_max": 0.091598,
        "nauc_mrr_at_5_std": -0.09597,
        "nauc_mrr_at_5_diff1": 0.243694,
        "nauc_mrr_at_10_max": 0.081879,
        "nauc_mrr_at_10_std": -0.097806,
        "nauc_mrr_at_10_diff1": 0.235812,
        "nauc_mrr_at_20_max": 0.078357,
        "nauc_mrr_at_20_std": -0.091324,
        "nauc_mrr_at_20_diff1": 0.229651,
        "nauc_mrr_at_100_max": 0.079606,
        "nauc_mrr_at_100_std": -0.081428,
        "nauc_mrr_at_100_diff1": 0.228303,
        "nauc_mrr_at_1000_max": 0.079371,
        "nauc_mrr_at_1000_std": -0.081323,
        "nauc_mrr_at_1000_diff1": 0.228193,
        "main_score": 0.09866,
        "hf_subset": "default",
        "languages": [
          "fas-Arab"
        ]
      }
    ]
  },
  "evaluation_time": 51.217387199401855,
  "kg_co2_emissions": null
}