{
  "dataset_revision": "506f29f8ce59648efe99afee736b0b158eced516",
  "task_name": "CQADupstackWebmastersRetrieval-Fa",
  "mteb_version": "1.34.14",
  "scores": {
    "test": [
      {
        "ndcg_at_1": 0.08696,
        "ndcg_at_3": 0.09025,
        "ndcg_at_5": 0.09639,
        "ndcg_at_10": 0.10759,
        "ndcg_at_20": 0.12323,
        "ndcg_at_100": 0.14692,
        "ndcg_at_1000": 0.18575,
        "map_at_1": 0.06669,
        "map_at_3": 0.07563,
        "map_at_5": 0.08024,
        "map_at_10": 0.08599,
        "map_at_20": 0.09101,
        "map_at_100": 0.09469,
        "map_at_1000": 0.09619,
        "recall_at_1": 0.06669,
        "recall_at_3": 0.08549,
        "recall_at_5": 0.10307,
        "recall_at_10": 0.14081,
        "recall_at_20": 0.20238,
        "recall_at_100": 0.32366,
        "recall_at_1000": 0.60449,
        "precision_at_1": 0.08696,
        "precision_at_3": 0.04282,
        "precision_at_5": 0.0336,
        "precision_at_10": 0.02372,
        "precision_at_20": 0.01739,
        "precision_at_100": 0.00656,
        "precision_at_1000": 0.00147,
        "mrr_at_1": 0.086957,
        "mrr_at_3": 0.101449,
        "mrr_at_5": 0.108465,
        "mrr_at_10": 0.113563,
        "mrr_at_20": 0.118749,
        "mrr_at_100": 0.121984,
        "mrr_at_1000": 0.123004,
        "nauc_ndcg_at_1_max": 0.018042,
        "nauc_ndcg_at_1_std": -0.023755,
        "nauc_ndcg_at_1_diff1": 0.249796,
        "nauc_ndcg_at_3_max": -0.03015,
        "nauc_ndcg_at_3_std": -0.058229,
        "nauc_ndcg_at_3_diff1": 0.198347,
        "nauc_ndcg_at_5_max": -0.037131,
        "nauc_ndcg_at_5_std": -0.037429,
        "nauc_ndcg_at_5_diff1": 0.17769,
        "nauc_ndcg_at_10_max": -0.041244,
        "nauc_ndcg_at_10_std": -0.028153,
        "nauc_ndcg_at_10_diff1": 0.17484,
        "nauc_ndcg_at_20_max": -0.037148,
        "nauc_ndcg_at_20_std": -0.039386,
        "nauc_ndcg_at_20_diff1": 0.152968,
        "nauc_ndcg_at_100_max": -0.042573,
        "nauc_ndcg_at_100_std": -0.018878,
        "nauc_ndcg_at_100_diff1": 0.141878,
        "nauc_ndcg_at_1000_max": -0.034882,
        "nauc_ndcg_at_1000_std": 0.00261,
        "nauc_ndcg_at_1000_diff1": 0.149053,
        "nauc_map_at_1_max": 0.006346,
        "nauc_map_at_1_std": -0.027268,
        "nauc_map_at_1_diff1": 0.230094,
        "nauc_map_at_3_max": -0.023332,
        "nauc_map_at_3_std": -0.057318,
        "nauc_map_at_3_diff1": 0.198924,
        "nauc_map_at_5_max": -0.031069,
        "nauc_map_at_5_std": -0.051586,
        "nauc_map_at_5_diff1": 0.19004,
        "nauc_map_at_10_max": -0.033915,
        "nauc_map_at_10_std": -0.047453,
        "nauc_map_at_10_diff1": 0.188495,
        "nauc_map_at_20_max": -0.033867,
        "nauc_map_at_20_std": -0.048803,
        "nauc_map_at_20_diff1": 0.179607,
        "nauc_map_at_100_max": -0.034932,
        "nauc_map_at_100_std": -0.042231,
        "nauc_map_at_100_diff1": 0.177197,
        "nauc_map_at_1000_max": -0.035325,
        "nauc_map_at_1000_std": -0.040112,
        "nauc_map_at_1000_diff1": 0.177137,
        "nauc_recall_at_1_max": 0.006346,
        "nauc_recall_at_1_std": -0.027268,
        "nauc_recall_at_1_diff1": 0.230094,
        "nauc_recall_at_3_max": -0.040845,
        "nauc_recall_at_3_std": -0.078157,
        "nauc_recall_at_3_diff1": 0.170325,
        "nauc_recall_at_5_max": -0.055431,
        "nauc_recall_at_5_std": -0.048584,
        "nauc_recall_at_5_diff1": 0.143824,
        "nauc_recall_at_10_max": -0.059757,
        "nauc_recall_at_10_std": -0.018502,
        "nauc_recall_at_10_diff1": 0.146119,
        "nauc_recall_at_20_max": -0.042015,
        "nauc_recall_at_20_std": -0.043208,
        "nauc_recall_at_20_diff1": 0.090668,
        "nauc_recall_at_100_max": -0.068448,
        "nauc_recall_at_100_std": 0.005921,
        "nauc_recall_at_100_diff1": 0.078223,
        "nauc_recall_at_1000_max": -0.025105,
        "nauc_recall_at_1000_std": 0.113246,
        "nauc_recall_at_1000_diff1": 0.120601,
        "nauc_precision_at_1_max": 0.018042,
        "nauc_precision_at_1_std": -0.023755,
        "nauc_precision_at_1_diff1": 0.249796,
        "nauc_precision_at_3_max": -0.042267,
        "nauc_precision_at_3_std": -0.059083,
        "nauc_precision_at_3_diff1": 0.179156,
        "nauc_precision_at_5_max": -0.05795,
        "nauc_precision_at_5_std": 0.002739,
        "nauc_precision_at_5_diff1": 0.127596,
        "nauc_precision_at_10_max": -0.067833,
        "nauc_precision_at_10_std": 0.044197,
        "nauc_precision_at_10_diff1": 0.135498,
        "nauc_precision_at_20_max": -0.05424,
        "nauc_precision_at_20_std": 0.033114,
        "nauc_precision_at_20_diff1": 0.127072,
        "nauc_precision_at_100_max": -0.036885,
        "nauc_precision_at_100_std": 0.12786,
        "nauc_precision_at_100_diff1": 0.105708,
        "nauc_precision_at_1000_max": -0.043076,
        "nauc_precision_at_1000_std": 0.17754,
        "nauc_precision_at_1000_diff1": 0.128978,
        "nauc_mrr_at_1_max": 0.018042,
        "nauc_mrr_at_1_std": -0.023755,
        "nauc_mrr_at_1_diff1": 0.249796,
        "nauc_mrr_at_3_max": -0.008314,
        "nauc_mrr_at_3_std": -0.045143,
        "nauc_mrr_at_3_diff1": 0.20444,
        "nauc_mrr_at_5_max": -0.01468,
        "nauc_mrr_at_5_std": -0.031302,
        "nauc_mrr_at_5_diff1": 0.183957,
        "nauc_mrr_at_10_max": -0.014296,
        "nauc_mrr_at_10_std": -0.026077,
        "nauc_mrr_at_10_diff1": 0.185883,
        "nauc_mrr_at_20_max": -0.014144,
        "nauc_mrr_at_20_std": -0.032334,
        "nauc_mrr_at_20_diff1": 0.179557,
        "nauc_mrr_at_100_max": -0.015117,
        "nauc_mrr_at_100_std": -0.029302,
        "nauc_mrr_at_100_diff1": 0.177653,
        "nauc_mrr_at_1000_max": -0.015256,
        "nauc_mrr_at_1000_std": -0.029033,
        "nauc_mrr_at_1000_diff1": 0.177572,
        "main_score": 0.10759,
        "hf_subset": "default",
        "languages": [
          "fas-Arab"
        ]
      }
    ]
  },
  "evaluation_time": 49.577924966812134,
  "kg_co2_emissions": null
}