{
  "dataset_revision": "e9c7ad03f29a55ab14eae730146961b8cdc14227",
  "task_name": "CQADupstackGamingRetrieval-Fa",
  "mteb_version": "1.34.14",
  "scores": {
    "test": [
      {
        "ndcg_at_1": 0.05956,
        "ndcg_at_3": 0.07911,
        "ndcg_at_5": 0.08853,
        "ndcg_at_10": 0.09961,
        "ndcg_at_20": 0.10815,
        "ndcg_at_100": 0.13223,
        "ndcg_at_1000": 0.16537,
        "map_at_1": 0.05053,
        "map_at_3": 0.06934,
        "map_at_5": 0.07465,
        "map_at_10": 0.0793,
        "map_at_20": 0.08183,
        "map_at_100": 0.08506,
        "map_at_1000": 0.08614,
        "recall_at_1": 0.05053,
        "recall_at_3": 0.09275,
        "recall_at_5": 0.11468,
        "recall_at_10": 0.14789,
        "recall_at_20": 0.17969,
        "recall_at_100": 0.30346,
        "recall_at_1000": 0.56079,
        "precision_at_1": 0.05956,
        "precision_at_3": 0.03824,
        "precision_at_5": 0.02909,
        "precision_at_10": 0.019,
        "precision_at_20": 0.01179,
        "precision_at_100": 0.00408,
        "precision_at_1000": 0.00077,
        "mrr_at_1": 0.059561,
        "mrr_at_3": 0.082027,
        "mrr_at_5": 0.088015,
        "mrr_at_10": 0.093295,
        "mrr_at_20": 0.095911,
        "mrr_at_100": 0.099091,
        "mrr_at_1000": 0.100046,
        "nauc_ndcg_at_1_max": 0.12626,
        "nauc_ndcg_at_1_std": -0.11103,
        "nauc_ndcg_at_1_diff1": 0.26512,
        "nauc_ndcg_at_3_max": 0.079565,
        "nauc_ndcg_at_3_std": -0.136818,
        "nauc_ndcg_at_3_diff1": 0.18661,
        "nauc_ndcg_at_5_max": 0.070666,
        "nauc_ndcg_at_5_std": -0.133683,
        "nauc_ndcg_at_5_diff1": 0.174202,
        "nauc_ndcg_at_10_max": 0.063223,
        "nauc_ndcg_at_10_std": -0.120593,
        "nauc_ndcg_at_10_diff1": 0.152867,
        "nauc_ndcg_at_20_max": 0.067604,
        "nauc_ndcg_at_20_std": -0.109175,
        "nauc_ndcg_at_20_diff1": 0.146735,
        "nauc_ndcg_at_100_max": 0.06912,
        "nauc_ndcg_at_100_std": -0.090263,
        "nauc_ndcg_at_100_diff1": 0.142811,
        "nauc_ndcg_at_1000_max": 0.078172,
        "nauc_ndcg_at_1000_std": -0.067574,
        "nauc_ndcg_at_1000_diff1": 0.133155,
        "nauc_map_at_1_max": 0.114056,
        "nauc_map_at_1_std": -0.144863,
        "nauc_map_at_1_diff1": 0.279431,
        "nauc_map_at_3_max": 0.086234,
        "nauc_map_at_3_std": -0.14773,
        "nauc_map_at_3_diff1": 0.207562,
        "nauc_map_at_5_max": 0.078903,
        "nauc_map_at_5_std": -0.146577,
        "nauc_map_at_5_diff1": 0.198776,
        "nauc_map_at_10_max": 0.074994,
        "nauc_map_at_10_std": -0.138849,
        "nauc_map_at_10_diff1": 0.18643,
        "nauc_map_at_20_max": 0.07689,
        "nauc_map_at_20_std": -0.133815,
        "nauc_map_at_20_diff1": 0.18348,
        "nauc_map_at_100_max": 0.077541,
        "nauc_map_at_100_std": -0.129924,
        "nauc_map_at_100_diff1": 0.181822,
        "nauc_map_at_1000_max": 0.077962,
        "nauc_map_at_1000_std": -0.12862,
        "nauc_map_at_1000_diff1": 0.180982,
        "nauc_recall_at_1_max": 0.114056,
        "nauc_recall_at_1_std": -0.144863,
        "nauc_recall_at_1_diff1": 0.279431,
        "nauc_recall_at_3_max": 0.061809,
        "nauc_recall_at_3_std": -0.143086,
        "nauc_recall_at_3_diff1": 0.157359,
        "nauc_recall_at_5_max": 0.046541,
        "nauc_recall_at_5_std": -0.135159,
        "nauc_recall_at_5_diff1": 0.135432,
        "nauc_recall_at_10_max": 0.034651,
        "nauc_recall_at_10_std": -0.105474,
        "nauc_recall_at_10_diff1": 0.092042,
        "nauc_recall_at_20_max": 0.049578,
        "nauc_recall_at_20_std": -0.077817,
        "nauc_recall_at_20_diff1": 0.085833,
        "nauc_recall_at_100_max": 0.050773,
        "nauc_recall_at_100_std": -0.036063,
        "nauc_recall_at_100_diff1": 0.089019,
        "nauc_recall_at_1000_max": 0.081742,
        "nauc_recall_at_1000_std": 0.04794,
        "nauc_recall_at_1000_diff1": 0.056037,
        "nauc_precision_at_1_max": 0.12626,
        "nauc_precision_at_1_std": -0.11103,
        "nauc_precision_at_1_diff1": 0.26512,
        "nauc_precision_at_3_max": 0.068955,
        "nauc_precision_at_3_std": -0.115713,
        "nauc_precision_at_3_diff1": 0.146968,
        "nauc_precision_at_5_max": 0.0515,
        "nauc_precision_at_5_std": -0.104184,
        "nauc_precision_at_5_diff1": 0.124977,
        "nauc_precision_at_10_max": 0.046246,
        "nauc_precision_at_10_std": -0.071238,
        "nauc_precision_at_10_diff1": 0.089312,
        "nauc_precision_at_20_max": 0.064634,
        "nauc_precision_at_20_std": -0.037478,
        "nauc_precision_at_20_diff1": 0.069244,
        "nauc_precision_at_100_max": 0.084809,
        "nauc_precision_at_100_std": 0.039705,
        "nauc_precision_at_100_diff1": 0.065319,
        "nauc_precision_at_1000_max": 0.124337,
        "nauc_precision_at_1000_std": 0.155378,
        "nauc_precision_at_1000_diff1": 0.005682,
        "nauc_mrr_at_1_max": 0.12626,
        "nauc_mrr_at_1_std": -0.11103,
        "nauc_mrr_at_1_diff1": 0.26512,
        "nauc_mrr_at_3_max": 0.087976,
        "nauc_mrr_at_3_std": -0.11662,
        "nauc_mrr_at_3_diff1": 0.19221,
        "nauc_mrr_at_5_max": 0.08372,
        "nauc_mrr_at_5_std": -0.114711,
        "nauc_mrr_at_5_diff1": 0.185168,
        "nauc_mrr_at_10_max": 0.08186,
        "nauc_mrr_at_10_std": -0.10747,
        "nauc_mrr_at_10_diff1": 0.176453,
        "nauc_mrr_at_20_max": 0.082626,
        "nauc_mrr_at_20_std": -0.103379,
        "nauc_mrr_at_20_diff1": 0.172851,
        "nauc_mrr_at_100_max": 0.083238,
        "nauc_mrr_at_100_std": -0.100618,
        "nauc_mrr_at_100_diff1": 0.171415,
        "nauc_mrr_at_1000_max": 0.083369,
        "nauc_mrr_at_1000_std": -0.100027,
        "nauc_mrr_at_1000_diff1": 0.170849,
        "main_score": 0.09961,
        "hf_subset": "default",
        "languages": [
          "fas-Arab"
        ]
      }
    ]
  },
  "evaluation_time": 83.23682117462158,
  "kg_co2_emissions": null
}