{
  "dataset_revision": "d4ea898b644c8d5f608b60947cb637bebbf1ac66",
  "task_name": "NQ-Fa",
  "mteb_version": "1.34.14",
  "scores": {
    "test": [
      {
        "ndcg_at_1": 0.12572,
        "ndcg_at_3": 0.16793,
        "ndcg_at_5": 0.19208,
        "ndcg_at_10": 0.21629,
        "ndcg_at_20": 0.23721,
        "ndcg_at_100": 0.27069,
        "ndcg_at_1000": 0.2956,
        "map_at_1": 0.10979,
        "map_at_3": 0.15052,
        "map_at_5": 0.16418,
        "map_at_10": 0.17458,
        "map_at_20": 0.18054,
        "map_at_100": 0.18533,
        "map_at_1000": 0.18624,
        "recall_at_1": 0.10979,
        "recall_at_3": 0.20015,
        "recall_at_5": 0.25683,
        "recall_at_10": 0.32805,
        "recall_at_20": 0.40766,
        "recall_at_100": 0.58039,
        "recall_at_1000": 0.77204,
        "precision_at_1": 0.12572,
        "precision_at_3": 0.07831,
        "precision_at_5": 0.0606,
        "precision_at_10": 0.03896,
        "precision_at_20": 0.02417,
        "precision_at_100": 0.00698,
        "precision_at_1000": 0.00094,
        "mrr_at_1": 0.125724,
        "mrr_at_3": 0.168839,
        "mrr_at_5": 0.182353,
        "mrr_at_10": 0.192371,
        "mrr_at_20": 0.197982,
        "mrr_at_100": 0.202343,
        "mrr_at_1000": 0.203092,
        "nauc_ndcg_at_1_max": 0.193905,
        "nauc_ndcg_at_1_std": 0.035632,
        "nauc_ndcg_at_1_diff1": 0.28864,
        "nauc_ndcg_at_3_max": 0.183234,
        "nauc_ndcg_at_3_std": 0.032091,
        "nauc_ndcg_at_3_diff1": 0.24022,
        "nauc_ndcg_at_5_max": 0.184074,
        "nauc_ndcg_at_5_std": 0.039638,
        "nauc_ndcg_at_5_diff1": 0.230431,
        "nauc_ndcg_at_10_max": 0.195562,
        "nauc_ndcg_at_10_std": 0.06135,
        "nauc_ndcg_at_10_diff1": 0.226455,
        "nauc_ndcg_at_20_max": 0.204059,
        "nauc_ndcg_at_20_std": 0.076636,
        "nauc_ndcg_at_20_diff1": 0.22874,
        "nauc_ndcg_at_100_max": 0.223764,
        "nauc_ndcg_at_100_std": 0.107319,
        "nauc_ndcg_at_100_diff1": 0.22774,
        "nauc_ndcg_at_1000_max": 0.231273,
        "nauc_ndcg_at_1000_std": 0.119511,
        "nauc_ndcg_at_1000_diff1": 0.228101,
        "nauc_map_at_1_max": 0.179148,
        "nauc_map_at_1_std": 0.017655,
        "nauc_map_at_1_diff1": 0.301968,
        "nauc_map_at_3_max": 0.180341,
        "nauc_map_at_3_std": 0.025851,
        "nauc_map_at_3_diff1": 0.253958,
        "nauc_map_at_5_max": 0.181706,
        "nauc_map_at_5_std": 0.030246,
        "nauc_map_at_5_diff1": 0.247471,
        "nauc_map_at_10_max": 0.187355,
        "nauc_map_at_10_std": 0.040435,
        "nauc_map_at_10_diff1": 0.245677,
        "nauc_map_at_20_max": 0.190335,
        "nauc_map_at_20_std": 0.045628,
        "nauc_map_at_20_diff1": 0.24653,
        "nauc_map_at_100_max": 0.19396,
        "nauc_map_at_100_std": 0.051004,
        "nauc_map_at_100_diff1": 0.246671,
        "nauc_map_at_1000_max": 0.194417,
        "nauc_map_at_1000_std": 0.05167,
        "nauc_map_at_1000_diff1": 0.246699,
        "nauc_recall_at_1_max": 0.179148,
        "nauc_recall_at_1_std": 0.017655,
        "nauc_recall_at_1_diff1": 0.301968,
        "nauc_recall_at_3_max": 0.177739,
        "nauc_recall_at_3_std": 0.032672,
        "nauc_recall_at_3_diff1": 0.212746,
        "nauc_recall_at_5_max": 0.176038,
        "nauc_recall_at_5_std": 0.046044,
        "nauc_recall_at_5_diff1": 0.193735,
        "nauc_recall_at_10_max": 0.199118,
        "nauc_recall_at_10_std": 0.094102,
        "nauc_recall_at_10_diff1": 0.183542,
        "nauc_recall_at_20_max": 0.220731,
        "nauc_recall_at_20_std": 0.134756,
        "nauc_recall_at_20_diff1": 0.189531,
        "nauc_recall_at_100_max": 0.302768,
        "nauc_recall_at_100_std": 0.266606,
        "nauc_recall_at_100_diff1": 0.178974,
        "nauc_recall_at_1000_max": 0.40563,
        "nauc_recall_at_1000_std": 0.450111,
        "nauc_recall_at_1000_diff1": 0.163179,
        "nauc_precision_at_1_max": 0.193905,
        "nauc_precision_at_1_std": 0.035632,
        "nauc_precision_at_1_diff1": 0.28864,
        "nauc_precision_at_3_max": 0.197229,
        "nauc_precision_at_3_std": 0.053427,
        "nauc_precision_at_3_diff1": 0.20626,
        "nauc_precision_at_5_max": 0.196457,
        "nauc_precision_at_5_std": 0.06784,
        "nauc_precision_at_5_diff1": 0.184178,
        "nauc_precision_at_10_max": 0.224054,
        "nauc_precision_at_10_std": 0.123162,
        "nauc_precision_at_10_diff1": 0.177786,
        "nauc_precision_at_20_max": 0.244915,
        "nauc_precision_at_20_std": 0.166989,
        "nauc_precision_at_20_diff1": 0.179993,
        "nauc_precision_at_100_max": 0.286653,
        "nauc_precision_at_100_std": 0.273372,
        "nauc_precision_at_100_diff1": 0.141572,
        "nauc_precision_at_1000_max": 0.291928,
        "nauc_precision_at_1000_std": 0.338165,
        "nauc_precision_at_1000_diff1": 0.08173,
        "nauc_mrr_at_1_max": 0.193905,
        "nauc_mrr_at_1_std": 0.035632,
        "nauc_mrr_at_1_diff1": 0.28864,
        "nauc_mrr_at_3_max": 0.19244,
        "nauc_mrr_at_3_std": 0.041948,
        "nauc_mrr_at_3_diff1": 0.245788,
        "nauc_mrr_at_5_max": 0.191925,
        "nauc_mrr_at_5_std": 0.047346,
        "nauc_mrr_at_5_diff1": 0.238944,
        "nauc_mrr_at_10_max": 0.19651,
        "nauc_mrr_at_10_std": 0.056443,
        "nauc_mrr_at_10_diff1": 0.236359,
        "nauc_mrr_at_20_max": 0.199087,
        "nauc_mrr_at_20_std": 0.060755,
        "nauc_mrr_at_20_diff1": 0.237213,
        "nauc_mrr_at_100_max": 0.201589,
        "nauc_mrr_at_100_std": 0.06443,
        "nauc_mrr_at_100_diff1": 0.237291,
        "nauc_mrr_at_1000_max": 0.201775,
        "nauc_mrr_at_1000_std": 0.06473,
        "nauc_mrr_at_1000_diff1": 0.237394,
        "main_score": 0.21629,
        "hf_subset": "default",
        "languages": [
          "fas-Arab"
        ]
      }
    ]
  },
  "evaluation_time": 4387.131705284119,
  "kg_co2_emissions": null
}