{
  "dataset_revision": "c49b2d8fa0d6476520695c52207690b7ec854043",
  "task_name": "ParsinluEntail",
  "mteb_version": "1.34.14",
  "scores": {
    "test": [
      {
        "similarity_accuracy": 0.716113,
        "similarity_accuracy_threshold": 0.472038,
        "similarity_f1": 0.761162,
        "similarity_f1_threshold": 0.458614,
        "similarity_precision": 0.670412,
        "similarity_recall": 0.880328,
        "similarity_ap": 0.710989,
        "cosine_accuracy": 0.716113,
        "cosine_accuracy_threshold": 0.472038,
        "cosine_f1": 0.761162,
        "cosine_f1_threshold": 0.458613,
        "cosine_precision": 0.670412,
        "cosine_recall": 0.880328,
        "cosine_ap": 0.711044,
        "manhattan_accuracy": 0.717818,
        "manhattan_accuracy_threshold": 22.338879,
        "manhattan_f1": 0.763305,
        "manhattan_f1_threshold": 22.863523,
        "manhattan_precision": 0.666259,
        "manhattan_recall": 0.893443,
        "manhattan_ap": 0.711072,
        "euclidean_accuracy": 0.716113,
        "euclidean_accuracy_threshold": 1.027581,
        "euclidean_f1": 0.761162,
        "euclidean_f1_threshold": 1.040564,
        "euclidean_precision": 0.670412,
        "euclidean_recall": 0.880328,
        "euclidean_ap": 0.711044,
        "dot_accuracy": 0.716113,
        "dot_accuracy_threshold": 0.472038,
        "dot_f1": 0.761162,
        "dot_f1_threshold": 0.458614,
        "dot_precision": 0.670412,
        "dot_recall": 0.880328,
        "dot_ap": 0.710825,
        "max_accuracy": 0.717818,
        "max_f1": 0.763305,
        "max_precision": 0.670412,
        "max_recall": 0.893443,
        "max_ap": 0.711072,
        "main_score": 0.711072,
        "hf_subset": "default",
        "languages": [
          "fas-Arab"
        ]
      }
    ]
  },
  "evaluation_time": 1.3295071125030518,
  "kg_co2_emissions": null
}