{
  "dataset_revision": "7723397096199c4d6f367b445fccaf282c518abe",
  "task_name": "SciFact-Fa",
  "mteb_version": "1.34.14",
  "scores": {
    "test": [
      {
        "ndcg_at_1": 0.34333,
        "ndcg_at_3": 0.39919,
        "ndcg_at_5": 0.41798,
        "ndcg_at_10": 0.44085,
        "ndcg_at_20": 0.45933,
        "ndcg_at_100": 0.48248,
        "ndcg_at_1000": 0.50531,
        "map_at_1": 0.32111,
        "map_at_3": 0.37486,
        "map_at_5": 0.38792,
        "map_at_10": 0.39877,
        "map_at_20": 0.40434,
        "map_at_100": 0.40751,
        "map_at_1000": 0.40827,
        "recall_at_1": 0.32111,
        "recall_at_3": 0.44172,
        "recall_at_5": 0.48767,
        "recall_at_10": 0.55344,
        "recall_at_20": 0.62411,
        "recall_at_100": 0.74767,
        "recall_at_1000": 0.93167,
        "precision_at_1": 0.34333,
        "precision_at_3": 0.16111,
        "precision_at_5": 0.10933,
        "precision_at_10": 0.06333,
        "precision_at_20": 0.03583,
        "precision_at_100": 0.0086,
        "precision_at_1000": 0.00106,
        "mrr_at_1": 0.343333,
        "mrr_at_3": 0.398333,
        "mrr_at_5": 0.4075,
        "mrr_at_10": 0.415455,
        "mrr_at_20": 0.420073,
        "mrr_at_100": 0.422974,
        "mrr_at_1000": 0.423673,
        "nauc_ndcg_at_1_max": 0.351586,
        "nauc_ndcg_at_1_std": 0.125035,
        "nauc_ndcg_at_1_diff1": 0.560469,
        "nauc_ndcg_at_3_max": 0.299439,
        "nauc_ndcg_at_3_std": 0.088052,
        "nauc_ndcg_at_3_diff1": 0.512837,
        "nauc_ndcg_at_5_max": 0.308586,
        "nauc_ndcg_at_5_std": 0.09934,
        "nauc_ndcg_at_5_diff1": 0.509614,
        "nauc_ndcg_at_10_max": 0.325931,
        "nauc_ndcg_at_10_std": 0.119398,
        "nauc_ndcg_at_10_diff1": 0.510433,
        "nauc_ndcg_at_20_max": 0.32832,
        "nauc_ndcg_at_20_std": 0.154104,
        "nauc_ndcg_at_20_diff1": 0.51029,
        "nauc_ndcg_at_100_max": 0.334377,
        "nauc_ndcg_at_100_std": 0.161929,
        "nauc_ndcg_at_100_diff1": 0.523611,
        "nauc_ndcg_at_1000_max": 0.336146,
        "nauc_ndcg_at_1000_std": 0.154689,
        "nauc_ndcg_at_1000_diff1": 0.526829,
        "nauc_map_at_1_max": 0.299274,
        "nauc_map_at_1_std": 0.066827,
        "nauc_map_at_1_diff1": 0.565848,
        "nauc_map_at_3_max": 0.292023,
        "nauc_map_at_3_std": 0.071113,
        "nauc_map_at_3_diff1": 0.524904,
        "nauc_map_at_5_max": 0.303046,
        "nauc_map_at_5_std": 0.084748,
        "nauc_map_at_5_diff1": 0.524456,
        "nauc_map_at_10_max": 0.312751,
        "nauc_map_at_10_std": 0.096823,
        "nauc_map_at_10_diff1": 0.52446,
        "nauc_map_at_20_max": 0.314444,
        "nauc_map_at_20_std": 0.10751,
        "nauc_map_at_20_diff1": 0.52407,
        "nauc_map_at_100_max": 0.315297,
        "nauc_map_at_100_std": 0.109163,
        "nauc_map_at_100_diff1": 0.526127,
        "nauc_map_at_1000_max": 0.31527,
        "nauc_map_at_1000_std": 0.108993,
        "nauc_map_at_1000_diff1": 0.526077,
        "nauc_recall_at_1_max": 0.299274,
        "nauc_recall_at_1_std": 0.066827,
        "nauc_recall_at_1_diff1": 0.565848,
        "nauc_recall_at_3_max": 0.263503,
        "nauc_recall_at_3_std": 0.064267,
        "nauc_recall_at_3_diff1": 0.468738,
        "nauc_recall_at_5_max": 0.285679,
        "nauc_recall_at_5_std": 0.094232,
        "nauc_recall_at_5_diff1": 0.462315,
        "nauc_recall_at_10_max": 0.328751,
        "nauc_recall_at_10_std": 0.144209,
        "nauc_recall_at_10_diff1": 0.46248,
        "nauc_recall_at_20_max": 0.332104,
        "nauc_recall_at_20_std": 0.290531,
        "nauc_recall_at_20_diff1": 0.457869,
        "nauc_recall_at_100_max": 0.371104,
        "nauc_recall_at_100_std": 0.371471,
        "nauc_recall_at_100_diff1": 0.535856,
        "nauc_recall_at_1000_max": 0.557343,
        "nauc_recall_at_1000_std": 0.571064,
        "nauc_recall_at_1000_diff1": 0.755722,
        "nauc_precision_at_1_max": 0.351586,
        "nauc_precision_at_1_std": 0.125035,
        "nauc_precision_at_1_diff1": 0.560469,
        "nauc_precision_at_3_max": 0.335407,
        "nauc_precision_at_3_std": 0.164583,
        "nauc_precision_at_3_diff1": 0.442401,
        "nauc_precision_at_5_max": 0.354787,
        "nauc_precision_at_5_std": 0.2257,
        "nauc_precision_at_5_diff1": 0.397308,
        "nauc_precision_at_10_max": 0.37106,
        "nauc_precision_at_10_std": 0.28052,
        "nauc_precision_at_10_diff1": 0.332488,
        "nauc_precision_at_20_max": 0.3698,
        "nauc_precision_at_20_std": 0.396737,
        "nauc_precision_at_20_diff1": 0.298217,
        "nauc_precision_at_100_max": 0.386984,
        "nauc_precision_at_100_std": 0.472667,
        "nauc_precision_at_100_diff1": 0.306908,
        "nauc_precision_at_1000_max": 0.375771,
        "nauc_precision_at_1000_std": 0.49884,
        "nauc_precision_at_1000_diff1": 0.163569,
        "nauc_mrr_at_1_max": 0.351586,
        "nauc_mrr_at_1_std": 0.125035,
        "nauc_mrr_at_1_diff1": 0.560469,
        "nauc_mrr_at_3_max": 0.338443,
        "nauc_mrr_at_3_std": 0.125493,
        "nauc_mrr_at_3_diff1": 0.523766,
        "nauc_mrr_at_5_max": 0.33881,
        "nauc_mrr_at_5_std": 0.129735,
        "nauc_mrr_at_5_diff1": 0.520021,
        "nauc_mrr_at_10_max": 0.344614,
        "nauc_mrr_at_10_std": 0.134572,
        "nauc_mrr_at_10_diff1": 0.522263,
        "nauc_mrr_at_20_max": 0.345433,
        "nauc_mrr_at_20_std": 0.143225,
        "nauc_mrr_at_20_diff1": 0.522463,
        "nauc_mrr_at_100_max": 0.346174,
        "nauc_mrr_at_100_std": 0.144045,
        "nauc_mrr_at_100_diff1": 0.524086,
        "nauc_mrr_at_1000_max": 0.34608,
        "nauc_mrr_at_1000_std": 0.143834,
        "nauc_mrr_at_1000_diff1": 0.524058,
        "main_score": 0.44085,
        "hf_subset": "default",
        "languages": [
          "fas-Arab"
        ]
      }
    ]
  },
  "evaluation_time": 24.133291721343994,
  "kg_co2_emissions": null
}