{
  "dataset_revision": "e85114f13f42dc1edc456d58931cc38d44d697cf",
  "task_name": "SynPerQARetrieval",
  "mteb_version": "1.34.14",
  "scores": {
    "test": [
      {
        "ndcg_at_1": 0.62717,
        "ndcg_at_3": 0.74186,
        "ndcg_at_5": 0.76389,
        "ndcg_at_10": 0.77719,
        "ndcg_at_20": 0.78353,
        "ndcg_at_100": 0.78873,
        "ndcg_at_1000": 0.79108,
        "map_at_1": 0.62717,
        "map_at_3": 0.71455,
        "map_at_5": 0.72686,
        "map_at_10": 0.73247,
        "map_at_20": 0.73424,
        "map_at_100": 0.735,
        "map_at_1000": 0.73507,
        "recall_at_1": 0.62717,
        "recall_at_3": 0.82054,
        "recall_at_5": 0.87366,
        "recall_at_10": 0.91414,
        "recall_at_20": 0.93896,
        "recall_at_100": 0.96652,
        "recall_at_1000": 0.98554,
        "precision_at_1": 0.62717,
        "precision_at_3": 0.27351,
        "precision_at_5": 0.17473,
        "precision_at_10": 0.09141,
        "precision_at_20": 0.04695,
        "precision_at_100": 0.00967,
        "precision_at_1000": 0.00099,
        "mrr_at_1": 0.627097,
        "mrr_at_3": 0.714508,
        "mrr_at_5": 0.726812,
        "mrr_at_10": 0.732424,
        "mrr_at_20": 0.734201,
        "mrr_at_100": 0.734953,
        "mrr_at_1000": 0.735031,
        "nauc_ndcg_at_1_max": 0.195484,
        "nauc_ndcg_at_1_std": -0.14652,
        "nauc_ndcg_at_1_diff1": 0.710752,
        "nauc_ndcg_at_3_max": 0.229975,
        "nauc_ndcg_at_3_std": -0.151301,
        "nauc_ndcg_at_3_diff1": 0.657019,
        "nauc_ndcg_at_5_max": 0.245313,
        "nauc_ndcg_at_5_std": -0.132042,
        "nauc_ndcg_at_5_diff1": 0.653966,
        "nauc_ndcg_at_10_max": 0.249947,
        "nauc_ndcg_at_10_std": -0.11469,
        "nauc_ndcg_at_10_diff1": 0.654273,
        "nauc_ndcg_at_20_max": 0.251134,
        "nauc_ndcg_at_20_std": -0.10605,
        "nauc_ndcg_at_20_diff1": 0.656372,
        "nauc_ndcg_at_100_max": 0.247758,
        "nauc_ndcg_at_100_std": -0.104582,
        "nauc_ndcg_at_100_diff1": 0.65971,
        "nauc_ndcg_at_1000_max": 0.243263,
        "nauc_ndcg_at_1000_std": -0.111575,
        "nauc_ndcg_at_1000_diff1": 0.662423,
        "nauc_map_at_1_max": 0.195484,
        "nauc_map_at_1_std": -0.14652,
        "nauc_map_at_1_diff1": 0.710752,
        "nauc_map_at_3_max": 0.21983,
        "nauc_map_at_3_std": -0.150658,
        "nauc_map_at_3_diff1": 0.67193,
        "nauc_map_at_5_max": 0.226817,
        "nauc_map_at_5_std": -0.141251,
        "nauc_map_at_5_diff1": 0.671189,
        "nauc_map_at_10_max": 0.228048,
        "nauc_map_at_10_std": -0.135251,
        "nauc_map_at_10_diff1": 0.671566,
        "nauc_map_at_20_max": 0.228201,
        "nauc_map_at_20_std": -0.133384,
        "nauc_map_at_20_diff1": 0.672161,
        "nauc_map_at_100_max": 0.227801,
        "nauc_map_at_100_std": -0.13315,
        "nauc_map_at_100_diff1": 0.672573,
        "nauc_map_at_1000_max": 0.227682,
        "nauc_map_at_1000_std": -0.133315,
        "nauc_map_at_1000_diff1": 0.672643,
        "nauc_recall_at_1_max": 0.195484,
        "nauc_recall_at_1_std": -0.14652,
        "nauc_recall_at_1_diff1": 0.710752,
        "nauc_recall_at_3_max": 0.271696,
        "nauc_recall_at_3_std": -0.153485,
        "nauc_recall_at_3_diff1": 0.596237,
        "nauc_recall_at_5_max": 0.349535,
        "nauc_recall_at_5_std": -0.076355,
        "nauc_recall_at_5_diff1": 0.560617,
        "nauc_recall_at_10_max": 0.426163,
        "nauc_recall_at_10_std": 0.065656,
        "nauc_recall_at_10_diff1": 0.524091,
        "nauc_recall_at_20_max": 0.510522,
        "nauc_recall_at_20_std": 0.240846,
        "nauc_recall_at_20_diff1": 0.496875,
        "nauc_recall_at_100_max": 0.62126,
        "nauc_recall_at_100_std": 0.553495,
        "nauc_recall_at_100_diff1": 0.463411,
        "nauc_recall_at_1000_max": 0.656165,
        "nauc_recall_at_1000_std": 0.694455,
        "nauc_recall_at_1000_diff1": 0.479568,
        "nauc_precision_at_1_max": 0.195484,
        "nauc_precision_at_1_std": -0.14652,
        "nauc_precision_at_1_diff1": 0.710752,
        "nauc_precision_at_3_max": 0.271696,
        "nauc_precision_at_3_std": -0.153485,
        "nauc_precision_at_3_diff1": 0.596237,
        "nauc_precision_at_5_max": 0.349535,
        "nauc_precision_at_5_std": -0.076355,
        "nauc_precision_at_5_diff1": 0.560617,
        "nauc_precision_at_10_max": 0.426163,
        "nauc_precision_at_10_std": 0.065656,
        "nauc_precision_at_10_diff1": 0.524091,
        "nauc_precision_at_20_max": 0.510522,
        "nauc_precision_at_20_std": 0.240846,
        "nauc_precision_at_20_diff1": 0.496875,
        "nauc_precision_at_100_max": 0.62126,
        "nauc_precision_at_100_std": 0.553495,
        "nauc_precision_at_100_diff1": 0.463411,
        "nauc_precision_at_1000_max": 0.656165,
        "nauc_precision_at_1000_std": 0.694455,
        "nauc_precision_at_1000_diff1": 0.479568,
        "nauc_mrr_at_1_max": 0.19559,
        "nauc_mrr_at_1_std": -0.146343,
        "nauc_mrr_at_1_diff1": 0.710901,
        "nauc_mrr_at_3_max": 0.219893,
        "nauc_mrr_at_3_std": -0.15059,
        "nauc_mrr_at_3_diff1": 0.672027,
        "nauc_mrr_at_5_max": 0.226884,
        "nauc_mrr_at_5_std": -0.141149,
        "nauc_mrr_at_5_diff1": 0.671297,
        "nauc_mrr_at_10_max": 0.228112,
        "nauc_mrr_at_10_std": -0.135177,
        "nauc_mrr_at_10_diff1": 0.671668,
        "nauc_mrr_at_20_max": 0.228265,
        "nauc_mrr_at_20_std": -0.13331,
        "nauc_mrr_at_20_diff1": 0.672264,
        "nauc_mrr_at_100_max": 0.227865,
        "nauc_mrr_at_100_std": -0.133076,
        "nauc_mrr_at_100_diff1": 0.672676,
        "nauc_mrr_at_1000_max": 0.227747,
        "nauc_mrr_at_1000_std": -0.133241,
        "nauc_mrr_at_1000_diff1": 0.672746,
        "main_score": 0.77719,
        "hf_subset": "default",
        "languages": [
          "fas-Arab"
        ]
      }
    ]
  },
  "evaluation_time": 465.1000289916992,
  "kg_co2_emissions": null
}