{
  "dataset_revision": "98e6c2d33dfa166ee326e8b1bc7ea82c7e6898dd",
  "task_name": "TRECCOVID-Fa",
  "mteb_version": "1.34.14",
  "scores": {
    "test": [
      {
        "ndcg_at_1": 0.42,
        "ndcg_at_3": 0.41257,
        "ndcg_at_5": 0.39232,
        "ndcg_at_10": 0.37121,
        "ndcg_at_20": 0.37384,
        "ndcg_at_100": 0.30803,
        "ndcg_at_1000": 0.30977,
        "map_at_1": 0.00117,
        "map_at_3": 0.00295,
        "map_at_5": 0.00441,
        "map_at_10": 0.0072,
        "map_at_20": 0.01331,
        "map_at_100": 0.04391,
        "map_at_1000": 0.11148,
        "recall_at_1": 0.00117,
        "recall_at_3": 0.00332,
        "recall_at_5": 0.00544,
        "recall_at_10": 0.00982,
        "recall_at_20": 0.02049,
        "recall_at_100": 0.07699,
        "recall_at_1000": 0.30378,
        "precision_at_1": 0.48,
        "precision_at_3": 0.44,
        "precision_at_5": 0.416,
        "precision_at_10": 0.396,
        "precision_at_20": 0.407,
        "precision_at_100": 0.323,
        "precision_at_1000": 0.14288,
        "mrr_at_1": 0.48,
        "mrr_at_3": 0.593333,
        "mrr_at_5": 0.627333,
        "mrr_at_10": 0.636833,
        "mrr_at_20": 0.638652,
        "mrr_at_100": 0.639311,
        "mrr_at_1000": 0.639311,
        "nauc_ndcg_at_1_max": 0.272564,
        "nauc_ndcg_at_1_std": 0.286676,
        "nauc_ndcg_at_1_diff1": 0.071653,
        "nauc_ndcg_at_3_max": 0.302752,
        "nauc_ndcg_at_3_std": 0.333983,
        "nauc_ndcg_at_3_diff1": 0.076566,
        "nauc_ndcg_at_5_max": 0.288142,
        "nauc_ndcg_at_5_std": 0.346011,
        "nauc_ndcg_at_5_diff1": 0.077259,
        "nauc_ndcg_at_10_max": 0.331099,
        "nauc_ndcg_at_10_std": 0.410209,
        "nauc_ndcg_at_10_diff1": 0.076564,
        "nauc_ndcg_at_20_max": 0.406678,
        "nauc_ndcg_at_20_std": 0.509499,
        "nauc_ndcg_at_20_diff1": 0.043852,
        "nauc_ndcg_at_100_max": 0.53553,
        "nauc_ndcg_at_100_std": 0.647326,
        "nauc_ndcg_at_100_diff1": 0.039077,
        "nauc_ndcg_at_1000_max": 0.493764,
        "nauc_ndcg_at_1000_std": 0.70165,
        "nauc_ndcg_at_1000_diff1": 0.078537,
        "nauc_map_at_1_max": 0.139384,
        "nauc_map_at_1_std": 0.11936,
        "nauc_map_at_1_diff1": 0.211565,
        "nauc_map_at_3_max": 0.13698,
        "nauc_map_at_3_std": 0.154541,
        "nauc_map_at_3_diff1": 0.190756,
        "nauc_map_at_5_max": 0.139815,
        "nauc_map_at_5_std": 0.181369,
        "nauc_map_at_5_diff1": 0.221367,
        "nauc_map_at_10_max": 0.221149,
        "nauc_map_at_10_std": 0.303015,
        "nauc_map_at_10_diff1": 0.21618,
        "nauc_map_at_20_max": 0.298397,
        "nauc_map_at_20_std": 0.405729,
        "nauc_map_at_20_diff1": 0.206647,
        "nauc_map_at_100_max": 0.518951,
        "nauc_map_at_100_std": 0.63459,
        "nauc_map_at_100_diff1": 0.21057,
        "nauc_map_at_1000_max": 0.584895,
        "nauc_map_at_1000_std": 0.773037,
        "nauc_map_at_1000_diff1": 0.103448,
        "nauc_recall_at_1_max": 0.139384,
        "nauc_recall_at_1_std": 0.11936,
        "nauc_recall_at_1_diff1": 0.211565,
        "nauc_recall_at_3_max": 0.12724,
        "nauc_recall_at_3_std": 0.15347,
        "nauc_recall_at_3_diff1": 0.15815,
        "nauc_recall_at_5_max": 0.073506,
        "nauc_recall_at_5_std": 0.154127,
        "nauc_recall_at_5_diff1": 0.206616,
        "nauc_recall_at_10_max": 0.178736,
        "nauc_recall_at_10_std": 0.307885,
        "nauc_recall_at_10_diff1": 0.187142,
        "nauc_recall_at_20_max": 0.218468,
        "nauc_recall_at_20_std": 0.365971,
        "nauc_recall_at_20_diff1": 0.148353,
        "nauc_recall_at_100_max": 0.399755,
        "nauc_recall_at_100_std": 0.559432,
        "nauc_recall_at_100_diff1": 0.137063,
        "nauc_recall_at_1000_max": 0.476527,
        "nauc_recall_at_1000_std": 0.695698,
        "nauc_recall_at_1000_diff1": 0.074643,
        "nauc_precision_at_1_max": 0.308643,
        "nauc_precision_at_1_std": 0.225574,
        "nauc_precision_at_1_diff1": 0.117868,
        "nauc_precision_at_3_max": 0.336485,
        "nauc_precision_at_3_std": 0.330225,
        "nauc_precision_at_3_diff1": 0.048752,
        "nauc_precision_at_5_max": 0.32387,
        "nauc_precision_at_5_std": 0.375749,
        "nauc_precision_at_5_diff1": 0.035596,
        "nauc_precision_at_10_max": 0.389384,
        "nauc_precision_at_10_std": 0.479355,
        "nauc_precision_at_10_diff1": 0.043564,
        "nauc_precision_at_20_max": 0.463695,
        "nauc_precision_at_20_std": 0.573867,
        "nauc_precision_at_20_diff1": -0.001601,
        "nauc_precision_at_100_max": 0.584374,
        "nauc_precision_at_100_std": 0.686978,
        "nauc_precision_at_100_diff1": -0.005604,
        "nauc_precision_at_1000_max": 0.542383,
        "nauc_precision_at_1000_std": 0.620787,
        "nauc_precision_at_1000_diff1": -0.024955,
        "nauc_mrr_at_1_max": 0.308643,
        "nauc_mrr_at_1_std": 0.225574,
        "nauc_mrr_at_1_diff1": 0.117868,
        "nauc_mrr_at_3_max": 0.299406,
        "nauc_mrr_at_3_std": 0.267761,
        "nauc_mrr_at_3_diff1": 0.059428,
        "nauc_mrr_at_5_max": 0.248442,
        "nauc_mrr_at_5_std": 0.237353,
        "nauc_mrr_at_5_diff1": 0.050806,
        "nauc_mrr_at_10_max": 0.270717,
        "nauc_mrr_at_10_std": 0.257697,
        "nauc_mrr_at_10_diff1": 0.072959,
        "nauc_mrr_at_20_max": 0.270119,
        "nauc_mrr_at_20_std": 0.254518,
        "nauc_mrr_at_20_diff1": 0.069666,
        "nauc_mrr_at_100_max": 0.270254,
        "nauc_mrr_at_100_std": 0.253292,
        "nauc_mrr_at_100_diff1": 0.069982,
        "nauc_mrr_at_1000_max": 0.270254,
        "nauc_mrr_at_1000_std": 0.253292,
        "nauc_mrr_at_1000_diff1": 0.069982,
        "main_score": 0.37121,
        "hf_subset": "default",
        "languages": [
          "fas-Arab"
        ]
      }
    ]
  },
  "evaluation_time": 581.6891338825226,
  "kg_co2_emissions": null
}