{
  "dataset_revision": "3b6ea595c94bac3448a2ad167ca2e06abd340d6e",
  "task_name": "WikipediaRetrievalMultilingual",
  "mteb_version": "1.34.14",
  "scores": {
    "test": [
      {
        "ndcg_at_1": 0.692,
        "ndcg_at_3": 0.7893,
        "ndcg_at_5": 0.80918,
        "ndcg_at_10": 0.82401,
        "ndcg_at_20": 0.82809,
        "ndcg_at_100": 0.83164,
        "ndcg_at_1000": 0.83303,
        "map_at_1": 0.692,
        "map_at_3": 0.76533,
        "map_at_5": 0.77643,
        "map_at_10": 0.78278,
        "map_at_20": 0.78391,
        "map_at_100": 0.78448,
        "map_at_1000": 0.78454,
        "recall_at_1": 0.692,
        "recall_at_3": 0.85867,
        "recall_at_5": 0.90667,
        "recall_at_10": 0.95133,
        "recall_at_20": 0.96733,
        "recall_at_100": 0.98533,
        "recall_at_1000": 0.996,
        "precision_at_1": 0.692,
        "precision_at_3": 0.28622,
        "precision_at_5": 0.18133,
        "precision_at_10": 0.09513,
        "precision_at_20": 0.04837,
        "precision_at_100": 0.00985,
        "precision_at_1000": 0.001,
        "mrr_at_1": 0.692,
        "mrr_at_3": 0.765111,
        "mrr_at_5": 0.776511,
        "mrr_at_10": 0.782744,
        "mrr_at_20": 0.783879,
        "mrr_at_100": 0.784451,
        "mrr_at_1000": 0.784504,
        "nauc_ndcg_at_1_max": 0.235577,
        "nauc_ndcg_at_1_std": -0.14804,
        "nauc_ndcg_at_1_diff1": 0.670946,
        "nauc_ndcg_at_3_max": 0.265696,
        "nauc_ndcg_at_3_std": -0.164527,
        "nauc_ndcg_at_3_diff1": 0.629168,
        "nauc_ndcg_at_5_max": 0.255671,
        "nauc_ndcg_at_5_std": -0.163356,
        "nauc_ndcg_at_5_diff1": 0.625975,
        "nauc_ndcg_at_10_max": 0.257732,
        "nauc_ndcg_at_10_std": -0.142985,
        "nauc_ndcg_at_10_diff1": 0.633851,
        "nauc_ndcg_at_20_max": 0.262275,
        "nauc_ndcg_at_20_std": -0.140828,
        "nauc_ndcg_at_20_diff1": 0.633888,
        "nauc_ndcg_at_100_max": 0.256862,
        "nauc_ndcg_at_100_std": -0.143486,
        "nauc_ndcg_at_100_diff1": 0.634853,
        "nauc_ndcg_at_1000_max": 0.255375,
        "nauc_ndcg_at_1000_std": -0.148135,
        "nauc_ndcg_at_1000_diff1": 0.637098,
        "nauc_map_at_1_max": 0.235577,
        "nauc_map_at_1_std": -0.14804,
        "nauc_map_at_1_diff1": 0.670946,
        "nauc_map_at_3_max": 0.25464,
        "nauc_map_at_3_std": -0.163261,
        "nauc_map_at_3_diff1": 0.640078,
        "nauc_map_at_5_max": 0.249066,
        "nauc_map_at_5_std": -0.162494,
        "nauc_map_at_5_diff1": 0.638873,
        "nauc_map_at_10_max": 0.249476,
        "nauc_map_at_10_std": -0.155063,
        "nauc_map_at_10_diff1": 0.641752,
        "nauc_map_at_20_max": 0.250524,
        "nauc_map_at_20_std": -0.154697,
        "nauc_map_at_20_diff1": 0.641819,
        "nauc_map_at_100_max": 0.249791,
        "nauc_map_at_100_std": -0.154986,
        "nauc_map_at_100_diff1": 0.641873,
        "nauc_map_at_1000_max": 0.249751,
        "nauc_map_at_1000_std": -0.155135,
        "nauc_map_at_1000_diff1": 0.641964,
        "nauc_recall_at_1_max": 0.235577,
        "nauc_recall_at_1_std": -0.14804,
        "nauc_recall_at_1_diff1": 0.670946,
        "nauc_recall_at_3_max": 0.315803,
        "nauc_recall_at_3_std": -0.167746,
        "nauc_recall_at_3_diff1": 0.582055,
        "nauc_recall_at_5_max": 0.295538,
        "nauc_recall_at_5_std": -0.165209,
        "nauc_recall_at_5_diff1": 0.548086,
        "nauc_recall_at_10_max": 0.354291,
        "nauc_recall_at_10_std": 0.026348,
        "nauc_recall_at_10_diff1": 0.559604,
        "nauc_recall_at_20_max": 0.481535,
        "nauc_recall_at_20_std": 0.151184,
        "nauc_recall_at_20_diff1": 0.523457,
        "nauc_recall_at_100_max": 0.471225,
        "nauc_recall_at_100_std": 0.356209,
        "nauc_recall_at_100_diff1": 0.452657,
        "nauc_recall_at_1000_max": 0.597028,
        "nauc_recall_at_1000_std": 0.362901,
        "nauc_recall_at_1000_diff1": 0.558979,
        "nauc_precision_at_1_max": 0.235577,
        "nauc_precision_at_1_std": -0.14804,
        "nauc_precision_at_1_diff1": 0.670946,
        "nauc_precision_at_3_max": 0.315803,
        "nauc_precision_at_3_std": -0.167746,
        "nauc_precision_at_3_diff1": 0.582055,
        "nauc_precision_at_5_max": 0.295538,
        "nauc_precision_at_5_std": -0.165209,
        "nauc_precision_at_5_diff1": 0.548086,
        "nauc_precision_at_10_max": 0.354291,
        "nauc_precision_at_10_std": 0.026348,
        "nauc_precision_at_10_diff1": 0.559604,
        "nauc_precision_at_20_max": 0.481535,
        "nauc_precision_at_20_std": 0.151184,
        "nauc_precision_at_20_diff1": 0.523457,
        "nauc_precision_at_100_max": 0.471225,
        "nauc_precision_at_100_std": 0.356209,
        "nauc_precision_at_100_diff1": 0.452657,
        "nauc_precision_at_1000_max": 0.597028,
        "nauc_precision_at_1000_std": 0.362901,
        "nauc_precision_at_1000_diff1": 0.558979,
        "nauc_mrr_at_1_max": 0.235577,
        "nauc_mrr_at_1_std": -0.14804,
        "nauc_mrr_at_1_diff1": 0.670946,
        "nauc_mrr_at_3_max": 0.255469,
        "nauc_mrr_at_3_std": -0.162341,
        "nauc_mrr_at_3_diff1": 0.640411,
        "nauc_mrr_at_5_max": 0.250226,
        "nauc_mrr_at_5_std": -0.161193,
        "nauc_mrr_at_5_diff1": 0.638718,
        "nauc_mrr_at_10_max": 0.249864,
        "nauc_mrr_at_10_std": -0.154632,
        "nauc_mrr_at_10_diff1": 0.6418,
        "nauc_mrr_at_20_max": 0.250915,
        "nauc_mrr_at_20_std": -0.154264,
        "nauc_mrr_at_20_diff1": 0.641868,
        "nauc_mrr_at_100_max": 0.250183,
        "nauc_mrr_at_100_std": -0.154551,
        "nauc_mrr_at_100_diff1": 0.641922,
        "nauc_mrr_at_1000_max": 0.250143,
        "nauc_mrr_at_1000_std": -0.1547,
        "nauc_mrr_at_1000_diff1": 0.642013,
        "main_score": 0.82401,
        "hf_subset": "fa",
        "languages": [
          "fas-Arab"
        ]
      }
    ]
  },
  "evaluation_time": 21.101008415222168,
  "kg_co2_emissions": null
}